sample_id,image_path,mask_path,domain,split,base_image_id,base_group_id,source_specimen_group,view,primary_class,visible_multilabel,severity,global_seed,sample_seed,generator_version,config_sha256,base_sha256,image_sha256,mask_sha256,width,height,defect_pixels,mask_area_ratio_image,roi_inside_ratio,pre_transform_mean_abs_delta,bbox_x,bbox_y,bbox_w,bbox_h,training_use,evaluation_eligible,qc_status,human_verified,parameters_json
syn-v1-450-normal_proxy-0000,synthetic/v1_450/images/normal_proxy/syn-v1-450-normal_proxy-0000.jpg,synthetic/v1_450/masks/normal_proxy/syn-v1-450-normal_proxy-0000.png,synthetic_restored,train,IMGGEN-CLEAN-BACK-V1,SYNTH-BASE-KIA7809AF-BACK-001,SPEC-A,back,normal_proxy,,none,7809250,1414781792,1.1.1,7cc6627693f1a190ee26cfdbda90e0c69510377724d9484d14996ca83b755ffc,cb5fed83f6415c3bb3f6c26fce8fee402b064f28c0ad1c03b1bdc5dfa8d1ad8a,ddd42e7c8ce1eeec5a84e9b469141eaa456cc10f4eba6a1629c92883e298eb10,65795a5b91030a2a433dae510d1edf494082a9cfa1153cd94f3797759f68f257,512,512,0,0.0000000000,1.0000000000,0.0000000000,0,0,0,0,TRAIN_ONLY_PSEUDO_NORMAL,NO,AUTO_PASS,NO,"{""attempt"":0,""effective_seed"":1414781792,""geometry"":{""rotation_deg"":-6.358734,""scale"":0.992962,""translate_x"":-1.778706,""translate_y"":3.899945},""instances_pre_transform"":[],""photometric"":{""blur_radius"":0.201994,""brightness"":1.0435,""channel_gain_b"":0.982221,""channel_gain_g"":1.005335,""channel_gain_r"":0.966081,""contrast"":1.055124,""noise_sigma"":1.751882,""saturation"":1.043374},""recipe"":[],""severity"":""none""}"
syn-v1-450-normal_proxy-0001,synthetic/v1_450/images/normal_proxy/syn-v1-450-normal_proxy-0001.jpg,synthetic/v1_450/masks/normal_proxy/syn-v1-450-normal_proxy-0001.png,synthetic_restored,train,IMGGEN-CLEAN-BACK-V1,SYNTH-BASE-KIA7809AF-BACK-001,SPEC-A,back,normal_proxy,,none,7809250,1973733544,1.1.1,7cc6627693f1a190ee26cfdbda90e0c69510377724d9484d14996ca83b755ffc,cb5fed83f6415c3bb3f6c26fce8fee402b064f28c0ad1c03b1bdc5dfa8d1ad8a,6e90b1a97298aef58247e58350dbdb928a66d61e321f97eff95a63542615eacf,65795a5b91030a2a433dae510d1edf494082a9cfa1153cd94f3797759f68f257,512,512,0,0.0000000000,1.0000000000,0.0000000000,0,0,0,0,TRAIN_ONLY_PSEUDO_NORMAL,NO,AUTO_PASS,NO,"{""attempt"":0,""effective_seed"":1973733544,""geometry"":{""rotation_deg"":4.818567,""scale"":1.022026,""translate_x"":-11.895155,""translate_y"":-1.828143},""instances_pre_transform"":[],""photometric"":{""blur_radius"":0.710458,""brightness"":0.999122,""channel_gain_b"":0.992849,""channel_gain_g"":0.971468,""channel_gain_r"":0.969594,""contrast"":0.928921,""noise_sigma"":2.240594,""saturation"":0.924299},""recipe"":[],""severity"":""none""}"
syn-v1-450-normal_proxy-0002,synthetic/v1_450/images/normal_proxy/syn-v1-450-normal_proxy-0002.jpg,synthetic/v1_450/masks/normal_proxy/syn-v1-450-normal_proxy-0002.png,synthetic_restored,train,IMGGEN-CLEAN-BACK-V1,SYNTH-BASE-KIA7809AF-BACK-001,SPEC-A,back,normal_proxy,,none,7809250,1221724008,1.1.1,7cc6627693f1a190ee26cfdbda90e0c69510377724d9484d14996ca83b755ffc,cb5fed83f6415c3bb3f6c26fce8fee402b064f28c0ad1c03b1bdc5dfa8d1ad8a,e24987768b6874951746df082ea29b88fb1eb4e6c65bf3c4a7e47f08c5efb951,65795a5b91030a2a433dae510d1edf494082a9cfa1153cd94f3797759f68f257,512,512,0,0.0000000000,1.0000000000,0.0000000000,0,0,0,0,TRAIN_ONLY_PSEUDO_NORMAL,NO,AUTO_PASS,NO,"{""attempt"":0,""effective_seed"":1221724008,""geometry"":{""rotation_deg"":3.431416,""scale"":0.95707,""translate_x"":6.189585,""translate_y"":7.112663},""instances_pre_transform"":[],""photometric"":{""blur_radius"":0.249652,""brightness"":1.019253,""channel_gain_b"":1.002104,""channel_gain_g"":1.03824,""channel_gain_r"":1.016056,""contrast"":0.957243,""noise_sigma"":2.462327,""saturation"":0.988221},""recipe"":[],""severity"":""none""}"
syn-v1-450-normal_proxy-0003,synthetic/v1_450/images/normal_proxy/syn-v1-450-normal_proxy-0003.jpg,synthetic/v1_450/masks/normal_proxy/syn-v1-450-normal_proxy-0003.png,synthetic_restored,train,IMGGEN-CLEAN-BACK-V1,SYNTH-BASE-KIA7809AF-BACK-001,SPEC-A,back,normal_proxy,,none,7809250,321887820,1.1.1,7cc6627693f1a190ee26cfdbda90e0c69510377724d9484d14996ca83b755ffc,cb5fed83f6415c3bb3f6c26fce8fee402b064f28c0ad1c03b1bdc5dfa8d1ad8a,58ef3ffe1e749adf3b3442751f3ae1be6f201dab17a2b185a284ecf38c1e64d3,65795a5b91030a2a433dae510d1edf494082a9cfa1153cd94f3797759f68f257,512,512,0,0.0000000000,1.0000000000,0.0000000000,0,0,0,0,TRAIN_ONLY_PSEUDO_NORMAL,NO,AUTO_PASS,NO,"{""attempt"":0,""effective_seed"":321887820,""geometry"":{""rotation_deg"":-1.090676,""scale"":1.044917,""translate_x"":-10.42408,""translate_y"":-11.891775},""instances_pre_transform"":[],""photometric"":{""blur_radius"":0.670108,""brightness"":0.931654,""channel_gain_b"":1.004837,""channel_gain_g"":0.974849,""channel_gain_r"":1.002292,""contrast"":0.946782,""noise_sigma"":0.208028,""saturation"":1.040426},""recipe"":[],""severity"":""none""}"
syn-v1-450-normal_proxy-0004,synthetic/v1_450/images/normal_proxy/syn-v1-450-normal_proxy-0004.jpg,synthetic/v1_450/masks/normal_proxy/syn-v1-450-normal_proxy-0004.png,synthetic_restored,train,IMGGEN-CLEAN-BACK-V1,SYNTH-BASE-KIA7809AF-BACK-001,SPEC-A,back,normal_proxy,,none,7809250,1213346821,1.1.1,7cc6627693f1a190ee26cfdbda90e0c69510377724d9484d14996ca83b755ffc,cb5fed83f6415c3bb3f6c26fce8fee402b064f28c0ad1c03b1bdc5dfa8d1ad8a,75291c65948ec663898b23f4f005852b67254f8da7dd4ca933060fe6341e47be,65795a5b91030a2a433dae510d1edf494082a9cfa1153cd94f3797759f68f257,512,512,0,0.0000000000,1.0000000000,0.0000000000,0,0,0,0,TRAIN_ONLY_PSEUDO_NORMAL,NO,AUTO_PASS,NO,"{""attempt"":0,""effective_seed"":1213346821,""geometry"":{""rotation_deg"":2.598853,""scale"":0.968177,""translate_x"":-2.721388,""translate_y"":-10.211925},""instances_pre_transform"":[],""photometric"":{""blur_radius"":0.464407,""brightness"":1.044861,""channel_gain_b"":0.995804,""channel_gain_g"":0.968148,""channel_gain_r"":1.033783,""contrast"":0.951054,""noise_sigma"":2.8955,""saturation"":1.056821},""recipe"":[],""severity"":""none""}"
syn-v1-450-normal_proxy-0005,synthetic/v1_450/images/normal_proxy/syn-v1-450-normal_proxy-0005.jpg,synthetic/v1_450/masks/normal_proxy/syn-v1-450-normal_proxy-0005.png,synthetic_restored,train,IMGGEN-CLEAN-BACK-V1,SYNTH-BASE-KIA7809AF-BACK-001,SPEC-A,back,normal_proxy,,none,7809250,81215232,1.1.1,7cc6627693f1a190ee26cfdbda90e0c69510377724d9484d14996ca83b755ffc,cb5fed83f6415c3bb3f6c26fce8fee402b064f28c0ad1c03b1bdc5dfa8d1ad8a,545e644e613548b165be4cab8315962c20db8490a8c6001164be94ceec7b8cbd,65795a5b91030a2a433dae510d1edf494082a9cfa1153cd94f3797759f68f257,512,512,0,0.0000000000,1.0000000000,0.0000000000,0,0,0,0,TRAIN_ONLY_PSEUDO_NORMAL,NO,AUTO_PASS,NO,"{""attempt"":0,""effective_seed"":81215232,""geometry"":{""rotation_deg"":4.478596,""scale"":1.031078,""translate_x"":4.092905,""translate_y"":-3.485625},""instances_pre_transform"":[],""photometric"":{""blur_radius"":0.336401,""brightness"":1.056461,""channel_gain_b"":0.977449,""channel_gain_g"":0.971724,""channel_gain_r"":0.991801,""contrast"":1.039845,""noise_sigma"":1.930168,""saturation"":1.06804},""recipe"":[],""severity"":""none""}"
syn-v1-450-normal_proxy-0006,synthetic/v1_450/images/normal_proxy/syn-v1-450-normal_proxy-0006.jpg,synthetic/v1_450/masks/normal_proxy/syn-v1-450-normal_proxy-0006.png,synthetic_restored,train,IMGGEN-CLEAN-BACK-V1,SYNTH-BASE-KIA7809AF-BACK-001,SPEC-A,back,normal_proxy,,none,7809250,2029944549,1.1.1,7cc6627693f1a190ee26cfdbda90e0c69510377724d9484d14996ca83b755ffc,cb5fed83f6415c3bb3f6c26fce8fee402b064f28c0ad1c03b1bdc5dfa8d1ad8a,71ce5f8c0abaa72795a519e24fdff532f0135a1aca425e16e1742530863943cd,65795a5b91030a2a433dae510d1edf494082a9cfa1153cd94f3797759f68f257,512,512,0,0.0000000000,1.0000000000,0.0000000000,0,0,0,0,TRAIN_ONLY_PSEUDO_NORMAL,NO,AUTO_PASS,NO,"{""attempt"":0,""effective_seed"":2029944549,""geometry"":{""rotation_deg"":-3.770353,""scale"":0.927091,""translate_x"":-9.592087,""translate_y"":-8.222117},""instances_pre_transform"":[],""photometric"":{""blur_radius"":0.315204,""brightness"":1.02369,""channel_gain_b"":1.039249,""channel_gain_g"":0.970131,""channel_gain_r"":1.026333,""contrast"":1.037619,""noise_sigma"":1.299157,""saturation"":0.949235},""recipe"":[],""severity"":""none""}"
syn-v1-450-normal_proxy-0007,synthetic/v1_450/images/normal_proxy/syn-v1-450-normal_proxy-0007.jpg,synthetic/v1_450/masks/normal_proxy/syn-v1-450-normal_proxy-0007.png,synthetic_restored,train,IMGGEN-CLEAN-BACK-V1,SYNTH-BASE-KIA7809AF-BACK-001,SPEC-A,back,normal_proxy,,none,7809250,2133909781,1.1.1,7cc6627693f1a190ee26cfdbda90e0c69510377724d9484d14996ca83b755ffc,cb5fed83f6415c3bb3f6c26fce8fee402b064f28c0ad1c03b1bdc5dfa8d1ad8a,56750b1c62d1c933455b889e75762a739ce871174a683425417414b09dbdc04c,65795a5b91030a2a433dae510d1edf494082a9cfa1153cd94f3797759f68f257,512,512,0,0.0000000000,1.0000000000,0.0000000000,0,0,0,0,TRAIN_ONLY_PSEUDO_NORMAL,NO,AUTO_PASS,NO,"{""attempt"":0,""effective_seed"":2133909781,""geometry"":{""rotation_deg"":-3.162839,""scale"":0.928007,""translate_x"":5.462419,""translate_y"":10.74969},""instances_pre_transform"":[],""photometric"":{""blur_radius"":0.118635,""brightness"":1.030331,""channel_gain_b"":0.98001,""channel_gain_g"":1.025411,""channel_gain_r"":1.015056,""contrast"":1.044,""noise_sigma"":0.114757,""saturation"":0.976397},""recipe"":[],""severity"":""none""}"
syn-v1-450-normal_proxy-0008,synthetic/v1_450/images/normal_proxy/syn-v1-450-normal_proxy-0008.jpg,synthetic/v1_450/masks/normal_proxy/syn-v1-450-normal_proxy-0008.png,synthetic_restored,train,IMGGEN-CLEAN-BACK-V1,SYNTH-BASE-KIA7809AF-BACK-001,SPEC-A,back,normal_proxy,,none,7809250,1492616829,1.1.1,7cc6627693f1a190ee26cfdbda90e0c69510377724d9484d14996ca83b755ffc,cb5fed83f6415c3bb3f6c26fce8fee402b064f28c0ad1c03b1bdc5dfa8d1ad8a,d7af2861f0b6436b0a590eebf3216b5933dd0ede0a00a98fdc2a11201785bf47,65795a5b91030a2a433dae510d1edf494082a9cfa1153cd94f3797759f68f257,512,512,0,0.0000000000,1.0000000000,0.0000000000,0,0,0,0,TRAIN_ONLY_PSEUDO_NORMAL,NO,AUTO_PASS,NO,"{""attempt"":0,""effective_seed"":1492616829,""geometry"":{""rotation_deg"":7.722526,""scale"":1.079595,""translate_x"":-8.977894,""translate_y"":2.685593},""instances_pre_transform"":[],""photometric"":{""blur_radius"":0.273815,""brightness"":1.038924,""channel_gain_b"":1.039048,""channel_gain_g"":0.969274,""channel_gain_r"":0.983849,""contrast"":0.989506,""noise_sigma"":1.1992,""saturation"":0.964414},""recipe"":[],""severity"":""none""}"
syn-v1-450-normal_proxy-0009,synthetic/v1_450/images/normal_proxy/syn-v1-450-normal_proxy-0009.jpg,synthetic/v1_450/masks/normal_proxy/syn-v1-450-normal_proxy-0009.png,synthetic_restored,train,IMGGEN-CLEAN-BACK-V1,SYNTH-BASE-KIA7809AF-BACK-001,SPEC-A,back,normal_proxy,,none,7809250,1090034860,1.1.1,7cc6627693f1a190ee26cfdbda90e0c69510377724d9484d14996ca83b755ffc,cb5fed83f6415c3bb3f6c26fce8fee402b064f28c0ad1c03b1bdc5dfa8d1ad8a,ca8923f85cb1fd05db757406d62a91ada04fa3b13d1b253bed23512cbbf5e125,65795a5b91030a2a433dae510d1edf494082a9cfa1153cd94f3797759f68f257,512,512,0,0.0000000000,1.0000000000,0.0000000000,0,0,0,0,TRAIN_ONLY_PSEUDO_NORMAL,NO,AUTO_PASS,NO,"{""attempt"":0,""effective_seed"":1090034860,""geometry"":{""rotation_deg"":5.499922,""scale"":1.02949,""translate_x"":10.129412,""translate_y"":-4.127429},""instances_pre_transform"":[],""photometric"":{""blur_radius"":0.502657,""brightness"":1.06627,""channel_gain_b"":0.977789,""channel_gain_g"":1.005695,""channel_gain_r"":0.994473,""contrast"":0.909511,""noise_sigma"":2.297242,""saturation"":1.066111},""recipe"":[],""severity"":""none""}"
syn-v1-450-normal_proxy-0010,synthetic/v1_450/images/normal_proxy/syn-v1-450-normal_proxy-0010.jpg,synthetic/v1_450/masks/normal_proxy/syn-v1-450-normal_proxy-0010.png,synthetic_restored,train,IMGGEN-CLEAN-BACK-V1,SYNTH-BASE-KIA7809AF-BACK-001,SPEC-A,back,normal_proxy,,none,7809250,2082982248,1.1.1,7cc6627693f1a190ee26cfdbda90e0c69510377724d9484d14996ca83b755ffc,cb5fed83f6415c3bb3f6c26fce8fee402b064f28c0ad1c03b1bdc5dfa8d1ad8a,d34bd551bb72905233ec0a7f1016695cafa0a4fa28d2b76769bd4f862c82d726,65795a5b91030a2a433dae510d1edf494082a9cfa1153cd94f3797759f68f257,512,512,0,0.0000000000,1.0000000000,0.0000000000,0,0,0,0,TRAIN_ONLY_PSEUDO_NORMAL,NO,AUTO_PASS,NO,"{""attempt"":0,""effective_seed"":2082982248,""geometry"":{""rotation_deg"":0.844011,""scale"":1.042457,""translate_x"":-3.027328,""translate_y"":4.410344},""instances_pre_transform"":[],""photometric"":{""blur_radius"":0.0677,""brightness"":0.983216,""channel_gain_b"":1.039872,""channel_gain_g"":1.019851,""channel_gain_r"":1.023431,""contrast"":0.927918,""noise_sigma"":0.908978,""saturation"":1.012733},""recipe"":[],""severity"":""none""}"
syn-v1-450-normal_proxy-0011,synthetic/v1_450/images/normal_proxy/syn-v1-450-normal_proxy-0011.jpg,synthetic/v1_450/masks/normal_proxy/syn-v1-450-normal_proxy-0011.png,synthetic_restored,train,IMGGEN-CLEAN-BACK-V1,SYNTH-BASE-KIA7809AF-BACK-001,SPEC-A,back,normal_proxy,,none,7809250,1342190961,1.1.1,7cc6627693f1a190ee26cfdbda90e0c69510377724d9484d14996ca83b755ffc,cb5fed83f6415c3bb3f6c26fce8fee402b064f28c0ad1c03b1bdc5dfa8d1ad8a,e2a7f4872d1019f84bc8446ff4e38a5690b7040ab3aa558f76a4db7981b2a065,65795a5b91030a2a433dae510d1edf494082a9cfa1153cd94f3797759f68f257,512,512,0,0.0000000000,1.0000000000,0.0000000000,0,0,0,0,TRAIN_ONLY_PSEUDO_NORMAL,NO,AUTO_PASS,NO,"{""attempt"":0,""effective_seed"":1342190961,""geometry"":{""rotation_deg"":6.746974,""scale"":1.033706,""translate_x"":-0.37239,""translate_y"":2.8015},""instances_pre_transform"":[],""photometric"":{""blur_radius"":0.888884,""brightness"":1.045323,""channel_gain_b"":0.97789,""channel_gain_g"":1.004607,""channel_gain_r"":1.031865,""contrast"":1.008099,""noise_sigma"":1.893651,""saturation"":0.943462},""recipe"":[],""severity"":""none""}"
syn-v1-450-normal_proxy-0012,synthetic/v1_450/images/normal_proxy/syn-v1-450-normal_proxy-0012.jpg,synthetic/v1_450/masks/normal_proxy/syn-v1-450-normal_proxy-0012.png,synthetic_restored,train,IMGGEN-CLEAN-BACK-V1,SYNTH-BASE-KIA7809AF-BACK-001,SPEC-A,back,normal_proxy,,none,7809250,1802747535,1.1.1,7cc6627693f1a190ee26cfdbda90e0c69510377724d9484d14996ca83b755ffc,cb5fed83f6415c3bb3f6c26fce8fee402b064f28c0ad1c03b1bdc5dfa8d1ad8a,f05a9e448234fc89aa661af5f0e10bc5b75350e456bd91485257f3391e2b3b7e,65795a5b91030a2a433dae510d1edf494082a9cfa1153cd94f3797759f68f257,512,512,0,0.0000000000,1.0000000000,0.0000000000,0,0,0,0,TRAIN_ONLY_PSEUDO_NORMAL,NO,AUTO_PASS,NO,"{""attempt"":0,""effective_seed"":1802747535,""geometry"":{""rotation_deg"":-4.493106,""scale"":1.047971,""translate_x"":0.742405,""translate_y"":0.991468},""instances_pre_transform"":[],""photometric"":{""blur_radius"":0.838943,""brightness"":0.963649,""channel_gain_b"":1.034481,""channel_gain_g"":0.995046,""channel_gain_r"":0.997706,""contrast"":1.085748,""noise_sigma"":1.002473,""saturation"":0.973968},""recipe"":[],""severity"":""none""}"
syn-v1-450-normal_proxy-0013,synthetic/v1_450/images/normal_proxy/syn-v1-450-normal_proxy-0013.jpg,synthetic/v1_450/masks/normal_proxy/syn-v1-450-normal_proxy-0013.png,synthetic_restored,train,IMGGEN-CLEAN-BACK-V1,SYNTH-BASE-KIA7809AF-BACK-001,SPEC-A,back,normal_proxy,,none,7809250,661242002,1.1.1,7cc6627693f1a190ee26cfdbda90e0c69510377724d9484d14996ca83b755ffc,cb5fed83f6415c3bb3f6c26fce8fee402b064f28c0ad1c03b1bdc5dfa8d1ad8a,c4297b241e21fdae9f56fd35821bca923e15f381f91f4b52bd35ac00825b93c8,65795a5b91030a2a433dae510d1edf494082a9cfa1153cd94f3797759f68f257,512,512,0,0.0000000000,1.0000000000,0.0000000000,0,0,0,0,TRAIN_ONLY_PSEUDO_NORMAL,NO,AUTO_PASS,NO,"{""attempt"":0,""effective_seed"":661242002,""geometry"":{""rotation_deg"":-3.253549,""scale"":0.95876,""translate_x"":-7.549774,""translate_y"":-5.397075},""instances_pre_transform"":[],""photometric"":{""blur_radius"":0.292575,""brightness"":0.996616,""channel_gain_b"":1.025316,""channel_gain_g"":1.011625,""channel_gain_r"":0.997808,""contrast"":0.936482,""noise_sigma"":1.820609,""saturation"":1.008846},""recipe"":[],""severity"":""none""}"
syn-v1-450-normal_proxy-0014,synthetic/v1_450/images/normal_proxy/syn-v1-450-normal_proxy-0014.jpg,synthetic/v1_450/masks/normal_proxy/syn-v1-450-normal_proxy-0014.png,synthetic_restored,train,IMGGEN-CLEAN-BACK-V1,SYNTH-BASE-KIA7809AF-BACK-001,SPEC-A,back,normal_proxy,,none,7809250,1155216522,1.1.1,7cc6627693f1a190ee26cfdbda90e0c69510377724d9484d14996ca83b755ffc,cb5fed83f6415c3bb3f6c26fce8fee402b064f28c0ad1c03b1bdc5dfa8d1ad8a,a67fa1b504ab6b308d75c69003023544e392277614fe2eb972b7799373b81651,65795a5b91030a2a433dae510d1edf494082a9cfa1153cd94f3797759f68f257,512,512,0,0.0000000000,1.0000000000,0.0000000000,0,0,0,0,TRAIN_ONLY_PSEUDO_NORMAL,NO,AUTO_PASS,NO,"{""attempt"":0,""effective_seed"":1155216522,""geometry"":{""rotation_deg"":-0.473324,""scale"":1.000135,""translate_x"":-5.984217,""translate_y"":3.387979},""instances_pre_transform"":[],""photometric"":{""blur_radius"":0.467275,""brightness"":1.023603,""channel_gain_b"":1.009172,""channel_gain_g"":0.993754,""channel_gain_r"":0.964166,""contrast"":1.050976,""noise_sigma"":1.30827,""saturation"":0.982992},""recipe"":[],""severity"":""none""}"
syn-v1-450-normal_proxy-0015,synthetic/v1_450/images/normal_proxy/syn-v1-450-normal_proxy-0015.jpg,synthetic/v1_450/masks/normal_proxy/syn-v1-450-normal_proxy-0015.png,synthetic_restored,train,IMGGEN-CLEAN-BACK-V1,SYNTH-BASE-KIA7809AF-BACK-001,SPEC-A,back,normal_proxy,,none,7809250,1797783410,1.1.1,7cc6627693f1a190ee26cfdbda90e0c69510377724d9484d14996ca83b755ffc,cb5fed83f6415c3bb3f6c26fce8fee402b064f28c0ad1c03b1bdc5dfa8d1ad8a,07735b7af6d74a8ec72de6bd1bc7a726eb725c7c1e96824eb0f86d54ae05513d,65795a5b91030a2a433dae510d1edf494082a9cfa1153cd94f3797759f68f257,512,512,0,0.0000000000,1.0000000000,0.0000000000,0,0,0,0,TRAIN_ONLY_PSEUDO_NORMAL,NO,AUTO_PASS,NO,"{""attempt"":0,""effective_seed"":1797783410,""geometry"":{""rotation_deg"":-6.999244,""scale"":0.92494,""translate_x"":10.825619,""translate_y"":-3.54411},""instances_pre_transform"":[],""photometric"":{""blur_radius"":0.765362,""brightness"":1.064203,""channel_gain_b"":0.964342,""channel_gain_g"":0.965585,""channel_gain_r"":1.015847,""contrast"":0.924826,""noise_sigma"":0.666193,""saturation"":1.016429},""recipe"":[],""severity"":""none""}"
syn-v1-450-normal_proxy-0016,synthetic/v1_450/images/normal_proxy/syn-v1-450-normal_proxy-0016.jpg,synthetic/v1_450/masks/normal_proxy/syn-v1-450-normal_proxy-0016.png,synthetic_restored,train,IMGGEN-CLEAN-BACK-V1,SYNTH-BASE-KIA7809AF-BACK-001,SPEC-A,back,normal_proxy,,none,7809250,208328523,1.1.1,7cc6627693f1a190ee26cfdbda90e0c69510377724d9484d14996ca83b755ffc,cb5fed83f6415c3bb3f6c26fce8fee402b064f28c0ad1c03b1bdc5dfa8d1ad8a,6d66e46f6c9d5f5eab080deb8b56711d8646b3eeba95e7dc2c733b555a673baf,65795a5b91030a2a433dae510d1edf494082a9cfa1153cd94f3797759f68f257,512,512,0,0.0000000000,1.0000000000,0.0000000000,0,0,0,0,TRAIN_ONLY_PSEUDO_NORMAL,NO,AUTO_PASS,NO,"{""attempt"":0,""effective_seed"":208328523,""geometry"":{""rotation_deg"":-1.449152,""scale"":0.951915,""translate_x"":1.336922,""translate_y"":-6.064809},""instances_pre_transform"":[],""photometric"":{""blur_radius"":0.07882,""brightness"":1.068387,""channel_gain_b"":1.014354,""channel_gain_g"":1.026961,""channel_gain_r"":0.990325,""contrast"":1.015213,""noise_sigma"":1.423167,""saturation"":0.928227},""recipe"":[],""severity"":""none""}"
syn-v1-450-normal_proxy-0017,synthetic/v1_450/images/normal_proxy/syn-v1-450-normal_proxy-0017.jpg,synthetic/v1_450/masks/normal_proxy/syn-v1-450-normal_proxy-0017.png,synthetic_restored,train,IMGGEN-CLEAN-BACK-V1,SYNTH-BASE-KIA7809AF-BACK-001,SPEC-A,back,normal_proxy,,none,7809250,399095514,1.1.1,7cc6627693f1a190ee26cfdbda90e0c69510377724d9484d14996ca83b755ffc,cb5fed83f6415c3bb3f6c26fce8fee402b064f28c0ad1c03b1bdc5dfa8d1ad8a,f5658efa39b6c5418ce9d02561cc65408fc65d598cce4951e8a8172f61d4ac7f,65795a5b91030a2a433dae510d1edf494082a9cfa1153cd94f3797759f68f257,512,512,0,0.0000000000,1.0000000000,0.0000000000,0,0,0,0,TRAIN_ONLY_PSEUDO_NORMAL,NO,AUTO_PASS,NO,"{""attempt"":0,""effective_seed"":399095514,""geometry"":{""rotation_deg"":1.240897,""scale"":0.991882,""translate_x"":10.065151,""translate_y"":-5.573246},""instances_pre_transform"":[],""photometric"":{""blur_radius"":0.839528,""brightness"":0.972054,""channel_gain_b"":1.004258,""channel_gain_g"":0.997675,""channel_gain_r"":0.9794,""contrast"":0.953018,""noise_sigma"":2.101818,""saturation"":1.057908},""recipe"":[],""severity"":""none""}"
syn-v1-450-normal_proxy-0018,synthetic/v1_450/images/normal_proxy/syn-v1-450-normal_proxy-0018.jpg,synthetic/v1_450/masks/normal_proxy/syn-v1-450-normal_proxy-0018.png,synthetic_restored,train,IMGGEN-CLEAN-BACK-V1,SYNTH-BASE-KIA7809AF-BACK-001,SPEC-A,back,normal_proxy,,none,7809250,1992897109,1.1.1,7cc6627693f1a190ee26cfdbda90e0c69510377724d9484d14996ca83b755ffc,cb5fed83f6415c3bb3f6c26fce8fee402b064f28c0ad1c03b1bdc5dfa8d1ad8a,032256f60a8c6891913b2cac4f1473de78d1f4cfaaad27024e4348aba05e8945,65795a5b91030a2a433dae510d1edf494082a9cfa1153cd94f3797759f68f257,512,512,0,0.0000000000,1.0000000000,0.0000000000,0,0,0,0,TRAIN_ONLY_PSEUDO_NORMAL,NO,AUTO_PASS,NO,"{""attempt"":0,""effective_seed"":1992897109,""geometry"":{""rotation_deg"":-7.734636,""scale"":1.035595,""translate_x"":-7.651106,""translate_y"":-6.047467},""instances_pre_transform"":[],""photometric"":{""blur_radius"":0.24967,""brightness"":1.002367,""channel_gain_b"":0.96651,""channel_gain_g"":1.030894,""channel_gain_r"":1.007803,""contrast"":1.02152,""noise_sigma"":2.857643,""saturation"":0.97196},""recipe"":[],""severity"":""none""}"
syn-v1-450-normal_proxy-0019,synthetic/v1_450/images/normal_proxy/syn-v1-450-normal_proxy-0019.jpg,synthetic/v1_450/masks/normal_proxy/syn-v1-450-normal_proxy-0019.png,synthetic_restored,train,IMGGEN-CLEAN-BACK-V1,SYNTH-BASE-KIA7809AF-BACK-001,SPEC-A,back,normal_proxy,,none,7809250,1834846850,1.1.1,7cc6627693f1a190ee26cfdbda90e0c69510377724d9484d14996ca83b755ffc,cb5fed83f6415c3bb3f6c26fce8fee402b064f28c0ad1c03b1bdc5dfa8d1ad8a,2e32f77cc30dc500bca42ae8a9a3b4ed4e90921d119a402c1a7c79b415e9c242,65795a5b91030a2a433dae510d1edf494082a9cfa1153cd94f3797759f68f257,512,512,0,0.0000000000,1.0000000000,0.0000000000,0,0,0,0,TRAIN_ONLY_PSEUDO_NORMAL,NO,AUTO_PASS,NO,"{""attempt"":0,""effective_seed"":1834846850,""geometry"":{""rotation_deg"":-4.848567,""scale"":0.993601,""translate_x"":1.039008,""translate_y"":-3.73097},""instances_pre_transform"":[],""photometric"":{""blur_radius"":0.814633,""brightness"":0.965177,""channel_gain_b"":0.978993,""channel_gain_g"":1.023799,""channel_gain_r"":1.006317,""contrast"":1.05812,""noise_sigma"":2.167237,""saturation"":0.983108},""recipe"":[],""severity"":""none""}"
syn-v1-450-normal_proxy-0020,synthetic/v1_450/images/normal_proxy/syn-v1-450-normal_proxy-0020.jpg,synthetic/v1_450/masks/normal_proxy/syn-v1-450-normal_proxy-0020.png,synthetic_restored,train,IMGGEN-CLEAN-BACK-V1,SYNTH-BASE-KIA7809AF-BACK-001,SPEC-A,back,normal_proxy,,none,7809250,1855312675,1.1.1,7cc6627693f1a190ee26cfdbda90e0c69510377724d9484d14996ca83b755ffc,cb5fed83f6415c3bb3f6c26fce8fee402b064f28c0ad1c03b1bdc5dfa8d1ad8a,b583ed1c653a76741f41cdfa2da44203f1a784ff0e7629a7c1a88b9b5f55ae61,65795a5b91030a2a433dae510d1edf494082a9cfa1153cd94f3797759f68f257,512,512,0,0.0000000000,1.0000000000,0.0000000000,0,0,0,0,TRAIN_ONLY_PSEUDO_NORMAL,NO,AUTO_PASS,NO,"{""attempt"":0,""effective_seed"":1855312675,""geometry"":{""rotation_deg"":1.009372,""scale"":0.93186,""translate_x"":-10.532783,""translate_y"":-5.104485},""instances_pre_transform"":[],""photometric"":{""blur_radius"":0.315987,""brightness"":0.981934,""channel_gain_b"":0.962737,""channel_gain_g"":0.976184,""channel_gain_r"":1.021123,""contrast"":0.994329,""noise_sigma"":1.227381,""saturation"":0.998668},""recipe"":[],""severity"":""none""}"
syn-v1-450-normal_proxy-0021,synthetic/v1_450/images/normal_proxy/syn-v1-450-normal_proxy-0021.jpg,synthetic/v1_450/masks/normal_proxy/syn-v1-450-normal_proxy-0021.png,synthetic_restored,train,IMGGEN-CLEAN-BACK-V1,SYNTH-BASE-KIA7809AF-BACK-001,SPEC-A,back,normal_proxy,,none,7809250,279410466,1.1.1,7cc6627693f1a190ee26cfdbda90e0c69510377724d9484d14996ca83b755ffc,cb5fed83f6415c3bb3f6c26fce8fee402b064f28c0ad1c03b1bdc5dfa8d1ad8a,90a97b551ab351f8a84ac497866f416c7ff2a4cd1825f1fd2b889d1a4c29ddcd,65795a5b91030a2a433dae510d1edf494082a9cfa1153cd94f3797759f68f257,512,512,0,0.0000000000,1.0000000000,0.0000000000,0,0,0,0,TRAIN_ONLY_PSEUDO_NORMAL,NO,AUTO_PASS,NO,"{""attempt"":0,""effective_seed"":279410466,""geometry"":{""rotation_deg"":0.06183,""scale"":1.040131,""translate_x"":-1.029874,""translate_y"":9.292677},""instances_pre_transform"":[],""photometric"":{""blur_radius"":0.871718,""brightness"":0.975442,""channel_gain_b"":0.995477,""channel_gain_g"":0.975299,""channel_gain_r"":0.990362,""contrast"":1.012698,""noise_sigma"":1.255367,""saturation"":1.005339},""recipe"":[],""severity"":""none""}"
syn-v1-450-normal_proxy-0022,synthetic/v1_450/images/normal_proxy/syn-v1-450-normal_proxy-0022.jpg,synthetic/v1_450/masks/normal_proxy/syn-v1-450-normal_proxy-0022.png,synthetic_restored,train,IMGGEN-CLEAN-BACK-V1,SYNTH-BASE-KIA7809AF-BACK-001,SPEC-A,back,normal_proxy,,none,7809250,1044695688,1.1.1,7cc6627693f1a190ee26cfdbda90e0c69510377724d9484d14996ca83b755ffc,cb5fed83f6415c3bb3f6c26fce8fee402b064f28c0ad1c03b1bdc5dfa8d1ad8a,4cef8cdfc1da3a9f1b5c27c2416381effeef67f8db8331cb5b472ed9642873af,65795a5b91030a2a433dae510d1edf494082a9cfa1153cd94f3797759f68f257,512,512,0,0.0000000000,1.0000000000,0.0000000000,0,0,0,0,TRAIN_ONLY_PSEUDO_NORMAL,NO,AUTO_PASS,NO,"{""attempt"":0,""effective_seed"":1044695688,""geometry"":{""rotation_deg"":-5.694647,""scale"":1.013062,""translate_x"":-11.713081,""translate_y"":0.878686},""instances_pre_transform"":[],""photometric"":{""blur_radius"":0.379917,""brightness"":1.007057,""channel_gain_b"":1.008496,""channel_gain_g"":1.030678,""channel_gain_r"":0.961705,""contrast"":0.994405,""noise_sigma"":0.66219,""saturation"":1.066376},""recipe"":[],""severity"":""none""}"
syn-v1-450-normal_proxy-0023,synthetic/v1_450/images/normal_proxy/syn-v1-450-normal_proxy-0023.jpg,synthetic/v1_450/masks/normal_proxy/syn-v1-450-normal_proxy-0023.png,synthetic_restored,train,IMGGEN-CLEAN-BACK-V1,SYNTH-BASE-KIA7809AF-BACK-001,SPEC-A,back,normal_proxy,,none,7809250,593569172,1.1.1,7cc6627693f1a190ee26cfdbda90e0c69510377724d9484d14996ca83b755ffc,cb5fed83f6415c3bb3f6c26fce8fee402b064f28c0ad1c03b1bdc5dfa8d1ad8a,0032987e42756f766174de0207bf7831c5a89050a0fe78c026aee390e996aaf6,65795a5b91030a2a433dae510d1edf494082a9cfa1153cd94f3797759f68f257,512,512,0,0.0000000000,1.0000000000,0.0000000000,0,0,0,0,TRAIN_ONLY_PSEUDO_NORMAL,NO,AUTO_PASS,NO,"{""attempt"":0,""effective_seed"":593569172,""geometry"":{""rotation_deg"":-4.301298,""scale"":1.011959,""translate_x"":3.796717,""translate_y"":-0.874823},""instances_pre_transform"":[],""photometric"":{""blur_radius"":0.771605,""brightness"":0.997331,""channel_gain_b"":0.997524,""channel_gain_g"":1.026205,""channel_gain_r"":0.98373,""contrast"":1.055439,""noise_sigma"":2.984361,""saturation"":0.980418},""recipe"":[],""severity"":""none""}"
syn-v1-450-normal_proxy-0024,synthetic/v1_450/images/normal_proxy/syn-v1-450-normal_proxy-0024.jpg,synthetic/v1_450/masks/normal_proxy/syn-v1-450-normal_proxy-0024.png,synthetic_restored,train,IMGGEN-CLEAN-BACK-V1,SYNTH-BASE-KIA7809AF-BACK-001,SPEC-A,back,normal_proxy,,none,7809250,388475262,1.1.1,7cc6627693f1a190ee26cfdbda90e0c69510377724d9484d14996ca83b755ffc,cb5fed83f6415c3bb3f6c26fce8fee402b064f28c0ad1c03b1bdc5dfa8d1ad8a,de671289b7ff51c8e907ec509ca0e7c4c22b51778778dc985cba337efceca259,65795a5b91030a2a433dae510d1edf494082a9cfa1153cd94f3797759f68f257,512,512,0,0.0000000000,1.0000000000,0.0000000000,0,0,0,0,TRAIN_ONLY_PSEUDO_NORMAL,NO,AUTO_PASS,NO,"{""attempt"":0,""effective_seed"":388475262,""geometry"":{""rotation_deg"":-6.100812,""scale"":0.95925,""translate_x"":1.560602,""translate_y"":7.679079},""instances_pre_transform"":[],""photometric"":{""blur_radius"":0.773971,""brightness"":0.930552,""channel_gain_b"":0.962928,""channel_gain_g"":0.974487,""channel_gain_r"":1.008638,""contrast"":0.991483,""noise_sigma"":0.696798,""saturation"":1.061212},""recipe"":[],""severity"":""none""}"
syn-v1-450-normal_proxy-0025,synthetic/v1_450/images/normal_proxy/syn-v1-450-normal_proxy-0025.jpg,synthetic/v1_450/masks/normal_proxy/syn-v1-450-normal_proxy-0025.png,synthetic_restored,train,IMGGEN-CLEAN-BACK-V1,SYNTH-BASE-KIA7809AF-BACK-001,SPEC-A,back,normal_proxy,,none,7809250,638087054,1.1.1,7cc6627693f1a190ee26cfdbda90e0c69510377724d9484d14996ca83b755ffc,cb5fed83f6415c3bb3f6c26fce8fee402b064f28c0ad1c03b1bdc5dfa8d1ad8a,00db4b139dad4fbc1b3fc2a9c26721dbe22188afe947436f8866afa7a303dab1,65795a5b91030a2a433dae510d1edf494082a9cfa1153cd94f3797759f68f257,512,512,0,0.0000000000,1.0000000000,0.0000000000,0,0,0,0,TRAIN_ONLY_PSEUDO_NORMAL,NO,AUTO_PASS,NO,"{""attempt"":0,""effective_seed"":638087054,""geometry"":{""rotation_deg"":-7.226764,""scale"":0.98618,""translate_x"":0.835838,""translate_y"":-5.752719},""instances_pre_transform"":[],""photometric"":{""blur_radius"":0.536744,""brightness"":1.035164,""channel_gain_b"":1.035606,""channel_gain_g"":1.019793,""channel_gain_r"":1.031296,""contrast"":1.043565,""noise_sigma"":2.357649,""saturation"":0.952961},""recipe"":[],""severity"":""none""}"
syn-v1-450-normal_proxy-0026,synthetic/v1_450/images/normal_proxy/syn-v1-450-normal_proxy-0026.jpg,synthetic/v1_450/masks/normal_proxy/syn-v1-450-normal_proxy-0026.png,synthetic_restored,train,IMGGEN-CLEAN-BACK-V1,SYNTH-BASE-KIA7809AF-BACK-001,SPEC-A,back,normal_proxy,,none,7809250,183845426,1.1.1,7cc6627693f1a190ee26cfdbda90e0c69510377724d9484d14996ca83b755ffc,cb5fed83f6415c3bb3f6c26fce8fee402b064f28c0ad1c03b1bdc5dfa8d1ad8a,5386321daeaf9a374587ac6b0e53d532f4f2305b24b21c1e4ad292193c92dc7c,65795a5b91030a2a433dae510d1edf494082a9cfa1153cd94f3797759f68f257,512,512,0,0.0000000000,1.0000000000,0.0000000000,0,0,0,0,TRAIN_ONLY_PSEUDO_NORMAL,NO,AUTO_PASS,NO,"{""attempt"":0,""effective_seed"":183845426,""geometry"":{""rotation_deg"":1.325745,""scale"":0.946243,""translate_x"":11.640728,""translate_y"":-7.866429},""instances_pre_transform"":[],""photometric"":{""blur_radius"":0.733258,""brightness"":1.005457,""channel_gain_b"":0.964652,""channel_gain_g"":0.960428,""channel_gain_r"":0.99166,""contrast"":0.928709,""noise_sigma"":2.198351,""saturation"":1.035452},""recipe"":[],""severity"":""none""}"
syn-v1-450-normal_proxy-0027,synthetic/v1_450/images/normal_proxy/syn-v1-450-normal_proxy-0027.jpg,synthetic/v1_450/masks/normal_proxy/syn-v1-450-normal_proxy-0027.png,synthetic_restored,train,IMGGEN-CLEAN-BACK-V1,SYNTH-BASE-KIA7809AF-BACK-001,SPEC-A,back,normal_proxy,,none,7809250,551505579,1.1.1,7cc6627693f1a190ee26cfdbda90e0c69510377724d9484d14996ca83b755ffc,cb5fed83f6415c3bb3f6c26fce8fee402b064f28c0ad1c03b1bdc5dfa8d1ad8a,3b899a794eb588edb1962079f39eec7e46eb6b428da45c78491a3d1934e92ac0,65795a5b91030a2a433dae510d1edf494082a9cfa1153cd94f3797759f68f257,512,512,0,0.0000000000,1.0000000000,0.0000000000,0,0,0,0,TRAIN_ONLY_PSEUDO_NORMAL,NO,AUTO_PASS,NO,"{""attempt"":0,""effective_seed"":551505579,""geometry"":{""rotation_deg"":6.119286,""scale"":1.075921,""translate_x"":-1.718395,""translate_y"":-5.037984},""instances_pre_transform"":[],""photometric"":{""blur_radius"":0.122601,""brightness"":0.957759,""channel_gain_b"":0.972328,""channel_gain_g"":0.97903,""channel_gain_r"":0.992428,""contrast"":1.032577,""noise_sigma"":0.635688,""saturation"":1.015899},""recipe"":[],""severity"":""none""}"
syn-v1-450-normal_proxy-0028,synthetic/v1_450/images/normal_proxy/syn-v1-450-normal_proxy-0028.jpg,synthetic/v1_450/masks/normal_proxy/syn-v1-450-normal_proxy-0028.png,synthetic_restored,train,IMGGEN-CLEAN-BACK-V1,SYNTH-BASE-KIA7809AF-BACK-001,SPEC-A,back,normal_proxy,,none,7809250,1085515223,1.1.1,7cc6627693f1a190ee26cfdbda90e0c69510377724d9484d14996ca83b755ffc,cb5fed83f6415c3bb3f6c26fce8fee402b064f28c0ad1c03b1bdc5dfa8d1ad8a,0449a8360f44158bc5c4b97c44f21e25e7c7f47521aa468dc18fbdbe0dc59670,65795a5b91030a2a433dae510d1edf494082a9cfa1153cd94f3797759f68f257,512,512,0,0.0000000000,1.0000000000,0.0000000000,0,0,0,0,TRAIN_ONLY_PSEUDO_NORMAL,NO,AUTO_PASS,NO,"{""attempt"":0,""effective_seed"":1085515223,""geometry"":{""rotation_deg"":-5.350258,""scale"":0.968407,""translate_x"":-7.511496,""translate_y"":5.726139},""instances_pre_transform"":[],""photometric"":{""blur_radius"":0.155145,""brightness"":0.945211,""channel_gain_b"":0.99432,""channel_gain_g"":0.988412,""channel_gain_r"":0.97229,""contrast"":0.914023,""noise_sigma"":1.647385,""saturation"":1.076049},""recipe"":[],""severity"":""none""}"
syn-v1-450-normal_proxy-0029,synthetic/v1_450/images/normal_proxy/syn-v1-450-normal_proxy-0029.jpg,synthetic/v1_450/masks/normal_proxy/syn-v1-450-normal_proxy-0029.png,synthetic_restored,train,IMGGEN-CLEAN-BACK-V1,SYNTH-BASE-KIA7809AF-BACK-001,SPEC-A,back,normal_proxy,,none,7809250,1463307271,1.1.1,7cc6627693f1a190ee26cfdbda90e0c69510377724d9484d14996ca83b755ffc,cb5fed83f6415c3bb3f6c26fce8fee402b064f28c0ad1c03b1bdc5dfa8d1ad8a,10a512ad453d0848df19b6b80c418fbd25f1eb3d191298944d7bc6c815674e5c,65795a5b91030a2a433dae510d1edf494082a9cfa1153cd94f3797759f68f257,512,512,0,0.0000000000,1.0000000000,0.0000000000,0,0,0,0,TRAIN_ONLY_PSEUDO_NORMAL,NO,AUTO_PASS,NO,"{""attempt"":0,""effective_seed"":1463307271,""geometry"":{""rotation_deg"":5.013662,""scale"":1.042687,""translate_x"":3.572769,""translate_y"":-6.007135},""instances_pre_transform"":[],""photometric"":{""blur_radius"":0.653076,""brightness"":1.055865,""channel_gain_b"":0.966163,""channel_gain_g"":1.010428,""channel_gain_r"":0.971012,""contrast"":0.93137,""noise_sigma"":0.766422,""saturation"":1.006529},""recipe"":[],""severity"":""none""}"
syn-v1-450-normal_proxy-0030,synthetic/v1_450/images/normal_proxy/syn-v1-450-normal_proxy-0030.jpg,synthetic/v1_450/masks/normal_proxy/syn-v1-450-normal_proxy-0030.png,synthetic_restored,train,IMGGEN-CLEAN-BACK-V1,SYNTH-BASE-KIA7809AF-BACK-001,SPEC-A,back,normal_proxy,,none,7809250,882678076,1.1.1,7cc6627693f1a190ee26cfdbda90e0c69510377724d9484d14996ca83b755ffc,cb5fed83f6415c3bb3f6c26fce8fee402b064f28c0ad1c03b1bdc5dfa8d1ad8a,c5d871189007c1740dfe121ee12c5e360bcf0b59ce26db40dc2d542180f084ee,65795a5b91030a2a433dae510d1edf494082a9cfa1153cd94f3797759f68f257,512,512,0,0.0000000000,1.0000000000,0.0000000000,0,0,0,0,TRAIN_ONLY_PSEUDO_NORMAL,NO,AUTO_PASS,NO,"{""attempt"":0,""effective_seed"":882678076,""geometry"":{""rotation_deg"":-6.383979,""scale"":0.963694,""translate_x"":-10.777022,""translate_y"":-0.284693},""instances_pre_transform"":[],""photometric"":{""blur_radius"":0.575256,""brightness"":1.04316,""channel_gain_b"":0.98003,""channel_gain_g"":0.982702,""channel_gain_r"":1.037853,""contrast"":0.907585,""noise_sigma"":1.289274,""saturation"":1.023441},""recipe"":[],""severity"":""none""}"
syn-v1-450-normal_proxy-0031,synthetic/v1_450/images/normal_proxy/syn-v1-450-normal_proxy-0031.jpg,synthetic/v1_450/masks/normal_proxy/syn-v1-450-normal_proxy-0031.png,synthetic_restored,train,IMGGEN-CLEAN-BACK-V1,SYNTH-BASE-KIA7809AF-BACK-001,SPEC-A,back,normal_proxy,,none,7809250,226181883,1.1.1,7cc6627693f1a190ee26cfdbda90e0c69510377724d9484d14996ca83b755ffc,cb5fed83f6415c3bb3f6c26fce8fee402b064f28c0ad1c03b1bdc5dfa8d1ad8a,15d995f64429fbdaa6a80d699dd18ddce8b8c1c4fc57b64857f251ce77851514,65795a5b91030a2a433dae510d1edf494082a9cfa1153cd94f3797759f68f257,512,512,0,0.0000000000,1.0000000000,0.0000000000,0,0,0,0,TRAIN_ONLY_PSEUDO_NORMAL,NO,AUTO_PASS,NO,"{""attempt"":0,""effective_seed"":226181883,""geometry"":{""rotation_deg"":-6.457327,""scale"":0.982387,""translate_x"":-4.49952,""translate_y"":-4.913122},""instances_pre_transform"":[],""photometric"":{""blur_radius"":0.770226,""brightness"":0.979197,""channel_gain_b"":1.006042,""channel_gain_g"":0.970509,""channel_gain_r"":0.97002,""contrast"":1.083765,""noise_sigma"":0.665649,""saturation"":0.987752},""recipe"":[],""severity"":""none""}"
syn-v1-450-normal_proxy-0032,synthetic/v1_450/images/normal_proxy/syn-v1-450-normal_proxy-0032.jpg,synthetic/v1_450/masks/normal_proxy/syn-v1-450-normal_proxy-0032.png,synthetic_restored,train,IMGGEN-CLEAN-BACK-V1,SYNTH-BASE-KIA7809AF-BACK-001,SPEC-A,back,normal_proxy,,none,7809250,593160563,1.1.1,7cc6627693f1a190ee26cfdbda90e0c69510377724d9484d14996ca83b755ffc,cb5fed83f6415c3bb3f6c26fce8fee402b064f28c0ad1c03b1bdc5dfa8d1ad8a,b9e7e631ece57ad815592aa221f194a3fa9df81ef2d77fb72884ce53bb24fede,65795a5b91030a2a433dae510d1edf494082a9cfa1153cd94f3797759f68f257,512,512,0,0.0000000000,1.0000000000,0.0000000000,0,0,0,0,TRAIN_ONLY_PSEUDO_NORMAL,NO,AUTO_PASS,NO,"{""attempt"":0,""effective_seed"":593160563,""geometry"":{""rotation_deg"":-0.304439,""scale"":0.929846,""translate_x"":-0.068686,""translate_y"":2.878817},""instances_pre_transform"":[],""photometric"":{""blur_radius"":0.305562,""brightness"":0.970541,""channel_gain_b"":0.964713,""channel_gain_g"":0.996368,""channel_gain_r"":0.969909,""contrast"":0.958789,""noise_sigma"":0.153835,""saturation"":0.935082},""recipe"":[],""severity"":""none""}"
syn-v1-450-normal_proxy-0033,synthetic/v1_450/images/normal_proxy/syn-v1-450-normal_proxy-0033.jpg,synthetic/v1_450/masks/normal_proxy/syn-v1-450-normal_proxy-0033.png,synthetic_restored,train,IMGGEN-CLEAN-BACK-V1,SYNTH-BASE-KIA7809AF-BACK-001,SPEC-A,back,normal_proxy,,none,7809250,40146308,1.1.1,7cc6627693f1a190ee26cfdbda90e0c69510377724d9484d14996ca83b755ffc,cb5fed83f6415c3bb3f6c26fce8fee402b064f28c0ad1c03b1bdc5dfa8d1ad8a,d51da6da81d84ace4dcf9e2d996c73321b58772798069a63c46f57bb44ecae89,65795a5b91030a2a433dae510d1edf494082a9cfa1153cd94f3797759f68f257,512,512,0,0.0000000000,1.0000000000,0.0000000000,0,0,0,0,TRAIN_ONLY_PSEUDO_NORMAL,NO,AUTO_PASS,NO,"{""attempt"":0,""effective_seed"":40146308,""geometry"":{""rotation_deg"":-2.665817,""scale"":0.999475,""translate_x"":-7.685112,""translate_y"":6.699949},""instances_pre_transform"":[],""photometric"":{""blur_radius"":0.351657,""brightness"":1.047565,""channel_gain_b"":0.963844,""channel_gain_g"":1.028272,""channel_gain_r"":0.976464,""contrast"":1.049599,""noise_sigma"":0.420056,""saturation"":1.020977},""recipe"":[],""severity"":""none""}"
syn-v1-450-normal_proxy-0034,synthetic/v1_450/images/normal_proxy/syn-v1-450-normal_proxy-0034.jpg,synthetic/v1_450/masks/normal_proxy/syn-v1-450-normal_proxy-0034.png,synthetic_restored,train,IMGGEN-CLEAN-BACK-V1,SYNTH-BASE-KIA7809AF-BACK-001,SPEC-A,back,normal_proxy,,none,7809250,819855270,1.1.1,7cc6627693f1a190ee26cfdbda90e0c69510377724d9484d14996ca83b755ffc,cb5fed83f6415c3bb3f6c26fce8fee402b064f28c0ad1c03b1bdc5dfa8d1ad8a,030271e1bac41235da18b30267911b7570bbfebb2f26521ecafcd12188cb1e6a,65795a5b91030a2a433dae510d1edf494082a9cfa1153cd94f3797759f68f257,512,512,0,0.0000000000,1.0000000000,0.0000000000,0,0,0,0,TRAIN_ONLY_PSEUDO_NORMAL,NO,AUTO_PASS,NO,"{""attempt"":0,""effective_seed"":819855270,""geometry"":{""rotation_deg"":6.763878,""scale"":0.926911,""translate_x"":-8.523001,""translate_y"":8.13425},""instances_pre_transform"":[],""photometric"":{""blur_radius"":0.620291,""brightness"":0.946141,""channel_gain_b"":1.011129,""channel_gain_g"":0.995002,""channel_gain_r"":0.961827,""contrast"":0.971744,""noise_sigma"":2.741332,""saturation"":1.07543},""recipe"":[],""severity"":""none""}"
syn-v1-450-normal_proxy-0035,synthetic/v1_450/images/normal_proxy/syn-v1-450-normal_proxy-0035.jpg,synthetic/v1_450/masks/normal_proxy/syn-v1-450-normal_proxy-0035.png,synthetic_restored,train,IMGGEN-CLEAN-BACK-V1,SYNTH-BASE-KIA7809AF-BACK-001,SPEC-A,back,normal_proxy,,none,7809250,1304605360,1.1.1,7cc6627693f1a190ee26cfdbda90e0c69510377724d9484d14996ca83b755ffc,cb5fed83f6415c3bb3f6c26fce8fee402b064f28c0ad1c03b1bdc5dfa8d1ad8a,fdfbd827fefba842d053cc5bdd5163199ef025eb6fab3a23ff2efad577b4beea,65795a5b91030a2a433dae510d1edf494082a9cfa1153cd94f3797759f68f257,512,512,0,0.0000000000,1.0000000000,0.0000000000,0,0,0,0,TRAIN_ONLY_PSEUDO_NORMAL,NO,AUTO_PASS,NO,"{""attempt"":0,""effective_seed"":1304605360,""geometry"":{""rotation_deg"":7.16323,""scale"":0.969073,""translate_x"":7.54115,""translate_y"":5.19211},""instances_pre_transform"":[],""photometric"":{""blur_radius"":0.823726,""brightness"":0.983755,""channel_gain_b"":0.987154,""channel_gain_g"":0.962228,""channel_gain_r"":1.027546,""contrast"":0.971801,""noise_sigma"":0.768015,""saturation"":1.042527},""recipe"":[],""severity"":""none""}"
syn-v1-450-normal_proxy-0036,synthetic/v1_450/images/normal_proxy/syn-v1-450-normal_proxy-0036.jpg,synthetic/v1_450/masks/normal_proxy/syn-v1-450-normal_proxy-0036.png,synthetic_restored,train,IMGGEN-CLEAN-BACK-V1,SYNTH-BASE-KIA7809AF-BACK-001,SPEC-A,back,normal_proxy,,none,7809250,1682396854,1.1.1,7cc6627693f1a190ee26cfdbda90e0c69510377724d9484d14996ca83b755ffc,cb5fed83f6415c3bb3f6c26fce8fee402b064f28c0ad1c03b1bdc5dfa8d1ad8a,6410592695716076652de94c9ab9e6ed064331ea413fecddc0f34e8eb2498783,65795a5b91030a2a433dae510d1edf494082a9cfa1153cd94f3797759f68f257,512,512,0,0.0000000000,1.0000000000,0.0000000000,0,0,0,0,TRAIN_ONLY_PSEUDO_NORMAL,NO,AUTO_PASS,NO,"{""attempt"":0,""effective_seed"":1682396854,""geometry"":{""rotation_deg"":4.590274,""scale"":1.023138,""translate_x"":11.5018,""translate_y"":-9.17615},""instances_pre_transform"":[],""photometric"":{""blur_radius"":0.848276,""brightness"":1.019278,""channel_gain_b"":1.004588,""channel_gain_g"":0.96038,""channel_gain_r"":0.963747,""contrast"":0.958741,""noise_sigma"":1.178925,""saturation"":0.923885},""recipe"":[],""severity"":""none""}"
syn-v1-450-normal_proxy-0037,synthetic/v1_450/images/normal_proxy/syn-v1-450-normal_proxy-0037.jpg,synthetic/v1_450/masks/normal_proxy/syn-v1-450-normal_proxy-0037.png,synthetic_restored,train,IMGGEN-CLEAN-BACK-V1,SYNTH-BASE-KIA7809AF-BACK-001,SPEC-A,back,normal_proxy,,none,7809250,1454875259,1.1.1,7cc6627693f1a190ee26cfdbda90e0c69510377724d9484d14996ca83b755ffc,cb5fed83f6415c3bb3f6c26fce8fee402b064f28c0ad1c03b1bdc5dfa8d1ad8a,1329bbfb15392c7121e5a06989b3526e5715d7a3e13c2c96bbc7a4fc51273bc9,65795a5b91030a2a433dae510d1edf494082a9cfa1153cd94f3797759f68f257,512,512,0,0.0000000000,1.0000000000,0.0000000000,0,0,0,0,TRAIN_ONLY_PSEUDO_NORMAL,NO,AUTO_PASS,NO,"{""attempt"":0,""effective_seed"":1454875259,""geometry"":{""rotation_deg"":3.903181,""scale"":0.956177,""translate_x"":6.875398,""translate_y"":-9.527521},""instances_pre_transform"":[],""photometric"":{""blur_radius"":0.693094,""brightness"":1.031569,""channel_gain_b"":1.000426,""channel_gain_g"":1.009685,""channel_gain_r"":1.005921,""contrast"":1.016869,""noise_sigma"":2.308687,""saturation"":0.97483},""recipe"":[],""severity"":""none""}"
syn-v1-450-normal_proxy-0038,synthetic/v1_450/images/normal_proxy/syn-v1-450-normal_proxy-0038.jpg,synthetic/v1_450/masks/normal_proxy/syn-v1-450-normal_proxy-0038.png,synthetic_restored,train,IMGGEN-CLEAN-BACK-V1,SYNTH-BASE-KIA7809AF-BACK-001,SPEC-A,back,normal_proxy,,none,7809250,792587574,1.1.1,7cc6627693f1a190ee26cfdbda90e0c69510377724d9484d14996ca83b755ffc,cb5fed83f6415c3bb3f6c26fce8fee402b064f28c0ad1c03b1bdc5dfa8d1ad8a,117ab4d041ed60f5a10b6197e778e22f5a0ed7f357be6b8417884220149f3cfe,65795a5b91030a2a433dae510d1edf494082a9cfa1153cd94f3797759f68f257,512,512,0,0.0000000000,1.0000000000,0.0000000000,0,0,0,0,TRAIN_ONLY_PSEUDO_NORMAL,NO,AUTO_PASS,NO,"{""attempt"":0,""effective_seed"":792587574,""geometry"":{""rotation_deg"":1.529804,""scale"":0.976758,""translate_x"":5.141843,""translate_y"":2.794389},""instances_pre_transform"":[],""photometric"":{""blur_radius"":0.715203,""brightness"":1.013937,""channel_gain_b"":1.021398,""channel_gain_g"":0.967841,""channel_gain_r"":1.02542,""contrast"":1.074189,""noise_sigma"":2.014245,""saturation"":0.934875},""recipe"":[],""severity"":""none""}"
syn-v1-450-normal_proxy-0039,synthetic/v1_450/images/normal_proxy/syn-v1-450-normal_proxy-0039.jpg,synthetic/v1_450/masks/normal_proxy/syn-v1-450-normal_proxy-0039.png,synthetic_restored,train,IMGGEN-CLEAN-BACK-V1,SYNTH-BASE-KIA7809AF-BACK-001,SPEC-A,back,normal_proxy,,none,7809250,129294610,1.1.1,7cc6627693f1a190ee26cfdbda90e0c69510377724d9484d14996ca83b755ffc,cb5fed83f6415c3bb3f6c26fce8fee402b064f28c0ad1c03b1bdc5dfa8d1ad8a,9a82495e17ce4723118dacfef334de42ddd2d75988b4ba7e578f93ad0d8f7bbb,65795a5b91030a2a433dae510d1edf494082a9cfa1153cd94f3797759f68f257,512,512,0,0.0000000000,1.0000000000,0.0000000000,0,0,0,0,TRAIN_ONLY_PSEUDO_NORMAL,NO,AUTO_PASS,NO,"{""attempt"":0,""effective_seed"":129294610,""geometry"":{""rotation_deg"":-1.456377,""scale"":1.079812,""translate_x"":-2.586585,""translate_y"":-3.504347},""instances_pre_transform"":[],""photometric"":{""blur_radius"":0.198609,""brightness"":0.99896,""channel_gain_b"":1.029493,""channel_gain_g"":0.989199,""channel_gain_r"":1.004529,""contrast"":1.073997,""noise_sigma"":1.410451,""saturation"":1.066627},""recipe"":[],""severity"":""none""}"
syn-v1-450-normal_proxy-0040,synthetic/v1_450/images/normal_proxy/syn-v1-450-normal_proxy-0040.jpg,synthetic/v1_450/masks/normal_proxy/syn-v1-450-normal_proxy-0040.png,synthetic_restored,train,IMGGEN-CLEAN-BACK-V1,SYNTH-BASE-KIA7809AF-BACK-001,SPEC-A,back,normal_proxy,,none,7809250,521889983,1.1.1,7cc6627693f1a190ee26cfdbda90e0c69510377724d9484d14996ca83b755ffc,cb5fed83f6415c3bb3f6c26fce8fee402b064f28c0ad1c03b1bdc5dfa8d1ad8a,de0268843821ec31376a0a2e78e4723268e21d71d0c92998dbb16ef686f85302,65795a5b91030a2a433dae510d1edf494082a9cfa1153cd94f3797759f68f257,512,512,0,0.0000000000,1.0000000000,0.0000000000,0,0,0,0,TRAIN_ONLY_PSEUDO_NORMAL,NO,AUTO_PASS,NO,"{""attempt"":0,""effective_seed"":521889983,""geometry"":{""rotation_deg"":6.186143,""scale"":0.993509,""translate_x"":5.509084,""translate_y"":5.900161},""instances_pre_transform"":[],""photometric"":{""blur_radius"":0.397707,""brightness"":1.016937,""channel_gain_b"":0.96431,""channel_gain_g"":1.030002,""channel_gain_r"":0.981284,""contrast"":1.046015,""noise_sigma"":2.314441,""saturation"":0.924185},""recipe"":[],""severity"":""none""}"
syn-v1-450-normal_proxy-0041,synthetic/v1_450/images/normal_proxy/syn-v1-450-normal_proxy-0041.jpg,synthetic/v1_450/masks/normal_proxy/syn-v1-450-normal_proxy-0041.png,synthetic_restored,train,IMGGEN-CLEAN-BACK-V1,SYNTH-BASE-KIA7809AF-BACK-001,SPEC-A,back,normal_proxy,,none,7809250,2042806923,1.1.1,7cc6627693f1a190ee26cfdbda90e0c69510377724d9484d14996ca83b755ffc,cb5fed83f6415c3bb3f6c26fce8fee402b064f28c0ad1c03b1bdc5dfa8d1ad8a,7cc543fd8923638abf2aa8b6a7c7a32ddd313340ea2ae77de68a0e8a0b7f0401,65795a5b91030a2a433dae510d1edf494082a9cfa1153cd94f3797759f68f257,512,512,0,0.0000000000,1.0000000000,0.0000000000,0,0,0,0,TRAIN_ONLY_PSEUDO_NORMAL,NO,AUTO_PASS,NO,"{""attempt"":0,""effective_seed"":2042806923,""geometry"":{""rotation_deg"":-7.811789,""scale"":1.050103,""translate_x"":0.791972,""translate_y"":0.540906},""instances_pre_transform"":[],""photometric"":{""blur_radius"":0.15752,""brightness"":1.007424,""channel_gain_b"":0.966143,""channel_gain_g"":0.991804,""channel_gain_r"":0.961418,""contrast"":0.972339,""noise_sigma"":0.507813,""saturation"":1.078142},""recipe"":[],""severity"":""none""}"
syn-v1-450-normal_proxy-0042,synthetic/v1_450/images/normal_proxy/syn-v1-450-normal_proxy-0042.jpg,synthetic/v1_450/masks/normal_proxy/syn-v1-450-normal_proxy-0042.png,synthetic_restored,train,IMGGEN-CLEAN-BACK-V1,SYNTH-BASE-KIA7809AF-BACK-001,SPEC-A,back,normal_proxy,,none,7809250,1519986241,1.1.1,7cc6627693f1a190ee26cfdbda90e0c69510377724d9484d14996ca83b755ffc,cb5fed83f6415c3bb3f6c26fce8fee402b064f28c0ad1c03b1bdc5dfa8d1ad8a,a2c484680c2964c86817194109b2c49a6bd92a81504f69a5fbaeedf471e901f5,65795a5b91030a2a433dae510d1edf494082a9cfa1153cd94f3797759f68f257,512,512,0,0.0000000000,1.0000000000,0.0000000000,0,0,0,0,TRAIN_ONLY_PSEUDO_NORMAL,NO,AUTO_PASS,NO,"{""attempt"":0,""effective_seed"":1519986241,""geometry"":{""rotation_deg"":1.05498,""scale"":1.073822,""translate_x"":-7.876534,""translate_y"":-2.968506},""instances_pre_transform"":[],""photometric"":{""blur_radius"":0.814048,""brightness"":1.040498,""channel_gain_b"":1.025902,""channel_gain_g"":0.984869,""channel_gain_r"":0.980749,""contrast"":0.961857,""noise_sigma"":0.720072,""saturation"":1.014452},""recipe"":[],""severity"":""none""}"
syn-v1-450-normal_proxy-0043,synthetic/v1_450/images/normal_proxy/syn-v1-450-normal_proxy-0043.jpg,synthetic/v1_450/masks/normal_proxy/syn-v1-450-normal_proxy-0043.png,synthetic_restored,train,IMGGEN-CLEAN-BACK-V1,SYNTH-BASE-KIA7809AF-BACK-001,SPEC-A,back,normal_proxy,,none,7809250,1959287043,1.1.1,7cc6627693f1a190ee26cfdbda90e0c69510377724d9484d14996ca83b755ffc,cb5fed83f6415c3bb3f6c26fce8fee402b064f28c0ad1c03b1bdc5dfa8d1ad8a,d86ba0ba2b3fe1f24029aec3fea664fd3614c4411b3b9108693a013e984e73ab,65795a5b91030a2a433dae510d1edf494082a9cfa1153cd94f3797759f68f257,512,512,0,0.0000000000,1.0000000000,0.0000000000,0,0,0,0,TRAIN_ONLY_PSEUDO_NORMAL,NO,AUTO_PASS,NO,"{""attempt"":0,""effective_seed"":1959287043,""geometry"":{""rotation_deg"":-4.271906,""scale"":1.029869,""translate_x"":10.549137,""translate_y"":5.815819},""instances_pre_transform"":[],""photometric"":{""blur_radius"":0.261665,""brightness"":1.006538,""channel_gain_b"":1.012853,""channel_gain_g"":1.009792,""channel_gain_r"":1.035998,""contrast"":1.018995,""noise_sigma"":2.202972,""saturation"":0.988877},""recipe"":[],""severity"":""none""}"
syn-v1-450-normal_proxy-0044,synthetic/v1_450/images/normal_proxy/syn-v1-450-normal_proxy-0044.jpg,synthetic/v1_450/masks/normal_proxy/syn-v1-450-normal_proxy-0044.png,synthetic_restored,train,IMGGEN-CLEAN-BACK-V1,SYNTH-BASE-KIA7809AF-BACK-001,SPEC-A,back,normal_proxy,,none,7809250,844586998,1.1.1,7cc6627693f1a190ee26cfdbda90e0c69510377724d9484d14996ca83b755ffc,cb5fed83f6415c3bb3f6c26fce8fee402b064f28c0ad1c03b1bdc5dfa8d1ad8a,6bf30e712c70b8eeaf5ed3ba733055d37f0787029be55300d6e993d3d388ef80,65795a5b91030a2a433dae510d1edf494082a9cfa1153cd94f3797759f68f257,512,512,0,0.0000000000,1.0000000000,0.0000000000,0,0,0,0,TRAIN_ONLY_PSEUDO_NORMAL,NO,AUTO_PASS,NO,"{""attempt"":0,""effective_seed"":844586998,""geometry"":{""rotation_deg"":0.58216,""scale"":0.966713,""translate_x"":10.411138,""translate_y"":-7.943041},""instances_pre_transform"":[],""photometric"":{""blur_radius"":0.135634,""brightness"":1.020358,""channel_gain_b"":0.985621,""channel_gain_g"":1.036926,""channel_gain_r"":0.988698,""contrast"":0.910647,""noise_sigma"":1.832105,""saturation"":0.957791},""recipe"":[],""severity"":""none""}"
syn-v1-450-normal_proxy-0045,synthetic/v1_450/images/normal_proxy/syn-v1-450-normal_proxy-0045.jpg,synthetic/v1_450/masks/normal_proxy/syn-v1-450-normal_proxy-0045.png,synthetic_restored,train,IMGGEN-CLEAN-BACK-V1,SYNTH-BASE-KIA7809AF-BACK-001,SPEC-A,back,normal_proxy,,none,7809250,1381205095,1.1.1,7cc6627693f1a190ee26cfdbda90e0c69510377724d9484d14996ca83b755ffc,cb5fed83f6415c3bb3f6c26fce8fee402b064f28c0ad1c03b1bdc5dfa8d1ad8a,fb101dfdc244c1a87fd4fbad4def1a4cd3484a6542451e2fb29247d0ef9d3ae0,65795a5b91030a2a433dae510d1edf494082a9cfa1153cd94f3797759f68f257,512,512,0,0.0000000000,1.0000000000,0.0000000000,0,0,0,0,TRAIN_ONLY_PSEUDO_NORMAL,NO,AUTO_PASS,NO,"{""attempt"":0,""effective_seed"":1381205095,""geometry"":{""rotation_deg"":7.765884,""scale"":1.073308,""translate_x"":5.086669,""translate_y"":-6.787936},""instances_pre_transform"":[],""photometric"":{""blur_radius"":0.311114,""brightness"":1.020893,""channel_gain_b"":0.968264,""channel_gain_g"":1.039551,""channel_gain_r"":0.987361,""contrast"":1.026754,""noise_sigma"":1.881834,""saturation"":0.975097},""recipe"":[],""severity"":""none""}"
syn-v1-450-normal_proxy-0046,synthetic/v1_450/images/normal_proxy/syn-v1-450-normal_proxy-0046.jpg,synthetic/v1_450/masks/normal_proxy/syn-v1-450-normal_proxy-0046.png,synthetic_restored,train,IMGGEN-CLEAN-BACK-V1,SYNTH-BASE-KIA7809AF-BACK-001,SPEC-A,back,normal_proxy,,none,7809250,472052795,1.1.1,7cc6627693f1a190ee26cfdbda90e0c69510377724d9484d14996ca83b755ffc,cb5fed83f6415c3bb3f6c26fce8fee402b064f28c0ad1c03b1bdc5dfa8d1ad8a,e558f1449ec7f840ce484bfcb3bf9243abe1e023412bb2b9aa9758d39c569a72,65795a5b91030a2a433dae510d1edf494082a9cfa1153cd94f3797759f68f257,512,512,0,0.0000000000,1.0000000000,0.0000000000,0,0,0,0,TRAIN_ONLY_PSEUDO_NORMAL,NO,AUTO_PASS,NO,"{""attempt"":0,""effective_seed"":472052795,""geometry"":{""rotation_deg"":2.405175,""scale"":0.979639,""translate_x"":2.060365,""translate_y"":1.385043},""instances_pre_transform"":[],""photometric"":{""blur_radius"":0.515043,""brightness"":0.95611,""channel_gain_b"":1.039003,""channel_gain_g"":1.031944,""channel_gain_r"":1.010214,""contrast"":1.038397,""noise_sigma"":0.936178,""saturation"":1.00207},""recipe"":[],""severity"":""none""}"
syn-v1-450-normal_proxy-0047,synthetic/v1_450/images/normal_proxy/syn-v1-450-normal_proxy-0047.jpg,synthetic/v1_450/masks/normal_proxy/syn-v1-450-normal_proxy-0047.png,synthetic_restored,train,IMGGEN-CLEAN-BACK-V1,SYNTH-BASE-KIA7809AF-BACK-001,SPEC-A,back,normal_proxy,,none,7809250,1681501956,1.1.1,7cc6627693f1a190ee26cfdbda90e0c69510377724d9484d14996ca83b755ffc,cb5fed83f6415c3bb3f6c26fce8fee402b064f28c0ad1c03b1bdc5dfa8d1ad8a,d4ed7cb5018ddae218af0f811800bb0cb8e2d29e554807726e5d44e2f79c3e3a,65795a5b91030a2a433dae510d1edf494082a9cfa1153cd94f3797759f68f257,512,512,0,0.0000000000,1.0000000000,0.0000000000,0,0,0,0,TRAIN_ONLY_PSEUDO_NORMAL,NO,AUTO_PASS,NO,"{""attempt"":0,""effective_seed"":1681501956,""geometry"":{""rotation_deg"":3.667723,""scale"":0.987278,""translate_x"":5.475634,""translate_y"":-1.993535},""instances_pre_transform"":[],""photometric"":{""blur_radius"":0.623507,""brightness"":1.052355,""channel_gain_b"":1.020991,""channel_gain_g"":0.997782,""channel_gain_r"":1.038839,""contrast"":1.033498,""noise_sigma"":0.656253,""saturation"":1.009794},""recipe"":[],""severity"":""none""}"
syn-v1-450-normal_proxy-0048,synthetic/v1_450/images/normal_proxy/syn-v1-450-normal_proxy-0048.jpg,synthetic/v1_450/masks/normal_proxy/syn-v1-450-normal_proxy-0048.png,synthetic_restored,train,IMGGEN-CLEAN-BACK-V1,SYNTH-BASE-KIA7809AF-BACK-001,SPEC-A,back,normal_proxy,,none,7809250,57914969,1.1.1,7cc6627693f1a190ee26cfdbda90e0c69510377724d9484d14996ca83b755ffc,cb5fed83f6415c3bb3f6c26fce8fee402b064f28c0ad1c03b1bdc5dfa8d1ad8a,8f26409272afb97dd21e898a3d970ade5a74ba5b5c4611a9a9d35b12014263c4,65795a5b91030a2a433dae510d1edf494082a9cfa1153cd94f3797759f68f257,512,512,0,0.0000000000,1.0000000000,0.0000000000,0,0,0,0,TRAIN_ONLY_PSEUDO_NORMAL,NO,AUTO_PASS,NO,"{""attempt"":0,""effective_seed"":57914969,""geometry"":{""rotation_deg"":-0.558842,""scale"":0.936875,""translate_x"":1.282902,""translate_y"":-4.975682},""instances_pre_transform"":[],""photometric"":{""blur_radius"":0.75849,""brightness"":0.937245,""channel_gain_b"":0.983026,""channel_gain_g"":1.032611,""channel_gain_r"":0.998493,""contrast"":0.942053,""noise_sigma"":1.988059,""saturation"":0.997652},""recipe"":[],""severity"":""none""}"
syn-v1-450-normal_proxy-0049,synthetic/v1_450/images/normal_proxy/syn-v1-450-normal_proxy-0049.jpg,synthetic/v1_450/masks/normal_proxy/syn-v1-450-normal_proxy-0049.png,synthetic_restored,train,IMGGEN-CLEAN-BACK-V1,SYNTH-BASE-KIA7809AF-BACK-001,SPEC-A,back,normal_proxy,,none,7809250,1364639829,1.1.1,7cc6627693f1a190ee26cfdbda90e0c69510377724d9484d14996ca83b755ffc,cb5fed83f6415c3bb3f6c26fce8fee402b064f28c0ad1c03b1bdc5dfa8d1ad8a,90e1e74b5add10ab152d04370a566bb281f11240ad117abb0670193e57974031,65795a5b91030a2a433dae510d1edf494082a9cfa1153cd94f3797759f68f257,512,512,0,0.0000000000,1.0000000000,0.0000000000,0,0,0,0,TRAIN_ONLY_PSEUDO_NORMAL,NO,AUTO_PASS,NO,"{""attempt"":0,""effective_seed"":1364639829,""geometry"":{""rotation_deg"":6.535018,""scale"":1.013069,""translate_x"":-0.315778,""translate_y"":0.99888},""instances_pre_transform"":[],""photometric"":{""blur_radius"":0.261662,""brightness"":0.948769,""channel_gain_b"":1.01673,""channel_gain_g"":1.018454,""channel_gain_r"":0.961448,""contrast"":1.014625,""noise_sigma"":1.417926,""saturation"":1.000598},""recipe"":[],""severity"":""none""}"
syn-v1-450-scratch-0000,synthetic/v1_450/images/scratch/syn-v1-450-scratch-0000.jpg,synthetic/v1_450/masks/scratch/syn-v1-450-scratch-0000.png,synthetic_restored,train,IMGGEN-CLEAN-BACK-V1,SYNTH-BASE-KIA7809AF-BACK-001,SPEC-A,back,scratch,scratch,mild,7809250,870143828,1.1.1,7cc6627693f1a190ee26cfdbda90e0c69510377724d9484d14996ca83b755ffc,cb5fed83f6415c3bb3f6c26fce8fee402b064f28c0ad1c03b1bdc5dfa8d1ad8a,d3ba0b4d6344bad756fae1859333be8c59d08b0c1be67ffd801567a4752919ef,6b4f7ba349a00dc0a800fec780587d241252d1419e7448a96b4a65332bed6dd6,512,512,211,0.0008049011,1.0000000000,18.0952377319,172,184,7,67,TRAIN_ONLY_SYNTHETIC_NG,NO,AUTO_PASS,NO,"{""attempt"":0,""effective_seed"":870143828,""geometry"":{""rotation_deg"":7.843072,""scale"":1.014715,""translate_x"":1.083529,""translate_y"":1.804992},""instances_pre_transform"":[{""category"":""scratch"",""category_id"":1,""count"":1,""length_px"":[64.777],""severity"":""mild"",""surface"":""metal_tab"",""width_px"":[1.366]}],""photometric"":{""blur_radius"":0.24009,""brightness"":0.965655,""channel_gain_b"":0.961275,""channel_gain_g"":0.982353,""channel_gain_r"":1.002581,""contrast"":1.002974,""noise_sigma"":2.823731,""saturation"":0.973746},""recipe"":[""scratch""],""severity"":""mild""}"
syn-v1-450-scratch-0001,synthetic/v1_450/images/scratch/syn-v1-450-scratch-0001.jpg,synthetic/v1_450/masks/scratch/syn-v1-450-scratch-0001.png,synthetic_restored,train,IMGGEN-CLEAN-BACK-V1,SYNTH-BASE-KIA7809AF-BACK-001,SPEC-A,back,scratch,scratch,moderate,7809250,1967162066,1.1.1,7cc6627693f1a190ee26cfdbda90e0c69510377724d9484d14996ca83b755ffc,cb5fed83f6415c3bb3f6c26fce8fee402b064f28c0ad1c03b1bdc5dfa8d1ad8a,defbb9daf590c0977b5445765d946913c7aba1405efbbd5627a8cbafbbfe373b,ff395a8c4d4352e8ff66bf1b63c64f4b0aae36ecc16270a0310ee11d6d2b61a6,512,512,312,0.0011901855,1.0000000000,13.6562500000,209,216,93,16,TRAIN_ONLY_SYNTHETIC_NG,NO,AUTO_PASS,NO,"{""attempt"":0,""effective_seed"":1967162066,""geometry"":{""rotation_deg"":4.174803,""scale"":0.932817,""translate_x"":-2.666116,""translate_y"":1.288747},""instances_pre_transform"":[{""category"":""scratch"",""category_id"":1,""count"":1,""length_px"":[98.843],""severity"":""moderate"",""surface"":""metal_tab"",""width_px"":[2.078]}],""photometric"":{""blur_radius"":0.257121,""brightness"":0.954379,""channel_gain_b"":0.995297,""channel_gain_g"":0.97925,""channel_gain_r"":1.035837,""contrast"":0.970992,""noise_sigma"":0.507596,""saturation"":1.025894},""recipe"":[""scratch""],""severity"":""moderate""}"
syn-v1-450-scratch-0002,synthetic/v1_450/images/scratch/syn-v1-450-scratch-0002.jpg,synthetic/v1_450/masks/scratch/syn-v1-450-scratch-0002.png,synthetic_restored,train,IMGGEN-CLEAN-BACK-V1,SYNTH-BASE-KIA7809AF-BACK-001,SPEC-A,back,scratch,scratch,moderate,7809250,716504139,1.1.1,7cc6627693f1a190ee26cfdbda90e0c69510377724d9484d14996ca83b755ffc,cb5fed83f6415c3bb3f6c26fce8fee402b064f28c0ad1c03b1bdc5dfa8d1ad8a,d69265f9c1673d488a230da1409d66c6458a471be036cca71ab6c130b31c4e6b,e1522bf82d27bf3a82f5619752ab0644d947e4f3cfa9dc8ff1672a55aa7a7fa0,512,512,643,0.0024528503,1.0000000000,17.4299068451,178,108,102,97,TRAIN_ONLY_SYNTHETIC_NG,NO,AUTO_PASS,NO,"{""attempt"":0,""effective_seed"":716504139,""geometry"":{""rotation_deg"":7.065054,""scale"":0.984697,""translate_x"":-2.243664,""translate_y"":-4.804294},""instances_pre_transform"":[{""category"":""scratch"",""category_id"":1,""count"":3,""length_px"":[120.507,70.576,105.551],""severity"":""moderate"",""surface"":""metal_tab"",""width_px"":[2.365,1.406,2.632]}],""photometric"":{""blur_radius"":0.543842,""brightness"":0.995814,""channel_gain_b"":1.015511,""channel_gain_g"":0.97652,""channel_gain_r"":0.992707,""contrast"":1.067175,""noise_sigma"":2.462878,""saturation"":0.994266},""recipe"":[""scratch""],""severity"":""moderate""}"
syn-v1-450-scratch-0003,synthetic/v1_450/images/scratch/syn-v1-450-scratch-0003.jpg,synthetic/v1_450/masks/scratch/syn-v1-450-scratch-0003.png,synthetic_restored,train,IMGGEN-CLEAN-BACK-V1,SYNTH-BASE-KIA7809AF-BACK-001,SPEC-A,back,scratch,scratch,mild,7809250,55666580,1.1.1,7cc6627693f1a190ee26cfdbda90e0c69510377724d9484d14996ca83b755ffc,cb5fed83f6415c3bb3f6c26fce8fee402b064f28c0ad1c03b1bdc5dfa8d1ad8a,b19eca7d9b370582af65fc7c5f81ddea9d911eaf2755d6bd21826dbabc9fba35,e1428c23dd5158b32905acd61ec589290111d7cf4c9db112dcb0bd51bf18df42,512,512,341,0.0013008118,1.0000000000,20.4793643951,173,155,93,63,TRAIN_ONLY_SYNTHETIC_NG,NO,AUTO_PASS,NO,"{""attempt"":0,""effective_seed"":55666580,""geometry"":{""rotation_deg"":4.327691,""scale"":1.039483,""translate_x"":0.380822,""translate_y"":-5.653223},""instances_pre_transform"":[{""category"":""scratch"",""category_id"":1,""count"":1,""length_px"":[104.637],""severity"":""mild"",""surface"":""metal_tab"",""width_px"":[2.213]}],""photometric"":{""blur_radius"":0.286093,""brightness"":0.949715,""channel_gain_b"":1.016882,""channel_gain_g"":0.962392,""channel_gain_r"":1.036304,""contrast"":1.081674,""noise_sigma"":0.198587,""saturation"":0.967592},""recipe"":[""scratch""],""severity"":""mild""}"
syn-v1-450-scratch-0004,synthetic/v1_450/images/scratch/syn-v1-450-scratch-0004.jpg,synthetic/v1_450/masks/scratch/syn-v1-450-scratch-0004.png,synthetic_restored,train,IMGGEN-CLEAN-BACK-V1,SYNTH-BASE-KIA7809AF-BACK-001,SPEC-A,back,scratch,scratch,moderate,7809250,603717516,1.1.1,7cc6627693f1a190ee26cfdbda90e0c69510377724d9484d14996ca83b755ffc,cb5fed83f6415c3bb3f6c26fce8fee402b064f28c0ad1c03b1bdc5dfa8d1ad8a,b397fa9d58c9fcc21cddfa660f33709fc0c29af723202c84712194c203172a2e,5803c5644c7c8bf0f42e0d10f18b2f3a672bcf5889b3c2a9552e20bb3a7505e0,512,512,689,0.0026283264,1.0000000000,26.4695510864,149,111,135,127,TRAIN_ONLY_SYNTHETIC_NG,NO,AUTO_PASS,NO,"{""attempt"":0,""effective_seed"":603717516,""geometry"":{""rotation_deg"":6.258887,""scale"":1.05002,""translate_x"":7.324112,""translate_y"":-6.030738},""instances_pre_transform"":[{""category"":""scratch"",""category_id"":1,""count"":3,""length_px"":[102.903,123.794,99.318],""severity"":""moderate"",""surface"":""metal_tab"",""width_px"":[1.402,1.348,2.019]}],""photometric"":{""blur_radius"":0.690333,""brightness"":0.983119,""channel_gain_b"":0.989706,""channel_gain_g"":1.031976,""channel_gain_r"":0.96289,""contrast"":1.004394,""noise_sigma"":0.41124,""saturation"":0.936213},""recipe"":[""scratch""],""severity"":""moderate""}"
syn-v1-450-scratch-0005,synthetic/v1_450/images/scratch/syn-v1-450-scratch-0005.jpg,synthetic/v1_450/masks/scratch/syn-v1-450-scratch-0005.png,synthetic_restored,train,IMGGEN-CLEAN-BACK-V1,SYNTH-BASE-KIA7809AF-BACK-001,SPEC-A,back,scratch,scratch,mild,7809250,1265848905,1.1.1,7cc6627693f1a190ee26cfdbda90e0c69510377724d9484d14996ca83b755ffc,cb5fed83f6415c3bb3f6c26fce8fee402b064f28c0ad1c03b1bdc5dfa8d1ad8a,251f35fef9b5212149e0225ce24069c3b1a9dc89c4d267791aa8f9b6a7c38c3e,8e8a4fa3e207dbbe5beff6476008452d639c455b3a20814f489f0f255e6c6b1c,512,512,344,0.0013122559,1.0000000000,14.5664625168,184,96,57,121,TRAIN_ONLY_SYNTHETIC_NG,NO,AUTO_PASS,NO,"{""attempt"":0,""effective_seed"":1265848905,""geometry"":{""rotation_deg"":-2.451632,""scale"":1.035983,""translate_x"":8.849252,""translate_y"":5.967151},""instances_pre_transform"":[{""category"":""scratch"",""category_id"":1,""count"":1,""length_px"":[124.78],""severity"":""mild"",""surface"":""metal_tab"",""width_px"":[2.265]}],""photometric"":{""blur_radius"":0.654565,""brightness"":0.954642,""channel_gain_b"":0.971034,""channel_gain_g"":0.960139,""channel_gain_r"":0.99912,""contrast"":1.067047,""noise_sigma"":1.984951,""saturation"":1.018775},""recipe"":[""scratch""],""severity"":""mild""}"
syn-v1-450-scratch-0006,synthetic/v1_450/images/scratch/syn-v1-450-scratch-0006.jpg,synthetic/v1_450/masks/scratch/syn-v1-450-scratch-0006.png,synthetic_restored,train,IMGGEN-CLEAN-BACK-V1,SYNTH-BASE-KIA7809AF-BACK-001,SPEC-A,back,scratch,scratch,mild,7809250,958098159,1.1.1,7cc6627693f1a190ee26cfdbda90e0c69510377724d9484d14996ca83b755ffc,cb5fed83f6415c3bb3f6c26fce8fee402b064f28c0ad1c03b1bdc5dfa8d1ad8a,9c3f33384c075b30ffeea1df6a5a68afaffa02db29cff1d6c5a66c6f3d6335e3,d6bfcd1ff6676bffbdaba72141e2fdbfcc17c500cd97e02b68e0b54b4645074d,512,512,144,0.0005493164,1.0000000000,16.8815784454,194,116,30,49,TRAIN_ONLY_SYNTHETIC_NG,NO,AUTO_PASS,NO,"{""attempt"":0,""effective_seed"":958098159,""geometry"":{""rotation_deg"":-1.444444,""scale"":0.978596,""translate_x"":-4.847587,""translate_y"":1.447949},""instances_pre_transform"":[{""category"":""scratch"",""category_id"":1,""count"":1,""length_px"":[56.824],""severity"":""mild"",""surface"":""metal_tab"",""width_px"":[1.833]}],""photometric"":{""blur_radius"":0.865292,""brightness"":0.941145,""channel_gain_b"":0.991351,""channel_gain_g"":1.03753,""channel_gain_r"":1.013024,""contrast"":1.008999,""noise_sigma"":2.335033,""saturation"":1.064462},""recipe"":[""scratch""],""severity"":""mild""}"
syn-v1-450-scratch-0007,synthetic/v1_450/images/scratch/syn-v1-450-scratch-0007.jpg,synthetic/v1_450/masks/scratch/syn-v1-450-scratch-0007.png,synthetic_restored,train,IMGGEN-CLEAN-BACK-V1,SYNTH-BASE-KIA7809AF-BACK-001,SPEC-A,back,scratch,scratch,mild,7809250,1111468205,1.1.1,7cc6627693f1a190ee26cfdbda90e0c69510377724d9484d14996ca83b755ffc,cb5fed83f6415c3bb3f6c26fce8fee402b064f28c0ad1c03b1bdc5dfa8d1ad8a,068f7be6be44cb1c45f38bd5c6ea2539359639a0c6c5cbd321c8bfa86673e1dc,b0e7e5bac6c3ac7202bc86df6eb9d5ff1cc1138b889a0943e05188704c6b0312,512,512,314,0.0011978149,1.0000000000,31.6409397125,178,101,36,108,TRAIN_ONLY_SYNTHETIC_NG,NO,AUTO_PASS,NO,"{""attempt"":0,""effective_seed"":1111468205,""geometry"":{""rotation_deg"":-6.945033,""scale"":1.023222,""translate_x"":10.264144,""translate_y"":7.484095},""instances_pre_transform"":[{""category"":""scratch"",""category_id"":1,""count"":1,""length_px"":[107.838],""severity"":""mild"",""surface"":""metal_tab"",""width_px"":[1.733]}],""photometric"":{""blur_radius"":0.857225,""brightness"":1.032664,""channel_gain_b"":1.006523,""channel_gain_g"":1.02089,""channel_gain_r"":1.029348,""contrast"":0.972375,""noise_sigma"":0.249809,""saturation"":1.026291},""recipe"":[""scratch""],""severity"":""mild""}"
syn-v1-450-scratch-0008,synthetic/v1_450/images/scratch/syn-v1-450-scratch-0008.jpg,synthetic/v1_450/masks/scratch/syn-v1-450-scratch-0008.png,synthetic_restored,train,IMGGEN-CLEAN-BACK-V1,SYNTH-BASE-KIA7809AF-BACK-001,SPEC-A,back,scratch,scratch,severe,7809250,1944923098,1.1.1,7cc6627693f1a190ee26cfdbda90e0c69510377724d9484d14996ca83b755ffc,cb5fed83f6415c3bb3f6c26fce8fee402b064f28c0ad1c03b1bdc5dfa8d1ad8a,7abbcd58a6c90fcc4c544720183bf4e687d82ac334b93a300d54455118be6b93,a1cd3ae89638cad5752d4ca32381bfa45b7e66a3a2f2247af7ee90371124bbde,512,512,910,0.0034713745,1.0000000000,16.5585479736,171,158,122,57,TRAIN_ONLY_SYNTHETIC_NG,NO,AUTO_PASS,NO,"{""attempt"":0,""effective_seed"":1944923098,""geometry"":{""rotation_deg"":7.036609,""scale"":1.03241,""translate_x"":-4.477911,""translate_y"":8.361411},""instances_pre_transform"":[{""category"":""scratch"",""category_id"":1,""count"":2,""length_px"":[81.633,115.109],""severity"":""severe"",""surface"":""metal_tab"",""width_px"":[3.687,2.077]}],""photometric"":{""blur_radius"":0.237734,""brightness"":1.004584,""channel_gain_b"":0.997214,""channel_gain_g"":0.988587,""channel_gain_r"":1.002332,""contrast"":1.014146,""noise_sigma"":2.173454,""saturation"":1.07891},""recipe"":[""scratch""],""severity"":""severe""}"
syn-v1-450-scratch-0009,synthetic/v1_450/images/scratch/syn-v1-450-scratch-0009.jpg,synthetic/v1_450/masks/scratch/syn-v1-450-scratch-0009.png,synthetic_restored,train,IMGGEN-CLEAN-BACK-V1,SYNTH-BASE-KIA7809AF-BACK-001,SPEC-A,back,scratch,scratch,mild,7809250,1826907495,1.1.1,7cc6627693f1a190ee26cfdbda90e0c69510377724d9484d14996ca83b755ffc,cb5fed83f6415c3bb3f6c26fce8fee402b064f28c0ad1c03b1bdc5dfa8d1ad8a,781a4a5bf2b38bbb23272d6fd594dbfec7b71ea9412d4c11d982b63cddfc2812,dbdea0a655118238fc4d4d550347b8fe7c2122c834f67663047d903a2918f2a1,512,512,104,0.0003967285,1.0000000000,26.6226406097,206,198,17,46,TRAIN_ONLY_SYNTHETIC_NG,NO,AUTO_PASS,NO,"{""attempt"":0,""effective_seed"":1826907495,""geometry"":{""rotation_deg"":-1.175752,""scale"":0.97641,""translate_x"":-4.676947,""translate_y"":-4.379156},""instances_pre_transform"":[{""category"":""scratch"",""category_id"":1,""count"":1,""length_px"":[47.127],""severity"":""mild"",""surface"":""metal_tab"",""width_px"":[0.935]}],""photometric"":{""blur_radius"":0.692555,""brightness"":0.961311,""channel_gain_b"":0.987755,""channel_gain_g"":1.025682,""channel_gain_r"":1.026985,""contrast"":1.07477,""noise_sigma"":2.476127,""saturation"":1.066897},""recipe"":[""scratch""],""severity"":""mild""}"
syn-v1-450-scratch-0010,synthetic/v1_450/images/scratch/syn-v1-450-scratch-0010.jpg,synthetic/v1_450/masks/scratch/syn-v1-450-scratch-0010.png,synthetic_restored,train,IMGGEN-CLEAN-BACK-V1,SYNTH-BASE-KIA7809AF-BACK-001,SPEC-A,back,scratch,scratch,mild,7809250,408018753,1.1.1,7cc6627693f1a190ee26cfdbda90e0c69510377724d9484d14996ca83b755ffc,cb5fed83f6415c3bb3f6c26fce8fee402b064f28c0ad1c03b1bdc5dfa8d1ad8a,c17aa5027e34eb64a25b707e9eea9988eacc5802b620ab51cc02086739ed0597,260e39c510c9ae1e2f855e03ce6e7947ad184d5ec8b66ae152b0e9b05de8560e,512,512,203,0.0007743835,1.0000000000,24.9950981140,199,105,57,85,TRAIN_ONLY_SYNTHETIC_NG,NO,AUTO_PASS,NO,"{""attempt"":0,""effective_seed"":408018753,""geometry"":{""rotation_deg"":-4.635678,""scale"":0.995563,""translate_x"":5.452868,""translate_y"":4.706686},""instances_pre_transform"":[{""category"":""scratch"",""category_id"":1,""count"":1,""length_px"":[100.424],""severity"":""mild"",""surface"":""metal_tab"",""width_px"":[2.189]}],""photometric"":{""blur_radius"":0.286167,""brightness"":0.992699,""channel_gain_b"":1.03661,""channel_gain_g"":1.005926,""channel_gain_r"":0.985155,""contrast"":0.996193,""noise_sigma"":0.370901,""saturation"":1.004602},""recipe"":[""scratch""],""severity"":""mild""}"
syn-v1-450-scratch-0011,synthetic/v1_450/images/scratch/syn-v1-450-scratch-0011.jpg,synthetic/v1_450/masks/scratch/syn-v1-450-scratch-0011.png,synthetic_restored,train,IMGGEN-CLEAN-BACK-V1,SYNTH-BASE-KIA7809AF-BACK-001,SPEC-A,back,scratch,scratch,mild,7809250,724748747,1.1.1,7cc6627693f1a190ee26cfdbda90e0c69510377724d9484d14996ca83b755ffc,cb5fed83f6415c3bb3f6c26fce8fee402b064f28c0ad1c03b1bdc5dfa8d1ad8a,87d4dfa8362d80bedb43791d5d477c108f8b53054a2900765db46aed0bb576da,009c4cdec9ed755efd102ff938b0cf09caed353d3c7f5009e430cd1dbe72b40d,512,512,329,0.0012550354,1.0000000000,9.1999998093,220,113,80,91,TRAIN_ONLY_SYNTHETIC_NG,NO,AUTO_PASS,NO,"{""attempt"":0,""effective_seed"":724748747,""geometry"":{""rotation_deg"":2.989477,""scale"":1.042544,""translate_x"":-1.113332,""translate_y"":10.052082},""instances_pre_transform"":[{""category"":""scratch"",""category_id"":1,""count"":1,""length_px"":[113.406],""severity"":""mild"",""surface"":""metal_tab"",""width_px"":[2.108]}],""photometric"":{""blur_radius"":0.132103,""brightness"":1.068904,""channel_gain_b"":1.028895,""channel_gain_g"":0.973176,""channel_gain_r"":1.017697,""contrast"":1.096236,""noise_sigma"":0.686558,""saturation"":1.017006},""recipe"":[""scratch""],""severity"":""mild""}"
syn-v1-450-scratch-0012,synthetic/v1_450/images/scratch/syn-v1-450-scratch-0012.jpg,synthetic/v1_450/masks/scratch/syn-v1-450-scratch-0012.png,synthetic_restored,train,IMGGEN-CLEAN-BACK-V1,SYNTH-BASE-KIA7809AF-BACK-001,SPEC-A,back,scratch,scratch,moderate,7809250,1221276178,1.1.1,7cc6627693f1a190ee26cfdbda90e0c69510377724d9484d14996ca83b755ffc,cb5fed83f6415c3bb3f6c26fce8fee402b064f28c0ad1c03b1bdc5dfa8d1ad8a,6e3893370f79fb2a07aacad4b568931d48b9e673464fa02e9379fdc3fa924286,0be6046c7f59a497a9225a019793dca4e711ede58c2f3f4673512bb01c9f685e,512,512,351,0.0013389587,1.0000000000,18.4306488037,204,185,77,52,TRAIN_ONLY_SYNTHETIC_NG,NO,AUTO_PASS,NO,"{""attempt"":0,""effective_seed"":1221276178,""geometry"":{""rotation_deg"":5.42088,""scale"":1.075333,""translate_x"":-7.626032,""translate_y"":0.493707},""instances_pre_transform"":[{""category"":""scratch"",""category_id"":1,""count"":1,""length_px"":[83.241],""severity"":""moderate"",""surface"":""metal_tab"",""width_px"":[2.693]}],""photometric"":{""blur_radius"":0.435699,""brightness"":1.005658,""channel_gain_b"":1.011105,""channel_gain_g"":1.017479,""channel_gain_r"":0.999077,""contrast"":1.086038,""noise_sigma"":0.998176,""saturation"":1.034397},""recipe"":[""scratch""],""severity"":""moderate""}"
syn-v1-450-scratch-0013,synthetic/v1_450/images/scratch/syn-v1-450-scratch-0013.jpg,synthetic/v1_450/masks/scratch/syn-v1-450-scratch-0013.png,synthetic_restored,train,IMGGEN-CLEAN-BACK-V1,SYNTH-BASE-KIA7809AF-BACK-001,SPEC-A,back,scratch,scratch,moderate,7809250,1541649062,1.1.1,7cc6627693f1a190ee26cfdbda90e0c69510377724d9484d14996ca83b755ffc,cb5fed83f6415c3bb3f6c26fce8fee402b064f28c0ad1c03b1bdc5dfa8d1ad8a,88e9325a7476df7d50384051105dfc84392f6b2eb4cde40d3bb04256e1a5363d,46cb7e2438a5b155308087c32e85c536c4ecc686e7422d8caed621bde93ec5fc,512,512,346,0.0013198853,1.0000000000,9.3728322983,269,125,45,62,TRAIN_ONLY_SYNTHETIC_NG,NO,AUTO_PASS,NO,"{""attempt"":0,""effective_seed"":1541649062,""geometry"":{""rotation_deg"":-2.881482,""scale"":1.007475,""translate_x"":-9.195051,""translate_y"":-3.204211},""instances_pre_transform"":[{""category"":""scratch"",""category_id"":1,""count"":1,""length_px"":[72.719],""severity"":""moderate"",""surface"":""metal_tab"",""width_px"":[2.886]}],""photometric"":{""blur_radius"":0.816501,""brightness"":1.055726,""channel_gain_b"":1.016216,""channel_gain_g"":0.977204,""channel_gain_r"":1.006583,""contrast"":1.055067,""noise_sigma"":2.102934,""saturation"":1.000687},""recipe"":[""scratch""],""severity"":""moderate""}"
syn-v1-450-scratch-0014,synthetic/v1_450/images/scratch/syn-v1-450-scratch-0014.jpg,synthetic/v1_450/masks/scratch/syn-v1-450-scratch-0014.png,synthetic_restored,train,IMGGEN-CLEAN-BACK-V1,SYNTH-BASE-KIA7809AF-BACK-001,SPEC-A,back,scratch,scratch,mild,7809250,600752105,1.1.1,7cc6627693f1a190ee26cfdbda90e0c69510377724d9484d14996ca83b755ffc,cb5fed83f6415c3bb3f6c26fce8fee402b064f28c0ad1c03b1bdc5dfa8d1ad8a,564dedf3b5b633882320040bd95b698b830f13ba8d4c9f7d1673776c3631e325,3b7f085a108e2779e997b24ce8c70b9c47b184bbdd41dc1490b62dd37b8e407c,512,512,289,0.0011024475,1.0000000000,8.0553932190,181,175,90,59,TRAIN_ONLY_SYNTHETIC_NG,NO,AUTO_PASS,NO,"{""attempt"":0,""effective_seed"":600752105,""geometry"":{""rotation_deg"":5.113467,""scale"":0.92266,""translate_x"":-11.533807,""translate_y"":3.851907},""instances_pre_transform"":[{""category"":""scratch"",""category_id"":1,""count"":1,""length_px"":[114.018],""severity"":""mild"",""surface"":""metal_tab"",""width_px"":[0.905]}],""photometric"":{""blur_radius"":0.173146,""brightness"":1.066537,""channel_gain_b"":0.975472,""channel_gain_g"":1.019741,""channel_gain_r"":0.972034,""contrast"":1.062327,""noise_sigma"":2.967815,""saturation"":0.951712},""recipe"":[""scratch""],""severity"":""mild""}"
syn-v1-450-scratch-0015,synthetic/v1_450/images/scratch/syn-v1-450-scratch-0015.jpg,synthetic/v1_450/masks/scratch/syn-v1-450-scratch-0015.png,synthetic_restored,train,IMGGEN-CLEAN-BACK-V1,SYNTH-BASE-KIA7809AF-BACK-001,SPEC-A,back,scratch,scratch,moderate,7809250,431987690,1.1.1,7cc6627693f1a190ee26cfdbda90e0c69510377724d9484d14996ca83b755ffc,cb5fed83f6415c3bb3f6c26fce8fee402b064f28c0ad1c03b1bdc5dfa8d1ad8a,64447d033d99088c719b605816bcd479801df30d0fb4f6cb20f23f20002b006b,aac9ac2d69db1af9a29836372693b25915803445679a3f6781ea2cac9be0c088,512,512,394,0.0015029907,1.0000000000,15.4121952057,158,121,115,56,TRAIN_ONLY_SYNTHETIC_NG,NO,AUTO_PASS,NO,"{""attempt"":0,""effective_seed"":431987690,""geometry"":{""rotation_deg"":0.078755,""scale"":0.966307,""translate_x"":10.535258,""translate_y"":8.087785},""instances_pre_transform"":[{""category"":""scratch"",""category_id"":1,""count"":2,""length_px"":[65.437,58.83],""severity"":""moderate"",""surface"":""metal_tab"",""width_px"":[3.226,1.266]}],""photometric"":{""blur_radius"":0.029612,""brightness"":1.006182,""channel_gain_b"":0.978696,""channel_gain_g"":1.024341,""channel_gain_r"":1.002544,""contrast"":0.982458,""noise_sigma"":2.168424,""saturation"":0.970933},""recipe"":[""scratch""],""severity"":""moderate""}"
syn-v1-450-scratch-0016,synthetic/v1_450/images/scratch/syn-v1-450-scratch-0016.jpg,synthetic/v1_450/masks/scratch/syn-v1-450-scratch-0016.png,synthetic_restored,train,IMGGEN-CLEAN-BACK-V1,SYNTH-BASE-KIA7809AF-BACK-001,SPEC-A,back,scratch,scratch,mild,7809250,1263414874,1.1.1,7cc6627693f1a190ee26cfdbda90e0c69510377724d9484d14996ca83b755ffc,cb5fed83f6415c3bb3f6c26fce8fee402b064f28c0ad1c03b1bdc5dfa8d1ad8a,79188d4d53ccb05ab332633f5c5dbf17b31f4d81415ef3553ccc23a7b2906660,fd65b369261a5dc463ef8de084c327284ebdbc8dbcad383f0bb4676a48e2ed2e,512,512,135,0.0005149841,1.0000000000,16.2115383148,205,132,88,41,TRAIN_ONLY_SYNTHETIC_NG,NO,AUTO_PASS,NO,"{""attempt"":0,""effective_seed"":1263414874,""geometry"":{""rotation_deg"":-4.043525,""scale"":0.930703,""translate_x"":8.234462,""translate_y"":-7.720258},""instances_pre_transform"":[{""category"":""scratch"",""category_id"":1,""count"":1,""length_px"":[101.533],""severity"":""mild"",""surface"":""metal_tab"",""width_px"":[2.04]}],""photometric"":{""blur_radius"":0.148601,""brightness"":1.018486,""channel_gain_b"":0.979532,""channel_gain_g"":0.967219,""channel_gain_r"":0.998538,""contrast"":0.939014,""noise_sigma"":2.725321,""saturation"":0.961381},""recipe"":[""scratch""],""severity"":""mild""}"
syn-v1-450-scratch-0017,synthetic/v1_450/images/scratch/syn-v1-450-scratch-0017.jpg,synthetic/v1_450/masks/scratch/syn-v1-450-scratch-0017.png,synthetic_restored,train,IMGGEN-CLEAN-BACK-V1,SYNTH-BASE-KIA7809AF-BACK-001,SPEC-A,back,scratch,scratch,mild,7809250,1209351343,1.1.1,7cc6627693f1a190ee26cfdbda90e0c69510377724d9484d14996ca83b755ffc,cb5fed83f6415c3bb3f6c26fce8fee402b064f28c0ad1c03b1bdc5dfa8d1ad8a,b6d61ff4f900460f86efa052e4e8a889e157c5319f94f9b21bff5bd7d1f33968,1f899433b362a9404df43a0b86a1b0a6fbcc0b904b8c77f219022e06596098f8,512,512,471,0.0017967224,1.0000000000,16.6130352020,186,158,80,74,TRAIN_ONLY_SYNTHETIC_NG,NO,AUTO_PASS,NO,"{""attempt"":0,""effective_seed"":1209351343,""geometry"":{""rotation_deg"":1.782014,""scale"":0.982832,""translate_x"":-0.076701,""translate_y"":0.427031},""instances_pre_transform"":[{""category"":""scratch"",""category_id"":1,""count"":1,""length_px"":[106.794],""severity"":""mild"",""surface"":""metal_tab"",""width_px"":[2.418]}],""photometric"":{""blur_radius"":0.123947,""brightness"":1.057407,""channel_gain_b"":0.967013,""channel_gain_g"":0.981254,""channel_gain_r"":0.982861,""contrast"":0.954585,""noise_sigma"":0.018916,""saturation"":1.069836},""recipe"":[""scratch""],""severity"":""mild""}"
syn-v1-450-scratch-0018,synthetic/v1_450/images/scratch/syn-v1-450-scratch-0018.jpg,synthetic/v1_450/masks/scratch/syn-v1-450-scratch-0018.png,synthetic_restored,train,IMGGEN-CLEAN-BACK-V1,SYNTH-BASE-KIA7809AF-BACK-001,SPEC-A,back,scratch,scratch,moderate,7809250,1741447062,1.1.1,7cc6627693f1a190ee26cfdbda90e0c69510377724d9484d14996ca83b755ffc,cb5fed83f6415c3bb3f6c26fce8fee402b064f28c0ad1c03b1bdc5dfa8d1ad8a,78eb67d3cae91f8d94e0a96d670c02fbaa8296e5ce72d4f28fecf2fdb37d2640,35af3948087b68f33e4ef22f22186eda73028d93facb33c4dd821cb4b7550d38,512,512,510,0.0019454956,1.0000000000,17.3867397308,216,97,101,115,TRAIN_ONLY_SYNTHETIC_NG,NO,AUTO_PASS,NO,"{""attempt"":0,""effective_seed"":1741447062,""geometry"":{""rotation_deg"":-5.883835,""scale"":0.975103,""translate_x"":-7.69628,""translate_y"":10.833173},""instances_pre_transform"":[{""category"":""scratch"",""category_id"":1,""count"":3,""length_px"":[102.005,106.254,84.291],""severity"":""moderate"",""surface"":""metal_tab"",""width_px"":[1.556,1.868,2.257]}],""photometric"":{""blur_radius"":0.746924,""brightness"":1.046905,""channel_gain_b"":0.97548,""channel_gain_g"":1.007037,""channel_gain_r"":1.001944,""contrast"":1.017455,""noise_sigma"":2.749637,""saturation"":0.982405},""recipe"":[""scratch""],""severity"":""moderate""}"
syn-v1-450-scratch-0019,synthetic/v1_450/images/scratch/syn-v1-450-scratch-0019.jpg,synthetic/v1_450/masks/scratch/syn-v1-450-scratch-0019.png,synthetic_restored,train,IMGGEN-CLEAN-BACK-V1,SYNTH-BASE-KIA7809AF-BACK-001,SPEC-A,back,scratch,scratch,mild,7809250,175535806,1.1.1,7cc6627693f1a190ee26cfdbda90e0c69510377724d9484d14996ca83b755ffc,cb5fed83f6415c3bb3f6c26fce8fee402b064f28c0ad1c03b1bdc5dfa8d1ad8a,1776c8e86c863538d23dadf47da2740af8d0a9f0ceda225459accf3d788470a8,25890f8ae6ddfca5a59982ada48800c0aa646f54f32f763e6c16ec61b7486e70,512,512,173,0.0006599426,1.0000000000,11.8773584366,239,216,64,6,TRAIN_ONLY_SYNTHETIC_NG,NO,AUTO_PASS,NO,"{""attempt"":0,""effective_seed"":175535806,""geometry"":{""rotation_deg"":-0.11754,""scale"":0.946958,""translate_x"":-10.235124,""translate_y"":6.802913},""instances_pre_transform"":[{""category"":""scratch"",""category_id"":1,""count"":1,""length_px"":[65.123],""severity"":""mild"",""surface"":""metal_tab"",""width_px"":[2.019]}],""photometric"":{""blur_radius"":0.052435,""brightness"":1.036648,""channel_gain_b"":1.002812,""channel_gain_g"":1.035514,""channel_gain_r"":0.982359,""contrast"":1.056337,""noise_sigma"":1.414897,""saturation"":1.051563},""recipe"":[""scratch""],""severity"":""mild""}"
syn-v1-450-scratch-0020,synthetic/v1_450/images/scratch/syn-v1-450-scratch-0020.jpg,synthetic/v1_450/masks/scratch/syn-v1-450-scratch-0020.png,synthetic_restored,train,IMGGEN-CLEAN-BACK-V1,SYNTH-BASE-KIA7809AF-BACK-001,SPEC-A,back,scratch,scratch,mild,7809250,304315043,1.1.1,7cc6627693f1a190ee26cfdbda90e0c69510377724d9484d14996ca83b755ffc,cb5fed83f6415c3bb3f6c26fce8fee402b064f28c0ad1c03b1bdc5dfa8d1ad8a,b66292e45efc2d2cb2df3f55646ba9e6c208ae02407f17856a7aa3d3ec4b5385,101a200c075de5dd6d9f0b935871009860930b690d75b9d805f1711ebf3fbfd1,512,512,214,0.0008163452,1.0000000000,25.9718303680,221,110,63,92,TRAIN_ONLY_SYNTHETIC_NG,NO,AUTO_PASS,NO,"{""attempt"":0,""effective_seed"":304315043,""geometry"":{""rotation_deg"":4.776016,""scale"":1.002822,""translate_x"":-10.969923,""translate_y"":6.408173},""instances_pre_transform"":[{""category"":""scratch"",""category_id"":1,""count"":1,""length_px"":[108.231],""severity"":""mild"",""surface"":""metal_tab"",""width_px"":[1.827]}],""photometric"":{""blur_radius"":0.72788,""brightness"":1.067455,""channel_gain_b"":1.005466,""channel_gain_g"":0.973124,""channel_gain_r"":0.980266,""contrast"":1.016206,""noise_sigma"":2.983725,""saturation"":1.055498},""recipe"":[""scratch""],""severity"":""mild""}"
syn-v1-450-scratch-0021,synthetic/v1_450/images/scratch/syn-v1-450-scratch-0021.jpg,synthetic/v1_450/masks/scratch/syn-v1-450-scratch-0021.png,synthetic_restored,train,IMGGEN-CLEAN-BACK-V1,SYNTH-BASE-KIA7809AF-BACK-001,SPEC-A,back,scratch,scratch,mild,7809250,453339674,1.1.1,7cc6627693f1a190ee26cfdbda90e0c69510377724d9484d14996ca83b755ffc,cb5fed83f6415c3bb3f6c26fce8fee402b064f28c0ad1c03b1bdc5dfa8d1ad8a,03d63f1b1f9b52ee1cd5f133ac26c5864dbe8e35a042bbe430f84f98f3224c49,b50b4cd0db526a4f873b85aba81ebe5d29283fbaa2601f62e730a21af27a9d77,512,512,196,0.0007476807,1.0000000000,19.5045452118,218,128,45,90,TRAIN_ONLY_SYNTHETIC_NG,NO,AUTO_PASS,NO,"{""attempt"":0,""effective_seed"":453339674,""geometry"":{""rotation_deg"":4.273267,""scale"":0.947252,""translate_x"":1.756661,""translate_y"":9.667605},""instances_pre_transform"":[{""category"":""scratch"",""category_id"":1,""count"":1,""length_px"":[103.619],""severity"":""mild"",""surface"":""metal_tab"",""width_px"":[2.065]}],""photometric"":{""blur_radius"":0.185405,""brightness"":0.960891,""channel_gain_b"":0.984116,""channel_gain_g"":0.974651,""channel_gain_r"":1.005977,""contrast"":0.994662,""noise_sigma"":1.079866,""saturation"":0.98447},""recipe"":[""scratch""],""severity"":""mild""}"
syn-v1-450-scratch-0022,synthetic/v1_450/images/scratch/syn-v1-450-scratch-0022.jpg,synthetic/v1_450/masks/scratch/syn-v1-450-scratch-0022.png,synthetic_restored,train,IMGGEN-CLEAN-BACK-V1,SYNTH-BASE-KIA7809AF-BACK-001,SPEC-A,back,scratch,scratch,moderate,7809250,1362805196,1.1.1,7cc6627693f1a190ee26cfdbda90e0c69510377724d9484d14996ca83b755ffc,cb5fed83f6415c3bb3f6c26fce8fee402b064f28c0ad1c03b1bdc5dfa8d1ad8a,30253e7f2949d0a4818fe3d132400f89006685f82c72036aebe82e8559818255,efe06d8cec414d5a35a8c23c06b5955c975db79a910818529e34b9fdd4fd716a,512,512,245,0.0009346008,1.0000000000,24.9655170441,285,89,8,80,TRAIN_ONLY_SYNTHETIC_NG,NO,AUTO_PASS,NO,"{""attempt"":0,""effective_seed"":1362805196,""geometry"":{""rotation_deg"":-7.751365,""scale"":1.052097,""translate_x"":9.403514,""translate_y"":7.991113},""instances_pre_transform"":[{""category"":""scratch"",""category_id"":1,""count"":1,""length_px"":[73.98],""severity"":""moderate"",""surface"":""metal_tab"",""width_px"":[2.092]}],""photometric"":{""blur_radius"":0.291289,""brightness"":0.980205,""channel_gain_b"":0.970946,""channel_gain_g"":1.026787,""channel_gain_r"":1.008546,""contrast"":0.912229,""noise_sigma"":1.296497,""saturation"":0.961649},""recipe"":[""scratch""],""severity"":""moderate""}"
syn-v1-450-scratch-0023,synthetic/v1_450/images/scratch/syn-v1-450-scratch-0023.jpg,synthetic/v1_450/masks/scratch/syn-v1-450-scratch-0023.png,synthetic_restored,train,IMGGEN-CLEAN-BACK-V1,SYNTH-BASE-KIA7809AF-BACK-001,SPEC-A,back,scratch,scratch,mild,7809250,856728263,1.1.1,7cc6627693f1a190ee26cfdbda90e0c69510377724d9484d14996ca83b755ffc,cb5fed83f6415c3bb3f6c26fce8fee402b064f28c0ad1c03b1bdc5dfa8d1ad8a,9cd977c334feb08eefdc2a3f43b44f709f54312e7a07d7b307a052295fd23cf4,729d86febb3e5beb210486a18c027ae933d1de04852ead6db40287079ec203bd,512,512,199,0.0007591248,1.0000000000,13.6683673859,162,103,51,73,TRAIN_ONLY_SYNTHETIC_NG,NO,AUTO_PASS,NO,"{""attempt"":0,""effective_seed"":856728263,""geometry"":{""rotation_deg"":-1.121795,""scale"":1.004686,""translate_x"":8.817551,""translate_y"":-4.028182},""instances_pre_transform"":[{""category"":""scratch"",""category_id"":1,""count"":1,""length_px"":[85.212],""severity"":""mild"",""surface"":""metal_tab"",""width_px"":[1.863]}],""photometric"":{""blur_radius"":0.803412,""brightness"":1.007788,""channel_gain_b"":0.980315,""channel_gain_g"":1.007935,""channel_gain_r"":1.003893,""contrast"":0.906126,""noise_sigma"":1.796766,""saturation"":0.967087},""recipe"":[""scratch""],""severity"":""mild""}"
syn-v1-450-scratch-0024,synthetic/v1_450/images/scratch/syn-v1-450-scratch-0024.jpg,synthetic/v1_450/masks/scratch/syn-v1-450-scratch-0024.png,synthetic_restored,train,IMGGEN-CLEAN-BACK-V1,SYNTH-BASE-KIA7809AF-BACK-001,SPEC-A,back,scratch,scratch,mild,7809250,1811209276,1.1.1,7cc6627693f1a190ee26cfdbda90e0c69510377724d9484d14996ca83b755ffc,cb5fed83f6415c3bb3f6c26fce8fee402b064f28c0ad1c03b1bdc5dfa8d1ad8a,7a059cdef4109652f1a04141e1840d9ef2484506428cfac58379190a350d5a76,8f7de464d0fee224468b417feba741667df0f8a1f2f2a6217efc58c51bb446da,512,512,178,0.0006790161,1.0000000000,17.5794868469,191,127,74,46,TRAIN_ONLY_SYNTHETIC_NG,NO,AUTO_PASS,NO,"{""attempt"":0,""effective_seed"":1811209276,""geometry"":{""rotation_deg"":-2.549884,""scale"":0.938389,""translate_x"":0.962309,""translate_y"":-3.769136},""instances_pre_transform"":[{""category"":""scratch"",""category_id"":1,""count"":1,""length_px"":[90.139],""severity"":""mild"",""surface"":""metal_tab"",""width_px"":[1.46]}],""photometric"":{""blur_radius"":0.461106,""brightness"":0.956801,""channel_gain_b"":1.017381,""channel_gain_g"":1.033754,""channel_gain_r"":1.03362,""contrast"":1.018989,""noise_sigma"":0.034258,""saturation"":0.97551},""recipe"":[""scratch""],""severity"":""mild""}"
syn-v1-450-scratch-0025,synthetic/v1_450/images/scratch/syn-v1-450-scratch-0025.jpg,synthetic/v1_450/masks/scratch/syn-v1-450-scratch-0025.png,synthetic_restored,train,IMGGEN-CLEAN-BACK-V1,SYNTH-BASE-KIA7809AF-BACK-001,SPEC-A,back,scratch,scratch,mild,7809250,1739172415,1.1.1,7cc6627693f1a190ee26cfdbda90e0c69510377724d9484d14996ca83b755ffc,cb5fed83f6415c3bb3f6c26fce8fee402b064f28c0ad1c03b1bdc5dfa8d1ad8a,51ce86ec1ed095157f0c7313bd7141490ba2f6a177f7499c2c32a8224e7d02fd,c463a6f4dd9c64b8fd480cdca5dcc9f2e1ca46e568f0a26028d09a3be63c6ded,512,512,197,0.0007514954,1.0000000000,17.6590900421,166,107,47,64,TRAIN_ONLY_SYNTHETIC_NG,NO,AUTO_PASS,NO,"{""attempt"":0,""effective_seed"":1739172415,""geometry"":{""rotation_deg"":-6.133818,""scale"":1.053912,""translate_x"":9.802717,""translate_y"":-8.982715},""instances_pre_transform"":[{""category"":""scratch"",""category_id"":1,""count"":1,""length_px"":[70.838],""severity"":""mild"",""surface"":""metal_tab"",""width_px"":[1.55]}],""photometric"":{""blur_radius"":0.314055,""brightness"":1.038966,""channel_gain_b"":0.980461,""channel_gain_g"":0.983084,""channel_gain_r"":0.984283,""contrast"":1.047715,""noise_sigma"":1.170022,""saturation"":0.980873},""recipe"":[""scratch""],""severity"":""mild""}"
syn-v1-450-scratch-0026,synthetic/v1_450/images/scratch/syn-v1-450-scratch-0026.jpg,synthetic/v1_450/masks/scratch/syn-v1-450-scratch-0026.png,synthetic_restored,train,IMGGEN-CLEAN-BACK-V1,SYNTH-BASE-KIA7809AF-BACK-001,SPEC-A,back,scratch,scratch,moderate,7809250,1584309396,1.1.1,7cc6627693f1a190ee26cfdbda90e0c69510377724d9484d14996ca83b755ffc,cb5fed83f6415c3bb3f6c26fce8fee402b064f28c0ad1c03b1bdc5dfa8d1ad8a,0a87083c78e326097f3d427b8bdc37cf48b82e39531290730be6a80d5742aab8,c5916f015830ffa962711ed804758ddfcaf932774925f1f5b728bbd22704e709,512,512,596,0.0022735596,1.0000000000,20.4976387024,198,112,81,112,TRAIN_ONLY_SYNTHETIC_NG,NO,AUTO_PASS,NO,"{""attempt"":0,""effective_seed"":1584309396,""geometry"":{""rotation_deg"":-0.231453,""scale"":0.970067,""translate_x"":-9.191575,""translate_y"":11.21883},""instances_pre_transform"":[{""category"":""scratch"",""category_id"":1,""count"":2,""length_px"":[113.018,80.604],""severity"":""moderate"",""surface"":""metal_tab"",""width_px"":[1.828,3.119]}],""photometric"":{""blur_radius"":0.279072,""brightness"":0.943333,""channel_gain_b"":1.020829,""channel_gain_g"":0.982096,""channel_gain_r"":1.02098,""contrast"":0.993471,""noise_sigma"":0.588058,""saturation"":1.004507},""recipe"":[""scratch""],""severity"":""moderate""}"
syn-v1-450-scratch-0027,synthetic/v1_450/images/scratch/syn-v1-450-scratch-0027.jpg,synthetic/v1_450/masks/scratch/syn-v1-450-scratch-0027.png,synthetic_restored,train,IMGGEN-CLEAN-BACK-V1,SYNTH-BASE-KIA7809AF-BACK-001,SPEC-A,back,scratch,scratch,moderate,7809250,229138481,1.1.1,7cc6627693f1a190ee26cfdbda90e0c69510377724d9484d14996ca83b755ffc,cb5fed83f6415c3bb3f6c26fce8fee402b064f28c0ad1c03b1bdc5dfa8d1ad8a,54396a5f7839e9034169eedcba25c850cc07346ed5341ccfbcaedfebfef7db85,fcdd36dfe22a185864b7b287a826d701a11c34a7a340c5c0fd7a2107e88b458f,512,512,226,0.0008621216,1.0000000000,9.5330114365,189,83,66,25,TRAIN_ONLY_SYNTHETIC_NG,NO,AUTO_PASS,NO,"{""attempt"":0,""effective_seed"":229138481,""geometry"":{""rotation_deg"":-7.811973,""scale"":1.04985,""translate_x"":-0.579413,""translate_y"":6.900158},""instances_pre_transform"":[{""category"":""scratch"",""category_id"":1,""count"":1,""length_px"":[65.307],""severity"":""moderate"",""surface"":""metal_tab"",""width_px"":[2.25]}],""photometric"":{""blur_radius"":0.882328,""brightness"":1.022216,""channel_gain_b"":1.030872,""channel_gain_g"":1.012724,""channel_gain_r"":1.011283,""contrast"":1.024661,""noise_sigma"":1.656923,""saturation"":1.054682},""recipe"":[""scratch""],""severity"":""moderate""}"
syn-v1-450-scratch-0028,synthetic/v1_450/images/scratch/syn-v1-450-scratch-0028.jpg,synthetic/v1_450/masks/scratch/syn-v1-450-scratch-0028.png,synthetic_restored,train,IMGGEN-CLEAN-BACK-V1,SYNTH-BASE-KIA7809AF-BACK-001,SPEC-A,back,scratch,scratch,mild,7809250,368733273,1.1.1,7cc6627693f1a190ee26cfdbda90e0c69510377724d9484d14996ca83b755ffc,cb5fed83f6415c3bb3f6c26fce8fee402b064f28c0ad1c03b1bdc5dfa8d1ad8a,e67c7d49c494d19f8052cb74ff40f5e54adcfe100e36a8ac46dd8c97d9880242,3350eef502a364a7b48739f73d358add2d67cde3d15f0da37880c7937edbf468,512,512,329,0.0012550354,1.0000000000,16.9935283661,182,157,105,56,TRAIN_ONLY_SYNTHETIC_NG,NO,AUTO_PASS,NO,"{""attempt"":0,""effective_seed"":368733273,""geometry"":{""rotation_deg"":-2.506528,""scale"":1.022358,""translate_x"":-2.452612,""translate_y"":9.992215},""instances_pre_transform"":[{""category"":""scratch"",""category_id"":1,""count"":1,""length_px"":[112.872],""severity"":""mild"",""surface"":""metal_tab"",""width_px"":[1.761]}],""photometric"":{""blur_radius"":0.659143,""brightness"":0.932987,""channel_gain_b"":0.986019,""channel_gain_g"":1.021568,""channel_gain_r"":0.970061,""contrast"":1.071096,""noise_sigma"":0.407912,""saturation"":0.976406},""recipe"":[""scratch""],""severity"":""mild""}"
syn-v1-450-scratch-0029,synthetic/v1_450/images/scratch/syn-v1-450-scratch-0029.jpg,synthetic/v1_450/masks/scratch/syn-v1-450-scratch-0029.png,synthetic_restored,train,IMGGEN-CLEAN-BACK-V1,SYNTH-BASE-KIA7809AF-BACK-001,SPEC-A,back,scratch,scratch,mild,7809250,1538917969,1.1.1,7cc6627693f1a190ee26cfdbda90e0c69510377724d9484d14996ca83b755ffc,cb5fed83f6415c3bb3f6c26fce8fee402b064f28c0ad1c03b1bdc5dfa8d1ad8a,f2e36e119262767f4906ca55f9caca4733c58c2dc5246a715d2ab1820c6f3771,8763313e161c8e30a0729ad8b01c06f8ce282d2d87c916113620947d0d76102b,512,512,153,0.0005836487,1.0000000000,11.9454545975,248,121,10,46,TRAIN_ONLY_SYNTHETIC_NG,NO,AUTO_PASS,NO,"{""attempt"":0,""effective_seed"":1538917969,""geometry"":{""rotation_deg"":7.126627,""scale"":0.951274,""translate_x"":10.284273,""translate_y"":-10.214046},""instances_pre_transform"":[{""category"":""scratch"",""category_id"":1,""count"":1,""length_px"":[47.802],""severity"":""mild"",""surface"":""metal_tab"",""width_px"":[1.247]}],""photometric"":{""blur_radius"":0.593485,""brightness"":0.97508,""channel_gain_b"":1.032718,""channel_gain_g"":0.998835,""channel_gain_r"":1.011165,""contrast"":1.054198,""noise_sigma"":0.780587,""saturation"":1.01768},""recipe"":[""scratch""],""severity"":""mild""}"
syn-v1-450-scratch-0030,synthetic/v1_450/images/scratch/syn-v1-450-scratch-0030.jpg,synthetic/v1_450/masks/scratch/syn-v1-450-scratch-0030.png,synthetic_restored,train,IMGGEN-CLEAN-BACK-V1,SYNTH-BASE-KIA7809AF-BACK-001,SPEC-A,back,scratch,scratch,moderate,7809250,1368704564,1.1.1,7cc6627693f1a190ee26cfdbda90e0c69510377724d9484d14996ca83b755ffc,cb5fed83f6415c3bb3f6c26fce8fee402b064f28c0ad1c03b1bdc5dfa8d1ad8a,fc661bf2014fe20c3171d1ebcf717ddff72e2c3a9acaaf6c089d6a0f970f962c,7fdf52b377024c5042806f01578c7534c54e7b61b515373d1837bf99b4955529,512,512,487,0.0018577576,1.0000000000,21.7804050446,181,135,104,102,TRAIN_ONLY_SYNTHETIC_NG,NO,AUTO_PASS,NO,"{""attempt"":0,""effective_seed"":1368704564,""geometry"":{""rotation_deg"":6.704935,""scale"":0.933414,""translate_x"":0.48038,""translate_y"":-8.058949},""instances_pre_transform"":[{""category"":""scratch"",""category_id"":1,""count"":2,""length_px"":[92.136,116.108],""severity"":""moderate"",""surface"":""metal_tab"",""width_px"":[1.888,1.403]}],""photometric"":{""blur_radius"":0.37176,""brightness"":1.037115,""channel_gain_b"":0.990064,""channel_gain_g"":0.981782,""channel_gain_r"":0.992561,""contrast"":1.012833,""noise_sigma"":0.343375,""saturation"":1.015796},""recipe"":[""scratch""],""severity"":""moderate""}"
syn-v1-450-scratch-0031,synthetic/v1_450/images/scratch/syn-v1-450-scratch-0031.jpg,synthetic/v1_450/masks/scratch/syn-v1-450-scratch-0031.png,synthetic_restored,train,IMGGEN-CLEAN-BACK-V1,SYNTH-BASE-KIA7809AF-BACK-001,SPEC-A,back,scratch,scratch,moderate,7809250,1635714763,1.1.1,7cc6627693f1a190ee26cfdbda90e0c69510377724d9484d14996ca83b755ffc,cb5fed83f6415c3bb3f6c26fce8fee402b064f28c0ad1c03b1bdc5dfa8d1ad8a,128c2b361b7be99537cea9c37656236dfd3ab7c47cab8b5098e9bad1eeb6ebef,65f1fbb44e4418f27f1cf967f155c63bae8fcfb84e7e541371af00e3b39108ca,512,512,173,0.0006599426,1.0000000000,18.7654323578,216,111,76,58,TRAIN_ONLY_SYNTHETIC_NG,NO,AUTO_PASS,NO,"{""attempt"":0,""effective_seed"":1635714763,""geometry"":{""rotation_deg"":-5.386078,""scale"":1.03639,""translate_x"":-5.547774,""translate_y"":-3.633475},""instances_pre_transform"":[{""category"":""scratch"",""category_id"":1,""count"":1,""length_px"":[89.196],""severity"":""moderate"",""surface"":""metal_tab"",""width_px"":[2.339]}],""photometric"":{""blur_radius"":0.823161,""brightness"":0.946394,""channel_gain_b"":1.028346,""channel_gain_g"":0.979975,""channel_gain_r"":1.033706,""contrast"":1.021175,""noise_sigma"":0.690316,""saturation"":0.985205},""recipe"":[""scratch""],""severity"":""moderate""}"
syn-v1-450-scratch-0032,synthetic/v1_450/images/scratch/syn-v1-450-scratch-0032.jpg,synthetic/v1_450/masks/scratch/syn-v1-450-scratch-0032.png,synthetic_restored,train,IMGGEN-CLEAN-BACK-V1,SYNTH-BASE-KIA7809AF-BACK-001,SPEC-A,back,scratch,scratch,moderate,7809250,1553741482,1.1.1,7cc6627693f1a190ee26cfdbda90e0c69510377724d9484d14996ca83b755ffc,cb5fed83f6415c3bb3f6c26fce8fee402b064f28c0ad1c03b1bdc5dfa8d1ad8a,e0ffd054a8030067393dd5d657f733b49dc71c1c92caa84354755cf5432d6e0e,80f678e8a637d9d2b85316b352debc62f0cbe6a9fa9f9d173e055ed100266563,512,512,706,0.0026931763,1.0000000000,22.6238536835,203,129,105,114,TRAIN_ONLY_SYNTHETIC_NG,NO,AUTO_PASS,NO,"{""attempt"":0,""effective_seed"":1553741482,""geometry"":{""rotation_deg"":3.67159,""scale"":0.953844,""translate_x"":-11.189614,""translate_y"":0.117638},""instances_pre_transform"":[{""category"":""scratch"",""category_id"":1,""count"":2,""length_px"":[82.024,126.479],""severity"":""moderate"",""surface"":""metal_tab"",""width_px"":[3.317,3.264]}],""photometric"":{""blur_radius"":0.180173,""brightness"":0.976848,""channel_gain_b"":0.964046,""channel_gain_g"":1.027414,""channel_gain_r"":1.016,""contrast"":1.038177,""noise_sigma"":2.268952,""saturation"":1.05881},""recipe"":[""scratch""],""severity"":""moderate""}"
syn-v1-450-scratch-0033,synthetic/v1_450/images/scratch/syn-v1-450-scratch-0033.jpg,synthetic/v1_450/masks/scratch/syn-v1-450-scratch-0033.png,synthetic_restored,train,IMGGEN-CLEAN-BACK-V1,SYNTH-BASE-KIA7809AF-BACK-001,SPEC-A,back,scratch,scratch,mild,7809250,1310927353,1.1.1,7cc6627693f1a190ee26cfdbda90e0c69510377724d9484d14996ca83b755ffc,cb5fed83f6415c3bb3f6c26fce8fee402b064f28c0ad1c03b1bdc5dfa8d1ad8a,8e2645143298c575074ca52afdbeb16c773037fb00fbd6387051c1a3dfc6ebad,3439bb9ef11642cd477ebb354a6e03435b8e027e690a47f58d03aeda5c40ebc9,512,512,69,0.0002632141,1.0000000000,32.4269676208,172,151,91,10,TRAIN_ONLY_SYNTHETIC_NG,NO,AUTO_PASS,NO,"{""attempt"":0,""effective_seed"":1310927353,""geometry"":{""rotation_deg"":6.172225,""scale"":0.928365,""translate_x"":-4.161218,""translate_y"":10.353054},""instances_pre_transform"":[{""category"":""scratch"",""category_id"":1,""count"":1,""length_px"":[98.02],""severity"":""mild"",""surface"":""metal_tab"",""width_px"":[1.794]}],""photometric"":{""blur_radius"":0.027396,""brightness"":0.933053,""channel_gain_b"":0.983164,""channel_gain_g"":0.995963,""channel_gain_r"":1.035579,""contrast"":1.012079,""noise_sigma"":0.618513,""saturation"":1.069275},""recipe"":[""scratch""],""severity"":""mild""}"
syn-v1-450-scratch-0034,synthetic/v1_450/images/scratch/syn-v1-450-scratch-0034.jpg,synthetic/v1_450/masks/scratch/syn-v1-450-scratch-0034.png,synthetic_restored,train,IMGGEN-CLEAN-BACK-V1,SYNTH-BASE-KIA7809AF-BACK-001,SPEC-A,back,scratch,scratch,mild,7809250,274874269,1.1.1,7cc6627693f1a190ee26cfdbda90e0c69510377724d9484d14996ca83b755ffc,cb5fed83f6415c3bb3f6c26fce8fee402b064f28c0ad1c03b1bdc5dfa8d1ad8a,65177c82941d25ee0dc23605f08c75d50ac6a5c52a528a4346d33ad39a140fbc,2a1009166827852178c23daf0a2b2f683ab72dd106faaac76bde2d322dff1f03,512,512,154,0.0005874634,1.0000000000,27.8802394867,198,132,87,62,TRAIN_ONLY_SYNTHETIC_NG,NO,AUTO_PASS,NO,"{""attempt"":0,""effective_seed"":274874269,""geometry"":{""rotation_deg"":0.58145,""scale"":0.940312,""translate_x"":-2.636989,""translate_y"":4.907615},""instances_pre_transform"":[{""category"":""scratch"",""category_id"":1,""count"":1,""length_px"":[109.289],""severity"":""mild"",""surface"":""metal_tab"",""width_px"":[1.432]}],""photometric"":{""blur_radius"":0.517114,""brightness"":1.035801,""channel_gain_b"":1.039785,""channel_gain_g"":0.983357,""channel_gain_r"":0.971681,""contrast"":1.065506,""noise_sigma"":0.864864,""saturation"":1.013553},""recipe"":[""scratch""],""severity"":""mild""}"
syn-v1-450-scratch-0035,synthetic/v1_450/images/scratch/syn-v1-450-scratch-0035.jpg,synthetic/v1_450/masks/scratch/syn-v1-450-scratch-0035.png,synthetic_restored,train,IMGGEN-CLEAN-BACK-V1,SYNTH-BASE-KIA7809AF-BACK-001,SPEC-A,back,scratch,scratch,severe,7809250,997505452,1.1.1,7cc6627693f1a190ee26cfdbda90e0c69510377724d9484d14996ca83b755ffc,cb5fed83f6415c3bb3f6c26fce8fee402b064f28c0ad1c03b1bdc5dfa8d1ad8a,569e08c0a21829c90f674a4e2387125936fd600abe8fda5a5a56f4b74f6643a5,cc79a263a391e067bad45be69212413239d98e90d61ff60b5b436672f047741c,512,512,1143,0.0043601990,1.0000000000,30.1582870483,199,117,107,121,TRAIN_ONLY_SYNTHETIC_NG,NO,AUTO_PASS,NO,"{""attempt"":0,""effective_seed"":997505452,""geometry"":{""rotation_deg"":-2.314774,""scale"":1.035814,""translate_x"":-6.892372,""translate_y"":-9.433896},""instances_pre_transform"":[{""category"":""scratch"",""category_id"":1,""count"":3,""length_px"":[89.627,89.006,87.367],""severity"":""severe"",""surface"":""metal_tab"",""width_px"":[3.475,2.559,4.537]}],""photometric"":{""blur_radius"":0.413327,""brightness"":0.956491,""channel_gain_b"":0.971796,""channel_gain_g"":1.036987,""channel_gain_r"":0.988347,""contrast"":0.97622,""noise_sigma"":1.950235,""saturation"":0.975385},""recipe"":[""scratch""],""severity"":""severe""}"
syn-v1-450-scratch-0036,synthetic/v1_450/images/scratch/syn-v1-450-scratch-0036.jpg,synthetic/v1_450/masks/scratch/syn-v1-450-scratch-0036.png,synthetic_restored,train,IMGGEN-CLEAN-BACK-V1,SYNTH-BASE-KIA7809AF-BACK-001,SPEC-A,back,scratch,scratch,moderate,7809250,78169617,1.1.1,7cc6627693f1a190ee26cfdbda90e0c69510377724d9484d14996ca83b755ffc,cb5fed83f6415c3bb3f6c26fce8fee402b064f28c0ad1c03b1bdc5dfa8d1ad8a,0361860d7840809ab29a5901733af599c663afc4adfb77e5d8a20f34d0319123,a7437194a5fa79d19bb79734c499b230648d85a05cf205119ecca8848eebbdcd,512,512,199,0.0007591248,1.0000000000,27.2304344177,213,138,62,69,TRAIN_ONLY_SYNTHETIC_NG,NO,AUTO_PASS,NO,"{""attempt"":1,""effective_seed"":78274346,""geometry"":{""rotation_deg"":-0.817055,""scale"":0.930704,""translate_x"":-9.484973,""translate_y"":-8.886017},""instances_pre_transform"":[{""category"":""scratch"",""category_id"":1,""count"":1,""length_px"":[95.776],""severity"":""moderate"",""surface"":""metal_tab"",""width_px"":[2.948]}],""photometric"":{""blur_radius"":0.718427,""brightness"":1.007196,""channel_gain_b"":1.03236,""channel_gain_g"":0.976916,""channel_gain_r"":0.991394,""contrast"":0.980941,""noise_sigma"":2.384884,""saturation"":0.998033},""recipe"":[""scratch""],""severity"":""moderate""}"
syn-v1-450-scratch-0037,synthetic/v1_450/images/scratch/syn-v1-450-scratch-0037.jpg,synthetic/v1_450/masks/scratch/syn-v1-450-scratch-0037.png,synthetic_restored,train,IMGGEN-CLEAN-BACK-V1,SYNTH-BASE-KIA7809AF-BACK-001,SPEC-A,back,scratch,scratch,mild,7809250,35808851,1.1.1,7cc6627693f1a190ee26cfdbda90e0c69510377724d9484d14996ca83b755ffc,cb5fed83f6415c3bb3f6c26fce8fee402b064f28c0ad1c03b1bdc5dfa8d1ad8a,fd3c7e6e5e788cb8ef58a2cda400c09c7089d4b5408bbc25826374862c7eccb9,7bf9f494d632c063bbae78dd649e29d4d56c6803530c8368e95602259d435ae5,512,512,310,0.0011825562,1.0000000000,29.8560886383,223,169,69,35,TRAIN_ONLY_SYNTHETIC_NG,NO,AUTO_PASS,NO,"{""attempt"":0,""effective_seed"":35808851,""geometry"":{""rotation_deg"":3.037644,""scale"":1.056947,""translate_x"":10.366504,""translate_y"":-10.076278},""instances_pre_transform"":[{""category"":""scratch"",""category_id"":1,""count"":1,""length_px"":[70.385],""severity"":""mild"",""surface"":""metal_tab"",""width_px"":[2.246]}],""photometric"":{""blur_radius"":0.24536,""brightness"":1.048758,""channel_gain_b"":0.98247,""channel_gain_g"":1.003238,""channel_gain_r"":1.020558,""contrast"":0.967701,""noise_sigma"":1.519251,""saturation"":0.984238},""recipe"":[""scratch""],""severity"":""mild""}"
syn-v1-450-scratch-0038,synthetic/v1_450/images/scratch/syn-v1-450-scratch-0038.jpg,synthetic/v1_450/masks/scratch/syn-v1-450-scratch-0038.png,synthetic_restored,train,IMGGEN-CLEAN-BACK-V1,SYNTH-BASE-KIA7809AF-BACK-001,SPEC-A,back,scratch,scratch,moderate,7809250,1920391689,1.1.1,7cc6627693f1a190ee26cfdbda90e0c69510377724d9484d14996ca83b755ffc,cb5fed83f6415c3bb3f6c26fce8fee402b064f28c0ad1c03b1bdc5dfa8d1ad8a,a3b14302ffe1df308f3f0797d91a9fc326ad5fcf10a85bb3acdfc2f1a0054932,287bbac66d0f49aa05bb502f0aced054c3156b402b63a0c52dac3a9fe15d01c7,512,512,233,0.0008888245,1.0000000000,19.1174240112,217,129,45,67,TRAIN_ONLY_SYNTHETIC_NG,NO,AUTO_PASS,NO,"{""attempt"":0,""effective_seed"":1920391689,""geometry"":{""rotation_deg"":-0.69454,""scale"":0.924824,""translate_x"":3.42436,""translate_y"":1.417607},""instances_pre_transform"":[{""category"":""scratch"",""category_id"":1,""count"":2,""length_px"":[78.409,71.784],""severity"":""moderate"",""surface"":""metal_tab"",""width_px"":[2.157,1.24]}],""photometric"":{""blur_radius"":0.269388,""brightness"":1.013227,""channel_gain_b"":0.974614,""channel_gain_g"":0.994741,""channel_gain_r"":1.039388,""contrast"":0.990982,""noise_sigma"":1.698056,""saturation"":0.96823},""recipe"":[""scratch""],""severity"":""moderate""}"
syn-v1-450-scratch-0039,synthetic/v1_450/images/scratch/syn-v1-450-scratch-0039.jpg,synthetic/v1_450/masks/scratch/syn-v1-450-scratch-0039.png,synthetic_restored,train,IMGGEN-CLEAN-BACK-V1,SYNTH-BASE-KIA7809AF-BACK-001,SPEC-A,back,scratch,scratch,mild,7809250,1304799669,1.1.1,7cc6627693f1a190ee26cfdbda90e0c69510377724d9484d14996ca83b755ffc,cb5fed83f6415c3bb3f6c26fce8fee402b064f28c0ad1c03b1bdc5dfa8d1ad8a,79fb3a94c1a1bf174f465390bafc4a7b863dfb6ee967e17c2d345e5a0bcc6943,b802655c3a3df81a1bbb8d090a6e61663f806bfccffe18e13b365c0e7fbd498c,512,512,215,0.0008201599,1.0000000000,21.9346733093,197,100,60,18,TRAIN_ONLY_SYNTHETIC_NG,NO,AUTO_PASS,NO,"{""attempt"":0,""effective_seed"":1304799669,""geometry"":{""rotation_deg"":-7.798026,""scale"":1.023953,""translate_x"":3.658338,""translate_y"":-1.989374},""instances_pre_transform"":[{""category"":""scratch"",""category_id"":1,""count"":1,""length_px"":[58.31],""severity"":""mild"",""surface"":""metal_tab"",""width_px"":[1.85]}],""photometric"":{""blur_radius"":0.49511,""brightness"":1.022801,""channel_gain_b"":1.015065,""channel_gain_g"":0.992138,""channel_gain_r"":0.978951,""contrast"":0.951775,""noise_sigma"":0.766326,""saturation"":1.045997},""recipe"":[""scratch""],""severity"":""mild""}"
syn-v1-450-scratch-0040,synthetic/v1_450/images/scratch/syn-v1-450-scratch-0040.jpg,synthetic/v1_450/masks/scratch/syn-v1-450-scratch-0040.png,synthetic_restored,train,IMGGEN-CLEAN-BACK-V1,SYNTH-BASE-KIA7809AF-BACK-001,SPEC-A,back,scratch,scratch,mild,7809250,1655583128,1.1.1,7cc6627693f1a190ee26cfdbda90e0c69510377724d9484d14996ca83b755ffc,cb5fed83f6415c3bb3f6c26fce8fee402b064f28c0ad1c03b1bdc5dfa8d1ad8a,670a33d38af259657d9ca3d35336724149b57e2be6e927a363e8d3d6c5e5593c,88d12d523b36f0d00d6d7995c405b5cb467af3ff6300641d121b9f8796d14ed4,512,512,226,0.0008621216,1.0000000000,13.2202644348,192,121,67,59,TRAIN_ONLY_SYNTHETIC_NG,NO,AUTO_PASS,NO,"{""attempt"":0,""effective_seed"":1655583128,""geometry"":{""rotation_deg"":-4.297124,""scale"":0.99301,""translate_x"":-8.508272,""translate_y"":9.088139},""instances_pre_transform"":[{""category"":""scratch"",""category_id"":1,""count"":1,""length_px"":[86.4],""severity"":""mild"",""surface"":""metal_tab"",""width_px"":[1.2]}],""photometric"":{""blur_radius"":0.112112,""brightness"":1.020874,""channel_gain_b"":0.997553,""channel_gain_g"":0.97785,""channel_gain_r"":1.031199,""contrast"":1.037912,""noise_sigma"":1.070194,""saturation"":0.966088},""recipe"":[""scratch""],""severity"":""mild""}"
syn-v1-450-scratch-0041,synthetic/v1_450/images/scratch/syn-v1-450-scratch-0041.jpg,synthetic/v1_450/masks/scratch/syn-v1-450-scratch-0041.png,synthetic_restored,train,IMGGEN-CLEAN-BACK-V1,SYNTH-BASE-KIA7809AF-BACK-001,SPEC-A,back,scratch,scratch,moderate,7809250,440549268,1.1.1,7cc6627693f1a190ee26cfdbda90e0c69510377724d9484d14996ca83b755ffc,cb5fed83f6415c3bb3f6c26fce8fee402b064f28c0ad1c03b1bdc5dfa8d1ad8a,667e55de7a319722761531fb1ce554ff17afe037362e176e1567317c98244110,64306aa49f34edd7cdf50ece94e2df0e6f04c46cd6680ff18834907ed471ad7f,512,512,203,0.0007743835,1.0000000000,23.6701030731,179,124,103,67,TRAIN_ONLY_SYNTHETIC_NG,NO,AUTO_PASS,NO,"{""attempt"":0,""effective_seed"":440549268,""geometry"":{""rotation_deg"":2.110506,""scale"":1.033983,""translate_x"":-3.688004,""translate_y"":-8.125303},""instances_pre_transform"":[{""category"":""scratch"",""category_id"":1,""count"":1,""length_px"":[116.108],""severity"":""moderate"",""surface"":""metal_tab"",""width_px"":[1.692]}],""photometric"":{""blur_radius"":0.721488,""brightness"":0.998099,""channel_gain_b"":1.03074,""channel_gain_g"":0.976796,""channel_gain_r"":0.982113,""contrast"":1.042237,""noise_sigma"":1.554044,""saturation"":0.94772},""recipe"":[""scratch""],""severity"":""moderate""}"
syn-v1-450-scratch-0042,synthetic/v1_450/images/scratch/syn-v1-450-scratch-0042.jpg,synthetic/v1_450/masks/scratch/syn-v1-450-scratch-0042.png,synthetic_restored,train,IMGGEN-CLEAN-BACK-V1,SYNTH-BASE-KIA7809AF-BACK-001,SPEC-A,back,scratch,scratch,moderate,7809250,1415510873,1.1.1,7cc6627693f1a190ee26cfdbda90e0c69510377724d9484d14996ca83b755ffc,cb5fed83f6415c3bb3f6c26fce8fee402b064f28c0ad1c03b1bdc5dfa8d1ad8a,c5269cead12388776c8b555b76b0ddf6b8a27285e18f5fadd8508b222a7f3fe0,0235bac0b7378341fd1e6847e348506e9c863ec6b0423ee3d09892d8c43edae5,512,512,394,0.0015029907,1.0000000000,24.4583339691,186,149,97,62,TRAIN_ONLY_SYNTHETIC_NG,NO,AUTO_PASS,NO,"{""attempt"":0,""effective_seed"":1415510873,""geometry"":{""rotation_deg"":-1.625629,""scale"":0.930054,""translate_x"":-10.596027,""translate_y"":9.726515},""instances_pre_transform"":[{""category"":""scratch"",""category_id"":1,""count"":2,""length_px"":[73.055,72.277],""severity"":""moderate"",""surface"":""metal_tab"",""width_px"":[1.407,2.83]}],""photometric"":{""blur_radius"":0.130697,""brightness"":1.000168,""channel_gain_b"":1.035675,""channel_gain_g"":0.994417,""channel_gain_r"":0.993252,""contrast"":1.038616,""noise_sigma"":2.955768,""saturation"":0.972443},""recipe"":[""scratch""],""severity"":""moderate""}"
syn-v1-450-scratch-0043,synthetic/v1_450/images/scratch/syn-v1-450-scratch-0043.jpg,synthetic/v1_450/masks/scratch/syn-v1-450-scratch-0043.png,synthetic_restored,train,IMGGEN-CLEAN-BACK-V1,SYNTH-BASE-KIA7809AF-BACK-001,SPEC-A,back,scratch,scratch,moderate,7809250,547061945,1.1.1,7cc6627693f1a190ee26cfdbda90e0c69510377724d9484d14996ca83b755ffc,cb5fed83f6415c3bb3f6c26fce8fee402b064f28c0ad1c03b1bdc5dfa8d1ad8a,b74720383f038a971d1f8718e6955d35e549e2e890a57139183f591e8e428211,9453ed2c3185bb2a1c95c5522af58b5d5d513dc14cc19eedb7620c5379f45545,512,512,871,0.0033226013,1.0000000000,14.6742420197,173,114,119,122,TRAIN_ONLY_SYNTHETIC_NG,NO,AUTO_PASS,NO,"{""attempt"":0,""effective_seed"":547061945,""geometry"":{""rotation_deg"":3.60388,""scale"":1.04778,""translate_x"":-1.582684,""translate_y"":5.864898},""instances_pre_transform"":[{""category"":""scratch"",""category_id"":1,""count"":3,""length_px"":[59.169,57.315,133.6],""severity"":""moderate"",""surface"":""metal_tab"",""width_px"":[1.454,1.211,3.046]}],""photometric"":{""blur_radius"":0.150441,""brightness"":1.055029,""channel_gain_b"":1.027949,""channel_gain_g"":0.995621,""channel_gain_r"":0.968193,""contrast"":0.958411,""noise_sigma"":0.55606,""saturation"":1.007917},""recipe"":[""scratch""],""severity"":""moderate""}"
syn-v1-450-scratch-0044,synthetic/v1_450/images/scratch/syn-v1-450-scratch-0044.jpg,synthetic/v1_450/masks/scratch/syn-v1-450-scratch-0044.png,synthetic_restored,train,IMGGEN-CLEAN-BACK-V1,SYNTH-BASE-KIA7809AF-BACK-001,SPEC-A,back,scratch,scratch,mild,7809250,786008233,1.1.1,7cc6627693f1a190ee26cfdbda90e0c69510377724d9484d14996ca83b755ffc,cb5fed83f6415c3bb3f6c26fce8fee402b064f28c0ad1c03b1bdc5dfa8d1ad8a,46076e19d736f4002261a3356761b9732a9572cd6a9fccff2ad2b5d7eff985ad,26fa7352ab5deeab1b8efea26a63000397de19edd06d8a65e3a17ba13c5029fc,512,512,95,0.0003623962,1.0000000000,13.3846149445,246,164,27,36,TRAIN_ONLY_SYNTHETIC_NG,NO,AUTO_PASS,NO,"{""attempt"":0,""effective_seed"":786008233,""geometry"":{""rotation_deg"":1.434664,""scale"":1.033017,""translate_x"":-6.005556,""translate_y"":6.509198},""instances_pre_transform"":[{""category"":""scratch"",""category_id"":1,""count"":1,""length_px"":[41.4],""severity"":""mild"",""surface"":""metal_tab"",""width_px"":[0.909]}],""photometric"":{""blur_radius"":0.804659,""brightness"":1.068731,""channel_gain_b"":0.999876,""channel_gain_g"":1.02824,""channel_gain_r"":1.030021,""contrast"":0.932004,""noise_sigma"":1.12683,""saturation"":1.033458},""recipe"":[""scratch""],""severity"":""mild""}"
syn-v1-450-scratch-0045,synthetic/v1_450/images/scratch/syn-v1-450-scratch-0045.jpg,synthetic/v1_450/masks/scratch/syn-v1-450-scratch-0045.png,synthetic_restored,train,IMGGEN-CLEAN-BACK-V1,SYNTH-BASE-KIA7809AF-BACK-001,SPEC-A,back,scratch,scratch,moderate,7809250,1028843259,1.1.1,7cc6627693f1a190ee26cfdbda90e0c69510377724d9484d14996ca83b755ffc,cb5fed83f6415c3bb3f6c26fce8fee402b064f28c0ad1c03b1bdc5dfa8d1ad8a,b81d245d1a15eb32bdd132feeafe641045a72368ad6e42f24cb2cbc53fc542f9,2bfcf2e4c7478ba80461c06dd06d8f7004b3fe3b6512482cf15ce0fcc1f1d2b0,512,512,361,0.0013771057,1.0000000000,25.9012336731,171,142,73,121,TRAIN_ONLY_SYNTHETIC_NG,NO,AUTO_PASS,NO,"{""attempt"":0,""effective_seed"":1028843259,""geometry"":{""rotation_deg"":4.8178,""scale"":1.05114,""translate_x"":8.085277,""translate_y"":-11.673092},""instances_pre_transform"":[{""category"":""scratch"",""category_id"":1,""count"":1,""length_px"":[131.244],""severity"":""moderate"",""surface"":""metal_tab"",""width_px"":[2.374]}],""photometric"":{""blur_radius"":0.460371,""brightness"":0.981214,""channel_gain_b"":0.987351,""channel_gain_g"":0.972774,""channel_gain_r"":0.973648,""contrast"":1.013326,""noise_sigma"":1.207839,""saturation"":1.059097},""recipe"":[""scratch""],""severity"":""moderate""}"
syn-v1-450-scratch-0046,synthetic/v1_450/images/scratch/syn-v1-450-scratch-0046.jpg,synthetic/v1_450/masks/scratch/syn-v1-450-scratch-0046.png,synthetic_restored,train,IMGGEN-CLEAN-BACK-V1,SYNTH-BASE-KIA7809AF-BACK-001,SPEC-A,back,scratch,scratch,mild,7809250,1315925291,1.1.1,7cc6627693f1a190ee26cfdbda90e0c69510377724d9484d14996ca83b755ffc,cb5fed83f6415c3bb3f6c26fce8fee402b064f28c0ad1c03b1bdc5dfa8d1ad8a,fced47c8cba0a4594665997f8209115c986201cfed2264e444a226856527a5d0,b501373bd5ddaa0f41a910c4a58c4fd78c731fffd14d2e3f8b74e5f4dd5ce154,512,512,174,0.0006637573,1.0000000000,10.3979053497,244,212,58,22,TRAIN_ONLY_SYNTHETIC_NG,NO,AUTO_PASS,NO,"{""attempt"":0,""effective_seed"":1315925291,""geometry"":{""rotation_deg"":-7.631083,""scale"":0.951578,""translate_x"":4.187384,""translate_y"":3.121902},""instances_pre_transform"":[{""category"":""scratch"",""category_id"":1,""count"":1,""length_px"":[63.348],""severity"":""mild"",""surface"":""metal_tab"",""width_px"":[1.007]}],""photometric"":{""blur_radius"":0.530942,""brightness"":1.046465,""channel_gain_b"":1.02117,""channel_gain_g"":1.00264,""channel_gain_r"":0.985841,""contrast"":0.984842,""noise_sigma"":2.027723,""saturation"":1.037388},""recipe"":[""scratch""],""severity"":""mild""}"
syn-v1-450-scratch-0047,synthetic/v1_450/images/scratch/syn-v1-450-scratch-0047.jpg,synthetic/v1_450/masks/scratch/syn-v1-450-scratch-0047.png,synthetic_restored,train,IMGGEN-CLEAN-BACK-V1,SYNTH-BASE-KIA7809AF-BACK-001,SPEC-A,back,scratch,scratch,mild,7809250,1402380624,1.1.1,7cc6627693f1a190ee26cfdbda90e0c69510377724d9484d14996ca83b755ffc,cb5fed83f6415c3bb3f6c26fce8fee402b064f28c0ad1c03b1bdc5dfa8d1ad8a,c9af07b1c6d0e3e69e68813576d175badcab0f5758446550e917e3c009127fbd,8bf57c1fcfed26276e6628554c7bf2b73659399ad86fc8ac44e75f463f857e0c,512,512,232,0.0008850098,1.0000000000,17.5303039551,240,161,12,96,TRAIN_ONLY_SYNTHETIC_NG,NO,AUTO_PASS,NO,"{""attempt"":0,""effective_seed"":1402380624,""geometry"":{""rotation_deg"":5.621704,""scale"":1.047421,""translate_x"":4.607556,""translate_y"":-10.730784},""instances_pre_transform"":[{""category"":""scratch"",""category_id"":1,""count"":1,""length_px"":[90.028],""severity"":""mild"",""surface"":""metal_tab"",""width_px"":[1.41]}],""photometric"":{""blur_radius"":0.245888,""brightness"":0.972014,""channel_gain_b"":1.032349,""channel_gain_g"":0.969615,""channel_gain_r"":1.027879,""contrast"":0.926468,""noise_sigma"":0.405384,""saturation"":1.028371},""recipe"":[""scratch""],""severity"":""mild""}"
syn-v1-450-scratch-0048,synthetic/v1_450/images/scratch/syn-v1-450-scratch-0048.jpg,synthetic/v1_450/masks/scratch/syn-v1-450-scratch-0048.png,synthetic_restored,train,IMGGEN-CLEAN-BACK-V1,SYNTH-BASE-KIA7809AF-BACK-001,SPEC-A,back,scratch,scratch,severe,7809250,1770005025,1.1.1,7cc6627693f1a190ee26cfdbda90e0c69510377724d9484d14996ca83b755ffc,cb5fed83f6415c3bb3f6c26fce8fee402b064f28c0ad1c03b1bdc5dfa8d1ad8a,3a2e92e7879a9ba295fe1e10b45039cb5c76bb7a1f2e9e4fddbc2d1e1b6e4981,081912115bec95b8628fc17de49214e9eeec4311c221ff665effd987b76205f3,512,512,814,0.0031051636,1.0000000000,17.3377189636,183,115,103,117,TRAIN_ONLY_SYNTHETIC_NG,NO,AUTO_PASS,NO,"{""attempt"":0,""effective_seed"":1770005025,""geometry"":{""rotation_deg"":-0.6561,""scale"":0.950206,""translate_x"":1.901701,""translate_y"":-2.896957},""instances_pre_transform"":[{""category"":""scratch"",""category_id"":1,""count"":3,""length_px"":[98.813,112.539,95.189],""severity"":""severe"",""surface"":""metal_tab"",""width_px"":[2.313,1.992,3.095]}],""photometric"":{""blur_radius"":0.733974,""brightness"":1.034579,""channel_gain_b"":0.961976,""channel_gain_g"":0.972627,""channel_gain_r"":0.965894,""contrast"":0.976748,""noise_sigma"":1.793011,""saturation"":1.052416},""recipe"":[""scratch""],""severity"":""severe""}"
syn-v1-450-scratch-0049,synthetic/v1_450/images/scratch/syn-v1-450-scratch-0049.jpg,synthetic/v1_450/masks/scratch/syn-v1-450-scratch-0049.png,synthetic_restored,train,IMGGEN-CLEAN-BACK-V1,SYNTH-BASE-KIA7809AF-BACK-001,SPEC-A,back,scratch,scratch,mild,7809250,1060139152,1.1.1,7cc6627693f1a190ee26cfdbda90e0c69510377724d9484d14996ca83b755ffc,cb5fed83f6415c3bb3f6c26fce8fee402b064f28c0ad1c03b1bdc5dfa8d1ad8a,d4814643d9d5f5fb11f83e0b3379ec593534494fdd7f4ac2b51daa14d70ea785,2bca9e81041691285baa6fefbd1eb06503a3fd1a467a7c37917ee1958a7593f2,512,512,178,0.0006790161,1.0000000000,15.6331357956,183,147,48,6,TRAIN_ONLY_SYNTHETIC_NG,NO,AUTO_PASS,NO,"{""attempt"":0,""effective_seed"":1060139152,""geometry"":{""rotation_deg"":-6.571409,""scale"":1.039828,""translate_x"":-10.808824,""translate_y"":11.01617},""instances_pre_transform"":[{""category"":""scratch"",""category_id"":1,""count"":1,""length_px"":[44.102],""severity"":""mild"",""surface"":""metal_tab"",""width_px"":[1.62]}],""photometric"":{""blur_radius"":0.696774,""brightness"":1.058737,""channel_gain_b"":1.031777,""channel_gain_g"":1.000912,""channel_gain_r"":1.029352,""contrast"":1.021997,""noise_sigma"":0.642851,""saturation"":1.028386},""recipe"":[""scratch""],""severity"":""mild""}"
syn-v1-450-surface_spot-0000,synthetic/v1_450/images/surface_spot/syn-v1-450-surface_spot-0000.jpg,synthetic/v1_450/masks/surface_spot/syn-v1-450-surface_spot-0000.png,synthetic_restored,train,IMGGEN-CLEAN-BACK-V1,SYNTH-BASE-KIA7809AF-BACK-001,SPEC-A,back,surface_spot,surface_spot,moderate,7809250,1212259722,1.1.1,7cc6627693f1a190ee26cfdbda90e0c69510377724d9484d14996ca83b755ffc,cb5fed83f6415c3bb3f6c26fce8fee402b064f28c0ad1c03b1bdc5dfa8d1ad8a,ffd00128cad3a4ec7428aac63a15a284066c5f0f2320d8938fb3e41844216e70,279e8c42b53f3fe3d35fe1f03f780cb9eb636208e888b9fdd00312963f797769,512,512,155,0.0005912781,1.0000000000,26.7927341461,232,182,14,15,TRAIN_ONLY_SYNTHETIC_NG,NO,AUTO_PASS,NO,"{""attempt"":0,""effective_seed"":1212259722,""geometry"":{""rotation_deg"":-6.458105,""scale"":0.991096,""translate_x"":7.573118,""translate_y"":-9.84},""instances_pre_transform"":[{""category"":""surface_spot"",""category_id"":2,""count"":1,""radii_px"":[[5.606,6.684]],""recipe_subtype"":""unknown_dark_spot"",""severity"":""moderate"",""surface"":""metal_tab""}],""photometric"":{""blur_radius"":0.110457,""brightness"":1.030244,""channel_gain_b"":0.97803,""channel_gain_g"":0.960277,""channel_gain_r"":0.969814,""contrast"":0.973164,""noise_sigma"":0.115016,""saturation"":0.920397},""recipe"":[""surface_spot""],""severity"":""moderate""}"
syn-v1-450-surface_spot-0001,synthetic/v1_450/images/surface_spot/syn-v1-450-surface_spot-0001.jpg,synthetic/v1_450/masks/surface_spot/syn-v1-450-surface_spot-0001.png,synthetic_restored,train,IMGGEN-CLEAN-BACK-V1,SYNTH-BASE-KIA7809AF-BACK-001,SPEC-A,back,surface_spot,surface_spot,mild,7809250,1718872112,1.1.1,7cc6627693f1a190ee26cfdbda90e0c69510377724d9484d14996ca83b755ffc,cb5fed83f6415c3bb3f6c26fce8fee402b064f28c0ad1c03b1bdc5dfa8d1ad8a,71e115aade2ea217c1674c28f9a0562565b1f2be4570feb99af5c812a4e9e616,b682176042581d9db5abae37258006a1e76eafabd0159d1da39b27453fc1aeb1,512,512,166,0.0006332397,1.0000000000,28.2670154572,239,223,16,15,TRAIN_ONLY_SYNTHETIC_NG,NO,AUTO_PASS,NO,"{""attempt"":0,""effective_seed"":1718872112,""geometry"":{""rotation_deg"":-2.820132,""scale"":0.933364,""translate_x"":0.097192,""translate_y"":2.256989},""instances_pre_transform"":[{""category"":""surface_spot"",""category_id"":2,""count"":1,""radii_px"":[[6.589,5.487]],""recipe_subtype"":""unknown_dark_spot"",""severity"":""mild"",""surface"":""metal_tab""}],""photometric"":{""blur_radius"":0.08894,""brightness"":1.065928,""channel_gain_b"":1.013704,""channel_gain_g"":1.009466,""channel_gain_r"":0.998975,""contrast"":1.083971,""noise_sigma"":1.373766,""saturation"":1.072163},""recipe"":[""surface_spot""],""severity"":""mild""}"
syn-v1-450-surface_spot-0002,synthetic/v1_450/images/surface_spot/syn-v1-450-surface_spot-0002.jpg,synthetic/v1_450/masks/surface_spot/syn-v1-450-surface_spot-0002.png,synthetic_restored,train,IMGGEN-CLEAN-BACK-V1,SYNTH-BASE-KIA7809AF-BACK-001,SPEC-A,back,surface_spot,surface_spot,mild,7809250,1037052195,1.1.1,7cc6627693f1a190ee26cfdbda90e0c69510377724d9484d14996ca83b755ffc,cb5fed83f6415c3bb3f6c26fce8fee402b064f28c0ad1c03b1bdc5dfa8d1ad8a,cf610f99e4a0d0f341a51a0c457a490f4c3e5676f830bce0b56953b2785a81b0,f82dda9ccf52859d772702af3843b91e0e7393c999f3f07090210bb5dc70d7f6,512,512,232,0.0008850098,1.0000000000,33.6489524841,198,83,17,19,TRAIN_ONLY_SYNTHETIC_NG,NO,AUTO_PASS,NO,"{""attempt"":0,""effective_seed"":1037052195,""geometry"":{""rotation_deg"":-4.536203,""scale"":1.061367,""translate_x"":6.27009,""translate_y"":6.418851},""instances_pre_transform"":[{""category"":""surface_spot"",""category_id"":2,""count"":1,""radii_px"":[[5.89,6.981]],""recipe_subtype"":""unknown_dark_spot"",""severity"":""mild"",""surface"":""metal_tab""}],""photometric"":{""blur_radius"":0.491201,""brightness"":1.013681,""channel_gain_b"":1.021089,""channel_gain_g"":1.028413,""channel_gain_r"":1.015873,""contrast"":1.038244,""noise_sigma"":1.231735,""saturation"":0.958133},""recipe"":[""surface_spot""],""severity"":""mild""}"
syn-v1-450-surface_spot-0003,synthetic/v1_450/images/surface_spot/syn-v1-450-surface_spot-0003.jpg,synthetic/v1_450/masks/surface_spot/syn-v1-450-surface_spot-0003.png,synthetic_restored,train,IMGGEN-CLEAN-BACK-V1,SYNTH-BASE-KIA7809AF-BACK-001,SPEC-A,back,surface_spot,surface_spot,mild,7809250,235917411,1.1.1,7cc6627693f1a190ee26cfdbda90e0c69510377724d9484d14996ca83b755ffc,cb5fed83f6415c3bb3f6c26fce8fee402b064f28c0ad1c03b1bdc5dfa8d1ad8a,f14ed435589b7df6158f3403c7139b0e3c2a4a3b402d6f2c31adaf23ea28fbf8,0952c10a0c3750978a146cad4538c88ef0dd2f13da580dd4715682a52be05000,512,512,358,0.0013656616,1.0000000000,27.9498615265,236,108,20,25,TRAIN_ONLY_SYNTHETIC_NG,NO,AUTO_PASS,NO,"{""attempt"":0,""effective_seed"":235917411,""geometry"":{""rotation_deg"":-7.582087,""scale"":0.968731,""translate_x"":-2.250219,""translate_y"":-4.567922},""instances_pre_transform"":[{""category"":""surface_spot"",""category_id"":2,""count"":1,""radii_px"":[[7.533,10.831]],""recipe_subtype"":""unknown_dark_spot"",""severity"":""mild"",""surface"":""metal_tab""}],""photometric"":{""blur_radius"":0.141574,""brightness"":0.959017,""channel_gain_b"":1.010675,""channel_gain_g"":1.006358,""channel_gain_r"":1.039402,""contrast"":0.932644,""noise_sigma"":0.958854,""saturation"":1.003309},""recipe"":[""surface_spot""],""severity"":""mild""}"
syn-v1-450-surface_spot-0004,synthetic/v1_450/images/surface_spot/syn-v1-450-surface_spot-0004.jpg,synthetic/v1_450/masks/surface_spot/syn-v1-450-surface_spot-0004.png,synthetic_restored,train,IMGGEN-CLEAN-BACK-V1,SYNTH-BASE-KIA7809AF-BACK-001,SPEC-A,back,surface_spot,surface_spot,mild,7809250,985434633,1.1.1,7cc6627693f1a190ee26cfdbda90e0c69510377724d9484d14996ca83b755ffc,cb5fed83f6415c3bb3f6c26fce8fee402b064f28c0ad1c03b1bdc5dfa8d1ad8a,cfbad5bee7ec341fcfbe78bb7fb9dfb8d6fc0a284e69df170169adbb48573351,3d44a6ab788c1841849e8909d2fc6f4dac393c4a8a10f8b8b3a72a7752419b9b,512,512,72,0.0002746582,1.0000000000,15.6986303329,295,199,12,9,TRAIN_ONLY_SYNTHETIC_NG,NO,AUTO_PASS,NO,"{""attempt"":0,""effective_seed"":985434633,""geometry"":{""rotation_deg"":-4.809538,""scale"":0.990699,""translate_x"":0.303039,""translate_y"":0.996922},""instances_pre_transform"":[{""category"":""surface_spot"",""category_id"":2,""count"":1,""radii_px"":[[3.715,2.518]],""recipe_subtype"":""unknown_dark_spot"",""severity"":""mild"",""surface"":""metal_tab""}],""photometric"":{""blur_radius"":0.255732,""brightness"":1.03647,""channel_gain_b"":1.039079,""channel_gain_g"":1.028929,""channel_gain_r"":0.989009,""contrast"":1.08748,""noise_sigma"":2.62283,""saturation"":1.069467},""recipe"":[""surface_spot""],""severity"":""mild""}"
syn-v1-450-surface_spot-0005,synthetic/v1_450/images/surface_spot/syn-v1-450-surface_spot-0005.jpg,synthetic/v1_450/masks/surface_spot/syn-v1-450-surface_spot-0005.png,synthetic_restored,train,IMGGEN-CLEAN-BACK-V1,SYNTH-BASE-KIA7809AF-BACK-001,SPEC-A,back,surface_spot,surface_spot,moderate,7809250,1276486631,1.1.1,7cc6627693f1a190ee26cfdbda90e0c69510377724d9484d14996ca83b755ffc,cb5fed83f6415c3bb3f6c26fce8fee402b064f28c0ad1c03b1bdc5dfa8d1ad8a,22accbbc806f94d9d4c43fba1708125b2b4abc1be1c9ce985990f77be3a92ad3,dfb3240488e47e877a2fb5c82f1f6ed9f5b640ae1cd56f7b818df2fd9faea734,512,512,873,0.0033302307,1.0000000000,33.3415412903,175,122,97,79,TRAIN_ONLY_SYNTHETIC_NG,NO,AUTO_PASS,NO,"{""attempt"":0,""effective_seed"":1276486631,""geometry"":{""rotation_deg"":3.772344,""scale"":0.956653,""translate_x"":6.795474,""translate_y"":0.159397},""instances_pre_transform"":[{""category"":""surface_spot"",""category_id"":2,""count"":3,""radii_px"":[[8.888,7.684],[11.315,9.567],[11.891,7.205]],""recipe_subtype"":""unknown_dark_spot"",""severity"":""moderate"",""surface"":""metal_tab""}],""photometric"":{""blur_radius"":0.825721,""brightness"":0.937031,""channel_gain_b"":1.020394,""channel_gain_g"":1.006983,""channel_gain_r"":1.036948,""contrast"":1.031739,""noise_sigma"":1.492124,""saturation"":0.922027},""recipe"":[""surface_spot""],""severity"":""moderate""}"
syn-v1-450-surface_spot-0006,synthetic/v1_450/images/surface_spot/syn-v1-450-surface_spot-0006.jpg,synthetic/v1_450/masks/surface_spot/syn-v1-450-surface_spot-0006.png,synthetic_restored,train,IMGGEN-CLEAN-BACK-V1,SYNTH-BASE-KIA7809AF-BACK-001,SPEC-A,back,surface_spot,surface_spot,mild,7809250,1301229491,1.1.1,7cc6627693f1a190ee26cfdbda90e0c69510377724d9484d14996ca83b755ffc,cb5fed83f6415c3bb3f6c26fce8fee402b064f28c0ad1c03b1bdc5dfa8d1ad8a,5eebe4b5866ce1df09485209c77ebbe16e58ee336b76d010836e7e4df0f346c3,4a2544ab62250ee0eb40a3c1b7d8b9563a8ee6655a8e5d1acf93c49fd89b3323,512,512,113,0.0004310608,1.0000000000,17.9935894012,281,101,15,11,TRAIN_ONLY_SYNTHETIC_NG,NO,AUTO_PASS,NO,"{""attempt"":0,""effective_seed"":1301229491,""geometry"":{""rotation_deg"":-0.778197,""scale"":1.014238,""translate_x"":-2.653119,""translate_y"":3.356858},""instances_pre_transform"":[{""category"":""surface_spot"",""category_id"":2,""count"":1,""radii_px"":[[5.606,3.129]],""recipe_subtype"":""unknown_dark_spot"",""severity"":""mild"",""surface"":""metal_tab""}],""photometric"":{""blur_radius"":0.266542,""brightness"":0.963245,""channel_gain_b"":0.969247,""channel_gain_g"":0.989686,""channel_gain_r"":1.008806,""contrast"":0.964344,""noise_sigma"":0.689904,""saturation"":0.921473},""recipe"":[""surface_spot""],""severity"":""mild""}"
syn-v1-450-surface_spot-0007,synthetic/v1_450/images/surface_spot/syn-v1-450-surface_spot-0007.jpg,synthetic/v1_450/masks/surface_spot/syn-v1-450-surface_spot-0007.png,synthetic_restored,train,IMGGEN-CLEAN-BACK-V1,SYNTH-BASE-KIA7809AF-BACK-001,SPEC-A,back,surface_spot,surface_spot,mild,7809250,1240887653,1.1.1,7cc6627693f1a190ee26cfdbda90e0c69510377724d9484d14996ca83b755ffc,cb5fed83f6415c3bb3f6c26fce8fee402b064f28c0ad1c03b1bdc5dfa8d1ad8a,68c1b267c061e9e6f27eb0e073d05968d5ba5a4f7e416d1d926f96d9453c2f06,081cc46c2b08c75b09593e43a845c4a1f10ccca90087b6264c47a1340856e14f,512,512,91,0.0003471375,1.0000000000,11.3125000000,165,187,11,10,TRAIN_ONLY_SYNTHETIC_NG,NO,AUTO_PASS,NO,"{""attempt"":0,""effective_seed"":1240887653,""geometry"":{""rotation_deg"":4.061204,""scale"":1.068318,""translate_x"":-9.364279,""translate_y"":7.045318},""instances_pre_transform"":[{""category"":""surface_spot"",""category_id"":2,""count"":1,""radii_px"":[[4.147,2.627]],""recipe_subtype"":""unknown_dark_spot"",""severity"":""mild"",""surface"":""metal_tab""}],""photometric"":{""blur_radius"":0.195157,""brightness"":1.020075,""channel_gain_b"":0.982066,""channel_gain_g"":0.960456,""channel_gain_r"":1.00135,""contrast"":0.938109,""noise_sigma"":1.902773,""saturation"":1.073898},""recipe"":[""surface_spot""],""severity"":""mild""}"
syn-v1-450-surface_spot-0008,synthetic/v1_450/images/surface_spot/syn-v1-450-surface_spot-0008.jpg,synthetic/v1_450/masks/surface_spot/syn-v1-450-surface_spot-0008.png,synthetic_restored,train,IMGGEN-CLEAN-BACK-V1,SYNTH-BASE-KIA7809AF-BACK-001,SPEC-A,back,surface_spot,surface_spot,moderate,7809250,39575425,1.1.1,7cc6627693f1a190ee26cfdbda90e0c69510377724d9484d14996ca83b755ffc,cb5fed83f6415c3bb3f6c26fce8fee402b064f28c0ad1c03b1bdc5dfa8d1ad8a,19432d262db246b7307520c78a79a7e33652cba24787cf897336d034944ea275,693e3dfa2b4ec7eba1f4cedd28ab311b77de00d6ba873e23e32c5d2cf15b4ccf,512,512,340,0.0012969971,1.0000000000,24.3342666626,148,172,22,22,TRAIN_ONLY_SYNTHETIC_NG,NO,AUTO_PASS,NO,"{""attempt"":0,""effective_seed"":39575425,""geometry"":{""rotation_deg"":5.597564,""scale"":0.970365,""translate_x"":8.607774,""translate_y"":3.456704},""instances_pre_transform"":[{""category"":""surface_spot"",""category_id"":2,""count"":1,""radii_px"":[[11.076,9.639]],""recipe_subtype"":""unknown_dark_spot"",""severity"":""moderate"",""surface"":""metal_tab""}],""photometric"":{""blur_radius"":0.222433,""brightness"":0.997838,""channel_gain_b"":1.02603,""channel_gain_g"":1.021999,""channel_gain_r"":1.020604,""contrast"":0.970378,""noise_sigma"":2.564735,""saturation"":1.026156},""recipe"":[""surface_spot""],""severity"":""moderate""}"
syn-v1-450-surface_spot-0009,synthetic/v1_450/images/surface_spot/syn-v1-450-surface_spot-0009.jpg,synthetic/v1_450/masks/surface_spot/syn-v1-450-surface_spot-0009.png,synthetic_restored,train,IMGGEN-CLEAN-BACK-V1,SYNTH-BASE-KIA7809AF-BACK-001,SPEC-A,back,surface_spot,surface_spot,severe,7809250,254697395,1.1.1,7cc6627693f1a190ee26cfdbda90e0c69510377724d9484d14996ca83b755ffc,cb5fed83f6415c3bb3f6c26fce8fee402b064f28c0ad1c03b1bdc5dfa8d1ad8a,ff8aac2c43de2bb9e71a0f86f382ec72e1a1f5a265e59674e22e7184d3cbaf56,2554e2c28b9465a33d682e2ed9e346ef543f565d9c85f6e626cfd09b6e3635fa,512,512,1429,0.0054512024,1.0000000000,31.4086189270,202,96,112,133,TRAIN_ONLY_SYNTHETIC_NG,NO,AUTO_PASS,NO,"{""attempt"":0,""effective_seed"":254697395,""geometry"":{""rotation_deg"":-7.151804,""scale"":1.034101,""translate_x"":-5.946732,""translate_y"":10.402477},""instances_pre_transform"":[{""category"":""surface_spot"",""category_id"":2,""count"":3,""radii_px"":[[14.761,11.095],[13.742,15.623],[9.984,6.47]],""recipe_subtype"":""unknown_dark_spot"",""severity"":""severe"",""surface"":""metal_tab""}],""photometric"":{""blur_radius"":0.368488,""brightness"":0.936171,""channel_gain_b"":1.002411,""channel_gain_g"":0.973366,""channel_gain_r"":0.969864,""contrast"":0.954674,""noise_sigma"":1.482712,""saturation"":1.07771},""recipe"":[""surface_spot""],""severity"":""severe""}"
syn-v1-450-surface_spot-0010,synthetic/v1_450/images/surface_spot/syn-v1-450-surface_spot-0010.jpg,synthetic/v1_450/masks/surface_spot/syn-v1-450-surface_spot-0010.png,synthetic_restored,train,IMGGEN-CLEAN-BACK-V1,SYNTH-BASE-KIA7809AF-BACK-001,SPEC-A,back,surface_spot,surface_spot,mild,7809250,1104242003,1.1.1,7cc6627693f1a190ee26cfdbda90e0c69510377724d9484d14996ca83b755ffc,cb5fed83f6415c3bb3f6c26fce8fee402b064f28c0ad1c03b1bdc5dfa8d1ad8a,a6c4adefec60942537eff68b11d7e3b6684f2fd0c5370db101c3681676c67dcb,0d29eb242bfe6cf0b3d49ed702f35f2534f65e724f403b8825e19ad6015d565a,512,512,565,0.0021553040,1.0000000000,28.5419101715,244,169,25,31,TRAIN_ONLY_SYNTHETIC_NG,NO,AUTO_PASS,NO,"{""attempt"":0,""effective_seed"":1104242003,""geometry"":{""rotation_deg"":-0.674997,""scale"":1.01422,""translate_x"":7.515121,""translate_y"":-11.950689},""instances_pre_transform"":[{""category"":""surface_spot"",""category_id"":2,""count"":1,""radii_px"":[[9.894,12.961]],""recipe_subtype"":""unknown_dark_spot"",""severity"":""mild"",""surface"":""metal_tab""}],""photometric"":{""blur_radius"":0.473273,""brightness"":0.955566,""channel_gain_b"":1.031429,""channel_gain_g"":0.992644,""channel_gain_r"":1.013291,""contrast"":1.087041,""noise_sigma"":0.760714,""saturation"":0.979359},""recipe"":[""surface_spot""],""severity"":""mild""}"
syn-v1-450-surface_spot-0011,synthetic/v1_450/images/surface_spot/syn-v1-450-surface_spot-0011.jpg,synthetic/v1_450/masks/surface_spot/syn-v1-450-surface_spot-0011.png,synthetic_restored,train,IMGGEN-CLEAN-BACK-V1,SYNTH-BASE-KIA7809AF-BACK-001,SPEC-A,back,surface_spot,surface_spot,mild,7809250,1684832462,1.1.1,7cc6627693f1a190ee26cfdbda90e0c69510377724d9484d14996ca83b755ffc,cb5fed83f6415c3bb3f6c26fce8fee402b064f28c0ad1c03b1bdc5dfa8d1ad8a,1aa1e913886c583188aef1673fb46976050ae2cbc4eb09b8bf822b35943a11b4,4cffcc720c2583cd4cc5fb309c4623d4f95808db04578bce3f6c2f59654503cd,512,512,286,0.0010910034,1.0000000000,27.9670333862,293,208,22,19,TRAIN_ONLY_SYNTHETIC_NG,NO,AUTO_PASS,NO,"{""attempt"":0,""effective_seed"":1684832462,""geometry"":{""rotation_deg"":-5.305203,""scale"":1.015155,""translate_x"":-10.299739,""translate_y"":0.196926},""instances_pre_transform"":[{""category"":""surface_spot"",""category_id"":2,""count"":1,""radii_px"":[[9.023,6.087]],""recipe_subtype"":""unknown_dark_spot"",""severity"":""mild"",""surface"":""metal_tab""}],""photometric"":{""blur_radius"":0.295859,""brightness"":1.058874,""channel_gain_b"":0.9726,""channel_gain_g"":1.018433,""channel_gain_r"":0.97089,""contrast"":0.954673,""noise_sigma"":1.501287,""saturation"":0.998556},""recipe"":[""surface_spot""],""severity"":""mild""}"
syn-v1-450-surface_spot-0012,synthetic/v1_450/images/surface_spot/syn-v1-450-surface_spot-0012.jpg,synthetic/v1_450/masks/surface_spot/syn-v1-450-surface_spot-0012.png,synthetic_restored,train,IMGGEN-CLEAN-BACK-V1,SYNTH-BASE-KIA7809AF-BACK-001,SPEC-A,back,surface_spot,surface_spot,mild,7809250,1705049669,1.1.1,7cc6627693f1a190ee26cfdbda90e0c69510377724d9484d14996ca83b755ffc,cb5fed83f6415c3bb3f6c26fce8fee402b064f28c0ad1c03b1bdc5dfa8d1ad8a,8a09c7470ee4ae2f45aeeb3e32e61ef8e87bd77c651c93dbb047e19e038dbb82,943aa63160ff6fcb392782636ac19c719b019df33453578a5cc392d915c72d60,512,512,201,0.0007667542,1.0000000000,19.5585594177,282,113,15,17,TRAIN_ONLY_SYNTHETIC_NG,NO,AUTO_PASS,NO,"{""attempt"":0,""effective_seed"":1705049669,""geometry"":{""rotation_deg"":-3.232742,""scale"":1.016738,""translate_x"":-0.332373,""translate_y"":10.841611},""instances_pre_transform"":[{""category"":""surface_spot"",""category_id"":2,""count"":1,""radii_px"":[[4.339,6.016]],""recipe_subtype"":""unknown_dark_spot"",""severity"":""mild"",""surface"":""metal_tab""}],""photometric"":{""blur_radius"":0.893874,""brightness"":0.948423,""channel_gain_b"":0.972815,""channel_gain_g"":1.014761,""channel_gain_r"":1.014484,""contrast"":1.049856,""noise_sigma"":0.245197,""saturation"":0.944915},""recipe"":[""surface_spot""],""severity"":""mild""}"
syn-v1-450-surface_spot-0013,synthetic/v1_450/images/surface_spot/syn-v1-450-surface_spot-0013.jpg,synthetic/v1_450/masks/surface_spot/syn-v1-450-surface_spot-0013.png,synthetic_restored,train,IMGGEN-CLEAN-BACK-V1,SYNTH-BASE-KIA7809AF-BACK-001,SPEC-A,back,surface_spot,surface_spot,severe,7809250,162481379,1.1.1,7cc6627693f1a190ee26cfdbda90e0c69510377724d9484d14996ca83b755ffc,cb5fed83f6415c3bb3f6c26fce8fee402b064f28c0ad1c03b1bdc5dfa8d1ad8a,961df8bfabc427f0e84a29e6bcbdca9127fc7876a62919f25a6ab1dcdefed167,89ff0e74896c4f51ee3185c5b7c7ee95b6fcad3b067bfa469b4877c796d6d68a,512,512,1173,0.0044746399,1.0000000000,23.9379978180,268,97,49,48,TRAIN_ONLY_SYNTHETIC_NG,NO,AUTO_PASS,NO,"{""attempt"":0,""effective_seed"":162481379,""geometry"":{""rotation_deg"":-3.713683,""scale"":0.985199,""translate_x"":-5.388138,""translate_y"":9.087322},""instances_pre_transform"":[{""category"":""surface_spot"",""category_id"":2,""count"":2,""radii_px"":[[7.446,7.413],[12.815,18.169]],""recipe_subtype"":""unknown_dark_spot"",""severity"":""severe"",""surface"":""metal_tab""}],""photometric"":{""blur_radius"":0.332306,""brightness"":1.016986,""channel_gain_b"":0.994328,""channel_gain_g"":1.023815,""channel_gain_r"":1.0054,""contrast"":0.994792,""noise_sigma"":2.725841,""saturation"":1.015584},""recipe"":[""surface_spot""],""severity"":""severe""}"
syn-v1-450-surface_spot-0014,synthetic/v1_450/images/surface_spot/syn-v1-450-surface_spot-0014.jpg,synthetic/v1_450/masks/surface_spot/syn-v1-450-surface_spot-0014.png,synthetic_restored,train,IMGGEN-CLEAN-BACK-V1,SYNTH-BASE-KIA7809AF-BACK-001,SPEC-A,back,surface_spot,surface_spot,mild,7809250,160439195,1.1.1,7cc6627693f1a190ee26cfdbda90e0c69510377724d9484d14996ca83b755ffc,cb5fed83f6415c3bb3f6c26fce8fee402b064f28c0ad1c03b1bdc5dfa8d1ad8a,e0f52f0a896c9fc93da3879174dca00a27dafa76bc571663a2a9b206e8beed22,a048c0bc276d72e5bb7e37cb69ae9c77497216f8e7e78f45cfa618da8ccbe36c,512,512,185,0.0007057190,1.0000000000,14.9818840027,223,219,18,13,TRAIN_ONLY_SYNTHETIC_NG,NO,AUTO_PASS,NO,"{""attempt"":0,""effective_seed"":160439195,""geometry"":{""rotation_deg"":-3.968284,""scale"":0.992028,""translate_x"":5.513289,""translate_y"":-1.907705},""instances_pre_transform"":[{""category"":""surface_spot"",""category_id"":2,""count"":1,""radii_px"":[[6.549,4.716]],""recipe_subtype"":""unknown_dark_spot"",""severity"":""mild"",""surface"":""metal_tab""}],""photometric"":{""blur_radius"":0.827769,""brightness"":1.024868,""channel_gain_b"":0.995226,""channel_gain_g"":1.013767,""channel_gain_r"":0.972552,""contrast"":1.026672,""noise_sigma"":2.734917,""saturation"":1.003953},""recipe"":[""surface_spot""],""severity"":""mild""}"
syn-v1-450-surface_spot-0015,synthetic/v1_450/images/surface_spot/syn-v1-450-surface_spot-0015.jpg,synthetic/v1_450/masks/surface_spot/syn-v1-450-surface_spot-0015.png,synthetic_restored,train,IMGGEN-CLEAN-BACK-V1,SYNTH-BASE-KIA7809AF-BACK-001,SPEC-A,back,surface_spot,surface_spot,moderate,7809250,926397659,1.1.1,7cc6627693f1a190ee26cfdbda90e0c69510377724d9484d14996ca83b755ffc,cb5fed83f6415c3bb3f6c26fce8fee402b064f28c0ad1c03b1bdc5dfa8d1ad8a,eff0bee8edaff7b5460a59c2d06aa47a48026f86a836b06161ba55c1950b2dc6,e36bc8e1ec02effff89bc015f930a45471021df7dc272048182f841dbe9e95f0,512,512,817,0.0031166077,1.0000000000,25.3201751709,181,112,132,87,TRAIN_ONLY_SYNTHETIC_NG,NO,AUTO_PASS,NO,"{""attempt"":0,""effective_seed"":926397659,""geometry"":{""rotation_deg"":-3.955265,""scale"":0.982085,""translate_x"":-3.859188,""translate_y"":2.014448},""instances_pre_transform"":[{""category"":""surface_spot"",""category_id"":2,""count"":2,""radii_px"":[[10.595,10.279],[10.395,10.493]],""recipe_subtype"":""unknown_dark_spot"",""severity"":""moderate"",""surface"":""metal_tab""}],""photometric"":{""blur_radius"":0.503392,""brightness"":0.95164,""channel_gain_b"":0.980765,""channel_gain_g"":1.031295,""channel_gain_r"":0.983528,""contrast"":0.977842,""noise_sigma"":0.49553,""saturation"":0.943857},""recipe"":[""surface_spot""],""severity"":""moderate""}"
syn-v1-450-surface_spot-0016,synthetic/v1_450/images/surface_spot/syn-v1-450-surface_spot-0016.jpg,synthetic/v1_450/masks/surface_spot/syn-v1-450-surface_spot-0016.png,synthetic_restored,train,IMGGEN-CLEAN-BACK-V1,SYNTH-BASE-KIA7809AF-BACK-001,SPEC-A,back,surface_spot,surface_spot,mild,7809250,94810766,1.1.1,7cc6627693f1a190ee26cfdbda90e0c69510377724d9484d14996ca83b755ffc,cb5fed83f6415c3bb3f6c26fce8fee402b064f28c0ad1c03b1bdc5dfa8d1ad8a,d98ce5dd2af014f0b5d92158c41cdd49553ce3b7786cb65105372e44cb0fa02e,f15e7af02d6be72a794fb6d8d135fd0b723fb9cd1674a6a9fddcd31b06c549df,512,512,126,0.0004806519,1.0000000000,14.8702068329,212,172,13,12,TRAIN_ONLY_SYNTHETIC_NG,NO,AUTO_PASS,NO,"{""attempt"":0,""effective_seed"":94810766,""geometry"":{""rotation_deg"":4.646044,""scale"":1.019568,""translate_x"":8.224446,""translate_y"":-6.989799},""instances_pre_transform"":[{""category"":""surface_spot"",""category_id"":2,""count"":1,""radii_px"":[[4.751,3.269]],""recipe_subtype"":""unknown_dark_spot"",""severity"":""mild"",""surface"":""metal_tab""}],""photometric"":{""blur_radius"":0.667754,""brightness"":1.006936,""channel_gain_b"":0.979442,""channel_gain_g"":0.990069,""channel_gain_r"":0.989202,""contrast"":1.077571,""noise_sigma"":2.767807,""saturation"":0.983363},""recipe"":[""surface_spot""],""severity"":""mild""}"
syn-v1-450-surface_spot-0017,synthetic/v1_450/images/surface_spot/syn-v1-450-surface_spot-0017.jpg,synthetic/v1_450/masks/surface_spot/syn-v1-450-surface_spot-0017.png,synthetic_restored,train,IMGGEN-CLEAN-BACK-V1,SYNTH-BASE-KIA7809AF-BACK-001,SPEC-A,back,surface_spot,surface_spot,mild,7809250,1556637867,1.1.1,7cc6627693f1a190ee26cfdbda90e0c69510377724d9484d14996ca83b755ffc,cb5fed83f6415c3bb3f6c26fce8fee402b064f28c0ad1c03b1bdc5dfa8d1ad8a,8e3ca8ae421fbf950027d6dfca9f7e0042df57487b13a51a45c8a8c4d215fe9b,db4265809332d69c2016207d493920f496b9a5367907b8603e1a0f25bb3fd443,512,512,183,0.0006980896,1.0000000000,17.6381587982,162,200,12,20,TRAIN_ONLY_SYNTHETIC_NG,NO,AUTO_PASS,NO,"{""attempt"":0,""effective_seed"":1556637867,""geometry"":{""rotation_deg"":-1.861542,""scale"":1.046244,""translate_x"":0.72449,""translate_y"":1.093912},""instances_pre_transform"":[{""category"":""surface_spot"",""category_id"":2,""count"":1,""radii_px"":[[10.055,9.041]],""recipe_subtype"":""unknown_dark_spot"",""severity"":""mild"",""surface"":""metal_tab""}],""photometric"":{""blur_radius"":0.492982,""brightness"":1.068764,""channel_gain_b"":0.979059,""channel_gain_g"":0.976205,""channel_gain_r"":0.993409,""contrast"":1.026079,""noise_sigma"":1.723759,""saturation"":0.925924},""recipe"":[""surface_spot""],""severity"":""mild""}"
syn-v1-450-surface_spot-0018,synthetic/v1_450/images/surface_spot/syn-v1-450-surface_spot-0018.jpg,synthetic/v1_450/masks/surface_spot/syn-v1-450-surface_spot-0018.png,synthetic_restored,train,IMGGEN-CLEAN-BACK-V1,SYNTH-BASE-KIA7809AF-BACK-001,SPEC-A,back,surface_spot,surface_spot,mild,7809250,1085407526,1.1.1,7cc6627693f1a190ee26cfdbda90e0c69510377724d9484d14996ca83b755ffc,cb5fed83f6415c3bb3f6c26fce8fee402b064f28c0ad1c03b1bdc5dfa8d1ad8a,9d4d65b40c12bf93eac027c453ab740a7e91e3b6f8a4e775a3cba2d683fcc2ca,56c1d8face15f89baec9a26fbeec7abc18c79c844c36735733d12fa46c42a751,512,512,411,0.0015678406,1.0000000000,41.0762367249,284,158,19,29,TRAIN_ONLY_SYNTHETIC_NG,NO,AUTO_PASS,NO,"{""attempt"":0,""effective_seed"":1085407526,""geometry"":{""rotation_deg"":0.050072,""scale"":0.981969,""translate_x"":-4.965732,""translate_y"":7.697173},""instances_pre_transform"":[{""category"":""surface_spot"",""category_id"":2,""count"":1,""radii_px"":[[8.724,12.06]],""recipe_subtype"":""unknown_dark_spot"",""severity"":""mild"",""surface"":""metal_tab""}],""photometric"":{""blur_radius"":0.127833,""brightness"":1.049201,""channel_gain_b"":0.969509,""channel_gain_g"":1.020424,""channel_gain_r"":0.993568,""contrast"":1.055644,""noise_sigma"":1.70299,""saturation"":1.032022},""recipe"":[""surface_spot""],""severity"":""mild""}"
syn-v1-450-surface_spot-0019,synthetic/v1_450/images/surface_spot/syn-v1-450-surface_spot-0019.jpg,synthetic/v1_450/masks/surface_spot/syn-v1-450-surface_spot-0019.png,synthetic_restored,train,IMGGEN-CLEAN-BACK-V1,SYNTH-BASE-KIA7809AF-BACK-001,SPEC-A,back,surface_spot,surface_spot,moderate,7809250,1589839256,1.1.1,7cc6627693f1a190ee26cfdbda90e0c69510377724d9484d14996ca83b755ffc,cb5fed83f6415c3bb3f6c26fce8fee402b064f28c0ad1c03b1bdc5dfa8d1ad8a,0b0c4c8de33f5e8bef7e0f7b8892ea6060e07bbbeda47d2528b407131e4b1e40,b044ad2b81db5b3f768b8452a648d811e0ca8570e4b8fe2c7377518f9cf39cd5,512,512,812,0.0030975342,1.0000000000,38.1894416809,194,113,27,54,TRAIN_ONLY_SYNTHETIC_NG,NO,AUTO_PASS,NO,"{""attempt"":0,""effective_seed"":1589839256,""geometry"":{""rotation_deg"":-5.715126,""scale"":1.025093,""translate_x"":0.604143,""translate_y"":-0.275617},""instances_pre_transform"":[{""category"":""surface_spot"",""category_id"":2,""count"":2,""radii_px"":[[11.274,14.588],[11.253,10.104]],""recipe_subtype"":""unknown_dark_spot"",""severity"":""moderate"",""surface"":""metal_tab""}],""photometric"":{""blur_radius"":0.073277,""brightness"":1.048566,""channel_gain_b"":0.960515,""channel_gain_g"":1.024205,""channel_gain_r"":1.035127,""contrast"":1.014115,""noise_sigma"":2.594373,""saturation"":0.929177},""recipe"":[""surface_spot""],""severity"":""moderate""}"
syn-v1-450-surface_spot-0020,synthetic/v1_450/images/surface_spot/syn-v1-450-surface_spot-0020.jpg,synthetic/v1_450/masks/surface_spot/syn-v1-450-surface_spot-0020.png,synthetic_restored,train,IMGGEN-CLEAN-BACK-V1,SYNTH-BASE-KIA7809AF-BACK-001,SPEC-A,back,surface_spot,surface_spot,moderate,7809250,129107887,1.1.1,7cc6627693f1a190ee26cfdbda90e0c69510377724d9484d14996ca83b755ffc,cb5fed83f6415c3bb3f6c26fce8fee402b064f28c0ad1c03b1bdc5dfa8d1ad8a,76fb27d51a4aa6fd4f7ca8634c693f40e4de7d93cf38ad8a567c9bb7fddd623a,b815b8a0a1aa7114fb9e922dc5917e7f169d56e55232c71f1f6172bbb7298bd0,512,512,749,0.0028572083,1.0000000000,27.1319255829,190,98,97,144,TRAIN_ONLY_SYNTHETIC_NG,NO,AUTO_PASS,NO,"{""attempt"":0,""effective_seed"":129107887,""geometry"":{""rotation_deg"":-7.841759,""scale"":0.981808,""translate_x"":3.907577,""translate_y"":5.834276},""instances_pre_transform"":[{""category"":""surface_spot"",""category_id"":2,""count"":3,""radii_px"":[[6.413,4.282],[7.001,3.989],[13.582,11.46]],""recipe_subtype"":""unknown_dark_spot"",""severity"":""moderate"",""surface"":""metal_tab""}],""photometric"":{""blur_radius"":0.618598,""brightness"":1.053389,""channel_gain_b"":1.022003,""channel_gain_g"":0.979843,""channel_gain_r"":0.980247,""contrast"":1.0242,""noise_sigma"":2.629485,""saturation"":1.022224},""recipe"":[""surface_spot""],""severity"":""moderate""}"
syn-v1-450-surface_spot-0021,synthetic/v1_450/images/surface_spot/syn-v1-450-surface_spot-0021.jpg,synthetic/v1_450/masks/surface_spot/syn-v1-450-surface_spot-0021.png,synthetic_restored,train,IMGGEN-CLEAN-BACK-V1,SYNTH-BASE-KIA7809AF-BACK-001,SPEC-A,back,surface_spot,surface_spot,mild,7809250,1037466573,1.1.1,7cc6627693f1a190ee26cfdbda90e0c69510377724d9484d14996ca83b755ffc,cb5fed83f6415c3bb3f6c26fce8fee402b064f28c0ad1c03b1bdc5dfa8d1ad8a,7338fa5ccb13b9c2474d4f42c697a43c9795fc82328219eb44dae39e95d85fc1,fd9e7d555fc0d0b87edd217de3f00d26cf93f7b171a41ce2b57ba80f13e2f377,512,512,119,0.0004539490,1.0000000000,35.2777786255,240,135,15,10,TRAIN_ONLY_SYNTHETIC_NG,NO,AUTO_PASS,NO,"{""attempt"":0,""effective_seed"":1037466573,""geometry"":{""rotation_deg"":-4.670597,""scale"":0.957581,""translate_x"":6.070213,""translate_y"":-11.407974},""instances_pre_transform"":[{""category"":""surface_spot"",""category_id"":2,""count"":1,""radii_px"":[[6.479,3.95]],""recipe_subtype"":""unknown_dark_spot"",""severity"":""mild"",""surface"":""metal_tab""}],""photometric"":{""blur_radius"":0.289392,""brightness"":1.053152,""channel_gain_b"":1.009135,""channel_gain_g"":1.013009,""channel_gain_r"":1.000054,""contrast"":0.90778,""noise_sigma"":2.943993,""saturation"":0.932715},""recipe"":[""surface_spot""],""severity"":""mild""}"
syn-v1-450-surface_spot-0022,synthetic/v1_450/images/surface_spot/syn-v1-450-surface_spot-0022.jpg,synthetic/v1_450/masks/surface_spot/syn-v1-450-surface_spot-0022.png,synthetic_restored,train,IMGGEN-CLEAN-BACK-V1,SYNTH-BASE-KIA7809AF-BACK-001,SPEC-A,back,surface_spot,surface_spot,moderate,7809250,446483229,1.1.1,7cc6627693f1a190ee26cfdbda90e0c69510377724d9484d14996ca83b755ffc,cb5fed83f6415c3bb3f6c26fce8fee402b064f28c0ad1c03b1bdc5dfa8d1ad8a,46becc732675987d4fe8f4296f016f20ebe9d9c2765b0de78e7bb11249e7693d,a609721c5e8a74411ec5a7b959094649db6391cd22c189bd5ae497e41a05e8d7,512,512,1131,0.0043144226,1.0000000000,38.1367683411,154,194,144,39,TRAIN_ONLY_SYNTHETIC_NG,NO,AUTO_PASS,NO,"{""attempt"":0,""effective_seed"":446483229,""geometry"":{""rotation_deg"":7.704142,""scale"":1.043275,""translate_x"":2.736747,""translate_y"":-5.655345},""instances_pre_transform"":[{""category"":""surface_spot"",""category_id"":2,""count"":2,""radii_px"":[[9.82,9.648],[12.939,15.698]],""recipe_subtype"":""unknown_dark_spot"",""severity"":""moderate"",""surface"":""metal_tab""}],""photometric"":{""blur_radius"":0.018039,""brightness"":1.041226,""channel_gain_b"":0.979422,""channel_gain_g"":0.962432,""channel_gain_r"":0.99487,""contrast"":0.986127,""noise_sigma"":1.618454,""saturation"":0.962801},""recipe"":[""surface_spot""],""severity"":""moderate""}"
syn-v1-450-surface_spot-0023,synthetic/v1_450/images/surface_spot/syn-v1-450-surface_spot-0023.jpg,synthetic/v1_450/masks/surface_spot/syn-v1-450-surface_spot-0023.png,synthetic_restored,train,IMGGEN-CLEAN-BACK-V1,SYNTH-BASE-KIA7809AF-BACK-001,SPEC-A,back,surface_spot,surface_spot,mild,7809250,1615180490,1.1.1,7cc6627693f1a190ee26cfdbda90e0c69510377724d9484d14996ca83b755ffc,cb5fed83f6415c3bb3f6c26fce8fee402b064f28c0ad1c03b1bdc5dfa8d1ad8a,b3bf7d444f47180467834f8deea74ec50b465c89da5f35a7a8e425065ac42d9b,58125556656d4a369293501fcdc60292211c99e1469d93d5c62561a7166c029d,512,512,320,0.0012207031,1.0000000000,20.1131877899,220,168,17,24,TRAIN_ONLY_SYNTHETIC_NG,NO,AUTO_PASS,NO,"{""attempt"":0,""effective_seed"":1615180490,""geometry"":{""rotation_deg"":1.041388,""scale"":1.028119,""translate_x"":-3.118212,""translate_y"":-0.437195},""instances_pre_transform"":[{""category"":""surface_spot"",""category_id"":2,""count"":1,""radii_px"":[[6.254,8.676]],""recipe_subtype"":""unknown_dark_spot"",""severity"":""mild"",""surface"":""metal_tab""}],""photometric"":{""blur_radius"":0.88489,""brightness"":0.941557,""channel_gain_b"":0.978474,""channel_gain_g"":0.99516,""channel_gain_r"":0.987407,""contrast"":1.086048,""noise_sigma"":1.042617,""saturation"":1.037723},""recipe"":[""surface_spot""],""severity"":""mild""}"
syn-v1-450-surface_spot-0024,synthetic/v1_450/images/surface_spot/syn-v1-450-surface_spot-0024.jpg,synthetic/v1_450/masks/surface_spot/syn-v1-450-surface_spot-0024.png,synthetic_restored,train,IMGGEN-CLEAN-BACK-V1,SYNTH-BASE-KIA7809AF-BACK-001,SPEC-A,back,surface_spot,surface_spot,mild,7809250,1872454797,1.1.1,7cc6627693f1a190ee26cfdbda90e0c69510377724d9484d14996ca83b755ffc,cb5fed83f6415c3bb3f6c26fce8fee402b064f28c0ad1c03b1bdc5dfa8d1ad8a,e02bc7bb310f5ae7c9468396f1b66e6c93cfd43479204996e1f1444a56ca4319,bb5b9d4f975449342a3f606e18cee0d8ea8549b02261b5e765d39fb7f900c39b,512,512,324,0.0012359619,1.0000000000,36.1628417969,243,212,22,19,TRAIN_ONLY_SYNTHETIC_NG,NO,AUTO_PASS,NO,"{""attempt"":0,""effective_seed"":1872454797,""geometry"":{""rotation_deg"":2.730629,""scale"":1.014381,""translate_x"":-3.310539,""translate_y"":1.077756},""instances_pre_transform"":[{""category"":""surface_spot"",""category_id"":2,""count"":1,""radii_px"":[[9.619,9.205]],""recipe_subtype"":""unknown_dark_spot"",""severity"":""mild"",""surface"":""metal_tab""}],""photometric"":{""blur_radius"":0.149205,""brightness"":1.003629,""channel_gain_b"":1.005385,""channel_gain_g"":1.025785,""channel_gain_r"":0.977599,""contrast"":0.953286,""noise_sigma"":0.746388,""saturation"":1.029475},""recipe"":[""surface_spot""],""severity"":""mild""}"
syn-v1-450-surface_spot-0025,synthetic/v1_450/images/surface_spot/syn-v1-450-surface_spot-0025.jpg,synthetic/v1_450/masks/surface_spot/syn-v1-450-surface_spot-0025.png,synthetic_restored,train,IMGGEN-CLEAN-BACK-V1,SYNTH-BASE-KIA7809AF-BACK-001,SPEC-A,back,surface_spot,surface_spot,moderate,7809250,59799924,1.1.1,7cc6627693f1a190ee26cfdbda90e0c69510377724d9484d14996ca83b755ffc,cb5fed83f6415c3bb3f6c26fce8fee402b064f28c0ad1c03b1bdc5dfa8d1ad8a,174365005b0349c653c43a9d68496836110ecd424bdc4a907b4ee099cb06e6c4,b80357d3ebb854f53a24eda60ade915ef3d499bc403ea691e8763cd33b059f3f,512,512,672,0.0025634766,1.0000000000,27.7976856232,186,115,29,106,TRAIN_ONLY_SYNTHETIC_NG,NO,AUTO_PASS,NO,"{""attempt"":0,""effective_seed"":59799924,""geometry"":{""rotation_deg"":-3.40434,""scale"":0.961084,""translate_x"":7.609451,""translate_y"":6.589555},""instances_pre_transform"":[{""category"":""surface_spot"",""category_id"":2,""count"":2,""radii_px"":[[9.502,13.241],[7.245,10.054]],""recipe_subtype"":""unknown_dark_spot"",""severity"":""moderate"",""surface"":""metal_tab""}],""photometric"":{""blur_radius"":0.475622,""brightness"":1.040118,""channel_gain_b"":1.018557,""channel_gain_g"":1.038056,""channel_gain_r"":0.98458,""contrast"":1.025036,""noise_sigma"":1.126862,""saturation"":1.003579},""recipe"":[""surface_spot""],""severity"":""moderate""}"
syn-v1-450-surface_spot-0026,synthetic/v1_450/images/surface_spot/syn-v1-450-surface_spot-0026.jpg,synthetic/v1_450/masks/surface_spot/syn-v1-450-surface_spot-0026.png,synthetic_restored,train,IMGGEN-CLEAN-BACK-V1,SYNTH-BASE-KIA7809AF-BACK-001,SPEC-A,back,surface_spot,surface_spot,mild,7809250,1164235257,1.1.1,7cc6627693f1a190ee26cfdbda90e0c69510377724d9484d14996ca83b755ffc,cb5fed83f6415c3bb3f6c26fce8fee402b064f28c0ad1c03b1bdc5dfa8d1ad8a,4be33a470f1f1a168e73371544ffda6fcca97a23850da8977052af55f0ed0230,3def093cc378cf2f267c1f7055def140882daa5258d9af334433c3c0805bb6a1,512,512,114,0.0004348755,1.0000000000,22.5526313782,183,129,14,11,TRAIN_ONLY_SYNTHETIC_NG,NO,AUTO_PASS,NO,"{""attempt"":0,""effective_seed"":1164235257,""geometry"":{""rotation_deg"":-4.526654,""scale"":1.028345,""translate_x"":8.207652,""translate_y"":-1.591626},""instances_pre_transform"":[{""category"":""surface_spot"",""category_id"":2,""count"":1,""radii_px"":[[6.083,3.548]],""recipe_subtype"":""unknown_dark_spot"",""severity"":""mild"",""surface"":""metal_tab""}],""photometric"":{""blur_radius"":0.365395,""brightness"":0.967034,""channel_gain_b"":0.984684,""channel_gain_g"":0.999958,""channel_gain_r"":1.037245,""contrast"":1.009837,""noise_sigma"":0.094596,""saturation"":1.018421},""recipe"":[""surface_spot""],""severity"":""mild""}"
syn-v1-450-surface_spot-0027,synthetic/v1_450/images/surface_spot/syn-v1-450-surface_spot-0027.jpg,synthetic/v1_450/masks/surface_spot/syn-v1-450-surface_spot-0027.png,synthetic_restored,train,IMGGEN-CLEAN-BACK-V1,SYNTH-BASE-KIA7809AF-BACK-001,SPEC-A,back,surface_spot,surface_spot,mild,7809250,950628013,1.1.1,7cc6627693f1a190ee26cfdbda90e0c69510377724d9484d14996ca83b755ffc,cb5fed83f6415c3bb3f6c26fce8fee402b064f28c0ad1c03b1bdc5dfa8d1ad8a,7afa9a7177ddbf4800495dbebc1683e87e9a0817bd5ec5021f32e49a2582598c,186249d51be3443946e555b70b1f9bbf0639d157fc1af40659fb0bdb5e2c7aaf,512,512,64,0.0002441406,1.0000000000,8.0937500000,291,114,10,9,TRAIN_ONLY_SYNTHETIC_NG,NO,AUTO_PASS,NO,"{""attempt"":0,""effective_seed"":950628013,""geometry"":{""rotation_deg"":-0.383749,""scale"":1.007926,""translate_x"":4.961455,""translate_y"":9.73577},""instances_pre_transform"":[{""category"":""surface_spot"",""category_id"":2,""count"":1,""radii_px"":[[4.288,3.262]],""recipe_subtype"":""unknown_dark_spot"",""severity"":""mild"",""surface"":""metal_tab""}],""photometric"":{""blur_radius"":0.630746,""brightness"":0.983836,""channel_gain_b"":1.038562,""channel_gain_g"":1.036185,""channel_gain_r"":1.018212,""contrast"":1.032511,""noise_sigma"":2.208806,""saturation"":1.070589},""recipe"":[""surface_spot""],""severity"":""mild""}"
syn-v1-450-surface_spot-0028,synthetic/v1_450/images/surface_spot/syn-v1-450-surface_spot-0028.jpg,synthetic/v1_450/masks/surface_spot/syn-v1-450-surface_spot-0028.png,synthetic_restored,train,IMGGEN-CLEAN-BACK-V1,SYNTH-BASE-KIA7809AF-BACK-001,SPEC-A,back,surface_spot,surface_spot,mild,7809250,197792030,1.1.1,7cc6627693f1a190ee26cfdbda90e0c69510377724d9484d14996ca83b755ffc,cb5fed83f6415c3bb3f6c26fce8fee402b064f28c0ad1c03b1bdc5dfa8d1ad8a,d08ca3618ffc2951b073296ff7373be6956f21e5a817f8a83c139e09a9f6d421,478f125bcaae31497a8bd5515fa26649077cde2e441d139496d7e73c59e8ee81,512,512,363,0.0013847351,1.0000000000,31.1125888824,286,197,18,27,TRAIN_ONLY_SYNTHETIC_NG,NO,AUTO_PASS,NO,"{""attempt"":0,""effective_seed"":197792030,""geometry"":{""rotation_deg"":5.186267,""scale"":0.984459,""translate_x"":-1.58666,""translate_y"":11.957665},""instances_pre_transform"":[{""category"":""surface_spot"",""category_id"":2,""count"":1,""radii_px"":[[9.725,10.01]],""recipe_subtype"":""unknown_dark_spot"",""severity"":""mild"",""surface"":""metal_tab""}],""photometric"":{""blur_radius"":0.04309,""brightness"":0.959656,""channel_gain_b"":1.031263,""channel_gain_g"":0.979561,""channel_gain_r"":1.036329,""contrast"":0.907964,""noise_sigma"":1.861921,""saturation"":1.021931},""recipe"":[""surface_spot""],""severity"":""mild""}"
syn-v1-450-surface_spot-0029,synthetic/v1_450/images/surface_spot/syn-v1-450-surface_spot-0029.jpg,synthetic/v1_450/masks/surface_spot/syn-v1-450-surface_spot-0029.png,synthetic_restored,train,IMGGEN-CLEAN-BACK-V1,SYNTH-BASE-KIA7809AF-BACK-001,SPEC-A,back,surface_spot,surface_spot,moderate,7809250,1678500416,1.1.1,7cc6627693f1a190ee26cfdbda90e0c69510377724d9484d14996ca83b755ffc,cb5fed83f6415c3bb3f6c26fce8fee402b064f28c0ad1c03b1bdc5dfa8d1ad8a,9141064a761b8f2ab01c6515fba561951dbe39207624b3743d8eb377f67b511f,7b769871f367dd2b9e3699c485c5b84ee6daf7a08e52a3a8a7a16dccf60c494d,512,512,1323,0.0050468445,1.0000000000,29.4186763763,186,171,97,83,TRAIN_ONLY_SYNTHETIC_NG,NO,AUTO_PASS,NO,"{""attempt"":0,""effective_seed"":1678500416,""geometry"":{""rotation_deg"":-1.64362,""scale"":1.014238,""translate_x"":8.826781,""translate_y"":-9.049781},""instances_pre_transform"":[{""category"":""surface_spot"",""category_id"":2,""count"":3,""radii_px"":[[8.083,9.797],[11.229,12.887],[10.436,9.617]],""recipe_subtype"":""unknown_dark_spot"",""severity"":""moderate"",""surface"":""metal_tab""}],""photometric"":{""blur_radius"":0.820778,""brightness"":1.045243,""channel_gain_b"":1.02587,""channel_gain_g"":1.019182,""channel_gain_r"":0.996263,""contrast"":1.07469,""noise_sigma"":0.784213,""saturation"":0.987348},""recipe"":[""surface_spot""],""severity"":""moderate""}"
syn-v1-450-surface_spot-0030,synthetic/v1_450/images/surface_spot/syn-v1-450-surface_spot-0030.jpg,synthetic/v1_450/masks/surface_spot/syn-v1-450-surface_spot-0030.png,synthetic_restored,train,IMGGEN-CLEAN-BACK-V1,SYNTH-BASE-KIA7809AF-BACK-001,SPEC-A,back,surface_spot,surface_spot,severe,7809250,1710807011,1.1.1,7cc6627693f1a190ee26cfdbda90e0c69510377724d9484d14996ca83b755ffc,cb5fed83f6415c3bb3f6c26fce8fee402b064f28c0ad1c03b1bdc5dfa8d1ad8a,006a1f4f02dc31f5f9952176d835c5f928670b76d1c796c3e496c54bac762e23,0798eda32605ef4c1ac4ea50ee64e95d7bbecbaaf464c93a69d430f3fd2c4491,512,512,1648,0.0062866211,1.0000000000,30.8616142273,172,133,108,71,TRAIN_ONLY_SYNTHETIC_NG,NO,AUTO_PASS,NO,"{""attempt"":0,""effective_seed"":1710807011,""geometry"":{""rotation_deg"":1.111403,""scale"":1.076074,""translate_x"":4.138019,""translate_y"":0.452525},""instances_pre_transform"":[{""category"":""surface_spot"",""category_id"":2,""count"":2,""radii_px"":[[10.615,9.873],[15.802,20.597]],""recipe_subtype"":""unknown_dark_spot"",""severity"":""severe"",""surface"":""metal_tab""}],""photometric"":{""blur_radius"":0.529546,""brightness"":1.023096,""channel_gain_b"":1.017312,""channel_gain_g"":1.034924,""channel_gain_r"":0.982223,""contrast"":1.051948,""noise_sigma"":0.872102,""saturation"":1.069699},""recipe"":[""surface_spot""],""severity"":""severe""}"
syn-v1-450-surface_spot-0031,synthetic/v1_450/images/surface_spot/syn-v1-450-surface_spot-0031.jpg,synthetic/v1_450/masks/surface_spot/syn-v1-450-surface_spot-0031.png,synthetic_restored,train,IMGGEN-CLEAN-BACK-V1,SYNTH-BASE-KIA7809AF-BACK-001,SPEC-A,back,surface_spot,surface_spot,mild,7809250,241337320,1.1.1,7cc6627693f1a190ee26cfdbda90e0c69510377724d9484d14996ca83b755ffc,cb5fed83f6415c3bb3f6c26fce8fee402b064f28c0ad1c03b1bdc5dfa8d1ad8a,24f0ab030f3f4aa37fc1c908cb186293e8e456ba14adb3ac8ab7200de6bc7dc5,46176e734353e2059466b14e86562c80cc45de5049b45a3ddfad1d8dbb663411,512,512,202,0.0007705688,1.0000000000,19.5953750610,195,155,16,17,TRAIN_ONLY_SYNTHETIC_NG,NO,AUTO_PASS,NO,"{""attempt"":0,""effective_seed"":241337320,""geometry"":{""rotation_deg"":-6.193479,""scale"":1.048496,""translate_x"":9.487419,""translate_y"":-1.136271},""instances_pre_transform"":[{""category"":""surface_spot"",""category_id"":2,""count"":1,""radii_px"":[[6.039,5.809]],""recipe_subtype"":""unknown_dark_spot"",""severity"":""mild"",""surface"":""metal_tab""}],""photometric"":{""blur_radius"":0.814013,""brightness"":1.010855,""channel_gain_b"":0.971893,""channel_gain_g"":0.985851,""channel_gain_r"":1.035809,""contrast"":0.926806,""noise_sigma"":1.015397,""saturation"":1.030919},""recipe"":[""surface_spot""],""severity"":""mild""}"
syn-v1-450-surface_spot-0032,synthetic/v1_450/images/surface_spot/syn-v1-450-surface_spot-0032.jpg,synthetic/v1_450/masks/surface_spot/syn-v1-450-surface_spot-0032.png,synthetic_restored,train,IMGGEN-CLEAN-BACK-V1,SYNTH-BASE-KIA7809AF-BACK-001,SPEC-A,back,surface_spot,surface_spot,mild,7809250,1706294801,1.1.1,7cc6627693f1a190ee26cfdbda90e0c69510377724d9484d14996ca83b755ffc,cb5fed83f6415c3bb3f6c26fce8fee402b064f28c0ad1c03b1bdc5dfa8d1ad8a,431d069ec6501d240b07e9607e3dc8322c4e30811e0f9475e6da42e35b50eb72,57aa2e7d948d9f9ac122a396a8c69203968be35c36106db608b69fc16f2c6b4f,512,512,278,0.0010604858,1.0000000000,33.8765449524,235,166,21,18,TRAIN_ONLY_SYNTHETIC_NG,NO,AUTO_PASS,NO,"{""attempt"":0,""effective_seed"":1706294801,""geometry"":{""rotation_deg"":-2.320654,""scale"":1.033196,""translate_x"":-7.157717,""translate_y"":-8.443745},""instances_pre_transform"":[{""category"":""surface_spot"",""category_id"":2,""count"":1,""radii_px"":[[8.358,10.689]],""recipe_subtype"":""unknown_dark_spot"",""severity"":""mild"",""surface"":""metal_tab""}],""photometric"":{""blur_radius"":0.030041,""brightness"":0.956214,""channel_gain_b"":0.963773,""channel_gain_g"":1.025583,""channel_gain_r"":1.02636,""contrast"":0.98337,""noise_sigma"":1.74398,""saturation"":0.960972},""recipe"":[""surface_spot""],""severity"":""mild""}"
syn-v1-450-surface_spot-0033,synthetic/v1_450/images/surface_spot/syn-v1-450-surface_spot-0033.jpg,synthetic/v1_450/masks/surface_spot/syn-v1-450-surface_spot-0033.png,synthetic_restored,train,IMGGEN-CLEAN-BACK-V1,SYNTH-BASE-KIA7809AF-BACK-001,SPEC-A,back,surface_spot,surface_spot,severe,7809250,1569364661,1.1.1,7cc6627693f1a190ee26cfdbda90e0c69510377724d9484d14996ca83b755ffc,cb5fed83f6415c3bb3f6c26fce8fee402b064f28c0ad1c03b1bdc5dfa8d1ad8a,fe0ebeb37b1be5fa369be724f1194980a1b86fb51851c34ed5eb0dee503dfa92,711d3b4280759e1d5245f2636fc27e0b3ea379e1cd1c250e63162d8cd66bacba,512,512,1019,0.0038871765,1.0000000000,27.0299472809,149,198,33,45,TRAIN_ONLY_SYNTHETIC_NG,NO,AUTO_PASS,NO,"{""attempt"":0,""effective_seed"":1569364661,""geometry"":{""rotation_deg"":7.043625,""scale"":1.04625,""translate_x"":2.371178,""translate_y"":-6.218732},""instances_pre_transform"":[{""category"":""surface_spot"",""category_id"":2,""count"":1,""radii_px"":[[17.499,19.749]],""recipe_subtype"":""unknown_dark_spot"",""severity"":""severe"",""surface"":""metal_tab""}],""photometric"":{""blur_radius"":0.169833,""brightness"":0.960109,""channel_gain_b"":1.004806,""channel_gain_g"":1.018628,""channel_gain_r"":0.975634,""contrast"":0.928029,""noise_sigma"":2.207115,""saturation"":0.933315},""recipe"":[""surface_spot""],""severity"":""severe""}"
syn-v1-450-surface_spot-0034,synthetic/v1_450/images/surface_spot/syn-v1-450-surface_spot-0034.jpg,synthetic/v1_450/masks/surface_spot/syn-v1-450-surface_spot-0034.png,synthetic_restored,train,IMGGEN-CLEAN-BACK-V1,SYNTH-BASE-KIA7809AF-BACK-001,SPEC-A,back,surface_spot,surface_spot,mild,7809250,1248657072,1.1.1,7cc6627693f1a190ee26cfdbda90e0c69510377724d9484d14996ca83b755ffc,cb5fed83f6415c3bb3f6c26fce8fee402b064f28c0ad1c03b1bdc5dfa8d1ad8a,3960b2ee9cda85fd640d42b2f5d95b302ae8b9a725eb54b2145376fb4e639cab,6518dd01aa03ac36633350cdd4c564cfde2b1e74d193ec40964b1021da1bf75f,512,512,239,0.0009117126,1.0000000000,20.2630786896,166,198,16,19,TRAIN_ONLY_SYNTHETIC_NG,NO,AUTO_PASS,NO,"{""attempt"":0,""effective_seed"":1248657072,""geometry"":{""rotation_deg"":-0.163717,""scale"":1.042026,""translate_x"":5.148075,""translate_y"":-11.950413},""instances_pre_transform"":[{""category"":""surface_spot"",""category_id"":2,""count"":1,""radii_px"":[[5.801,7.293]],""recipe_subtype"":""unknown_dark_spot"",""severity"":""mild"",""surface"":""metal_tab""}],""photometric"":{""blur_radius"":0.173787,""brightness"":0.94272,""channel_gain_b"":0.967758,""channel_gain_g"":1.010077,""channel_gain_r"":0.982917,""contrast"":1.081937,""noise_sigma"":2.449996,""saturation"":0.961265},""recipe"":[""surface_spot""],""severity"":""mild""}"
syn-v1-450-surface_spot-0035,synthetic/v1_450/images/surface_spot/syn-v1-450-surface_spot-0035.jpg,synthetic/v1_450/masks/surface_spot/syn-v1-450-surface_spot-0035.png,synthetic_restored,train,IMGGEN-CLEAN-BACK-V1,SYNTH-BASE-KIA7809AF-BACK-001,SPEC-A,back,surface_spot,surface_spot,moderate,7809250,1486629933,1.1.1,7cc6627693f1a190ee26cfdbda90e0c69510377724d9484d14996ca83b755ffc,cb5fed83f6415c3bb3f6c26fce8fee402b064f28c0ad1c03b1bdc5dfa8d1ad8a,17fceb9aaf86aca765ab432d6caaedfeee15c063aa6cb8f842e7dc3344e4a330,3feb5d90c0339f4440db9a44ffd47107503ed2111b0d5ca1c602faeae2371ebe,512,512,1134,0.0043258667,1.0000000000,24.7820644379,175,107,126,147,TRAIN_ONLY_SYNTHETIC_NG,NO,AUTO_PASS,NO,"{""attempt"":0,""effective_seed"":1486629933,""geometry"":{""rotation_deg"":5.259317,""scale"":1.07942,""translate_x"":-11.455415,""translate_y"":-0.402301},""instances_pre_transform"":[{""category"":""surface_spot"",""category_id"":2,""count"":3,""radii_px"":[[11.673,7.616],[12.965,13.222],[5.047,4.701]],""recipe_subtype"":""unknown_dark_spot"",""severity"":""moderate"",""surface"":""metal_tab""}],""photometric"":{""blur_radius"":0.467673,""brightness"":0.964845,""channel_gain_b"":0.967499,""channel_gain_g"":0.962201,""channel_gain_r"":0.976727,""contrast"":1.010094,""noise_sigma"":1.259912,""saturation"":1.04995},""recipe"":[""surface_spot""],""severity"":""moderate""}"
syn-v1-450-surface_spot-0036,synthetic/v1_450/images/surface_spot/syn-v1-450-surface_spot-0036.jpg,synthetic/v1_450/masks/surface_spot/syn-v1-450-surface_spot-0036.png,synthetic_restored,train,IMGGEN-CLEAN-BACK-V1,SYNTH-BASE-KIA7809AF-BACK-001,SPEC-A,back,surface_spot,surface_spot,mild,7809250,783463188,1.1.1,7cc6627693f1a190ee26cfdbda90e0c69510377724d9484d14996ca83b755ffc,cb5fed83f6415c3bb3f6c26fce8fee402b064f28c0ad1c03b1bdc5dfa8d1ad8a,9a1e2c229a35553e1fd02304c292006735de850c3039fc6667971c42726b9b24,5f4e61b3e48c619ad939dce92b9c33519b39b4e762cad525c910620df1f02cec,512,512,345,0.0013160706,1.0000000000,23.1716270447,285,120,22,21,TRAIN_ONLY_SYNTHETIC_NG,NO,AUTO_PASS,NO,"{""attempt"":0,""effective_seed"":783463188,""geometry"":{""rotation_deg"":-2.04311,""scale"":1.037598,""translate_x"":-4.46076,""translate_y"":9.812299},""instances_pre_transform"":[{""category"":""surface_spot"",""category_id"":2,""count"":1,""radii_px"":[[9.103,9.264]],""recipe_subtype"":""unknown_dark_spot"",""severity"":""mild"",""surface"":""metal_tab""}],""photometric"":{""blur_radius"":0.133239,""brightness"":0.988063,""channel_gain_b"":1.010365,""channel_gain_g"":0.986574,""channel_gain_r"":0.962481,""contrast"":1.080149,""noise_sigma"":1.424504,""saturation"":1.016555},""recipe"":[""surface_spot""],""severity"":""mild""}"
syn-v1-450-surface_spot-0037,synthetic/v1_450/images/surface_spot/syn-v1-450-surface_spot-0037.jpg,synthetic/v1_450/masks/surface_spot/syn-v1-450-surface_spot-0037.png,synthetic_restored,train,IMGGEN-CLEAN-BACK-V1,SYNTH-BASE-KIA7809AF-BACK-001,SPEC-A,back,surface_spot,surface_spot,mild,7809250,292653443,1.1.1,7cc6627693f1a190ee26cfdbda90e0c69510377724d9484d14996ca83b755ffc,cb5fed83f6415c3bb3f6c26fce8fee402b064f28c0ad1c03b1bdc5dfa8d1ad8a,b95ab0629c06c435166a4698d8c0f145361cc4d523d2585fd56218865edb1454,ea815ad1a5702cbf105092d68914fa4982cbd820a66655d5a09d7e0148c50018,512,512,236,0.0009002686,1.0000000000,36.2946853638,257,137,19,19,TRAIN_ONLY_SYNTHETIC_NG,NO,AUTO_PASS,NO,"{""attempt"":0,""effective_seed"":292653443,""geometry"":{""rotation_deg"":0.563812,""scale"":0.927801,""translate_x"":-9.277531,""translate_y"":-7.884549},""instances_pre_transform"":[{""category"":""surface_spot"",""category_id"":2,""count"":1,""radii_px"":[[9.787,9.325]],""recipe_subtype"":""unknown_dark_spot"",""severity"":""mild"",""surface"":""metal_tab""}],""photometric"":{""blur_radius"":0.239552,""brightness"":0.971551,""channel_gain_b"":0.981831,""channel_gain_g"":1.029084,""channel_gain_r"":0.99338,""contrast"":1.044713,""noise_sigma"":1.469207,""saturation"":0.983103},""recipe"":[""surface_spot""],""severity"":""mild""}"
syn-v1-450-surface_spot-0038,synthetic/v1_450/images/surface_spot/syn-v1-450-surface_spot-0038.jpg,synthetic/v1_450/masks/surface_spot/syn-v1-450-surface_spot-0038.png,synthetic_restored,train,IMGGEN-CLEAN-BACK-V1,SYNTH-BASE-KIA7809AF-BACK-001,SPEC-A,back,surface_spot,surface_spot,mild,7809250,162723866,1.1.1,7cc6627693f1a190ee26cfdbda90e0c69510377724d9484d14996ca83b755ffc,cb5fed83f6415c3bb3f6c26fce8fee402b064f28c0ad1c03b1bdc5dfa8d1ad8a,db72ce20c8533032b7cca4665914845ef5073d055f4303d9ec22e80959c079ee,5048e73ba6105a90444fa55a570c2c3fca8f074076a6561c109cb9dff95a5118,512,512,176,0.0006713867,1.0000000000,24.3548393250,308,96,16,15,TRAIN_ONLY_SYNTHETIC_NG,NO,AUTO_PASS,NO,"{""attempt"":1,""effective_seed"":162828595,""geometry"":{""rotation_deg"":-4.949306,""scale"":1.073742,""translate_x"":-11.812814,""translate_y"":1.861184},""instances_pre_transform"":[{""category"":""surface_spot"",""category_id"":2,""count"":1,""radii_px"":[[6.342,5.284]],""recipe_subtype"":""unknown_dark_spot"",""severity"":""mild"",""surface"":""metal_tab""}],""photometric"":{""blur_radius"":0.190642,""brightness"":0.993196,""channel_gain_b"":1.014452,""channel_gain_g"":1.03705,""channel_gain_r"":0.980751,""contrast"":0.96512,""noise_sigma"":1.382626,""saturation"":1.056439},""recipe"":[""surface_spot""],""severity"":""mild""}"
syn-v1-450-surface_spot-0039,synthetic/v1_450/images/surface_spot/syn-v1-450-surface_spot-0039.jpg,synthetic/v1_450/masks/surface_spot/syn-v1-450-surface_spot-0039.png,synthetic_restored,train,IMGGEN-CLEAN-BACK-V1,SYNTH-BASE-KIA7809AF-BACK-001,SPEC-A,back,surface_spot,surface_spot,mild,7809250,1117129919,1.1.1,7cc6627693f1a190ee26cfdbda90e0c69510377724d9484d14996ca83b755ffc,cb5fed83f6415c3bb3f6c26fce8fee402b064f28c0ad1c03b1bdc5dfa8d1ad8a,0b7561fedc7759e3cbff44c99dbe799d272c36ba04210755f0747f8a20fd0a37,0f10dbc553b6d088f0f67d870f2c014a29d8a68b516bb061678eb7cef1fef256,512,512,185,0.0007057190,1.0000000000,24.1855850220,219,226,15,17,TRAIN_ONLY_SYNTHETIC_NG,NO,AUTO_PASS,NO,"{""attempt"":0,""effective_seed"":1117129919,""geometry"":{""rotation_deg"":6.339566,""scale"":0.994963,""translate_x"":5.228976,""translate_y"":-0.787882},""instances_pre_transform"":[{""category"":""surface_spot"",""category_id"":2,""count"":1,""radii_px"":[[5.668,7.524]],""recipe_subtype"":""unknown_dark_spot"",""severity"":""mild"",""surface"":""metal_tab""}],""photometric"":{""blur_radius"":0.784384,""brightness"":1.042325,""channel_gain_b"":0.99819,""channel_gain_g"":0.973084,""channel_gain_r"":1.010894,""contrast"":0.909434,""noise_sigma"":0.292704,""saturation"":1.066437},""recipe"":[""surface_spot""],""severity"":""mild""}"
syn-v1-450-surface_spot-0040,synthetic/v1_450/images/surface_spot/syn-v1-450-surface_spot-0040.jpg,synthetic/v1_450/masks/surface_spot/syn-v1-450-surface_spot-0040.png,synthetic_restored,train,IMGGEN-CLEAN-BACK-V1,SYNTH-BASE-KIA7809AF-BACK-001,SPEC-A,back,surface_spot,surface_spot,severe,7809250,4698673,1.1.1,7cc6627693f1a190ee26cfdbda90e0c69510377724d9484d14996ca83b755ffc,cb5fed83f6415c3bb3f6c26fce8fee402b064f28c0ad1c03b1bdc5dfa8d1ad8a,9680ce2517991a149a42836925b58bb618ab12c70c48130a75dd05068c392e68,e27d80c02ad8806d080d8c9e713b79f71bf75ae39f17e96456db92d3412af0b0,512,512,314,0.0011978149,1.0000000000,39.0347938538,243,156,19,21,TRAIN_ONLY_SYNTHETIC_NG,NO,AUTO_PASS,NO,"{""attempt"":0,""effective_seed"":4698673,""geometry"":{""rotation_deg"":2.935364,""scale"":1.013717,""translate_x"":2.777434,""translate_y"":5.867414},""instances_pre_transform"":[{""category"":""surface_spot"",""category_id"":2,""count"":1,""radii_px"":[[9.303,10.414]],""recipe_subtype"":""unknown_dark_spot"",""severity"":""severe"",""surface"":""metal_tab""}],""photometric"":{""blur_radius"":0.302586,""brightness"":0.962946,""channel_gain_b"":1.027979,""channel_gain_g"":0.992035,""channel_gain_r"":0.99894,""contrast"":1.063502,""noise_sigma"":0.900583,""saturation"":1.054308},""recipe"":[""surface_spot""],""severity"":""severe""}"
syn-v1-450-surface_spot-0041,synthetic/v1_450/images/surface_spot/syn-v1-450-surface_spot-0041.jpg,synthetic/v1_450/masks/surface_spot/syn-v1-450-surface_spot-0041.png,synthetic_restored,train,IMGGEN-CLEAN-BACK-V1,SYNTH-BASE-KIA7809AF-BACK-001,SPEC-A,back,surface_spot,surface_spot,mild,7809250,1554979494,1.1.1,7cc6627693f1a190ee26cfdbda90e0c69510377724d9484d14996ca83b755ffc,cb5fed83f6415c3bb3f6c26fce8fee402b064f28c0ad1c03b1bdc5dfa8d1ad8a,e07b9ed6ba22f713b0f28e225b43f0a0c7f47694e1ed408805b69c3f78d5f147,08d8f76620acc2e212701655a26b332f11953a24ec120d74c8cbf6edb42b9b19,512,512,190,0.0007247925,1.0000000000,26.2484569550,266,127,16,17,TRAIN_ONLY_SYNTHETIC_NG,NO,AUTO_PASS,NO,"{""attempt"":0,""effective_seed"":1554979494,""geometry"":{""rotation_deg"":-4.652354,""scale"":0.962165,""translate_x"":5.989395,""translate_y"":6.720973},""instances_pre_transform"":[{""category"":""surface_spot"",""category_id"":2,""count"":1,""radii_px"":[[6.418,6.43]],""recipe_subtype"":""unknown_dark_spot"",""severity"":""mild"",""surface"":""metal_tab""}],""photometric"":{""blur_radius"":0.100149,""brightness"":0.951801,""channel_gain_b"":0.973407,""channel_gain_g"":0.981718,""channel_gain_r"":0.966293,""contrast"":0.912055,""noise_sigma"":2.65241,""saturation"":0.946327},""recipe"":[""surface_spot""],""severity"":""mild""}"
syn-v1-450-surface_spot-0042,synthetic/v1_450/images/surface_spot/syn-v1-450-surface_spot-0042.jpg,synthetic/v1_450/masks/surface_spot/syn-v1-450-surface_spot-0042.png,synthetic_restored,train,IMGGEN-CLEAN-BACK-V1,SYNTH-BASE-KIA7809AF-BACK-001,SPEC-A,back,surface_spot,surface_spot,moderate,7809250,285535249,1.1.1,7cc6627693f1a190ee26cfdbda90e0c69510377724d9484d14996ca83b755ffc,cb5fed83f6415c3bb3f6c26fce8fee402b064f28c0ad1c03b1bdc5dfa8d1ad8a,60d1ef50f35de4f61cf76f1d0aef85f9b40b51db41c6b786137cb008dda624e3,ed3683340d71c720d97dab2b77ca2a9494273541a47973545527a8e71228a4c9,512,512,376,0.0014343262,1.0000000000,20.9879970551,268,184,28,18,TRAIN_ONLY_SYNTHETIC_NG,NO,AUTO_PASS,NO,"{""attempt"":0,""effective_seed"":285535249,""geometry"":{""rotation_deg"":4.9647,""scale"":1.0155,""translate_x"":-10.07088,""translate_y"":-0.635481},""instances_pre_transform"":[{""category"":""surface_spot"",""category_id"":2,""count"":1,""radii_px"":[[12.523,8.762]],""recipe_subtype"":""unknown_dark_spot"",""severity"":""moderate"",""surface"":""metal_tab""}],""photometric"":{""blur_radius"":0.384011,""brightness"":1.051028,""channel_gain_b"":1.030982,""channel_gain_g"":0.963323,""channel_gain_r"":0.985568,""contrast"":0.961332,""noise_sigma"":0.592938,""saturation"":0.991893},""recipe"":[""surface_spot""],""severity"":""moderate""}"
syn-v1-450-surface_spot-0043,synthetic/v1_450/images/surface_spot/syn-v1-450-surface_spot-0043.jpg,synthetic/v1_450/masks/surface_spot/syn-v1-450-surface_spot-0043.png,synthetic_restored,train,IMGGEN-CLEAN-BACK-V1,SYNTH-BASE-KIA7809AF-BACK-001,SPEC-A,back,surface_spot,surface_spot,moderate,7809250,863651802,1.1.1,7cc6627693f1a190ee26cfdbda90e0c69510377724d9484d14996ca83b755ffc,cb5fed83f6415c3bb3f6c26fce8fee402b064f28c0ad1c03b1bdc5dfa8d1ad8a,9100c2db766e7950ab30f98afadccb42176228a6762974d63f358b43bf6baebe,09c2b985f79f4fc58910d236a738c46b609949c4ebe50303bff43d78bca92d75,512,512,979,0.0037345886,1.0000000000,21.8309421539,182,105,86,150,TRAIN_ONLY_SYNTHETIC_NG,NO,AUTO_PASS,NO,"{""attempt"":0,""effective_seed"":863651802,""geometry"":{""rotation_deg"":-6.6787,""scale"":1.003797,""translate_x"":-10.662478,""translate_y"":-11.334747},""instances_pre_transform"":[{""category"":""surface_spot"",""category_id"":2,""count"":3,""radii_px"":[[13.708,8.065],[12.679,9.088],[11.434,6.897]],""recipe_subtype"":""unknown_dark_spot"",""severity"":""moderate"",""surface"":""metal_tab""}],""photometric"":{""blur_radius"":0.144647,""brightness"":1.02828,""channel_gain_b"":1.019587,""channel_gain_g"":1.00343,""channel_gain_r"":0.966923,""contrast"":1.054092,""noise_sigma"":2.84703,""saturation"":0.951086},""recipe"":[""surface_spot""],""severity"":""moderate""}"
syn-v1-450-surface_spot-0044,synthetic/v1_450/images/surface_spot/syn-v1-450-surface_spot-0044.jpg,synthetic/v1_450/masks/surface_spot/syn-v1-450-surface_spot-0044.png,synthetic_restored,train,IMGGEN-CLEAN-BACK-V1,SYNTH-BASE-KIA7809AF-BACK-001,SPEC-A,back,surface_spot,surface_spot,severe,7809250,1623319014,1.1.1,7cc6627693f1a190ee26cfdbda90e0c69510377724d9484d14996ca83b755ffc,cb5fed83f6415c3bb3f6c26fce8fee402b064f28c0ad1c03b1bdc5dfa8d1ad8a,d95517fa1dd81c575487c4ff733580cfb8801f2214db01d89906a076e2d34044,43aff795932d52f26fc295645c4a9bc9ae69ed4cf459edeefa5cbb7bb070fd81,512,512,980,0.0037384033,1.0000000000,35.5114822388,183,91,110,43,TRAIN_ONLY_SYNTHETIC_NG,NO,AUTO_PASS,NO,"{""attempt"":0,""effective_seed"":1623319014,""geometry"":{""rotation_deg"":-7.5208,""scale"":1.04867,""translate_x"":6.377571,""translate_y"":10.146123},""instances_pre_transform"":[{""category"":""surface_spot"",""category_id"":2,""count"":2,""radii_px"":[[10.576,8.535],[10.653,11.892]],""recipe_subtype"":""unknown_dark_spot"",""severity"":""severe"",""surface"":""metal_tab""}],""photometric"":{""blur_radius"":0.672047,""brightness"":0.94728,""channel_gain_b"":0.996104,""channel_gain_g"":1.021231,""channel_gain_r"":0.988242,""contrast"":0.957677,""noise_sigma"":2.630683,""saturation"":1.024915},""recipe"":[""surface_spot""],""severity"":""severe""}"
syn-v1-450-surface_spot-0045,synthetic/v1_450/images/surface_spot/syn-v1-450-surface_spot-0045.jpg,synthetic/v1_450/masks/surface_spot/syn-v1-450-surface_spot-0045.png,synthetic_restored,train,IMGGEN-CLEAN-BACK-V1,SYNTH-BASE-KIA7809AF-BACK-001,SPEC-A,back,surface_spot,surface_spot,mild,7809250,918517177,1.1.1,7cc6627693f1a190ee26cfdbda90e0c69510377724d9484d14996ca83b755ffc,cb5fed83f6415c3bb3f6c26fce8fee402b064f28c0ad1c03b1bdc5dfa8d1ad8a,7e690a509c7d51a97d7221aa321a01cc7e8d6c7ce1e9586f52d86feeccc2006b,45bf1fe36f22af8c341ce5f1bdbeda72962acd0830791c55afaf241e0d38b8e2,512,512,155,0.0005912781,1.0000000000,26.8865242004,195,169,14,15,TRAIN_ONLY_SYNTHETIC_NG,NO,AUTO_PASS,NO,"{""attempt"":0,""effective_seed"":918517177,""geometry"":{""rotation_deg"":6.400536,""scale"":1.065331,""translate_x"":-7.612107,""translate_y"":-5.698514},""instances_pre_transform"":[{""category"":""surface_spot"",""category_id"":2,""count"":1,""radii_px"":[[5.316,6.559]],""recipe_subtype"":""unknown_dark_spot"",""severity"":""mild"",""surface"":""metal_tab""}],""photometric"":{""blur_radius"":0.39763,""brightness"":0.983288,""channel_gain_b"":1.004477,""channel_gain_g"":0.969968,""channel_gain_r"":1.012904,""contrast"":0.954142,""noise_sigma"":2.481977,""saturation"":0.994237},""recipe"":[""surface_spot""],""severity"":""mild""}"
syn-v1-450-surface_spot-0046,synthetic/v1_450/images/surface_spot/syn-v1-450-surface_spot-0046.jpg,synthetic/v1_450/masks/surface_spot/syn-v1-450-surface_spot-0046.png,synthetic_restored,train,IMGGEN-CLEAN-BACK-V1,SYNTH-BASE-KIA7809AF-BACK-001,SPEC-A,back,surface_spot,surface_spot,moderate,7809250,100333740,1.1.1,7cc6627693f1a190ee26cfdbda90e0c69510377724d9484d14996ca83b755ffc,cb5fed83f6415c3bb3f6c26fce8fee402b064f28c0ad1c03b1bdc5dfa8d1ad8a,d85cc2b7a63a8f31c01672b5a544ac1f3eb1fc0f5332a209d8f3f4fd5ba8d11c,f4417dc9c83ba67148ed64647ce9d45008c09081383e7c9b7b1031ed432df973,512,512,1216,0.0046386719,1.0000000000,21.9717769623,162,107,84,152,TRAIN_ONLY_SYNTHETIC_NG,NO,AUTO_PASS,NO,"{""attempt"":0,""effective_seed"":100333740,""geometry"":{""rotation_deg"":1.845481,""scale"":1.027636,""translate_x"":-6.980052,""translate_y"":-10.124832},""instances_pre_transform"":[{""category"":""surface_spot"",""category_id"":2,""count"":3,""radii_px"":[[11.871,13.015],[11.915,15.009],[6.644,6.08]],""recipe_subtype"":""unknown_dark_spot"",""severity"":""moderate"",""surface"":""metal_tab""}],""photometric"":{""blur_radius"":0.597702,""brightness"":0.958242,""channel_gain_b"":1.021724,""channel_gain_g"":0.962454,""channel_gain_r"":1.013173,""contrast"":1.020724,""noise_sigma"":0.890616,""saturation"":0.999809},""recipe"":[""surface_spot""],""severity"":""moderate""}"
syn-v1-450-surface_spot-0047,synthetic/v1_450/images/surface_spot/syn-v1-450-surface_spot-0047.jpg,synthetic/v1_450/masks/surface_spot/syn-v1-450-surface_spot-0047.png,synthetic_restored,train,IMGGEN-CLEAN-BACK-V1,SYNTH-BASE-KIA7809AF-BACK-001,SPEC-A,back,surface_spot,surface_spot,mild,7809250,513874189,1.1.1,7cc6627693f1a190ee26cfdbda90e0c69510377724d9484d14996ca83b755ffc,cb5fed83f6415c3bb3f6c26fce8fee402b064f28c0ad1c03b1bdc5dfa8d1ad8a,7855e9b6f30bcd992be074381c237529b8cd5ab42c1d4ecb317af64cc22b660a,280e04a5b9d1e11eabcc58936f6a410b81bed1b5e0821bf0e3c14628a92fe5ad,512,512,149,0.0005683899,1.0000000000,15.6835441589,299,216,13,14,TRAIN_ONLY_SYNTHETIC_NG,NO,AUTO_PASS,NO,"{""attempt"":0,""effective_seed"":513874189,""geometry"":{""rotation_deg"":3.697306,""scale"":0.956612,""translate_x"":-11.447188,""translate_y"":-5.918679},""instances_pre_transform"":[{""category"":""surface_spot"",""category_id"":2,""count"":1,""radii_px"":[[7.301,5.296]],""recipe_subtype"":""unknown_dark_spot"",""severity"":""mild"",""surface"":""metal_tab""}],""photometric"":{""blur_radius"":0.250484,""brightness"":0.945431,""channel_gain_b"":1.023399,""channel_gain_g"":1.034795,""channel_gain_r"":0.984386,""contrast"":0.985534,""noise_sigma"":0.291559,""saturation"":1.028031},""recipe"":[""surface_spot""],""severity"":""mild""}"
syn-v1-450-surface_spot-0048,synthetic/v1_450/images/surface_spot/syn-v1-450-surface_spot-0048.jpg,synthetic/v1_450/masks/surface_spot/syn-v1-450-surface_spot-0048.png,synthetic_restored,train,IMGGEN-CLEAN-BACK-V1,SYNTH-BASE-KIA7809AF-BACK-001,SPEC-A,back,surface_spot,surface_spot,mild,7809250,821931423,1.1.1,7cc6627693f1a190ee26cfdbda90e0c69510377724d9484d14996ca83b755ffc,cb5fed83f6415c3bb3f6c26fce8fee402b064f28c0ad1c03b1bdc5dfa8d1ad8a,1fa9083639e65473a2d8d2b0ccb563ea5d0bb55fad1b108c99e7f0b8843bf851,febbf677ed54981a1c14cfead7b65327b67f1ddb7a1566c9b357b55d4672425b,512,512,168,0.0006408691,1.0000000000,24.0355033875,159,105,15,15,TRAIN_ONLY_SYNTHETIC_NG,NO,AUTO_PASS,NO,"{""attempt"":0,""effective_seed"":821931423,""geometry"":{""rotation_deg"":6.67599,""scale"":1.009268,""translate_x"":5.102958,""translate_y"":2.550297},""instances_pre_transform"":[{""category"":""surface_spot"",""category_id"":2,""count"":1,""radii_px"":[[5.757,5.263]],""recipe_subtype"":""unknown_dark_spot"",""severity"":""mild"",""surface"":""metal_tab""}],""photometric"":{""blur_radius"":0.379372,""brightness"":1.067134,""channel_gain_b"":1.004438,""channel_gain_g"":0.990927,""channel_gain_r"":0.966686,""contrast"":0.946275,""noise_sigma"":0.527117,""saturation"":1.03814},""recipe"":[""surface_spot""],""severity"":""mild""}"
syn-v1-450-surface_spot-0049,synthetic/v1_450/images/surface_spot/syn-v1-450-surface_spot-0049.jpg,synthetic/v1_450/masks/surface_spot/syn-v1-450-surface_spot-0049.png,synthetic_restored,train,IMGGEN-CLEAN-BACK-V1,SYNTH-BASE-KIA7809AF-BACK-001,SPEC-A,back,surface_spot,surface_spot,mild,7809250,854773620,1.1.1,7cc6627693f1a190ee26cfdbda90e0c69510377724d9484d14996ca83b755ffc,cb5fed83f6415c3bb3f6c26fce8fee402b064f28c0ad1c03b1bdc5dfa8d1ad8a,7a3440d797be08384b8a933368fa9aa55eda77bcbba89fe80da3a7cecb43ffad,21716c24166c962ab7c1d43ded3c1f31cd4aceb6bdfc622b9d4a84b7ee8e67e9,512,512,190,0.0007247925,1.0000000000,20.7581691742,180,134,13,19,TRAIN_ONLY_SYNTHETIC_NG,NO,AUTO_PASS,NO,"{""attempt"":0,""effective_seed"":854773620,""geometry"":{""rotation_deg"":2.925618,""scale"":0.992944,""translate_x"":1.418168,""translate_y"":2.693263},""instances_pre_transform"":[{""category"":""surface_spot"",""category_id"":2,""count"":1,""radii_px"":[[5.751,7.297]],""recipe_subtype"":""unknown_dark_spot"",""severity"":""mild"",""surface"":""metal_tab""}],""photometric"":{""blur_radius"":0.325639,""brightness"":0.934113,""channel_gain_b"":1.016205,""channel_gain_g"":0.994274,""channel_gain_r"":1.013749,""contrast"":1.017817,""noise_sigma"":1.431026,""saturation"":0.93641},""recipe"":[""surface_spot""],""severity"":""mild""}"
syn-v1-450-discoloration-0000,synthetic/v1_450/images/discoloration/syn-v1-450-discoloration-0000.jpg,synthetic/v1_450/masks/discoloration/syn-v1-450-discoloration-0000.png,synthetic_restored,train,IMGGEN-CLEAN-BACK-V1,SYNTH-BASE-KIA7809AF-BACK-001,SPEC-A,back,discoloration,discoloration,moderate,7809250,1750332941,1.1.1,7cc6627693f1a190ee26cfdbda90e0c69510377724d9484d14996ca83b755ffc,cb5fed83f6415c3bb3f6c26fce8fee402b064f28c0ad1c03b1bdc5dfa8d1ad8a,5a56e78a3d57ee74d0adf606f33ef5bc9efa512063748b127c15bea54defc27d,ce9f1aafdfd83e75c087c201ce017e5322fd27a2118d1d910ab2201f779ea8bc,512,512,6357,0.0242500305,1.0000000000,5.7104072571,185,167,102,81,TRAIN_ONLY_SYNTHETIC_NG,NO,AUTO_PASS,NO,"{""attempt"":0,""effective_seed"":1750332941,""geometry"":{""rotation_deg"":2.802868,""scale"":0.938214,""translate_x"":5.519948,""translate_y"":0.971477},""instances_pre_transform"":[{""category"":""discoloration"",""category_id"":3,""recipe_subtype"":""broad_color_shift"",""severity"":""moderate"",""span_px"":[78.367,63.492],""surface"":""metal_tab""}],""photometric"":{""blur_radius"":0.596517,""brightness"":0.943206,""channel_gain_b"":0.989187,""channel_gain_g"":1.021562,""channel_gain_r"":1.027218,""contrast"":0.990957,""noise_sigma"":0.492127,""saturation"":0.945605},""recipe"":[""discoloration""],""severity"":""moderate""}"
syn-v1-450-discoloration-0001,synthetic/v1_450/images/discoloration/syn-v1-450-discoloration-0001.jpg,synthetic/v1_450/masks/discoloration/syn-v1-450-discoloration-0001.png,synthetic_restored,train,IMGGEN-CLEAN-BACK-V1,SYNTH-BASE-KIA7809AF-BACK-001,SPEC-A,back,discoloration,discoloration,moderate,7809250,497206432,1.1.1,7cc6627693f1a190ee26cfdbda90e0c69510377724d9484d14996ca83b755ffc,cb5fed83f6415c3bb3f6c26fce8fee402b064f28c0ad1c03b1bdc5dfa8d1ad8a,5bf851f01e6c04b678bfdd03be0764b0e500496da1713abb50bbcf558fc5ada8,55e4f76ebaa4ab0608f1c69a6af3e1294e7be8d95bdbb3a6827d2671db74c2c7,512,512,3017,0.0115089417,1.0000000000,7.9748754501,269,137,49,92,TRAIN_ONLY_SYNTHETIC_NG,NO,AUTO_PASS,NO,"{""attempt"":0,""effective_seed"":497206432,""geometry"":{""rotation_deg"":-5.328154,""scale"":0.961161,""translate_x"":-4.493772,""translate_y"":10.091583},""instances_pre_transform"":[{""category"":""discoloration"",""category_id"":3,""recipe_subtype"":""broad_color_shift"",""severity"":""moderate"",""span_px"":[59.994,74.745],""surface"":""metal_tab""}],""photometric"":{""blur_radius"":0.79324,""brightness"":0.936949,""channel_gain_b"":0.962477,""channel_gain_g"":0.984621,""channel_gain_r"":1.015988,""contrast"":1.032761,""noise_sigma"":2.442325,""saturation"":0.957444},""recipe"":[""discoloration""],""severity"":""moderate""}"
syn-v1-450-discoloration-0002,synthetic/v1_450/images/discoloration/syn-v1-450-discoloration-0002.jpg,synthetic/v1_450/masks/discoloration/syn-v1-450-discoloration-0002.png,synthetic_restored,train,IMGGEN-CLEAN-BACK-V1,SYNTH-BASE-KIA7809AF-BACK-001,SPEC-A,back,discoloration,discoloration,mild,7809250,1695016504,1.1.1,7cc6627693f1a190ee26cfdbda90e0c69510377724d9484d14996ca83b755ffc,cb5fed83f6415c3bb3f6c26fce8fee402b064f28c0ad1c03b1bdc5dfa8d1ad8a,efe0cdb176bcab327db13d361de78c20ef642f0598c7f962eda00b8b51d147d7,9339e51241f7c3bbd353be8760ac3fc32a3a3edc8c0a1172422cdbe111a5a162,512,512,2980,0.0113677979,1.0000000000,3.8313484192,143,101,51,75,TRAIN_ONLY_SYNTHETIC_NG,NO,AUTO_PASS,NO,"{""attempt"":0,""effective_seed"":1695016504,""geometry"":{""rotation_deg"":2.904309,""scale"":1.018172,""translate_x"":8.056174,""translate_y"":0.629524},""instances_pre_transform"":[{""category"":""discoloration"",""category_id"":3,""recipe_subtype"":""broad_color_shift"",""severity"":""mild"",""span_px"":[46.381,44.548],""surface"":""metal_tab""}],""photometric"":{""blur_radius"":0.137101,""brightness"":1.062624,""channel_gain_b"":1.008444,""channel_gain_g"":0.975799,""channel_gain_r"":1.032063,""contrast"":1.082784,""noise_sigma"":2.828735,""saturation"":1.07329},""recipe"":[""discoloration""],""severity"":""mild""}"
syn-v1-450-discoloration-0003,synthetic/v1_450/images/discoloration/syn-v1-450-discoloration-0003.jpg,synthetic/v1_450/masks/discoloration/syn-v1-450-discoloration-0003.png,synthetic_restored,train,IMGGEN-CLEAN-BACK-V1,SYNTH-BASE-KIA7809AF-BACK-001,SPEC-A,back,discoloration,discoloration,moderate,7809250,26537992,1.1.1,7cc6627693f1a190ee26cfdbda90e0c69510377724d9484d14996ca83b755ffc,cb5fed83f6415c3bb3f6c26fce8fee402b064f28c0ad1c03b1bdc5dfa8d1ad8a,11e895fb9ca9d02b7aa4ca58c93b4d362c49189b57f0719ac740a3fd83465a0b,9893788c386abe2c8f4d043e369c1ff335f6f43303f5f19fbf9cccb92af56ddd,512,512,6686,0.0255050659,1.0000000000,11.3453950882,153,152,92,103,TRAIN_ONLY_SYNTHETIC_NG,NO,AUTO_PASS,NO,"{""attempt"":0,""effective_seed"":26537992,""geometry"":{""rotation_deg"":6.829695,""scale"":0.94459,""translate_x"":1.583454,""translate_y"":3.247397},""instances_pre_transform"":[{""category"":""discoloration"",""category_id"":3,""recipe_subtype"":""broad_color_shift"",""severity"":""moderate"",""span_px"":[79.716,97.375],""surface"":""metal_tab""}],""photometric"":{""blur_radius"":0.053641,""brightness"":1.05669,""channel_gain_b"":1.023817,""channel_gain_g"":0.995248,""channel_gain_r"":0.980191,""contrast"":1.097463,""noise_sigma"":2.462378,""saturation"":1.022715},""recipe"":[""discoloration""],""severity"":""moderate""}"
syn-v1-450-discoloration-0004,synthetic/v1_450/images/discoloration/syn-v1-450-discoloration-0004.jpg,synthetic/v1_450/masks/discoloration/syn-v1-450-discoloration-0004.png,synthetic_restored,train,IMGGEN-CLEAN-BACK-V1,SYNTH-BASE-KIA7809AF-BACK-001,SPEC-A,back,discoloration,discoloration,mild,7809250,1063134873,1.1.1,7cc6627693f1a190ee26cfdbda90e0c69510377724d9484d14996ca83b755ffc,cb5fed83f6415c3bb3f6c26fce8fee402b064f28c0ad1c03b1bdc5dfa8d1ad8a,04a0923f8d84fbe5c1e145b217ef3a3c1a0c049b1d9867d3802f1dd1cc7c9b42,eb6a22c24408c3d958be069c9b1e2918064432a8afe956ab80eae541e6e178b3,512,512,2629,0.0100288391,1.0000000000,3.6718389988,180,139,50,67,TRAIN_ONLY_SYNTHETIC_NG,NO,AUTO_PASS,NO,"{""attempt"":0,""effective_seed"":1063134873,""geometry"":{""rotation_deg"":-5.585895,""scale"":0.947355,""translate_x"":-5.193306,""translate_y"":-6.918981},""instances_pre_transform"":[{""category"":""discoloration"",""category_id"":3,""recipe_subtype"":""broad_color_shift"",""severity"":""mild"",""span_px"":[42.88,45.417],""surface"":""metal_tab""}],""photometric"":{""blur_radius"":0.367173,""brightness"":0.940541,""channel_gain_b"":1.016712,""channel_gain_g"":0.988751,""channel_gain_r"":1.035349,""contrast"":0.917222,""noise_sigma"":1.614293,""saturation"":0.930117},""recipe"":[""discoloration""],""severity"":""mild""}"
syn-v1-450-discoloration-0005,synthetic/v1_450/images/discoloration/syn-v1-450-discoloration-0005.jpg,synthetic/v1_450/masks/discoloration/syn-v1-450-discoloration-0005.png,synthetic_restored,train,IMGGEN-CLEAN-BACK-V1,SYNTH-BASE-KIA7809AF-BACK-001,SPEC-A,back,discoloration,discoloration,moderate,7809250,1627477163,1.1.1,7cc6627693f1a190ee26cfdbda90e0c69510377724d9484d14996ca83b755ffc,cb5fed83f6415c3bb3f6c26fce8fee402b064f28c0ad1c03b1bdc5dfa8d1ad8a,ef841f6ea46126f9c1ea8b103c0f7d9a694e3d67fd18b0f0fc19193d48a234df,90ae530626855aa1297ad43db10f247f79c87d10abaebfeca80ceea8fd22493e,512,512,5313,0.0202674866,1.0000000000,7.2357850075,220,155,80,89,TRAIN_ONLY_SYNTHETIC_NG,NO,AUTO_PASS,NO,"{""attempt"":0,""effective_seed"":1627477163,""geometry"":{""rotation_deg"":7.174318,""scale"":1.002416,""translate_x"":3.346365,""translate_y"":1.532039},""instances_pre_transform"":[{""category"":""discoloration"",""category_id"":3,""recipe_subtype"":""broad_color_shift"",""severity"":""moderate"",""span_px"":[89.233,74.761],""surface"":""metal_tab""}],""photometric"":{""blur_radius"":0.333137,""brightness"":0.98072,""channel_gain_b"":1.010758,""channel_gain_g"":1.030474,""channel_gain_r"":0.995084,""contrast"":1.043559,""noise_sigma"":1.718652,""saturation"":1.065179},""recipe"":[""discoloration""],""severity"":""moderate""}"
syn-v1-450-discoloration-0006,synthetic/v1_450/images/discoloration/syn-v1-450-discoloration-0006.jpg,synthetic/v1_450/masks/discoloration/syn-v1-450-discoloration-0006.png,synthetic_restored,train,IMGGEN-CLEAN-BACK-V1,SYNTH-BASE-KIA7809AF-BACK-001,SPEC-A,back,discoloration,discoloration,mild,7809250,871635266,1.1.1,7cc6627693f1a190ee26cfdbda90e0c69510377724d9484d14996ca83b755ffc,cb5fed83f6415c3bb3f6c26fce8fee402b064f28c0ad1c03b1bdc5dfa8d1ad8a,1767a22733dcf89a7f3f18d70f13d1404850c986e3157498099b669516c10423,bc7bfb0edab2652554aeb5065a84f70c35b8a2846f4f6847c7630e9642a8f70a,512,512,4477,0.0170783997,1.0000000000,4.1136250496,166,162,73,79,TRAIN_ONLY_SYNTHETIC_NG,NO,AUTO_PASS,NO,"{""attempt"":0,""effective_seed"":871635266,""geometry"":{""rotation_deg"":-1.702418,""scale"":1.047953,""translate_x"":7.38707,""translate_y"":3.817316},""instances_pre_transform"":[{""category"":""discoloration"",""category_id"":3,""recipe_subtype"":""broad_color_shift"",""severity"":""mild"",""span_px"":[43.621,47.155],""surface"":""metal_tab""}],""photometric"":{""blur_radius"":0.410059,""brightness"":0.965845,""channel_gain_b"":0.980672,""channel_gain_g"":1.006782,""channel_gain_r"":1.022895,""contrast"":0.968573,""noise_sigma"":0.74892,""saturation"":1.022802},""recipe"":[""discoloration""],""severity"":""mild""}"
syn-v1-450-discoloration-0007,synthetic/v1_450/images/discoloration/syn-v1-450-discoloration-0007.jpg,synthetic/v1_450/masks/discoloration/syn-v1-450-discoloration-0007.png,synthetic_restored,train,IMGGEN-CLEAN-BACK-V1,SYNTH-BASE-KIA7809AF-BACK-001,SPEC-A,back,discoloration,discoloration,moderate,7809250,1509436387,1.1.1,7cc6627693f1a190ee26cfdbda90e0c69510377724d9484d14996ca83b755ffc,cb5fed83f6415c3bb3f6c26fce8fee402b064f28c0ad1c03b1bdc5dfa8d1ad8a,25094d591163eb3a9b57b271f737ef39875d10989034e1ed6b7a3fcf7fb6c001,65508b864d94f5e288beddbb5d6df98abf21813946346d4f287482a57037dba8,512,512,3979,0.0151786804,1.0000000000,13.1119565964,211,89,93,73,TRAIN_ONLY_SYNTHETIC_NG,NO,AUTO_PASS,NO,"{""attempt"":0,""effective_seed"":1509436387,""geometry"":{""rotation_deg"":-2.126285,""scale"":1.040785,""translate_x"":-7.526131,""translate_y"":3.429912},""instances_pre_transform"":[{""category"":""discoloration"",""category_id"":3,""recipe_subtype"":""broad_color_shift"",""severity"":""moderate"",""span_px"":[57.404,81.928],""surface"":""metal_tab""}],""photometric"":{""blur_radius"":0.07005,""brightness"":1.05544,""channel_gain_b"":1.009907,""channel_gain_g"":1.023549,""channel_gain_r"":0.963486,""contrast"":1.04487,""noise_sigma"":2.41656,""saturation"":1.002108},""recipe"":[""discoloration""],""severity"":""moderate""}"
syn-v1-450-discoloration-0008,synthetic/v1_450/images/discoloration/syn-v1-450-discoloration-0008.jpg,synthetic/v1_450/masks/discoloration/syn-v1-450-discoloration-0008.png,synthetic_restored,train,IMGGEN-CLEAN-BACK-V1,SYNTH-BASE-KIA7809AF-BACK-001,SPEC-A,back,discoloration,discoloration,moderate,7809250,2007116835,1.1.1,7cc6627693f1a190ee26cfdbda90e0c69510377724d9484d14996ca83b755ffc,cb5fed83f6415c3bb3f6c26fce8fee402b064f28c0ad1c03b1bdc5dfa8d1ad8a,792080438c2e5e46455a8affbbaabb556956b04b2a84d6d15e41bb7eaec68227,b70652dd0e7d59b9ad019fc65585db64c885294ff5f96ebdf2738aabf6e5f9ee,512,512,6076,0.0231781006,1.0000000000,3.6754784584,142,91,107,87,TRAIN_ONLY_SYNTHETIC_NG,NO,AUTO_PASS,NO,"{""attempt"":0,""effective_seed"":2007116835,""geometry"":{""rotation_deg"":2.349567,""scale"":1.010529,""translate_x"":10.178493,""translate_y"":7.035285},""instances_pre_transform"":[{""category"":""discoloration"",""category_id"":3,""recipe_subtype"":""broad_color_shift"",""severity"":""moderate"",""span_px"":[89.08,60.945],""surface"":""metal_tab""}],""photometric"":{""blur_radius"":0.59661,""brightness"":0.971936,""channel_gain_b"":0.963691,""channel_gain_g"":0.986098,""channel_gain_r"":0.977577,""contrast"":1.026358,""noise_sigma"":0.422262,""saturation"":1.041796},""recipe"":[""discoloration""],""severity"":""moderate""}"
syn-v1-450-discoloration-0009,synthetic/v1_450/images/discoloration/syn-v1-450-discoloration-0009.jpg,synthetic/v1_450/masks/discoloration/syn-v1-450-discoloration-0009.png,synthetic_restored,train,IMGGEN-CLEAN-BACK-V1,SYNTH-BASE-KIA7809AF-BACK-001,SPEC-A,back,discoloration,discoloration,mild,7809250,941903012,1.1.1,7cc6627693f1a190ee26cfdbda90e0c69510377724d9484d14996ca83b755ffc,cb5fed83f6415c3bb3f6c26fce8fee402b064f28c0ad1c03b1bdc5dfa8d1ad8a,866117ba3b3bd39a9d328d82035a9064ac0aeb99f94920682b06b563d7d9654a,56b77135900e0d22bfc8160f63e8fadc0254931d2ad609c490d0a18708e3d6ab,512,512,5315,0.0202751160,1.0000000000,4.7425189018,173,169,93,72,TRAIN_ONLY_SYNTHETIC_NG,NO,AUTO_PASS,NO,"{""attempt"":0,""effective_seed"":941903012,""geometry"":{""rotation_deg"":-1.290608,""scale"":0.949155,""translate_x"":-0.844941,""translate_y"":5.386626},""instances_pre_transform"":[{""category"":""discoloration"",""category_id"":3,""recipe_subtype"":""broad_color_shift"",""severity"":""mild"",""span_px"":[75.611,70.799],""surface"":""metal_tab""}],""photometric"":{""blur_radius"":0.050181,""brightness"":1.014805,""channel_gain_b"":1.015024,""channel_gain_g"":0.980928,""channel_gain_r"":0.978332,""contrast"":0.973187,""noise_sigma"":1.824416,""saturation"":1.044382},""recipe"":[""discoloration""],""severity"":""mild""}"
syn-v1-450-discoloration-0010,synthetic/v1_450/images/discoloration/syn-v1-450-discoloration-0010.jpg,synthetic/v1_450/masks/discoloration/syn-v1-450-discoloration-0010.png,synthetic_restored,train,IMGGEN-CLEAN-BACK-V1,SYNTH-BASE-KIA7809AF-BACK-001,SPEC-A,back,discoloration,discoloration,moderate,7809250,399784815,1.1.1,7cc6627693f1a190ee26cfdbda90e0c69510377724d9484d14996ca83b755ffc,cb5fed83f6415c3bb3f6c26fce8fee402b064f28c0ad1c03b1bdc5dfa8d1ad8a,b553c6207e5f07452bb054e87eb6b6417c8e1ae6e3e99abed418b39e06168ce9,38a390728cc6a1239c56d4e218c2ce01a77bb215c711dee3fd6cf850ba9ac688,512,512,6675,0.0254631042,1.0000000000,5.1281442642,183,102,123,84,TRAIN_ONLY_SYNTHETIC_NG,NO,AUTO_PASS,NO,"{""attempt"":0,""effective_seed"":399784815,""geometry"":{""rotation_deg"":5.318589,""scale"":0.963593,""translate_x"":-11.879068,""translate_y"":-0.501921},""instances_pre_transform"":[{""category"":""discoloration"",""category_id"":3,""recipe_subtype"":""broad_color_shift"",""severity"":""moderate"",""span_px"":[100.525,102.586],""surface"":""metal_tab""}],""photometric"":{""blur_radius"":0.813276,""brightness"":1.041812,""channel_gain_b"":0.972968,""channel_gain_g"":1.039923,""channel_gain_r"":1.034583,""contrast"":0.960236,""noise_sigma"":1.463739,""saturation"":0.978209},""recipe"":[""discoloration""],""severity"":""moderate""}"
syn-v1-450-discoloration-0011,synthetic/v1_450/images/discoloration/syn-v1-450-discoloration-0011.jpg,synthetic/v1_450/masks/discoloration/syn-v1-450-discoloration-0011.png,synthetic_restored,train,IMGGEN-CLEAN-BACK-V1,SYNTH-BASE-KIA7809AF-BACK-001,SPEC-A,back,discoloration,discoloration,moderate,7809250,582195744,1.1.1,7cc6627693f1a190ee26cfdbda90e0c69510377724d9484d14996ca83b755ffc,cb5fed83f6415c3bb3f6c26fce8fee402b064f28c0ad1c03b1bdc5dfa8d1ad8a,567c5691da41dd327e56d4a30403a58b67d59144d2a2ecfb8dab8adc793ae09e,8e56b1e24b3e076c99db6df7668962f9980e8660debe5ab0dcde9566d09c27b8,512,512,7325,0.0279426575,1.0000000000,8.7063694000,189,176,114,82,TRAIN_ONLY_SYNTHETIC_NG,NO,AUTO_PASS,NO,"{""attempt"":0,""effective_seed"":582195744,""geometry"":{""rotation_deg"":2.173695,""scale"":1.035411,""translate_x"":2.190267,""translate_y"":-10.462448},""instances_pre_transform"":[{""category"":""discoloration"",""category_id"":3,""recipe_subtype"":""broad_color_shift"",""severity"":""moderate"",""span_px"":[74.756,89.083],""surface"":""metal_tab""}],""photometric"":{""blur_radius"":0.061663,""brightness"":0.960285,""channel_gain_b"":1.038725,""channel_gain_g"":0.997595,""channel_gain_r"":1.0038,""contrast"":0.93304,""noise_sigma"":0.690219,""saturation"":1.008203},""recipe"":[""discoloration""],""severity"":""moderate""}"
syn-v1-450-discoloration-0012,synthetic/v1_450/images/discoloration/syn-v1-450-discoloration-0012.jpg,synthetic/v1_450/masks/discoloration/syn-v1-450-discoloration-0012.png,synthetic_restored,train,IMGGEN-CLEAN-BACK-V1,SYNTH-BASE-KIA7809AF-BACK-001,SPEC-A,back,discoloration,discoloration,mild,7809250,910503174,1.1.1,7cc6627693f1a190ee26cfdbda90e0c69510377724d9484d14996ca83b755ffc,cb5fed83f6415c3bb3f6c26fce8fee402b064f28c0ad1c03b1bdc5dfa8d1ad8a,4263929dc7736a833aba5fcaeccbf8b8dcc2a921cbc24ccd2f90a60bcbb1b756,7d2ce1f77dfccedd70915dcf82dbbc6dabed795128baab1e8a9d4ad0090440c8,512,512,5250,0.0200271606,1.0000000000,5.0840344429,242,148,72,85,TRAIN_ONLY_SYNTHETIC_NG,NO,AUTO_PASS,NO,"{""attempt"":0,""effective_seed"":910503174,""geometry"":{""rotation_deg"":-1.303731,""scale"":1.065168,""translate_x"":-3.549635,""translate_y"":9.486965},""instances_pre_transform"":[{""category"":""discoloration"",""category_id"":3,""recipe_subtype"":""broad_color_shift"",""severity"":""mild"",""span_px"":[47.096,61.548],""surface"":""metal_tab""}],""photometric"":{""blur_radius"":0.14975,""brightness"":1.043877,""channel_gain_b"":1.01088,""channel_gain_g"":0.980739,""channel_gain_r"":1.004424,""contrast"":1.012989,""noise_sigma"":2.652889,""saturation"":1.003665},""recipe"":[""discoloration""],""severity"":""mild""}"
syn-v1-450-discoloration-0013,synthetic/v1_450/images/discoloration/syn-v1-450-discoloration-0013.jpg,synthetic/v1_450/masks/discoloration/syn-v1-450-discoloration-0013.png,synthetic_restored,train,IMGGEN-CLEAN-BACK-V1,SYNTH-BASE-KIA7809AF-BACK-001,SPEC-A,back,discoloration,discoloration,mild,7809250,1581970299,1.1.1,7cc6627693f1a190ee26cfdbda90e0c69510377724d9484d14996ca83b755ffc,cb5fed83f6415c3bb3f6c26fce8fee402b064f28c0ad1c03b1bdc5dfa8d1ad8a,5792c7fe7a9f5b15ecf2d37109086987da7971ac43a0d38509ebfed680d02b3d,630a116cfdeda33889b5f8b2098291339d6174e52bc50707019417fc901ea24d,512,512,6049,0.0230751038,1.0000000000,4.3750948906,192,124,94,104,TRAIN_ONLY_SYNTHETIC_NG,NO,AUTO_PASS,NO,"{""attempt"":0,""effective_seed"":1581970299,""geometry"":{""rotation_deg"":1.511249,""scale"":0.997314,""translate_x"":5.34884,""translate_y"":-9.348156},""instances_pre_transform"":[{""category"":""discoloration"",""category_id"":3,""recipe_subtype"":""broad_color_shift"",""severity"":""mild"",""span_px"":[56.231,73.65],""surface"":""metal_tab""}],""photometric"":{""blur_radius"":0.325209,""brightness"":0.935191,""channel_gain_b"":0.970711,""channel_gain_g"":0.960529,""channel_gain_r"":1.019039,""contrast"":0.921608,""noise_sigma"":2.040272,""saturation"":0.971492},""recipe"":[""discoloration""],""severity"":""mild""}"
syn-v1-450-discoloration-0014,synthetic/v1_450/images/discoloration/syn-v1-450-discoloration-0014.jpg,synthetic/v1_450/masks/discoloration/syn-v1-450-discoloration-0014.png,synthetic_restored,train,IMGGEN-CLEAN-BACK-V1,SYNTH-BASE-KIA7809AF-BACK-001,SPEC-A,back,discoloration,discoloration,mild,7809250,434140154,1.1.1,7cc6627693f1a190ee26cfdbda90e0c69510377724d9484d14996ca83b755ffc,cb5fed83f6415c3bb3f6c26fce8fee402b064f28c0ad1c03b1bdc5dfa8d1ad8a,b42de59248ed3e26c3e91a992c6f35ee309a33a8cb46fe8e5a75a37b3475524a,2762c652b269283c0cc65f81a4e76e0082c6230416620239d510719caf8e8e47,512,512,2196,0.0083770752,1.0000000000,3.8650450706,236,214,69,39,TRAIN_ONLY_SYNTHETIC_NG,NO,AUTO_PASS,NO,"{""attempt"":0,""effective_seed"":434140154,""geometry"":{""rotation_deg"":-5.020006,""scale"":0.926447,""translate_x"":-0.453118,""translate_y"":-5.324198},""instances_pre_transform"":[{""category"":""discoloration"",""category_id"":3,""recipe_subtype"":""broad_color_shift"",""severity"":""mild"",""span_px"":[55.733,29.562],""surface"":""metal_tab""}],""photometric"":{""blur_radius"":0.555501,""brightness"":1.036651,""channel_gain_b"":1.027494,""channel_gain_g"":0.964154,""channel_gain_r"":1.019395,""contrast"":0.969884,""noise_sigma"":2.532913,""saturation"":0.988289},""recipe"":[""discoloration""],""severity"":""mild""}"
syn-v1-450-discoloration-0015,synthetic/v1_450/images/discoloration/syn-v1-450-discoloration-0015.jpg,synthetic/v1_450/masks/discoloration/syn-v1-450-discoloration-0015.png,synthetic_restored,train,IMGGEN-CLEAN-BACK-V1,SYNTH-BASE-KIA7809AF-BACK-001,SPEC-A,back,discoloration,discoloration,mild,7809250,1652836263,1.1.1,7cc6627693f1a190ee26cfdbda90e0c69510377724d9484d14996ca83b755ffc,cb5fed83f6415c3bb3f6c26fce8fee402b064f28c0ad1c03b1bdc5dfa8d1ad8a,69330bfa080040b465b07139dc10992e66b6b8f4e91d705551c62c9c95fdd5f1,d54265fa09ce7a623b4be03d9709751a009d15f5fac920cc212781356c699559,512,512,3303,0.0125999451,1.0000000000,7.4961824417,221,101,80,61,TRAIN_ONLY_SYNTHETIC_NG,NO,AUTO_PASS,NO,"{""attempt"":0,""effective_seed"":1652836263,""geometry"":{""rotation_deg"":3.802374,""scale"":0.944697,""translate_x"":-5.885067,""translate_y"":4.687465},""instances_pre_transform"":[{""category"":""discoloration"",""category_id"":3,""recipe_subtype"":""broad_color_shift"",""severity"":""mild"",""span_px"":[75.421,74.695],""surface"":""metal_tab""}],""photometric"":{""blur_radius"":0.165643,""brightness"":0.998238,""channel_gain_b"":1.000687,""channel_gain_g"":1.005626,""channel_gain_r"":0.972644,""contrast"":0.999301,""noise_sigma"":1.046811,""saturation"":1.000148},""recipe"":[""discoloration""],""severity"":""mild""}"
syn-v1-450-discoloration-0016,synthetic/v1_450/images/discoloration/syn-v1-450-discoloration-0016.jpg,synthetic/v1_450/masks/discoloration/syn-v1-450-discoloration-0016.png,synthetic_restored,train,IMGGEN-CLEAN-BACK-V1,SYNTH-BASE-KIA7809AF-BACK-001,SPEC-A,back,discoloration,discoloration,mild,7809250,552498377,1.1.1,7cc6627693f1a190ee26cfdbda90e0c69510377724d9484d14996ca83b755ffc,cb5fed83f6415c3bb3f6c26fce8fee402b064f28c0ad1c03b1bdc5dfa8d1ad8a,ed2baca61b769e2187b4c255d86fee3ed158fa877569b2fc207714ee754e3099,76a0a76f0efa2694ba9c21d3e48c027b169a5527af656cf5f6e2c119d67f6401,512,512,5607,0.0213890076,1.0000000000,12.5721607208,164,96,95,94,TRAIN_ONLY_SYNTHETIC_NG,NO,AUTO_PASS,NO,"{""attempt"":0,""effective_seed"":552498377,""geometry"":{""rotation_deg"":-0.94761,""scale"":1.071764,""translate_x"":-7.600894,""translate_y"":3.372607},""instances_pre_transform"":[{""category"":""discoloration"",""category_id"":3,""recipe_subtype"":""broad_color_shift"",""severity"":""mild"",""span_px"":[64.85,64.397],""surface"":""metal_tab""}],""photometric"":{""blur_radius"":0.251395,""brightness"":1.040926,""channel_gain_b"":0.994785,""channel_gain_g"":0.974424,""channel_gain_r"":1.017552,""contrast"":0.908865,""noise_sigma"":0.549589,""saturation"":0.965643},""recipe"":[""discoloration""],""severity"":""mild""}"
syn-v1-450-discoloration-0017,synthetic/v1_450/images/discoloration/syn-v1-450-discoloration-0017.jpg,synthetic/v1_450/masks/discoloration/syn-v1-450-discoloration-0017.png,synthetic_restored,train,IMGGEN-CLEAN-BACK-V1,SYNTH-BASE-KIA7809AF-BACK-001,SPEC-A,back,discoloration,discoloration,mild,7809250,1051249839,1.1.1,7cc6627693f1a190ee26cfdbda90e0c69510377724d9484d14996ca83b755ffc,cb5fed83f6415c3bb3f6c26fce8fee402b064f28c0ad1c03b1bdc5dfa8d1ad8a,d0992577c551a32ec128f65ece8035361bc73cb01e1dc9a8984715348a881663,337c1ac1674a91188d8fc9b813d153ed0c6f787549498eac35d3dd4691b16065,512,512,3866,0.0147476196,1.0000000000,7.0313973427,244,134,54,88,TRAIN_ONLY_SYNTHETIC_NG,NO,AUTO_PASS,NO,"{""attempt"":0,""effective_seed"":1051249839,""geometry"":{""rotation_deg"":1.192785,""scale"":0.92814,""translate_x"":2.782254,""translate_y"":11.542926},""instances_pre_transform"":[{""category"":""discoloration"",""category_id"":3,""recipe_subtype"":""broad_color_shift"",""severity"":""mild"",""span_px"":[69.463,62.196],""surface"":""metal_tab""}],""photometric"":{""blur_radius"":0.198248,""brightness"":1.025145,""channel_gain_b"":1.025889,""channel_gain_g"":1.032419,""channel_gain_r"":1.023622,""contrast"":0.981985,""noise_sigma"":1.633628,""saturation"":1.046188},""recipe"":[""discoloration""],""severity"":""mild""}"
syn-v1-450-discoloration-0018,synthetic/v1_450/images/discoloration/syn-v1-450-discoloration-0018.jpg,synthetic/v1_450/masks/discoloration/syn-v1-450-discoloration-0018.png,synthetic_restored,train,IMGGEN-CLEAN-BACK-V1,SYNTH-BASE-KIA7809AF-BACK-001,SPEC-A,back,discoloration,discoloration,mild,7809250,1409223702,1.1.1,7cc6627693f1a190ee26cfdbda90e0c69510377724d9484d14996ca83b755ffc,cb5fed83f6415c3bb3f6c26fce8fee402b064f28c0ad1c03b1bdc5dfa8d1ad8a,8d43c229e4e00a8f67830d7cf6a09f00dcf340c48d86196c324791d0a3bc9b64,b6e6af57fa7d91ada9b29e150821d22ef972c5caf4111bd1cd37bde1ac1e4087,512,512,2500,0.0095367432,1.0000000000,3.6710231304,259,108,46,72,TRAIN_ONLY_SYNTHETIC_NG,NO,AUTO_PASS,NO,"{""attempt"":0,""effective_seed"":1409223702,""geometry"":{""rotation_deg"":3.783439,""scale"":0.94149,""translate_x"":-8.366556,""translate_y"":7.417769},""instances_pre_transform"":[{""category"":""discoloration"",""category_id"":3,""recipe_subtype"":""broad_color_shift"",""severity"":""mild"",""span_px"":[45.576,48.267],""surface"":""metal_tab""}],""photometric"":{""blur_radius"":0.197599,""brightness"":1.044831,""channel_gain_b"":1.031953,""channel_gain_g"":1.019797,""channel_gain_r"":1.037483,""contrast"":0.983243,""noise_sigma"":0.740247,""saturation"":1.005204},""recipe"":[""discoloration""],""severity"":""mild""}"
syn-v1-450-discoloration-0019,synthetic/v1_450/images/discoloration/syn-v1-450-discoloration-0019.jpg,synthetic/v1_450/masks/discoloration/syn-v1-450-discoloration-0019.png,synthetic_restored,train,IMGGEN-CLEAN-BACK-V1,SYNTH-BASE-KIA7809AF-BACK-001,SPEC-A,back,discoloration,discoloration,moderate,7809250,1738929209,1.1.1,7cc6627693f1a190ee26cfdbda90e0c69510377724d9484d14996ca83b755ffc,cb5fed83f6415c3bb3f6c26fce8fee402b064f28c0ad1c03b1bdc5dfa8d1ad8a,b03226fbe5081b38e94562ae1e4695ebc888f96e7c68cee3cc7df7b044f85a20,a13b71e82eebb15b824f5138833681a12ec140a077ccc9c65936587c990d9c3b,512,512,4509,0.0172004700,1.0000000000,7.5599913597,148,164,74,81,TRAIN_ONLY_SYNTHETIC_NG,NO,AUTO_PASS,NO,"{""attempt"":0,""effective_seed"":1738929209,""geometry"":{""rotation_deg"":3.94795,""scale"":1.003627,""translate_x"":10.425187,""translate_y"":9.220039},""instances_pre_transform"":[{""category"":""discoloration"",""category_id"":3,""recipe_subtype"":""broad_color_shift"",""severity"":""moderate"",""span_px"":[61.859,89.985],""surface"":""metal_tab""}],""photometric"":{""blur_radius"":0.442855,""brightness"":1.017921,""channel_gain_b"":0.966639,""channel_gain_g"":0.992155,""channel_gain_r"":1.005708,""contrast"":1.059404,""noise_sigma"":0.279494,""saturation"":0.930685},""recipe"":[""discoloration""],""severity"":""moderate""}"
syn-v1-450-discoloration-0020,synthetic/v1_450/images/discoloration/syn-v1-450-discoloration-0020.jpg,synthetic/v1_450/masks/discoloration/syn-v1-450-discoloration-0020.png,synthetic_restored,train,IMGGEN-CLEAN-BACK-V1,SYNTH-BASE-KIA7809AF-BACK-001,SPEC-A,back,discoloration,discoloration,mild,7809250,660930993,1.1.1,7cc6627693f1a190ee26cfdbda90e0c69510377724d9484d14996ca83b755ffc,cb5fed83f6415c3bb3f6c26fce8fee402b064f28c0ad1c03b1bdc5dfa8d1ad8a,36f70054a2dc671016578654bcad50899b9b9cf2f3d6fbf15c1f745a50bd45b6,d324bdebac972a22739a8542ba71fb400e24144bad1c8ba21e3ef287c96126a4,512,512,2498,0.0095291138,1.0000000000,6.1177339554,182,98,79,45,TRAIN_ONLY_SYNTHETIC_NG,NO,AUTO_PASS,NO,"{""attempt"":0,""effective_seed"":660930993,""geometry"":{""rotation_deg"":-5.507799,""scale"":0.955667,""translate_x"":-7.355675,""translate_y"":1.824631},""instances_pre_transform"":[{""category"":""discoloration"",""category_id"":3,""recipe_subtype"":""broad_color_shift"",""severity"":""mild"",""span_px"":[52.168,43.982],""surface"":""metal_tab""}],""photometric"":{""blur_radius"":0.256131,""brightness"":0.944249,""channel_gain_b"":0.988967,""channel_gain_g"":1.001821,""channel_gain_r"":1.021881,""contrast"":0.960413,""noise_sigma"":1.494117,""saturation"":0.957725},""recipe"":[""discoloration""],""severity"":""mild""}"
syn-v1-450-discoloration-0021,synthetic/v1_450/images/discoloration/syn-v1-450-discoloration-0021.jpg,synthetic/v1_450/masks/discoloration/syn-v1-450-discoloration-0021.png,synthetic_restored,train,IMGGEN-CLEAN-BACK-V1,SYNTH-BASE-KIA7809AF-BACK-001,SPEC-A,back,discoloration,discoloration,mild,7809250,1569340245,1.1.1,7cc6627693f1a190ee26cfdbda90e0c69510377724d9484d14996ca83b755ffc,cb5fed83f6415c3bb3f6c26fce8fee402b064f28c0ad1c03b1bdc5dfa8d1ad8a,457f08de76ca7507bf0d1b9146bbdacecc4e80e84f78651592f8f60bfb5371a6,c3a374de4d0998c21ef3832f2f0438b42cda1caa2bc999f745b142d558ae1ec0,512,512,5286,0.0201644897,1.0000000000,4.7995305061,198,178,100,65,TRAIN_ONLY_SYNTHETIC_NG,NO,AUTO_PASS,NO,"{""attempt"":0,""effective_seed"":1569340245,""geometry"":{""rotation_deg"":2.029066,""scale"":0.938641,""translate_x"":3.480863,""translate_y"":5.553394},""instances_pre_transform"":[{""category"":""discoloration"",""category_id"":3,""recipe_subtype"":""broad_color_shift"",""severity"":""mild"",""span_px"":[81.332,68.768],""surface"":""metal_tab""}],""photometric"":{""blur_radius"":0.426305,""brightness"":1.058631,""channel_gain_b"":0.996532,""channel_gain_g"":0.967056,""channel_gain_r"":0.980872,""contrast"":1.027752,""noise_sigma"":1.706494,""saturation"":0.971125},""recipe"":[""discoloration""],""severity"":""mild""}"
syn-v1-450-discoloration-0022,synthetic/v1_450/images/discoloration/syn-v1-450-discoloration-0022.jpg,synthetic/v1_450/masks/discoloration/syn-v1-450-discoloration-0022.png,synthetic_restored,train,IMGGEN-CLEAN-BACK-V1,SYNTH-BASE-KIA7809AF-BACK-001,SPEC-A,back,discoloration,discoloration,mild,7809250,831462047,1.1.1,7cc6627693f1a190ee26cfdbda90e0c69510377724d9484d14996ca83b755ffc,cb5fed83f6415c3bb3f6c26fce8fee402b064f28c0ad1c03b1bdc5dfa8d1ad8a,6d433f329da4eb029ac197ed54540b31c62bb2721f1462108bfcea3244e17020,4734d1a7f6f659a6dbe26f0d06eddee47f7d6895b79e24a97bc592b2dd1447be,512,512,2040,0.0077819824,1.0000000000,11.5100784302,161,108,64,40,TRAIN_ONLY_SYNTHETIC_NG,NO,AUTO_PASS,NO,"{""attempt"":0,""effective_seed"":831462047,""geometry"":{""rotation_deg"":-1.094315,""scale"":0.951826,""translate_x"":7.1509,""translate_y"":-2.32181},""instances_pre_transform"":[{""category"":""discoloration"",""category_id"":3,""recipe_subtype"":""broad_color_shift"",""severity"":""mild"",""span_px"":[43.552,43.856],""surface"":""metal_tab""}],""photometric"":{""blur_radius"":0.531872,""brightness"":1.063201,""channel_gain_b"":0.967358,""channel_gain_g"":1.037436,""channel_gain_r"":1.027185,""contrast"":0.951302,""noise_sigma"":0.141796,""saturation"":1.061291},""recipe"":[""discoloration""],""severity"":""mild""}"
syn-v1-450-discoloration-0023,synthetic/v1_450/images/discoloration/syn-v1-450-discoloration-0023.jpg,synthetic/v1_450/masks/discoloration/syn-v1-450-discoloration-0023.png,synthetic_restored,train,IMGGEN-CLEAN-BACK-V1,SYNTH-BASE-KIA7809AF-BACK-001,SPEC-A,back,discoloration,discoloration,mild,7809250,1247948122,1.1.1,7cc6627693f1a190ee26cfdbda90e0c69510377724d9484d14996ca83b755ffc,cb5fed83f6415c3bb3f6c26fce8fee402b064f28c0ad1c03b1bdc5dfa8d1ad8a,4d590b5863d32b47ab9acbfc0755ee74b7b7fce860c5c95051698dc88068bf1b,6750cd9a08767faf1d8a6038cd1222f20d8b204768f8b7130785238af463b182,512,512,4821,0.0183906555,1.0000000000,14.1511020660,208,107,96,79,TRAIN_ONLY_SYNTHETIC_NG,NO,AUTO_PASS,NO,"{""attempt"":0,""effective_seed"":1247948122,""geometry"":{""rotation_deg"":1.533566,""scale"":0.953404,""translate_x"":-4.557069,""translate_y"":-1.025599},""instances_pre_transform"":[{""category"":""discoloration"",""category_id"":3,""recipe_subtype"":""broad_color_shift"",""severity"":""mild"",""span_px"":[79.971,64.88],""surface"":""metal_tab""}],""photometric"":{""blur_radius"":0.586901,""brightness"":0.958765,""channel_gain_b"":0.975466,""channel_gain_g"":0.965102,""channel_gain_r"":0.966139,""contrast"":0.955599,""noise_sigma"":0.592975,""saturation"":0.942966},""recipe"":[""discoloration""],""severity"":""mild""}"
syn-v1-450-discoloration-0024,synthetic/v1_450/images/discoloration/syn-v1-450-discoloration-0024.jpg,synthetic/v1_450/masks/discoloration/syn-v1-450-discoloration-0024.png,synthetic_restored,train,IMGGEN-CLEAN-BACK-V1,SYNTH-BASE-KIA7809AF-BACK-001,SPEC-A,back,discoloration,discoloration,severe,7809250,692568708,1.1.1,7cc6627693f1a190ee26cfdbda90e0c69510377724d9484d14996ca83b755ffc,cb5fed83f6415c3bb3f6c26fce8fee402b064f28c0ad1c03b1bdc5dfa8d1ad8a,f53e115a6a02ab4302641e917b91a382264e2f3ebc188c29decee83bf2b57d57,0dadc63c9799ba4a23bf622648ed1c587f72d53120c3adeceb077b6fb7fe7593,512,512,8064,0.0307617188,1.0000000000,4.3266034126,190,167,114,92,TRAIN_ONLY_SYNTHETIC_NG,NO,AUTO_PASS,NO,"{""attempt"":0,""effective_seed"":692568708,""geometry"":{""rotation_deg"":6.885498,""scale"":0.951476,""translate_x"":-2.849304,""translate_y"":-5.659117},""instances_pre_transform"":[{""category"":""discoloration"",""category_id"":3,""recipe_subtype"":""broad_color_shift"",""severity"":""severe"",""span_px"":[121.246,73.609],""surface"":""metal_tab""}],""photometric"":{""blur_radius"":0.222008,""brightness"":0.97753,""channel_gain_b"":1.007968,""channel_gain_g"":0.972212,""channel_gain_r"":0.990546,""contrast"":1.076986,""noise_sigma"":2.937611,""saturation"":0.923265},""recipe"":[""discoloration""],""severity"":""severe""}"
syn-v1-450-discoloration-0025,synthetic/v1_450/images/discoloration/syn-v1-450-discoloration-0025.jpg,synthetic/v1_450/masks/discoloration/syn-v1-450-discoloration-0025.png,synthetic_restored,train,IMGGEN-CLEAN-BACK-V1,SYNTH-BASE-KIA7809AF-BACK-001,SPEC-A,back,discoloration,discoloration,mild,7809250,839152396,1.1.1,7cc6627693f1a190ee26cfdbda90e0c69510377724d9484d14996ca83b755ffc,cb5fed83f6415c3bb3f6c26fce8fee402b064f28c0ad1c03b1bdc5dfa8d1ad8a,13bbf0e805ee7bdf253aa9af4d7caf8a7e23237c896adc5936234531edc5a113,5ade3e0c8ba35e63d758b5a6829aceb53a2ee421f31a6590ae27c35f7fd2c898,512,512,3355,0.0127983093,1.0000000000,3.5710217953,215,186,80,58,TRAIN_ONLY_SYNTHETIC_NG,NO,AUTO_PASS,NO,"{""attempt"":0,""effective_seed"":839152396,""geometry"":{""rotation_deg"":3.335897,""scale"":1.033099,""translate_x"":-4.020644,""translate_y"":5.259713},""instances_pre_transform"":[{""category"":""discoloration"",""category_id"":3,""recipe_subtype"":""broad_color_shift"",""severity"":""mild"",""span_px"":[41.973,65.533],""surface"":""metal_tab""}],""photometric"":{""blur_radius"":0.805863,""brightness"":1.001095,""channel_gain_b"":1.002765,""channel_gain_g"":0.970403,""channel_gain_r"":1.030849,""contrast"":1.064709,""noise_sigma"":1.425174,""saturation"":1.068179},""recipe"":[""discoloration""],""severity"":""mild""}"
syn-v1-450-discoloration-0026,synthetic/v1_450/images/discoloration/syn-v1-450-discoloration-0026.jpg,synthetic/v1_450/masks/discoloration/syn-v1-450-discoloration-0026.png,synthetic_restored,train,IMGGEN-CLEAN-BACK-V1,SYNTH-BASE-KIA7809AF-BACK-001,SPEC-A,back,discoloration,discoloration,mild,7809250,486186856,1.1.1,7cc6627693f1a190ee26cfdbda90e0c69510377724d9484d14996ca83b755ffc,cb5fed83f6415c3bb3f6c26fce8fee402b064f28c0ad1c03b1bdc5dfa8d1ad8a,5da5a0ff7e5e5162094dd69c30db92f88a4830f72529f7f7c3d4df7542d2becb,a6fe906aef63a3b06ef8b8e01b4143c36434068d4d0de630a12df1860e788fab,512,512,1949,0.0074348450,1.0000000000,5.6609954834,203,98,66,39,TRAIN_ONLY_SYNTHETIC_NG,NO,AUTO_PASS,NO,"{""attempt"":0,""effective_seed"":486186856,""geometry"":{""rotation_deg"":3.648613,""scale"":0.961091,""translate_x"":-5.802247,""translate_y"":7.817928},""instances_pre_transform"":[{""category"":""discoloration"",""category_id"":3,""recipe_subtype"":""broad_color_shift"",""severity"":""mild"",""span_px"":[41.868,45.484],""surface"":""metal_tab""}],""photometric"":{""blur_radius"":0.314638,""brightness"":0.987144,""channel_gain_b"":0.972295,""channel_gain_g"":0.993339,""channel_gain_r"":1.009074,""contrast"":1.096312,""noise_sigma"":1.405991,""saturation"":1.031501},""recipe"":[""discoloration""],""severity"":""mild""}"
syn-v1-450-discoloration-0027,synthetic/v1_450/images/discoloration/syn-v1-450-discoloration-0027.jpg,synthetic/v1_450/masks/discoloration/syn-v1-450-discoloration-0027.png,synthetic_restored,train,IMGGEN-CLEAN-BACK-V1,SYNTH-BASE-KIA7809AF-BACK-001,SPEC-A,back,discoloration,discoloration,moderate,7809250,1808398876,1.1.1,7cc6627693f1a190ee26cfdbda90e0c69510377724d9484d14996ca83b755ffc,cb5fed83f6415c3bb3f6c26fce8fee402b064f28c0ad1c03b1bdc5dfa8d1ad8a,dec64fb6641114489f2905e75063cdb880f583db22664e842f008a70aecd586c,f6b8c6d3293fabb92b7a4947e1a57b00e6323e906ff6f9f6d16605c90bda93b8,512,512,5189,0.0197944641,1.0000000000,6.0341377258,136,94,92,89,TRAIN_ONLY_SYNTHETIC_NG,NO,AUTO_PASS,NO,"{""attempt"":0,""effective_seed"":1808398876,""geometry"":{""rotation_deg"":7.134508,""scale"":1.026449,""translate_x"":4.26598,""translate_y"":3.093163},""instances_pre_transform"":[{""category"":""discoloration"",""category_id"":3,""recipe_subtype"":""broad_color_shift"",""severity"":""moderate"",""span_px"":[77.798,80.284],""surface"":""metal_tab""}],""photometric"":{""blur_radius"":0.088728,""brightness"":1.035339,""channel_gain_b"":0.996306,""channel_gain_g"":0.960051,""channel_gain_r"":1.00601,""contrast"":0.926128,""noise_sigma"":2.130193,""saturation"":0.964825},""recipe"":[""discoloration""],""severity"":""moderate""}"
syn-v1-450-discoloration-0028,synthetic/v1_450/images/discoloration/syn-v1-450-discoloration-0028.jpg,synthetic/v1_450/masks/discoloration/syn-v1-450-discoloration-0028.png,synthetic_restored,train,IMGGEN-CLEAN-BACK-V1,SYNTH-BASE-KIA7809AF-BACK-001,SPEC-A,back,discoloration,discoloration,mild,7809250,1883571724,1.1.1,7cc6627693f1a190ee26cfdbda90e0c69510377724d9484d14996ca83b755ffc,cb5fed83f6415c3bb3f6c26fce8fee402b064f28c0ad1c03b1bdc5dfa8d1ad8a,eeeeb3c7396e74421c27812a2551182aa495ad7d1d1d7afb098e0d711a96c46e,77dffd1d220973602f0eae8df2cea6ed2475c473dd01e4fb9ca79212392dfebb,512,512,3355,0.0127983093,1.0000000000,6.7370605469,202,156,76,69,TRAIN_ONLY_SYNTHETIC_NG,NO,AUTO_PASS,NO,"{""attempt"":0,""effective_seed"":1883571724,""geometry"":{""rotation_deg"":6.061645,""scale"":0.987541,""translate_x"":-8.54928,""translate_y"":-8.442521},""instances_pre_transform"":[{""category"":""discoloration"",""category_id"":3,""recipe_subtype"":""broad_color_shift"",""severity"":""mild"",""span_px"":[62.955,56.154],""surface"":""metal_tab""}],""photometric"":{""blur_radius"":0.313542,""brightness"":1.032294,""channel_gain_b"":1.013013,""channel_gain_g"":0.969389,""channel_gain_r"":1.012885,""contrast"":1.004099,""noise_sigma"":2.589087,""saturation"":1.057732},""recipe"":[""discoloration""],""severity"":""mild""}"
syn-v1-450-discoloration-0029,synthetic/v1_450/images/discoloration/syn-v1-450-discoloration-0029.jpg,synthetic/v1_450/masks/discoloration/syn-v1-450-discoloration-0029.png,synthetic_restored,train,IMGGEN-CLEAN-BACK-V1,SYNTH-BASE-KIA7809AF-BACK-001,SPEC-A,back,discoloration,discoloration,moderate,7809250,989497825,1.1.1,7cc6627693f1a190ee26cfdbda90e0c69510377724d9484d14996ca83b755ffc,cb5fed83f6415c3bb3f6c26fce8fee402b064f28c0ad1c03b1bdc5dfa8d1ad8a,e8fed83447b7a0252b6aa99e445bb6e6b9d083afd3a15e991e58f8ce2d9f6141,54d339fae1b1e862b9b96ed4e307a1065ae271f403c2fab94a17299f2d771585,512,512,3405,0.0129890442,1.0000000000,4.8635263443,188,97,107,52,TRAIN_ONLY_SYNTHETIC_NG,NO,AUTO_PASS,NO,"{""attempt"":0,""effective_seed"":989497825,""geometry"":{""rotation_deg"":3.28708,""scale"":0.994433,""translate_x"":-10.278173,""translate_y"":0.557039},""instances_pre_transform"":[{""category"":""discoloration"",""category_id"":3,""recipe_subtype"":""broad_color_shift"",""severity"":""moderate"",""span_px"":[83.181,60.595],""surface"":""metal_tab""}],""photometric"":{""blur_radius"":0.779297,""brightness"":0.941499,""channel_gain_b"":0.976633,""channel_gain_g"":0.967002,""channel_gain_r"":1.02337,""contrast"":0.960338,""noise_sigma"":1.156015,""saturation"":1.040975},""recipe"":[""discoloration""],""severity"":""moderate""}"
syn-v1-450-discoloration-0030,synthetic/v1_450/images/discoloration/syn-v1-450-discoloration-0030.jpg,synthetic/v1_450/masks/discoloration/syn-v1-450-discoloration-0030.png,synthetic_restored,train,IMGGEN-CLEAN-BACK-V1,SYNTH-BASE-KIA7809AF-BACK-001,SPEC-A,back,discoloration,discoloration,mild,7809250,1914051705,1.1.1,7cc6627693f1a190ee26cfdbda90e0c69510377724d9484d14996ca83b755ffc,cb5fed83f6415c3bb3f6c26fce8fee402b064f28c0ad1c03b1bdc5dfa8d1ad8a,8b7c9a58e0815459de409d894f04b55d349f45b23dbc2c5e81c800767c38e2a1,615c5366f4f1bdb4047c6c87e97224422439ba5a52a414cfed2156b91f45e5e7,512,512,4239,0.0161705017,1.0000000000,5.3919916153,156,92,65,98,TRAIN_ONLY_SYNTHETIC_NG,NO,AUTO_PASS,NO,"{""attempt"":0,""effective_seed"":1914051705,""geometry"":{""rotation_deg"":-2.969726,""scale"":1.026612,""translate_x"":6.460246,""translate_y"":0.339714},""instances_pre_transform"":[{""category"":""discoloration"",""category_id"":3,""recipe_subtype"":""broad_color_shift"",""severity"":""mild"",""span_px"":[69.371,72.167],""surface"":""metal_tab""}],""photometric"":{""blur_radius"":0.470436,""brightness"":1.038412,""channel_gain_b"":1.012745,""channel_gain_g"":1.024993,""channel_gain_r"":0.991363,""contrast"":0.933815,""noise_sigma"":2.202506,""saturation"":1.016566},""recipe"":[""discoloration""],""severity"":""mild""}"
syn-v1-450-discoloration-0031,synthetic/v1_450/images/discoloration/syn-v1-450-discoloration-0031.jpg,synthetic/v1_450/masks/discoloration/syn-v1-450-discoloration-0031.png,synthetic_restored,train,IMGGEN-CLEAN-BACK-V1,SYNTH-BASE-KIA7809AF-BACK-001,SPEC-A,back,discoloration,discoloration,moderate,7809250,362871044,1.1.1,7cc6627693f1a190ee26cfdbda90e0c69510377724d9484d14996ca83b755ffc,cb5fed83f6415c3bb3f6c26fce8fee402b064f28c0ad1c03b1bdc5dfa8d1ad8a,21e5f0bfbe68d1d6608debe4e703669caf130a88c00471dae979ade628fb5e5d,b209d207f1fd1b343223e33346c85aef9c0e69e186db47600fbee86458009b23,512,512,9145,0.0348854065,1.0000000000,7.0407509804,183,133,114,114,TRAIN_ONLY_SYNTHETIC_NG,NO,AUTO_PASS,NO,"{""attempt"":0,""effective_seed"":362871044,""geometry"":{""rotation_deg"":-5.604102,""scale"":0.955599,""translate_x"":-10.477311,""translate_y"":-2.346502},""instances_pre_transform"":[{""category"":""discoloration"",""category_id"":3,""recipe_subtype"":""broad_color_shift"",""severity"":""moderate"",""span_px"":[103.177,85.779],""surface"":""metal_tab""}],""photometric"":{""blur_radius"":0.863472,""brightness"":0.977384,""channel_gain_b"":0.965967,""channel_gain_g"":0.968571,""channel_gain_r"":0.977921,""contrast"":0.958294,""noise_sigma"":0.673648,""saturation"":1.07369},""recipe"":[""discoloration""],""severity"":""moderate""}"
syn-v1-450-discoloration-0032,synthetic/v1_450/images/discoloration/syn-v1-450-discoloration-0032.jpg,synthetic/v1_450/masks/discoloration/syn-v1-450-discoloration-0032.png,synthetic_restored,train,IMGGEN-CLEAN-BACK-V1,SYNTH-BASE-KIA7809AF-BACK-001,SPEC-A,back,discoloration,discoloration,mild,7809250,1186194886,1.1.1,7cc6627693f1a190ee26cfdbda90e0c69510377724d9484d14996ca83b755ffc,cb5fed83f6415c3bb3f6c26fce8fee402b064f28c0ad1c03b1bdc5dfa8d1ad8a,afe1230826ef14167ccc4c37e97b389c3460bf3bfe1809014f1de1a66145192f,ed66264097cee11f6b7133f6952025986f71b5e953120265faa90fabbf5a1085,512,512,2421,0.0092353821,1.0000000000,4.1977143288,270,148,43,70,TRAIN_ONLY_SYNTHETIC_NG,NO,AUTO_PASS,NO,"{""attempt"":0,""effective_seed"":1186194886,""geometry"":{""rotation_deg"":-0.284475,""scale"":0.995419,""translate_x"":-6.686371,""translate_y"":-9.725084},""instances_pre_transform"":[{""category"":""discoloration"",""category_id"":3,""recipe_subtype"":""broad_color_shift"",""severity"":""mild"",""span_px"":[40.631,39.053],""surface"":""metal_tab""}],""photometric"":{""blur_radius"":0.061119,""brightness"":0.982474,""channel_gain_b"":0.961402,""channel_gain_g"":0.960583,""channel_gain_r"":1.004758,""contrast"":1.066239,""noise_sigma"":0.230721,""saturation"":1.070603},""recipe"":[""discoloration""],""severity"":""mild""}"
syn-v1-450-discoloration-0033,synthetic/v1_450/images/discoloration/syn-v1-450-discoloration-0033.jpg,synthetic/v1_450/masks/discoloration/syn-v1-450-discoloration-0033.png,synthetic_restored,train,IMGGEN-CLEAN-BACK-V1,SYNTH-BASE-KIA7809AF-BACK-001,SPEC-A,back,discoloration,discoloration,mild,7809250,432355322,1.1.1,7cc6627693f1a190ee26cfdbda90e0c69510377724d9484d14996ca83b755ffc,cb5fed83f6415c3bb3f6c26fce8fee402b064f28c0ad1c03b1bdc5dfa8d1ad8a,76c9f64f5b31777502b51aa21775ef1d7bb675a9448c6af8c5ecc8ca9f959126,dbb72cc35049abe9fe24daed46cb4f125a39ed18265041922d53619f92dabc1b,512,512,4399,0.0167808533,1.0000000000,4.7514014244,214,176,94,64,TRAIN_ONLY_SYNTHETIC_NG,NO,AUTO_PASS,NO,"{""attempt"":0,""effective_seed"":432355322,""geometry"":{""rotation_deg"":7.837916,""scale"":1.042774,""translate_x"":-2.282473,""translate_y"":10.797933},""instances_pre_transform"":[{""category"":""discoloration"",""category_id"":3,""recipe_subtype"":""broad_color_shift"",""severity"":""mild"",""span_px"":[82.677,36.669],""surface"":""metal_tab""}],""photometric"":{""blur_radius"":0.23269,""brightness"":1.027384,""channel_gain_b"":1.023296,""channel_gain_g"":1.014677,""channel_gain_r"":0.999967,""contrast"":1.025751,""noise_sigma"":2.458635,""saturation"":1.024035},""recipe"":[""discoloration""],""severity"":""mild""}"
syn-v1-450-discoloration-0034,synthetic/v1_450/images/discoloration/syn-v1-450-discoloration-0034.jpg,synthetic/v1_450/masks/discoloration/syn-v1-450-discoloration-0034.png,synthetic_restored,train,IMGGEN-CLEAN-BACK-V1,SYNTH-BASE-KIA7809AF-BACK-001,SPEC-A,back,discoloration,discoloration,mild,7809250,1483711475,1.1.1,7cc6627693f1a190ee26cfdbda90e0c69510377724d9484d14996ca83b755ffc,cb5fed83f6415c3bb3f6c26fce8fee402b064f28c0ad1c03b1bdc5dfa8d1ad8a,a9437cdfe9c32d20a6250f5772c74f3048e0e427ebd037ce19322b441fdaa18b,b29286c68a7af6b37ac3bc09afe3e994c842bdf0b5696cf54a179ee1824dea65,512,512,5245,0.0200080872,1.0000000000,4.8632321358,168,165,84,74,TRAIN_ONLY_SYNTHETIC_NG,NO,AUTO_PASS,NO,"{""attempt"":0,""effective_seed"":1483711475,""geometry"":{""rotation_deg"":-3.162731,""scale"":0.943093,""translate_x"":4.283428,""translate_y"":5.591176},""instances_pre_transform"":[{""category"":""discoloration"",""category_id"":3,""recipe_subtype"":""broad_color_shift"",""severity"":""mild"",""span_px"":[76.994,51.785],""surface"":""metal_tab""}],""photometric"":{""blur_radius"":0.593998,""brightness"":1.001127,""channel_gain_b"":1.029613,""channel_gain_g"":1.010015,""channel_gain_r"":0.973739,""contrast"":1.074427,""noise_sigma"":0.943013,""saturation"":1.002432},""recipe"":[""discoloration""],""severity"":""mild""}"
syn-v1-450-discoloration-0035,synthetic/v1_450/images/discoloration/syn-v1-450-discoloration-0035.jpg,synthetic/v1_450/masks/discoloration/syn-v1-450-discoloration-0035.png,synthetic_restored,train,IMGGEN-CLEAN-BACK-V1,SYNTH-BASE-KIA7809AF-BACK-001,SPEC-A,back,discoloration,discoloration,moderate,7809250,1781555351,1.1.1,7cc6627693f1a190ee26cfdbda90e0c69510377724d9484d14996ca83b755ffc,cb5fed83f6415c3bb3f6c26fce8fee402b064f28c0ad1c03b1bdc5dfa8d1ad8a,855ee6a214d784a690be716b05dfd7cc2cc9238e856eca64cbb37e053d2cc412,d3b182ac30d4a7f786ff1e8c85876834844c94069af4a7ffd6f88b6486b3ed34,512,512,7013,0.0267524719,1.0000000000,6.8624844551,222,95,81,123,TRAIN_ONLY_SYNTHETIC_NG,NO,AUTO_PASS,NO,"{""attempt"":0,""effective_seed"":1781555351,""geometry"":{""rotation_deg"":2.552247,""scale"":0.978636,""translate_x"":0.591061,""translate_y"":6.772789},""instances_pre_transform"":[{""category"":""discoloration"",""category_id"":3,""recipe_subtype"":""broad_color_shift"",""severity"":""moderate"",""span_px"":[95.846,99.171],""surface"":""metal_tab""}],""photometric"":{""blur_radius"":0.519408,""brightness"":1.030089,""channel_gain_b"":1.021404,""channel_gain_g"":0.960453,""channel_gain_r"":1.000853,""contrast"":1.047441,""noise_sigma"":0.892016,""saturation"":0.920118},""recipe"":[""discoloration""],""severity"":""moderate""}"
syn-v1-450-discoloration-0036,synthetic/v1_450/images/discoloration/syn-v1-450-discoloration-0036.jpg,synthetic/v1_450/masks/discoloration/syn-v1-450-discoloration-0036.png,synthetic_restored,train,IMGGEN-CLEAN-BACK-V1,SYNTH-BASE-KIA7809AF-BACK-001,SPEC-A,back,discoloration,discoloration,mild,7809250,736661413,1.1.1,7cc6627693f1a190ee26cfdbda90e0c69510377724d9484d14996ca83b755ffc,cb5fed83f6415c3bb3f6c26fce8fee402b064f28c0ad1c03b1bdc5dfa8d1ad8a,6a3f80e184a52fd145f7e7a6faaabb5f425776e3ce4e2e3533750c4daaec3b75,f633a10096d86f35477b9555757fa5956377b038647336a94a83134cf5360832,512,512,3166,0.0120773315,1.0000000000,4.6230988503,162,191,61,67,TRAIN_ONLY_SYNTHETIC_NG,NO,AUTO_PASS,NO,"{""attempt"":0,""effective_seed"":736661413,""geometry"":{""rotation_deg"":2.646729,""scale"":1.012293,""translate_x"":-1.83074,""translate_y"":-6.068937},""instances_pre_transform"":[{""category"":""discoloration"",""category_id"":3,""recipe_subtype"":""broad_color_shift"",""severity"":""mild"",""span_px"":[62.651,48.679],""surface"":""metal_tab""}],""photometric"":{""blur_radius"":0.072387,""brightness"":0.948475,""channel_gain_b"":1.017689,""channel_gain_g"":0.981874,""channel_gain_r"":0.969945,""contrast"":0.99074,""noise_sigma"":0.172608,""saturation"":1.053487},""recipe"":[""discoloration""],""severity"":""mild""}"
syn-v1-450-discoloration-0037,synthetic/v1_450/images/discoloration/syn-v1-450-discoloration-0037.jpg,synthetic/v1_450/masks/discoloration/syn-v1-450-discoloration-0037.png,synthetic_restored,train,IMGGEN-CLEAN-BACK-V1,SYNTH-BASE-KIA7809AF-BACK-001,SPEC-A,back,discoloration,discoloration,severe,7809250,189881744,1.1.1,7cc6627693f1a190ee26cfdbda90e0c69510377724d9484d14996ca83b755ffc,cb5fed83f6415c3bb3f6c26fce8fee402b064f28c0ad1c03b1bdc5dfa8d1ad8a,b9c5c8fd3aa8ed2fe1cd0788db7da26c5b426716676a4d32da8e2d7a47fd48ae,c16edd1886d45867a67fe517476f3192c984e8e9fafab631f62730c4bd38e589,512,512,4545,0.0173377991,1.0000000000,6.8631725311,162,112,74,85,TRAIN_ONLY_SYNTHETIC_NG,NO,AUTO_PASS,NO,"{""attempt"":0,""effective_seed"":189881744,""geometry"":{""rotation_deg"":0.994886,""scale"":0.948416,""translate_x"":0.011006,""translate_y"":-4.484783},""instances_pre_transform"":[{""category"":""discoloration"",""category_id"":3,""recipe_subtype"":""broad_color_shift"",""severity"":""severe"",""span_px"":[86.049,90.653],""surface"":""metal_tab""}],""photometric"":{""blur_radius"":0.671446,""brightness"":1.066001,""channel_gain_b"":1.025063,""channel_gain_g"":0.962047,""channel_gain_r"":1.031232,""contrast"":0.910738,""noise_sigma"":2.335797,""saturation"":1.029592},""recipe"":[""discoloration""],""severity"":""severe""}"
syn-v1-450-discoloration-0038,synthetic/v1_450/images/discoloration/syn-v1-450-discoloration-0038.jpg,synthetic/v1_450/masks/discoloration/syn-v1-450-discoloration-0038.png,synthetic_restored,train,IMGGEN-CLEAN-BACK-V1,SYNTH-BASE-KIA7809AF-BACK-001,SPEC-A,back,discoloration,discoloration,mild,7809250,1793363123,1.1.1,7cc6627693f1a190ee26cfdbda90e0c69510377724d9484d14996ca83b755ffc,cb5fed83f6415c3bb3f6c26fce8fee402b064f28c0ad1c03b1bdc5dfa8d1ad8a,04f18857bc5effedbadcfe1a705b2df61d4f975880bee93625da8cd79d561bac,942b61c7e53e6f30a2df449f6d04121eee0b8a0708372445dbbccd4bde8e173f,512,512,5482,0.0209121704,1.0000000000,5.4626326561,204,144,104,70,TRAIN_ONLY_SYNTHETIC_NG,NO,AUTO_PASS,NO,"{""attempt"":0,""effective_seed"":1793363123,""geometry"":{""rotation_deg"":-2.225149,""scale"":0.944154,""translate_x"":-8.04787,""translate_y"":11.611879},""instances_pre_transform"":[{""category"":""discoloration"",""category_id"":3,""recipe_subtype"":""broad_color_shift"",""severity"":""mild"",""span_px"":[82.222,48.305],""surface"":""metal_tab""}],""photometric"":{""blur_radius"":0.756109,""brightness"":1.04093,""channel_gain_b"":0.978264,""channel_gain_g"":1.002612,""channel_gain_r"":1.023149,""contrast"":1.089822,""noise_sigma"":2.172589,""saturation"":1.003941},""recipe"":[""discoloration""],""severity"":""mild""}"
syn-v1-450-discoloration-0039,synthetic/v1_450/images/discoloration/syn-v1-450-discoloration-0039.jpg,synthetic/v1_450/masks/discoloration/syn-v1-450-discoloration-0039.png,synthetic_restored,train,IMGGEN-CLEAN-BACK-V1,SYNTH-BASE-KIA7809AF-BACK-001,SPEC-A,back,discoloration,discoloration,mild,7809250,2029335359,1.1.1,7cc6627693f1a190ee26cfdbda90e0c69510377724d9484d14996ca83b755ffc,cb5fed83f6415c3bb3f6c26fce8fee402b064f28c0ad1c03b1bdc5dfa8d1ad8a,a9b1ea9a9411815f3b93c9847f4567f692bc2068f68c9160b7b338f64d52117e,c3d3e2b4537bbb46d1da3bd477103b32927e61f610ac1a54b903bfcf64f5161e,512,512,4457,0.0170021057,1.0000000000,10.2733955383,229,77,79,85,TRAIN_ONLY_SYNTHETIC_NG,NO,AUTO_PASS,NO,"{""attempt"":0,""effective_seed"":2029335359,""geometry"":{""rotation_deg"":7.311143,""scale"":1.063885,""translate_x"":-11.11758,""translate_y"":8.332001},""instances_pre_transform"":[{""category"":""discoloration"",""category_id"":3,""recipe_subtype"":""broad_color_shift"",""severity"":""mild"",""span_px"":[56.699,67.893],""surface"":""metal_tab""}],""photometric"":{""blur_radius"":0.56283,""brightness"":0.959897,""channel_gain_b"":0.99681,""channel_gain_g"":1.004082,""channel_gain_r"":0.97042,""contrast"":1.064495,""noise_sigma"":0.496333,""saturation"":0.953855},""recipe"":[""discoloration""],""severity"":""mild""}"
syn-v1-450-discoloration-0040,synthetic/v1_450/images/discoloration/syn-v1-450-discoloration-0040.jpg,synthetic/v1_450/masks/discoloration/syn-v1-450-discoloration-0040.png,synthetic_restored,train,IMGGEN-CLEAN-BACK-V1,SYNTH-BASE-KIA7809AF-BACK-001,SPEC-A,back,discoloration,discoloration,mild,7809250,519305968,1.1.1,7cc6627693f1a190ee26cfdbda90e0c69510377724d9484d14996ca83b755ffc,cb5fed83f6415c3bb3f6c26fce8fee402b064f28c0ad1c03b1bdc5dfa8d1ad8a,890994029c31e3c5bcff3c8007817f28d13782291728ec230a81301a4fde42ef,7d9590668314615b1a17ec47683f1200dcd5c71a7b9a2f90e5ca300a3a6883cb,512,512,4131,0.0157585144,1.0000000000,5.1257729530,196,145,82,79,TRAIN_ONLY_SYNTHETIC_NG,NO,AUTO_PASS,NO,"{""attempt"":3,""effective_seed"":519620155,""geometry"":{""rotation_deg"":6.198226,""scale"":0.982304,""translate_x"":2.369269,""translate_y"":-3.218439},""instances_pre_transform"":[{""category"":""discoloration"",""category_id"":3,""recipe_subtype"":""broad_color_shift"",""severity"":""mild"",""span_px"":[49.436,43.473],""surface"":""metal_tab""}],""photometric"":{""blur_radius"":0.817934,""brightness"":0.931468,""channel_gain_b"":1.027291,""channel_gain_g"":0.967886,""channel_gain_r"":1.006101,""contrast"":0.902786,""noise_sigma"":0.987466,""saturation"":1.049779},""recipe"":[""discoloration""],""severity"":""mild""}"
syn-v1-450-discoloration-0041,synthetic/v1_450/images/discoloration/syn-v1-450-discoloration-0041.jpg,synthetic/v1_450/masks/discoloration/syn-v1-450-discoloration-0041.png,synthetic_restored,train,IMGGEN-CLEAN-BACK-V1,SYNTH-BASE-KIA7809AF-BACK-001,SPEC-A,back,discoloration,discoloration,mild,7809250,923349780,1.1.1,7cc6627693f1a190ee26cfdbda90e0c69510377724d9484d14996ca83b755ffc,cb5fed83f6415c3bb3f6c26fce8fee402b064f28c0ad1c03b1bdc5dfa8d1ad8a,6b0637fdbf8ee8d659c7b6ca3b4c17bea80727368d2f9c972b027dd6f6ca7319,f637674d71b9560182ec84bbf4289ed595b95381038d528bcbb9b9e497ae45ed,512,512,2786,0.0106277466,1.0000000000,5.3247661591,211,80,85,44,TRAIN_ONLY_SYNTHETIC_NG,NO,AUTO_PASS,NO,"{""attempt"":0,""effective_seed"":923349780,""geometry"":{""rotation_deg"":-1.302968,""scale"":1.051179,""translate_x"":-0.84824,""translate_y"":10.543168},""instances_pre_transform"":[{""category"":""discoloration"",""category_id"":3,""recipe_subtype"":""broad_color_shift"",""severity"":""mild"",""span_px"":[79.743,29.284],""surface"":""metal_tab""}],""photometric"":{""blur_radius"":0.174149,""brightness"":0.965175,""channel_gain_b"":0.966251,""channel_gain_g"":0.99914,""channel_gain_r"":1.03066,""contrast"":1.099943,""noise_sigma"":0.816278,""saturation"":1.018987},""recipe"":[""discoloration""],""severity"":""mild""}"
syn-v1-450-discoloration-0042,synthetic/v1_450/images/discoloration/syn-v1-450-discoloration-0042.jpg,synthetic/v1_450/masks/discoloration/syn-v1-450-discoloration-0042.png,synthetic_restored,train,IMGGEN-CLEAN-BACK-V1,SYNTH-BASE-KIA7809AF-BACK-001,SPEC-A,back,discoloration,discoloration,mild,7809250,77682605,1.1.1,7cc6627693f1a190ee26cfdbda90e0c69510377724d9484d14996ca83b755ffc,cb5fed83f6415c3bb3f6c26fce8fee402b064f28c0ad1c03b1bdc5dfa8d1ad8a,d3a79c11bd622765f08bfd3a81943bed6c44b288419b7e5d45ba4391a2825fa3,521a08e9b0cfc93445d1383a777b778f88cfdee75fa6898a84bbfe27a9327a83,512,512,3810,0.0145339966,1.0000000000,4.3967871666,145,176,64,82,TRAIN_ONLY_SYNTHETIC_NG,NO,AUTO_PASS,NO,"{""attempt"":0,""effective_seed"":77682605,""geometry"":{""rotation_deg"":1.711883,""scale"":1.070909,""translate_x"":6.890833,""translate_y"":-11.75959},""instances_pre_transform"":[{""category"":""discoloration"",""category_id"":3,""recipe_subtype"":""broad_color_shift"",""severity"":""mild"",""span_px"":[57.429,41.786],""surface"":""metal_tab""}],""photometric"":{""blur_radius"":0.39985,""brightness"":0.978984,""channel_gain_b"":0.963866,""channel_gain_g"":0.970261,""channel_gain_r"":0.998971,""contrast"":0.964838,""noise_sigma"":2.62744,""saturation"":0.948623},""recipe"":[""discoloration""],""severity"":""mild""}"
syn-v1-450-discoloration-0043,synthetic/v1_450/images/discoloration/syn-v1-450-discoloration-0043.jpg,synthetic/v1_450/masks/discoloration/syn-v1-450-discoloration-0043.png,synthetic_restored,train,IMGGEN-CLEAN-BACK-V1,SYNTH-BASE-KIA7809AF-BACK-001,SPEC-A,back,discoloration,discoloration,moderate,7809250,1356937196,1.1.1,7cc6627693f1a190ee26cfdbda90e0c69510377724d9484d14996ca83b755ffc,cb5fed83f6415c3bb3f6c26fce8fee402b064f28c0ad1c03b1bdc5dfa8d1ad8a,8d053e78a43560085c5dd0c4e84e999523c1edcb00b3a3797c4a23b9839746c7,7a8ea0f83a5a15ae140de3cc51d90c8ed0af7df02ef58ba36754b3e1dfcd799d,512,512,4162,0.0158767700,1.0000000000,5.4649453163,131,92,72,85,TRAIN_ONLY_SYNTHETIC_NG,NO,AUTO_PASS,NO,"{""attempt"":0,""effective_seed"":1356937196,""geometry"":{""rotation_deg"":5.354141,""scale"":1.055353,""translate_x"":9.29845,""translate_y"":4.86953},""instances_pre_transform"":[{""category"":""discoloration"",""category_id"":3,""recipe_subtype"":""broad_color_shift"",""severity"":""moderate"",""span_px"":[108.472,76.715],""surface"":""metal_tab""}],""photometric"":{""blur_radius"":0.829517,""brightness"":0.94232,""channel_gain_b"":1.035293,""channel_gain_g"":1.004384,""channel_gain_r"":1.010655,""contrast"":1.082895,""noise_sigma"":0.328231,""saturation"":1.052277},""recipe"":[""discoloration""],""severity"":""moderate""}"
syn-v1-450-discoloration-0044,synthetic/v1_450/images/discoloration/syn-v1-450-discoloration-0044.jpg,synthetic/v1_450/masks/discoloration/syn-v1-450-discoloration-0044.png,synthetic_restored,train,IMGGEN-CLEAN-BACK-V1,SYNTH-BASE-KIA7809AF-BACK-001,SPEC-A,back,discoloration,discoloration,moderate,7809250,159159612,1.1.1,7cc6627693f1a190ee26cfdbda90e0c69510377724d9484d14996ca83b755ffc,cb5fed83f6415c3bb3f6c26fce8fee402b064f28c0ad1c03b1bdc5dfa8d1ad8a,833c6fcc4dca65c4eb773c54366457dfa6e32559b8759aec8f14bc978c8f6036,4e0c89e16c5502d4d5a6e31f05484365561fd7e4690a89ffbcaa27a1c6884767,512,512,4824,0.0184020996,1.0000000000,4.1733455658,223,166,80,75,TRAIN_ONLY_SYNTHETIC_NG,NO,AUTO_PASS,NO,"{""attempt"":1,""effective_seed"":159264341,""geometry"":{""rotation_deg"":-5.414684,""scale"":0.946962,""translate_x"":7.433717,""translate_y"":7.654682},""instances_pre_transform"":[{""category"":""discoloration"",""category_id"":3,""recipe_subtype"":""broad_color_shift"",""severity"":""moderate"",""span_px"":[99.653,67.602],""surface"":""metal_tab""}],""photometric"":{""blur_radius"":0.488897,""brightness"":1.003034,""channel_gain_b"":1.039474,""channel_gain_g"":0.996584,""channel_gain_r"":1.032598,""contrast"":0.916199,""noise_sigma"":1.372265,""saturation"":0.953582},""recipe"":[""discoloration""],""severity"":""moderate""}"
syn-v1-450-discoloration-0045,synthetic/v1_450/images/discoloration/syn-v1-450-discoloration-0045.jpg,synthetic/v1_450/masks/discoloration/syn-v1-450-discoloration-0045.png,synthetic_restored,train,IMGGEN-CLEAN-BACK-V1,SYNTH-BASE-KIA7809AF-BACK-001,SPEC-A,back,discoloration,discoloration,mild,7809250,1221595880,1.1.1,7cc6627693f1a190ee26cfdbda90e0c69510377724d9484d14996ca83b755ffc,cb5fed83f6415c3bb3f6c26fce8fee402b064f28c0ad1c03b1bdc5dfa8d1ad8a,8d7666c41d0ccc256d4ae28d2777494e332ec7f01eeb7d78df64fd924ed0cb17,ff689f4146b43e075da31fb8b5dc7ec90a8045572e3a3e41ff9f2f25b7cbf405,512,512,1905,0.0072669983,1.0000000000,4.1812443733,229,103,59,41,TRAIN_ONLY_SYNTHETIC_NG,NO,AUTO_PASS,NO,"{""attempt"":0,""effective_seed"":1221595880,""geometry"":{""rotation_deg"":5.460575,""scale"":0.925738,""translate_x"":2.547184,""translate_y"":5.417562},""instances_pre_transform"":[{""category"":""discoloration"",""category_id"":3,""recipe_subtype"":""broad_color_shift"",""severity"":""mild"",""span_px"":[51.747,51.521],""surface"":""metal_tab""}],""photometric"":{""blur_radius"":0.282946,""brightness"":0.955834,""channel_gain_b"":1.01176,""channel_gain_g"":1.035346,""channel_gain_r"":0.969247,""contrast"":0.913675,""noise_sigma"":0.772388,""saturation"":0.996737},""recipe"":[""discoloration""],""severity"":""mild""}"
syn-v1-450-discoloration-0046,synthetic/v1_450/images/discoloration/syn-v1-450-discoloration-0046.jpg,synthetic/v1_450/masks/discoloration/syn-v1-450-discoloration-0046.png,synthetic_restored,train,IMGGEN-CLEAN-BACK-V1,SYNTH-BASE-KIA7809AF-BACK-001,SPEC-A,back,discoloration,discoloration,mild,7809250,121675560,1.1.1,7cc6627693f1a190ee26cfdbda90e0c69510377724d9484d14996ca83b755ffc,cb5fed83f6415c3bb3f6c26fce8fee402b064f28c0ad1c03b1bdc5dfa8d1ad8a,327dba3470c90071629bab76c59283a31b54c9dfe8c41f26bff3e15faf0a17f4,e923b95e9efaaef5bd6dc006c0b5f0376be72cdc0f9b4234367a4663d67c54cc,512,512,6495,0.0247764587,1.0000000000,7.2830758095,147,108,109,97,TRAIN_ONLY_SYNTHETIC_NG,NO,AUTO_PASS,NO,"{""attempt"":0,""effective_seed"":121675560,""geometry"":{""rotation_deg"":5.112033,""scale"":1.074992,""translate_x"":-3.013552,""translate_y"":9.490843},""instances_pre_transform"":[{""category"":""discoloration"",""category_id"":3,""recipe_subtype"":""broad_color_shift"",""severity"":""mild"",""span_px"":[79.634,64.843],""surface"":""metal_tab""}],""photometric"":{""blur_radius"":0.650936,""brightness"":1.042758,""channel_gain_b"":0.974963,""channel_gain_g"":0.978406,""channel_gain_r"":0.974836,""contrast"":1.023193,""noise_sigma"":1.588173,""saturation"":1.054946},""recipe"":[""discoloration""],""severity"":""mild""}"
syn-v1-450-discoloration-0047,synthetic/v1_450/images/discoloration/syn-v1-450-discoloration-0047.jpg,synthetic/v1_450/masks/discoloration/syn-v1-450-discoloration-0047.png,synthetic_restored,train,IMGGEN-CLEAN-BACK-V1,SYNTH-BASE-KIA7809AF-BACK-001,SPEC-A,back,discoloration,discoloration,severe,7809250,442727274,1.1.1,7cc6627693f1a190ee26cfdbda90e0c69510377724d9484d14996ca83b755ffc,cb5fed83f6415c3bb3f6c26fce8fee402b064f28c0ad1c03b1bdc5dfa8d1ad8a,9953a81fc8017a828c22aa2fe3d374a497f06ca3cc9ed8babdb6cb3ab144af03,5910e186e8d945285b75ef25b2e4366a34ff967ecd10d6fb9c9e97315b10d54d,512,512,5126,0.0195541382,1.0000000000,11.6053171158,176,118,85,87,TRAIN_ONLY_SYNTHETIC_NG,NO,AUTO_PASS,NO,"{""attempt"":0,""effective_seed"":442727274,""geometry"":{""rotation_deg"":0.563647,""scale"":0.925277,""translate_x"":-11.761706,""translate_y"":-5.161218},""instances_pre_transform"":[{""category"":""discoloration"",""category_id"":3,""recipe_subtype"":""broad_color_shift"",""severity"":""severe"",""span_px"":[121.629,73.466],""surface"":""metal_tab""}],""photometric"":{""blur_radius"":0.053533,""brightness"":0.937024,""channel_gain_b"":0.969204,""channel_gain_g"":0.961768,""channel_gain_r"":1.000344,""contrast"":0.940502,""noise_sigma"":0.968448,""saturation"":1.067312},""recipe"":[""discoloration""],""severity"":""severe""}"
syn-v1-450-discoloration-0048,synthetic/v1_450/images/discoloration/syn-v1-450-discoloration-0048.jpg,synthetic/v1_450/masks/discoloration/syn-v1-450-discoloration-0048.png,synthetic_restored,train,IMGGEN-CLEAN-BACK-V1,SYNTH-BASE-KIA7809AF-BACK-001,SPEC-A,back,discoloration,discoloration,mild,7809250,572574438,1.1.1,7cc6627693f1a190ee26cfdbda90e0c69510377724d9484d14996ca83b755ffc,cb5fed83f6415c3bb3f6c26fce8fee402b064f28c0ad1c03b1bdc5dfa8d1ad8a,a5126903018996a3e416b9547ff54e749923eb0ce57a630bc9990702ceb3b8bf,51fc60fccdff69d3dcaefdc73df8867626af1932fc0bea36ce1f1681318451f7,512,512,3656,0.0139465332,1.0000000000,6.4332714081,201,81,100,65,TRAIN_ONLY_SYNTHETIC_NG,NO,AUTO_PASS,NO,"{""attempt"":0,""effective_seed"":572574438,""geometry"":{""rotation_deg"":-6.894926,""scale"":1.066557,""translate_x"":-4.166576,""translate_y"":2.411521},""instances_pre_transform"":[{""category"":""discoloration"",""category_id"":3,""recipe_subtype"":""broad_color_shift"",""severity"":""mild"",""span_px"":[59.602,37.86],""surface"":""metal_tab""}],""photometric"":{""blur_radius"":0.439847,""brightness"":0.931598,""channel_gain_b"":0.986517,""channel_gain_g"":1.016856,""channel_gain_r"":1.036428,""contrast"":1.0186,""noise_sigma"":1.928776,""saturation"":1.011226},""recipe"":[""discoloration""],""severity"":""mild""}"
syn-v1-450-discoloration-0049,synthetic/v1_450/images/discoloration/syn-v1-450-discoloration-0049.jpg,synthetic/v1_450/masks/discoloration/syn-v1-450-discoloration-0049.png,synthetic_restored,train,IMGGEN-CLEAN-BACK-V1,SYNTH-BASE-KIA7809AF-BACK-001,SPEC-A,back,discoloration,discoloration,mild,7809250,1197934910,1.1.1,7cc6627693f1a190ee26cfdbda90e0c69510377724d9484d14996ca83b755ffc,cb5fed83f6415c3bb3f6c26fce8fee402b064f28c0ad1c03b1bdc5dfa8d1ad8a,b18da9a1baf7aa4abbed15f30f13567e6f152b2fd73e127577d90046317c60a6,c6e8f77da9a7b6673baeda514a9a7a132e55b54b725e2d1ce597319724a9bea6,512,512,4643,0.0177116394,1.0000000000,6.4357924461,170,180,73,83,TRAIN_ONLY_SYNTHETIC_NG,NO,AUTO_PASS,NO,"{""attempt"":0,""effective_seed"":1197934910,""geometry"":{""rotation_deg"":4.698971,""scale"":0.928719,""translate_x"":-7.752234,""translate_y"":-8.662545},""instances_pre_transform"":[{""category"":""discoloration"",""category_id"":3,""recipe_subtype"":""broad_color_shift"",""severity"":""mild"",""span_px"":[56.638,72.276],""surface"":""metal_tab""}],""photometric"":{""blur_radius"":0.840857,""brightness"":1.028194,""channel_gain_b"":1.025262,""channel_gain_g"":0.972883,""channel_gain_r"":0.999833,""contrast"":0.955295,""noise_sigma"":2.394834,""saturation"":0.987984},""recipe"":[""discoloration""],""severity"":""mild""}"
syn-v1-450-contamination-0000,synthetic/v1_450/images/contamination/syn-v1-450-contamination-0000.jpg,synthetic/v1_450/masks/contamination/syn-v1-450-contamination-0000.png,synthetic_restored,train,IMGGEN-CLEAN-BACK-V1,SYNTH-BASE-KIA7809AF-BACK-001,SPEC-A,back,contamination,contamination,moderate,7809250,912853814,1.1.1,7cc6627693f1a190ee26cfdbda90e0c69510377724d9484d14996ca83b755ffc,cb5fed83f6415c3bb3f6c26fce8fee402b064f28c0ad1c03b1bdc5dfa8d1ad8a,00dd2eba58bc20a2450588bb0abb701646d8a983fe02b9cca2e233ca92d65183,055390cf43c16bc3b68e825efaed2c3bc241221c095f9d9ce37268928a9e7cbe,512,512,2415,0.0092124939,1.0000000000,13.7318811417,155,183,55,71,TRAIN_ONLY_SYNTHETIC_NG,NO,AUTO_PASS,NO,"{""attempt"":1,""effective_seed"":912958543,""geometry"":{""rotation_deg"":3.179764,""scale"":0.921339,""translate_x"":6.602544,""translate_y"":1.154212},""instances_pre_transform"":[{""category"":""contamination"",""category_id"":4,""recipe_subtype"":""smear_and_particles"",""severity"":""moderate"",""speck_count"":16,""surface"":""metal_tab_or_body""}],""photometric"":{""blur_radius"":0.116179,""brightness"":1.004418,""channel_gain_b"":0.975059,""channel_gain_g"":0.993544,""channel_gain_r"":0.981791,""contrast"":0.917855,""noise_sigma"":0.325892,""saturation"":0.985227},""recipe"":[""contamination""],""severity"":""moderate""}"
syn-v1-450-contamination-0001,synthetic/v1_450/images/contamination/syn-v1-450-contamination-0001.jpg,synthetic/v1_450/masks/contamination/syn-v1-450-contamination-0001.png,synthetic_restored,train,IMGGEN-CLEAN-BACK-V1,SYNTH-BASE-KIA7809AF-BACK-001,SPEC-A,back,contamination,contamination,moderate,7809250,1974691532,1.1.1,7cc6627693f1a190ee26cfdbda90e0c69510377724d9484d14996ca83b755ffc,cb5fed83f6415c3bb3f6c26fce8fee402b064f28c0ad1c03b1bdc5dfa8d1ad8a,08f1a09f142a24570e46b258a0c45c37d3721e50f5828de547b3623ef03faeec,52bec0e6ee58301e766166a90a06ca1c4793e05cf0b7dbf0444ec6164872bc19,512,512,784,0.0029907227,1.0000000000,27.0601234436,227,136,59,60,TRAIN_ONLY_SYNTHETIC_NG,NO,AUTO_PASS,NO,"{""attempt"":1,""effective_seed"":1974796261,""geometry"":{""rotation_deg"":4.209418,""scale"":1.020006,""translate_x"":9.668621,""translate_y"":4.29751},""instances_pre_transform"":[{""category"":""contamination"",""category_id"":4,""recipe_subtype"":""smear_and_particles"",""severity"":""moderate"",""speck_count"":18,""surface"":""metal_tab_or_body""}],""photometric"":{""blur_radius"":0.454156,""brightness"":1.014175,""channel_gain_b"":1.013394,""channel_gain_g"":1.036682,""channel_gain_r"":0.960745,""contrast"":1.029905,""noise_sigma"":0.771615,""saturation"":1.068497},""recipe"":[""contamination""],""severity"":""moderate""}"
syn-v1-450-contamination-0002,synthetic/v1_450/images/contamination/syn-v1-450-contamination-0002.jpg,synthetic/v1_450/masks/contamination/syn-v1-450-contamination-0002.png,synthetic_restored,train,IMGGEN-CLEAN-BACK-V1,SYNTH-BASE-KIA7809AF-BACK-001,SPEC-A,back,contamination,contamination,mild,7809250,1493439739,1.1.1,7cc6627693f1a190ee26cfdbda90e0c69510377724d9484d14996ca83b755ffc,cb5fed83f6415c3bb3f6c26fce8fee402b064f28c0ad1c03b1bdc5dfa8d1ad8a,815b10c3c4c9366e8df560dbad8169e0e89c0ece825a7381b8e2fe04d600c85d,07098f3e383f37f48f9c27a9b3e6fa534809ffee75fbfd184c21f47eca08b63f,512,512,1406,0.0053634644,1.0000000000,25.1193771362,197,155,61,45,TRAIN_ONLY_SYNTHETIC_NG,NO,AUTO_PASS,NO,"{""attempt"":0,""effective_seed"":1493439739,""geometry"":{""rotation_deg"":3.717803,""scale"":1.024289,""translate_x"":-8.418554,""translate_y"":4.170514},""instances_pre_transform"":[{""category"":""contamination"",""category_id"":4,""recipe_subtype"":""smear_and_particles"",""severity"":""mild"",""speck_count"":11,""surface"":""metal_tab_or_body""}],""photometric"":{""blur_radius"":0.765288,""brightness"":0.966255,""channel_gain_b"":0.992282,""channel_gain_g"":0.973655,""channel_gain_r"":0.995402,""contrast"":0.991706,""noise_sigma"":0.476113,""saturation"":1.00206},""recipe"":[""contamination""],""severity"":""mild""}"
syn-v1-450-contamination-0003,synthetic/v1_450/images/contamination/syn-v1-450-contamination-0003.jpg,synthetic/v1_450/masks/contamination/syn-v1-450-contamination-0003.png,synthetic_restored,train,IMGGEN-CLEAN-BACK-V1,SYNTH-BASE-KIA7809AF-BACK-001,SPEC-A,back,contamination,contamination,moderate,7809250,508690605,1.1.1,7cc6627693f1a190ee26cfdbda90e0c69510377724d9484d14996ca83b755ffc,cb5fed83f6415c3bb3f6c26fce8fee402b064f28c0ad1c03b1bdc5dfa8d1ad8a,f88555e40acb335d6214677a7f1ab81caf11f8278c40b09d58bb1ad77252ec90,0231730229b82d8896d9698982b15952b21afb980d484683bbf74f370b92299f,512,512,1678,0.0064010620,1.0000000000,9.4522638321,293,198,42,58,TRAIN_ONLY_SYNTHETIC_NG,NO,AUTO_PASS,NO,"{""attempt"":1,""effective_seed"":508795334,""geometry"":{""rotation_deg"":-3.499927,""scale"":0.966574,""translate_x"":-1.756262,""translate_y"":1.565549},""instances_pre_transform"":[{""category"":""contamination"",""category_id"":4,""recipe_subtype"":""smear_and_particles"",""severity"":""moderate"",""speck_count"":17,""surface"":""metal_tab_or_body""}],""photometric"":{""blur_radius"":0.206946,""brightness"":0.972033,""channel_gain_b"":1.022918,""channel_gain_g"":1.036181,""channel_gain_r"":0.967,""contrast"":0.919479,""noise_sigma"":0.802916,""saturation"":1.038781},""recipe"":[""contamination""],""severity"":""moderate""}"
syn-v1-450-contamination-0004,synthetic/v1_450/images/contamination/syn-v1-450-contamination-0004.jpg,synthetic/v1_450/masks/contamination/syn-v1-450-contamination-0004.png,synthetic_restored,train,IMGGEN-CLEAN-BACK-V1,SYNTH-BASE-KIA7809AF-BACK-001,SPEC-A,back,contamination,contamination,mild,7809250,1859083126,1.1.1,7cc6627693f1a190ee26cfdbda90e0c69510377724d9484d14996ca83b755ffc,cb5fed83f6415c3bb3f6c26fce8fee402b064f28c0ad1c03b1bdc5dfa8d1ad8a,13007de1c76e86aa3dcd4366329d6fb04e5acaf4753f0ff26367a62c6ff9a2b8,3f7d6ff0e0ee00aefc227c944ee77a643d9de4e8ec6bdf6d382d807b1003c494,512,512,1892,0.0072174072,1.0000000000,19.6833229065,235,151,49,50,TRAIN_ONLY_SYNTHETIC_NG,NO,AUTO_PASS,NO,"{""attempt"":1,""effective_seed"":1859187855,""geometry"":{""rotation_deg"":-2.631552,""scale"":1.069851,""translate_x"":-9.42411,""translate_y"":5.068531},""instances_pre_transform"":[{""category"":""contamination"",""category_id"":4,""recipe_subtype"":""smear_and_particles"",""severity"":""mild"",""speck_count"":14,""surface"":""metal_tab_or_body""}],""photometric"":{""blur_radius"":0.033396,""brightness"":0.981032,""channel_gain_b"":1.004378,""channel_gain_g"":0.995222,""channel_gain_r"":1.024136,""contrast"":1.069861,""noise_sigma"":2.011298,""saturation"":0.93537},""recipe"":[""contamination""],""severity"":""mild""}"
syn-v1-450-contamination-0005,synthetic/v1_450/images/contamination/syn-v1-450-contamination-0005.jpg,synthetic/v1_450/masks/contamination/syn-v1-450-contamination-0005.png,synthetic_restored,train,IMGGEN-CLEAN-BACK-V1,SYNTH-BASE-KIA7809AF-BACK-001,SPEC-A,back,contamination,contamination,mild,7809250,928738788,1.1.1,7cc6627693f1a190ee26cfdbda90e0c69510377724d9484d14996ca83b755ffc,cb5fed83f6415c3bb3f6c26fce8fee402b064f28c0ad1c03b1bdc5dfa8d1ad8a,44a29548c8008a0f6e69e6483eb8af988a5eda1ee7e26773df7c0ae9a123885a,09c45c97da9a43fc0e05520767bda1aae9887eba118d2d59bb1eadadd14a8f4f,512,512,938,0.0035781860,1.0000000000,14.5476846695,188,120,50,39,TRAIN_ONLY_SYNTHETIC_NG,NO,AUTO_PASS,NO,"{""attempt"":2,""effective_seed"":928948246,""geometry"":{""rotation_deg"":7.56286,""scale"":0.925065,""translate_x"":-7.701536,""translate_y"":1.129216},""instances_pre_transform"":[{""category"":""contamination"",""category_id"":4,""recipe_subtype"":""smear_and_particles"",""severity"":""mild"",""speck_count"":7,""surface"":""metal_tab_or_body""}],""photometric"":{""blur_radius"":0.429296,""brightness"":1.055411,""channel_gain_b"":1.014539,""channel_gain_g"":1.026666,""channel_gain_r"":0.999047,""contrast"":0.954996,""noise_sigma"":1.848707,""saturation"":0.995006},""recipe"":[""contamination""],""severity"":""mild""}"
syn-v1-450-contamination-0006,synthetic/v1_450/images/contamination/syn-v1-450-contamination-0006.jpg,synthetic/v1_450/masks/contamination/syn-v1-450-contamination-0006.png,synthetic_restored,train,IMGGEN-CLEAN-BACK-V1,SYNTH-BASE-KIA7809AF-BACK-001,SPEC-A,back,contamination,contamination,mild,7809250,763551892,1.1.1,7cc6627693f1a190ee26cfdbda90e0c69510377724d9484d14996ca83b755ffc,cb5fed83f6415c3bb3f6c26fce8fee402b064f28c0ad1c03b1bdc5dfa8d1ad8a,664ef0dacce29eedd341200e5fede85605a37991dd6de0f41ff00c06684b4c37,c1ac5725d77c8173be5fc5836f7d5defc81ca639fad256329d18c6bf73a43341,512,512,720,0.0027465820,1.0000000000,18.7961540222,192,114,45,24,TRAIN_ONLY_SYNTHETIC_NG,NO,AUTO_PASS,NO,"{""attempt"":0,""effective_seed"":763551892,""geometry"":{""rotation_deg"":7.854684,""scale"":0.981109,""translate_x"":-3.42907,""translate_y"":3.802957},""instances_pre_transform"":[{""category"":""contamination"",""category_id"":4,""recipe_subtype"":""smear_and_particles"",""severity"":""mild"",""speck_count"":16,""surface"":""metal_tab_or_body""}],""photometric"":{""blur_radius"":0.711225,""brightness"":0.945321,""channel_gain_b"":0.983596,""channel_gain_g"":1.016197,""channel_gain_r"":1.022236,""contrast"":0.972303,""noise_sigma"":0.495317,""saturation"":1.016093},""recipe"":[""contamination""],""severity"":""mild""}"
syn-v1-450-contamination-0007,synthetic/v1_450/images/contamination/syn-v1-450-contamination-0007.jpg,synthetic/v1_450/masks/contamination/syn-v1-450-contamination-0007.png,synthetic_restored,train,IMGGEN-CLEAN-BACK-V1,SYNTH-BASE-KIA7809AF-BACK-001,SPEC-A,back,contamination,contamination,moderate,7809250,892336686,1.1.1,7cc6627693f1a190ee26cfdbda90e0c69510377724d9484d14996ca83b755ffc,cb5fed83f6415c3bb3f6c26fce8fee402b064f28c0ad1c03b1bdc5dfa8d1ad8a,ce02103f1f6959ab5aea9f0bc6153ff98a41a87baa42be64c7de673c5010a5ec,5958f648b288fc6331bbf7fd7d1753367b252009f480e0bb7ae2b788bcebaba1,512,512,984,0.0037536621,1.0000000000,6.2777137756,135,234,34,55,TRAIN_ONLY_SYNTHETIC_NG,NO,AUTO_PASS,NO,"{""attempt"":2,""effective_seed"":892546144,""geometry"":{""rotation_deg"":5.477608,""scale"":1.058151,""translate_x"":-3.360575,""translate_y"":4.371217},""instances_pre_transform"":[{""category"":""contamination"",""category_id"":4,""recipe_subtype"":""smear_and_particles"",""severity"":""moderate"",""speck_count"":23,""surface"":""metal_tab_or_body""}],""photometric"":{""blur_radius"":0.702944,""brightness"":1.010963,""channel_gain_b"":0.961103,""channel_gain_g"":0.990337,""channel_gain_r"":1.038344,""contrast"":1.083258,""noise_sigma"":2.063137,""saturation"":0.970408},""recipe"":[""contamination""],""severity"":""moderate""}"
syn-v1-450-contamination-0008,synthetic/v1_450/images/contamination/syn-v1-450-contamination-0008.jpg,synthetic/v1_450/masks/contamination/syn-v1-450-contamination-0008.png,synthetic_restored,train,IMGGEN-CLEAN-BACK-V1,SYNTH-BASE-KIA7809AF-BACK-001,SPEC-A,back,contamination,contamination,mild,7809250,1557836065,1.1.1,7cc6627693f1a190ee26cfdbda90e0c69510377724d9484d14996ca83b755ffc,cb5fed83f6415c3bb3f6c26fce8fee402b064f28c0ad1c03b1bdc5dfa8d1ad8a,7c35b2b2f9625ef49f6bda70bca2ef2a37e1c82c31429207e7b6878a3b7c07c2,6529cc7d07a94b122b7909dac186b9c182832561b602469df459f24a45d00444,512,512,441,0.0016822815,1.0000000000,14.7760181427,184,88,36,17,TRAIN_ONLY_SYNTHETIC_NG,NO,AUTO_PASS,NO,"{""attempt"":0,""effective_seed"":1557836065,""geometry"":{""rotation_deg"":-7.642993,""scale"":0.986973,""translate_x"":-2.654478,""translate_y"":4.186076},""instances_pre_transform"":[{""category"":""contamination"",""category_id"":4,""recipe_subtype"":""smear_and_particles"",""severity"":""mild"",""speck_count"":18,""surface"":""metal_tab_or_body""}],""photometric"":{""blur_radius"":0.793429,""brightness"":0.936711,""channel_gain_b"":1.010026,""channel_gain_g"":0.966257,""channel_gain_r"":0.989901,""contrast"":0.908873,""noise_sigma"":1.453006,""saturation"":0.928432},""recipe"":[""contamination""],""severity"":""mild""}"
syn-v1-450-contamination-0009,synthetic/v1_450/images/contamination/syn-v1-450-contamination-0009.jpg,synthetic/v1_450/masks/contamination/syn-v1-450-contamination-0009.png,synthetic_restored,train,IMGGEN-CLEAN-BACK-V1,SYNTH-BASE-KIA7809AF-BACK-001,SPEC-A,back,contamination,contamination,moderate,7809250,1526252931,1.1.1,7cc6627693f1a190ee26cfdbda90e0c69510377724d9484d14996ca83b755ffc,cb5fed83f6415c3bb3f6c26fce8fee402b064f28c0ad1c03b1bdc5dfa8d1ad8a,c356b6cd5093edc9c559809a6314227606725a4ba43e67fec4c2ad6d7407b88a,8e4bae8f7f661c4b1e89fea53cfd9a7915234301496e03bd8a796cb044c831f0,512,512,3204,0.0122222900,1.0000000000,13.6557340622,160,160,69,62,TRAIN_ONLY_SYNTHETIC_NG,NO,AUTO_PASS,NO,"{""attempt"":0,""effective_seed"":1526252931,""geometry"":{""rotation_deg"":2.604565,""scale"":1.069257,""translate_x"":-9.694543,""translate_y"":7.834497},""instances_pre_transform"":[{""category"":""contamination"",""category_id"":4,""recipe_subtype"":""smear_and_particles"",""severity"":""moderate"",""speck_count"":9,""surface"":""metal_tab_or_body""}],""photometric"":{""blur_radius"":0.29151,""brightness"":1.023203,""channel_gain_b"":1.011045,""channel_gain_g"":0.99698,""channel_gain_r"":1.015523,""contrast"":0.998532,""noise_sigma"":1.812123,""saturation"":1.078871},""recipe"":[""contamination""],""severity"":""moderate""}"
syn-v1-450-contamination-0010,synthetic/v1_450/images/contamination/syn-v1-450-contamination-0010.jpg,synthetic/v1_450/masks/contamination/syn-v1-450-contamination-0010.png,synthetic_restored,train,IMGGEN-CLEAN-BACK-V1,SYNTH-BASE-KIA7809AF-BACK-001,SPEC-A,back,contamination,contamination,moderate,7809250,1271792503,1.1.1,7cc6627693f1a190ee26cfdbda90e0c69510377724d9484d14996ca83b755ffc,cb5fed83f6415c3bb3f6c26fce8fee402b064f28c0ad1c03b1bdc5dfa8d1ad8a,b5ebe1e939f6ddb3ac00a1e0514c95772fe5819e2c366ca2c131095d07356e84,452a74e4488561ada90a060474cf39d56dd66b3c4d5b28ef8bba0b19c6964518,512,512,1278,0.0048751831,1.0000000000,30.4044475555,153,85,60,35,TRAIN_ONLY_SYNTHETIC_NG,NO,AUTO_PASS,NO,"{""attempt"":0,""effective_seed"":1271792503,""geometry"":{""rotation_deg"":-6.257324,""scale"":1.053514,""translate_x"":-3.041139,""translate_y"":-1.515462},""instances_pre_transform"":[{""category"":""contamination"",""category_id"":4,""recipe_subtype"":""smear_and_particles"",""severity"":""moderate"",""speck_count"":9,""surface"":""metal_tab_or_body""}],""photometric"":{""blur_radius"":0.302994,""brightness"":1.014723,""channel_gain_b"":1.017449,""channel_gain_g"":0.995846,""channel_gain_r"":0.968021,""contrast"":0.981439,""noise_sigma"":0.043101,""saturation"":0.937537},""recipe"":[""contamination""],""severity"":""moderate""}"
syn-v1-450-contamination-0011,synthetic/v1_450/images/contamination/syn-v1-450-contamination-0011.jpg,synthetic/v1_450/masks/contamination/syn-v1-450-contamination-0011.png,synthetic_restored,train,IMGGEN-CLEAN-BACK-V1,SYNTH-BASE-KIA7809AF-BACK-001,SPEC-A,back,contamination,contamination,mild,7809250,902992942,1.1.1,7cc6627693f1a190ee26cfdbda90e0c69510377724d9484d14996ca83b755ffc,cb5fed83f6415c3bb3f6c26fce8fee402b064f28c0ad1c03b1bdc5dfa8d1ad8a,85b504e5bb979dec51588b5243e7505b89dff4e8b717e0f9e5652d49492a301e,352dd56429bcece8a495969c9f05b80fa36519e2c8b55cb1ca8748b6fc5e0d04,512,512,1636,0.0062408447,1.0000000000,7.0777778625,148,219,55,42,TRAIN_ONLY_SYNTHETIC_NG,NO,AUTO_PASS,NO,"{""attempt"":0,""effective_seed"":902992942,""geometry"":{""rotation_deg"":3.079158,""scale"":0.94797,""translate_x"":-3.236954,""translate_y"":-2.800676},""instances_pre_transform"":[{""category"":""contamination"",""category_id"":4,""recipe_subtype"":""smear_and_particles"",""severity"":""mild"",""speck_count"":16,""surface"":""metal_tab_or_body""}],""photometric"":{""blur_radius"":0.374274,""brightness"":1.068125,""channel_gain_b"":1.018187,""channel_gain_g"":0.997004,""channel_gain_r"":1.01705,""contrast"":1.092898,""noise_sigma"":1.356855,""saturation"":0.966323},""recipe"":[""contamination""],""severity"":""mild""}"
syn-v1-450-contamination-0012,synthetic/v1_450/images/contamination/syn-v1-450-contamination-0012.jpg,synthetic/v1_450/masks/contamination/syn-v1-450-contamination-0012.png,synthetic_restored,train,IMGGEN-CLEAN-BACK-V1,SYNTH-BASE-KIA7809AF-BACK-001,SPEC-A,back,contamination,contamination,severe,7809250,278190381,1.1.1,7cc6627693f1a190ee26cfdbda90e0c69510377724d9484d14996ca83b755ffc,cb5fed83f6415c3bb3f6c26fce8fee402b064f28c0ad1c03b1bdc5dfa8d1ad8a,a35d37b8800b9bda614515a7feedbf664d8ce185448eb3c43ef4fa1b373da0d0,be8c1b35efde7ee8b1b5b302eb06e9e12da1de72b509abc28b57b91fc042b1b3,512,512,897,0.0034217834,1.0000000000,8.0521411896,287,178,34,33,TRAIN_ONLY_SYNTHETIC_NG,NO,AUTO_PASS,NO,"{""attempt"":1,""effective_seed"":278295110,""geometry"":{""rotation_deg"":-0.120236,""scale"":0.92069,""translate_x"":5.046164,""translate_y"":-10.21717},""instances_pre_transform"":[{""category"":""contamination"",""category_id"":4,""recipe_subtype"":""smear_and_particles"",""severity"":""severe"",""speck_count"":15,""surface"":""metal_tab_or_body""}],""photometric"":{""blur_radius"":0.265259,""brightness"":1.006616,""channel_gain_b"":1.032493,""channel_gain_g"":0.971843,""channel_gain_r"":1.03259,""contrast"":0.914921,""noise_sigma"":2.176482,""saturation"":1.01582},""recipe"":[""contamination""],""severity"":""severe""}"
syn-v1-450-contamination-0013,synthetic/v1_450/images/contamination/syn-v1-450-contamination-0013.jpg,synthetic/v1_450/masks/contamination/syn-v1-450-contamination-0013.png,synthetic_restored,train,IMGGEN-CLEAN-BACK-V1,SYNTH-BASE-KIA7809AF-BACK-001,SPEC-A,back,contamination,contamination,moderate,7809250,941020108,1.1.1,7cc6627693f1a190ee26cfdbda90e0c69510377724d9484d14996ca83b755ffc,cb5fed83f6415c3bb3f6c26fce8fee402b064f28c0ad1c03b1bdc5dfa8d1ad8a,352a2a24b0346481c7d635f337930252757c6403b13558f7c985a2b7dda9f0e5,100ed98368d34a118feccf8559f2d46dc34843b2cd3bc8643907a2ec627859ba,512,512,999,0.0038108826,1.0000000000,17.7121715546,274,165,49,43,TRAIN_ONLY_SYNTHETIC_NG,NO,AUTO_PASS,NO,"{""attempt"":0,""effective_seed"":941020108,""geometry"":{""rotation_deg"":-3.009184,""scale"":0.92015,""translate_x"":-6.927681,""translate_y"":5.133581},""instances_pre_transform"":[{""category"":""contamination"",""category_id"":4,""recipe_subtype"":""smear_and_particles"",""severity"":""moderate"",""speck_count"":9,""surface"":""metal_tab_or_body""}],""photometric"":{""blur_radius"":0.015459,""brightness"":0.945523,""channel_gain_b"":1.007945,""channel_gain_g"":1.008289,""channel_gain_r"":1.039193,""contrast"":1.013252,""noise_sigma"":0.181946,""saturation"":1.057572},""recipe"":[""contamination""],""severity"":""moderate""}"
syn-v1-450-contamination-0014,synthetic/v1_450/images/contamination/syn-v1-450-contamination-0014.jpg,synthetic/v1_450/masks/contamination/syn-v1-450-contamination-0014.png,synthetic_restored,train,IMGGEN-CLEAN-BACK-V1,SYNTH-BASE-KIA7809AF-BACK-001,SPEC-A,back,contamination,contamination,moderate,7809250,986979758,1.1.1,7cc6627693f1a190ee26cfdbda90e0c69510377724d9484d14996ca83b755ffc,cb5fed83f6415c3bb3f6c26fce8fee402b064f28c0ad1c03b1bdc5dfa8d1ad8a,af78af7e4a26216089e69c077f7929c51e87935902adfce919bd3148bf1cdcb2,41e9c395cdef7322284b2a4b77b9511c3a7e03cb2946e75ede699993fe8b1ff5,512,512,2545,0.0097084045,1.0000000000,19.1843566895,203,174,65,58,TRAIN_ONLY_SYNTHETIC_NG,NO,AUTO_PASS,NO,"{""attempt"":1,""effective_seed"":987084487,""geometry"":{""rotation_deg"":4.974749,""scale"":0.989469,""translate_x"":5.348685,""translate_y"":-6.067916},""instances_pre_transform"":[{""category"":""contamination"",""category_id"":4,""recipe_subtype"":""smear_and_particles"",""severity"":""moderate"",""speck_count"":12,""surface"":""metal_tab_or_body""}],""photometric"":{""blur_radius"":0.032314,""brightness"":1.030802,""channel_gain_b"":1.028456,""channel_gain_g"":1.017387,""channel_gain_r"":1.012077,""contrast"":1.012546,""noise_sigma"":1.977284,""saturation"":0.920611},""recipe"":[""contamination""],""severity"":""moderate""}"
syn-v1-450-contamination-0015,synthetic/v1_450/images/contamination/syn-v1-450-contamination-0015.jpg,synthetic/v1_450/masks/contamination/syn-v1-450-contamination-0015.png,synthetic_restored,train,IMGGEN-CLEAN-BACK-V1,SYNTH-BASE-KIA7809AF-BACK-001,SPEC-A,back,contamination,contamination,mild,7809250,277671485,1.1.1,7cc6627693f1a190ee26cfdbda90e0c69510377724d9484d14996ca83b755ffc,cb5fed83f6415c3bb3f6c26fce8fee402b064f28c0ad1c03b1bdc5dfa8d1ad8a,8fa8a52930dd81156be7ed5ebea80fa797022204402fda7e6cab81efd5abb7a6,941b79cd320fd6326caab8b36b6186358dc04dda16569c6a000134ccfdc2e119,512,512,1292,0.0049285889,1.0000000000,16.1607303619,247,201,54,48,TRAIN_ONLY_SYNTHETIC_NG,NO,AUTO_PASS,NO,"{""attempt"":0,""effective_seed"":277671485,""geometry"":{""rotation_deg"":-5.350414,""scale"":1.063755,""translate_x"":9.117671,""translate_y"":3.638443},""instances_pre_transform"":[{""category"":""contamination"",""category_id"":4,""recipe_subtype"":""smear_and_particles"",""severity"":""mild"",""speck_count"":16,""surface"":""metal_tab_or_body""}],""photometric"":{""blur_radius"":0.258605,""brightness"":0.994428,""channel_gain_b"":0.968718,""channel_gain_g"":0.990248,""channel_gain_r"":0.963295,""contrast"":1.045089,""noise_sigma"":0.039197,""saturation"":0.986245},""recipe"":[""contamination""],""severity"":""mild""}"
syn-v1-450-contamination-0016,synthetic/v1_450/images/contamination/syn-v1-450-contamination-0016.jpg,synthetic/v1_450/masks/contamination/syn-v1-450-contamination-0016.png,synthetic_restored,train,IMGGEN-CLEAN-BACK-V1,SYNTH-BASE-KIA7809AF-BACK-001,SPEC-A,back,contamination,contamination,moderate,7809250,706485710,1.1.1,7cc6627693f1a190ee26cfdbda90e0c69510377724d9484d14996ca83b755ffc,cb5fed83f6415c3bb3f6c26fce8fee402b064f28c0ad1c03b1bdc5dfa8d1ad8a,c48506a1dbc378e08fe229e568e2e968f1b67272402cde59cedc24e5e96d9735,f5456327d8cc5e6d2e47d575a954d155f594c40864af0e8f924350528ffea8d6,512,512,776,0.0029602051,1.0000000000,12.7988166809,285,115,55,55,TRAIN_ONLY_SYNTHETIC_NG,NO,AUTO_PASS,NO,"{""attempt"":0,""effective_seed"":706485710,""geometry"":{""rotation_deg"":0.033238,""scale"":0.971289,""translate_x"":-10.273133,""translate_y"":10.589934},""instances_pre_transform"":[{""category"":""contamination"",""category_id"":4,""recipe_subtype"":""smear_and_particles"",""severity"":""moderate"",""speck_count"":22,""surface"":""metal_tab_or_body""}],""photometric"":{""blur_radius"":0.458116,""brightness"":0.983114,""channel_gain_b"":1.026778,""channel_gain_g"":1.013954,""channel_gain_r"":0.971073,""contrast"":0.909256,""noise_sigma"":0.777517,""saturation"":0.963938},""recipe"":[""contamination""],""severity"":""moderate""}"
syn-v1-450-contamination-0017,synthetic/v1_450/images/contamination/syn-v1-450-contamination-0017.jpg,synthetic/v1_450/masks/contamination/syn-v1-450-contamination-0017.png,synthetic_restored,train,IMGGEN-CLEAN-BACK-V1,SYNTH-BASE-KIA7809AF-BACK-001,SPEC-A,back,contamination,contamination,mild,7809250,881075911,1.1.1,7cc6627693f1a190ee26cfdbda90e0c69510377724d9484d14996ca83b755ffc,cb5fed83f6415c3bb3f6c26fce8fee402b064f28c0ad1c03b1bdc5dfa8d1ad8a,bfac86d3d74f3eb86ff9ccfaab4e39a75abc6806737cd512a28c8c0070812e13,898d432955e3c8ba19487792e0e4fce8e2a30467009d8fea1c0eb5551070bf93,512,512,1207,0.0046043396,1.0000000000,8.1499586105,147,182,45,41,TRAIN_ONLY_SYNTHETIC_NG,NO,AUTO_PASS,NO,"{""attempt"":1,""effective_seed"":881180640,""geometry"":{""rotation_deg"":2.255712,""scale"":0.996442,""translate_x"":-11.732962,""translate_y"":-5.254166},""instances_pre_transform"":[{""category"":""contamination"",""category_id"":4,""recipe_subtype"":""smear_and_particles"",""severity"":""mild"",""speck_count"":6,""surface"":""metal_tab_or_body""}],""photometric"":{""blur_radius"":0.360163,""brightness"":1.050795,""channel_gain_b"":0.962629,""channel_gain_g"":0.971204,""channel_gain_r"":1.007302,""contrast"":0.900632,""noise_sigma"":0.349327,""saturation"":1.073285},""recipe"":[""contamination""],""severity"":""mild""}"
syn-v1-450-contamination-0018,synthetic/v1_450/images/contamination/syn-v1-450-contamination-0018.jpg,synthetic/v1_450/masks/contamination/syn-v1-450-contamination-0018.png,synthetic_restored,train,IMGGEN-CLEAN-BACK-V1,SYNTH-BASE-KIA7809AF-BACK-001,SPEC-A,back,contamination,contamination,moderate,7809250,860349445,1.1.1,7cc6627693f1a190ee26cfdbda90e0c69510377724d9484d14996ca83b755ffc,cb5fed83f6415c3bb3f6c26fce8fee402b064f28c0ad1c03b1bdc5dfa8d1ad8a,b59f05569e422f08e2849613db7a73b7481803a301d9d15a348903a7cba28418,00f7d9bedb2fa6e1c9bd1cd9551bc363de2ca792bed1b837eff8efcd1950b73d,512,512,1611,0.0061454773,1.0000000000,5.3322424889,232,260,61,41,TRAIN_ONLY_SYNTHETIC_NG,NO,AUTO_PASS,NO,"{""attempt"":0,""effective_seed"":860349445,""geometry"":{""rotation_deg"":-5.306967,""scale"":1.025469,""translate_x"":-2.139757,""translate_y"":9.159319},""instances_pre_transform"":[{""category"":""contamination"",""category_id"":4,""recipe_subtype"":""smear_and_particles"",""severity"":""moderate"",""speck_count"":14,""surface"":""metal_tab_or_body""}],""photometric"":{""blur_radius"":0.370527,""brightness"":0.992393,""channel_gain_b"":0.994525,""channel_gain_g"":0.974123,""channel_gain_r"":1.030089,""contrast"":0.971805,""noise_sigma"":2.497435,""saturation"":0.993842},""recipe"":[""contamination""],""severity"":""moderate""}"
syn-v1-450-contamination-0019,synthetic/v1_450/images/contamination/syn-v1-450-contamination-0019.jpg,synthetic/v1_450/masks/contamination/syn-v1-450-contamination-0019.png,synthetic_restored,train,IMGGEN-CLEAN-BACK-V1,SYNTH-BASE-KIA7809AF-BACK-001,SPEC-A,back,contamination,contamination,mild,7809250,774626627,1.1.1,7cc6627693f1a190ee26cfdbda90e0c69510377724d9484d14996ca83b755ffc,cb5fed83f6415c3bb3f6c26fce8fee402b064f28c0ad1c03b1bdc5dfa8d1ad8a,8868fbe91432cf25d6af956216cd77761f46743bc6a9ae45f8a933893f67726a,b18e99e5932f8a08935b988f1d77f524d55722d7ddf589b38db4024354336b29,512,512,1157,0.0044136047,1.0000000000,8.2651519775,221,215,47,36,TRAIN_ONLY_SYNTHETIC_NG,NO,AUTO_PASS,NO,"{""attempt"":0,""effective_seed"":774626627,""geometry"":{""rotation_deg"":5.990086,""scale"":0.974261,""translate_x"":5.308196,""translate_y"":8.489973},""instances_pre_transform"":[{""category"":""contamination"",""category_id"":4,""recipe_subtype"":""smear_and_particles"",""severity"":""mild"",""speck_count"":16,""surface"":""metal_tab_or_body""}],""photometric"":{""blur_radius"":0.643638,""brightness"":1.007527,""channel_gain_b"":1.016902,""channel_gain_g"":0.983536,""channel_gain_r"":1.002898,""contrast"":1.041539,""noise_sigma"":1.938278,""saturation"":0.982662},""recipe"":[""contamination""],""severity"":""mild""}"
syn-v1-450-contamination-0020,synthetic/v1_450/images/contamination/syn-v1-450-contamination-0020.jpg,synthetic/v1_450/masks/contamination/syn-v1-450-contamination-0020.png,synthetic_restored,train,IMGGEN-CLEAN-BACK-V1,SYNTH-BASE-KIA7809AF-BACK-001,SPEC-A,back,contamination,contamination,mild,7809250,248092651,1.1.1,7cc6627693f1a190ee26cfdbda90e0c69510377724d9484d14996ca83b755ffc,cb5fed83f6415c3bb3f6c26fce8fee402b064f28c0ad1c03b1bdc5dfa8d1ad8a,ae0642fdfecd46f1690c6c04e1a118a90219c9586f2e1e67d99a76b8ad1788c2,9662dd6b50dd105b8308867783141b409906ea9c9d1342ea3cdc2fe05936030e,512,512,1176,0.0044860840,1.0000000000,17.7104682922,240,183,50,35,TRAIN_ONLY_SYNTHETIC_NG,NO,AUTO_PASS,NO,"{""attempt"":0,""effective_seed"":248092651,""geometry"":{""rotation_deg"":0.276968,""scale"":0.974598,""translate_x"":7.454128,""translate_y"":4.326656},""instances_pre_transform"":[{""category"":""contamination"",""category_id"":4,""recipe_subtype"":""smear_and_particles"",""severity"":""mild"",""speck_count"":8,""surface"":""metal_tab_or_body""}],""photometric"":{""blur_radius"":0.894283,""brightness"":0.974024,""channel_gain_b"":0.995306,""channel_gain_g"":1.015157,""channel_gain_r"":1.036872,""contrast"":1.00982,""noise_sigma"":0.344957,""saturation"":0.984819},""recipe"":[""contamination""],""severity"":""mild""}"
syn-v1-450-contamination-0021,synthetic/v1_450/images/contamination/syn-v1-450-contamination-0021.jpg,synthetic/v1_450/masks/contamination/syn-v1-450-contamination-0021.png,synthetic_restored,train,IMGGEN-CLEAN-BACK-V1,SYNTH-BASE-KIA7809AF-BACK-001,SPEC-A,back,contamination,contamination,mild,7809250,303120288,1.1.1,7cc6627693f1a190ee26cfdbda90e0c69510377724d9484d14996ca83b755ffc,cb5fed83f6415c3bb3f6c26fce8fee402b064f28c0ad1c03b1bdc5dfa8d1ad8a,1d89594420482c1631ec9a859d356c0af3d26c789ebc786015d7bdb814d6980e,3ef6f34657a1db20eea9b7ce4816d6d4f39bbbe9f79f9c26a697ccc599d63053,512,512,1146,0.0043716431,1.0000000000,20.1488189697,277,127,38,36,TRAIN_ONLY_SYNTHETIC_NG,NO,AUTO_PASS,NO,"{""attempt"":0,""effective_seed"":303120288,""geometry"":{""rotation_deg"":-1.944046,""scale"":0.936919,""translate_x"":-9.296746,""translate_y"":6.495063},""instances_pre_transform"":[{""category"":""contamination"",""category_id"":4,""recipe_subtype"":""smear_and_particles"",""severity"":""mild"",""speck_count"":18,""surface"":""metal_tab_or_body""}],""photometric"":{""blur_radius"":0.803832,""brightness"":1.069976,""channel_gain_b"":1.029242,""channel_gain_g"":1.001096,""channel_gain_r"":0.97377,""contrast"":0.956897,""noise_sigma"":1.823918,""saturation"":1.041656},""recipe"":[""contamination""],""severity"":""mild""}"
syn-v1-450-contamination-0022,synthetic/v1_450/images/contamination/syn-v1-450-contamination-0022.jpg,synthetic/v1_450/masks/contamination/syn-v1-450-contamination-0022.png,synthetic_restored,train,IMGGEN-CLEAN-BACK-V1,SYNTH-BASE-KIA7809AF-BACK-001,SPEC-A,back,contamination,contamination,moderate,7809250,1087222397,1.1.1,7cc6627693f1a190ee26cfdbda90e0c69510377724d9484d14996ca83b755ffc,cb5fed83f6415c3bb3f6c26fce8fee402b064f28c0ad1c03b1bdc5dfa8d1ad8a,e6784a6a7a953cbf2fd82512d9dfbc3d85fcc25ab184d22f980cb70c6a18969e,648a3e40954a198d1a0c646163ce69c55e0fade1005895d395e3b14b6ad68307,512,512,1728,0.0065917969,1.0000000000,18.8241348267,161,185,62,65,TRAIN_ONLY_SYNTHETIC_NG,NO,AUTO_PASS,NO,"{""attempt"":1,""effective_seed"":1087327126,""geometry"":{""rotation_deg"":7.613064,""scale"":1.018474,""translate_x"":0.338186,""translate_y"":7.459729},""instances_pre_transform"":[{""category"":""contamination"",""category_id"":4,""recipe_subtype"":""smear_and_particles"",""severity"":""moderate"",""speck_count"":11,""surface"":""metal_tab_or_body""}],""photometric"":{""blur_radius"":0.379285,""brightness"":0.989922,""channel_gain_b"":0.97823,""channel_gain_g"":0.99384,""channel_gain_r"":0.975128,""contrast"":0.97922,""noise_sigma"":1.55504,""saturation"":0.990989},""recipe"":[""contamination""],""severity"":""moderate""}"
syn-v1-450-contamination-0023,synthetic/v1_450/images/contamination/syn-v1-450-contamination-0023.jpg,synthetic/v1_450/masks/contamination/syn-v1-450-contamination-0023.png,synthetic_restored,train,IMGGEN-CLEAN-BACK-V1,SYNTH-BASE-KIA7809AF-BACK-001,SPEC-A,back,contamination,contamination,moderate,7809250,648302070,1.1.1,7cc6627693f1a190ee26cfdbda90e0c69510377724d9484d14996ca83b755ffc,cb5fed83f6415c3bb3f6c26fce8fee402b064f28c0ad1c03b1bdc5dfa8d1ad8a,4345f3dbfd208ba302e18b4fecb46f18eb7ddbf083834a7b1f5d471a9b63258a,b85c5d1ce270a66f12606ad1a8648ecaba066321b8d0269ddffb2cc8e8bb5085,512,512,1028,0.0039215088,1.0000000000,5.5554533005,296,206,40,36,TRAIN_ONLY_SYNTHETIC_NG,NO,AUTO_PASS,NO,"{""attempt"":0,""effective_seed"":648302070,""geometry"":{""rotation_deg"":-7.397429,""scale"":0.976191,""translate_x"":0.423652,""translate_y"":9.594603},""instances_pre_transform"":[{""category"":""contamination"",""category_id"":4,""recipe_subtype"":""smear_and_particles"",""severity"":""moderate"",""speck_count"":17,""surface"":""metal_tab_or_body""}],""photometric"":{""blur_radius"":0.091189,""brightness"":0.979937,""channel_gain_b"":0.97816,""channel_gain_g"":0.977391,""channel_gain_r"":1.017863,""contrast"":0.962421,""noise_sigma"":2.427918,""saturation"":1.024374},""recipe"":[""contamination""],""severity"":""moderate""}"
syn-v1-450-contamination-0024,synthetic/v1_450/images/contamination/syn-v1-450-contamination-0024.jpg,synthetic/v1_450/masks/contamination/syn-v1-450-contamination-0024.png,synthetic_restored,train,IMGGEN-CLEAN-BACK-V1,SYNTH-BASE-KIA7809AF-BACK-001,SPEC-A,back,contamination,contamination,mild,7809250,1127377428,1.1.1,7cc6627693f1a190ee26cfdbda90e0c69510377724d9484d14996ca83b755ffc,cb5fed83f6415c3bb3f6c26fce8fee402b064f28c0ad1c03b1bdc5dfa8d1ad8a,d2e7ac8b5d2ec0b6f5ff451f04e6a1b8a634669b0651903e31110a224b3a0d97,45b57c3f15f0a8f703ac306e093a0870a27c22057e5107fc95930be762c9976a,512,512,1017,0.0038795471,1.0000000000,13.1471633911,188,182,54,43,TRAIN_ONLY_SYNTHETIC_NG,NO,AUTO_PASS,NO,"{""attempt"":0,""effective_seed"":1127377428,""geometry"":{""rotation_deg"":3.547006,""scale"":1.033984,""translate_x"":-4.894339,""translate_y"":1.649235},""instances_pre_transform"":[{""category"":""contamination"",""category_id"":4,""recipe_subtype"":""smear_and_particles"",""severity"":""mild"",""speck_count"":16,""surface"":""metal_tab_or_body""}],""photometric"":{""blur_radius"":0.697711,""brightness"":0.978867,""channel_gain_b"":1.024311,""channel_gain_g"":1.012274,""channel_gain_r"":0.966038,""contrast"":1.005992,""noise_sigma"":2.792605,""saturation"":0.961394},""recipe"":[""contamination""],""severity"":""mild""}"
syn-v1-450-contamination-0025,synthetic/v1_450/images/contamination/syn-v1-450-contamination-0025.jpg,synthetic/v1_450/masks/contamination/syn-v1-450-contamination-0025.png,synthetic_restored,train,IMGGEN-CLEAN-BACK-V1,SYNTH-BASE-KIA7809AF-BACK-001,SPEC-A,back,contamination,contamination,moderate,7809250,1504341389,1.1.1,7cc6627693f1a190ee26cfdbda90e0c69510377724d9484d14996ca83b755ffc,cb5fed83f6415c3bb3f6c26fce8fee402b064f28c0ad1c03b1bdc5dfa8d1ad8a,e6ec9572b0ea77aa882a0792c374e4d2729cc4f12f6f8a04cfaf8ef33db414c8,8fc0c840978bf4f891af3f5792b4e4ec90c37807ac27e0b542732abd382ca957,512,512,2300,0.0087738037,1.0000000000,12.5554685593,149,187,67,67,TRAIN_ONLY_SYNTHETIC_NG,NO,AUTO_PASS,NO,"{""attempt"":0,""effective_seed"":1504341389,""geometry"":{""rotation_deg"":-5.616866,""scale"":0.949385,""translate_x"":4.055215,""translate_y"":8.260943},""instances_pre_transform"":[{""category"":""contamination"",""category_id"":4,""recipe_subtype"":""smear_and_particles"",""severity"":""moderate"",""speck_count"":9,""surface"":""metal_tab_or_body""}],""photometric"":{""blur_radius"":0.288898,""brightness"":1.01366,""channel_gain_b"":0.991186,""channel_gain_g"":0.960827,""channel_gain_r"":0.962928,""contrast"":1.032035,""noise_sigma"":0.45482,""saturation"":0.954088},""recipe"":[""contamination""],""severity"":""moderate""}"
syn-v1-450-contamination-0026,synthetic/v1_450/images/contamination/syn-v1-450-contamination-0026.jpg,synthetic/v1_450/masks/contamination/syn-v1-450-contamination-0026.png,synthetic_restored,train,IMGGEN-CLEAN-BACK-V1,SYNTH-BASE-KIA7809AF-BACK-001,SPEC-A,back,contamination,contamination,moderate,7809250,435140307,1.1.1,7cc6627693f1a190ee26cfdbda90e0c69510377724d9484d14996ca83b755ffc,cb5fed83f6415c3bb3f6c26fce8fee402b064f28c0ad1c03b1bdc5dfa8d1ad8a,874cb48d89f0d8e361abe3914f4169785a6b1ba30b7bc28d92bdc1c17b71ddd3,9619ffbb4a9b641a76fa5ffc28765263d2d01218af0d7e7458c7b76a2aeca657,512,512,2771,0.0105705261,1.0000000000,22.9046440125,210,154,81,57,TRAIN_ONLY_SYNTHETIC_NG,NO,AUTO_PASS,NO,"{""attempt"":0,""effective_seed"":435140307,""geometry"":{""rotation_deg"":4.357837,""scale"":1.066084,""translate_x"":5.817293,""translate_y"":10.026579},""instances_pre_transform"":[{""category"":""contamination"",""category_id"":4,""recipe_subtype"":""smear_and_particles"",""severity"":""moderate"",""speck_count"":10,""surface"":""metal_tab_or_body""}],""photometric"":{""blur_radius"":0.401947,""brightness"":1.03646,""channel_gain_b"":0.967352,""channel_gain_g"":0.993658,""channel_gain_r"":0.998815,""contrast"":1.061793,""noise_sigma"":2.614277,""saturation"":1.003935},""recipe"":[""contamination""],""severity"":""moderate""}"
syn-v1-450-contamination-0027,synthetic/v1_450/images/contamination/syn-v1-450-contamination-0027.jpg,synthetic/v1_450/masks/contamination/syn-v1-450-contamination-0027.png,synthetic_restored,train,IMGGEN-CLEAN-BACK-V1,SYNTH-BASE-KIA7809AF-BACK-001,SPEC-A,back,contamination,contamination,moderate,7809250,298924716,1.1.1,7cc6627693f1a190ee26cfdbda90e0c69510377724d9484d14996ca83b755ffc,cb5fed83f6415c3bb3f6c26fce8fee402b064f28c0ad1c03b1bdc5dfa8d1ad8a,0a99d0d1561af75bc859e4259d74805abe35f5bce7f24a269ff4ab85e3183759,ea9b8296222dbb7526c60f173d22346c156d8ed4232c3511e793d5dbddcd0ad7,512,512,1863,0.0071067810,1.0000000000,10.6879091263,158,117,51,55,TRAIN_ONLY_SYNTHETIC_NG,NO,AUTO_PASS,NO,"{""attempt"":1,""effective_seed"":299029445,""geometry"":{""rotation_deg"":0.485826,""scale"":0.943606,""translate_x"":-1.190865,""translate_y"":11.585337},""instances_pre_transform"":[{""category"":""contamination"",""category_id"":4,""recipe_subtype"":""smear_and_particles"",""severity"":""moderate"",""speck_count"":8,""surface"":""metal_tab_or_body""}],""photometric"":{""blur_radius"":0.612238,""brightness"":1.020019,""channel_gain_b"":0.964751,""channel_gain_g"":1.008319,""channel_gain_r"":1.024699,""contrast"":0.964918,""noise_sigma"":1.281975,""saturation"":1.057315},""recipe"":[""contamination""],""severity"":""moderate""}"
syn-v1-450-contamination-0028,synthetic/v1_450/images/contamination/syn-v1-450-contamination-0028.jpg,synthetic/v1_450/masks/contamination/syn-v1-450-contamination-0028.png,synthetic_restored,train,IMGGEN-CLEAN-BACK-V1,SYNTH-BASE-KIA7809AF-BACK-001,SPEC-A,back,contamination,contamination,mild,7809250,1863968507,1.1.1,7cc6627693f1a190ee26cfdbda90e0c69510377724d9484d14996ca83b755ffc,cb5fed83f6415c3bb3f6c26fce8fee402b064f28c0ad1c03b1bdc5dfa8d1ad8a,62236923b9e62eb1b48917fa8cc0da95f7d059cecf7778659c595133fb44ba1c,6dc77f136192c51e3e72f20e73371bccb40caf3308ef2c8afc6700ff783191df,512,512,1397,0.0053291321,1.0000000000,5.8742046356,128,228,36,52,TRAIN_ONLY_SYNTHETIC_NG,NO,AUTO_PASS,NO,"{""attempt"":4,""effective_seed"":1864387423,""geometry"":{""rotation_deg"":-1.131559,""scale"":1.005119,""translate_x"":10.189798,""translate_y"":-3.448776},""instances_pre_transform"":[{""category"":""contamination"",""category_id"":4,""recipe_subtype"":""smear_and_particles"",""severity"":""mild"",""speck_count"":9,""surface"":""metal_tab_or_body""}],""photometric"":{""blur_radius"":0.269503,""brightness"":1.062156,""channel_gain_b"":0.997518,""channel_gain_g"":1.00355,""channel_gain_r"":0.960597,""contrast"":0.904711,""noise_sigma"":0.998818,""saturation"":0.925654},""recipe"":[""contamination""],""severity"":""mild""}"
syn-v1-450-contamination-0029,synthetic/v1_450/images/contamination/syn-v1-450-contamination-0029.jpg,synthetic/v1_450/masks/contamination/syn-v1-450-contamination-0029.png,synthetic_restored,train,IMGGEN-CLEAN-BACK-V1,SYNTH-BASE-KIA7809AF-BACK-001,SPEC-A,back,contamination,contamination,mild,7809250,1893861901,1.1.1,7cc6627693f1a190ee26cfdbda90e0c69510377724d9484d14996ca83b755ffc,cb5fed83f6415c3bb3f6c26fce8fee402b064f28c0ad1c03b1bdc5dfa8d1ad8a,48616e386c08d248522de28b006e4c2b85072329faa93abe03f987a2e485b3d6,7734a2882694ddb6cf4956251f3e6632ab2992406f4c33e130c13a9eb4c10d31,512,512,688,0.0026245117,1.0000000000,6.2986631393,229,276,36,26,TRAIN_ONLY_SYNTHETIC_NG,NO,AUTO_PASS,NO,"{""attempt"":1,""effective_seed"":1893966630,""geometry"":{""rotation_deg"":-3.284313,""scale"":0.926815,""translate_x"":1.859064,""translate_y"":1.338706},""instances_pre_transform"":[{""category"":""contamination"",""category_id"":4,""recipe_subtype"":""smear_and_particles"",""severity"":""mild"",""speck_count"":11,""surface"":""metal_tab_or_body""}],""photometric"":{""blur_radius"":0.585482,""brightness"":0.976721,""channel_gain_b"":0.963208,""channel_gain_g"":1.003766,""channel_gain_r"":1.006363,""contrast"":1.02425,""noise_sigma"":1.398599,""saturation"":1.06919},""recipe"":[""contamination""],""severity"":""mild""}"
syn-v1-450-contamination-0030,synthetic/v1_450/images/contamination/syn-v1-450-contamination-0030.jpg,synthetic/v1_450/masks/contamination/syn-v1-450-contamination-0030.png,synthetic_restored,train,IMGGEN-CLEAN-BACK-V1,SYNTH-BASE-KIA7809AF-BACK-001,SPEC-A,back,contamination,contamination,severe,7809250,488612531,1.1.1,7cc6627693f1a190ee26cfdbda90e0c69510377724d9484d14996ca83b755ffc,cb5fed83f6415c3bb3f6c26fce8fee402b064f28c0ad1c03b1bdc5dfa8d1ad8a,febadfcbbe4c71122e6cf2be26fe81c3e6d08d94706360adbb74a389796e4bd0,29369ac6b8467f7cd6a46d38b77b9d2f2ffab27fabfbc1bf73e4885ed2322216,512,512,3843,0.0146598816,1.0000000000,19.8688678741,157,161,80,69,TRAIN_ONLY_SYNTHETIC_NG,NO,AUTO_PASS,NO,"{""attempt"":0,""effective_seed"":488612531,""geometry"":{""rotation_deg"":-4.235527,""scale"":0.994335,""translate_x"":10.611158,""translate_y"":8.67118},""instances_pre_transform"":[{""category"":""contamination"",""category_id"":4,""recipe_subtype"":""smear_and_particles"",""severity"":""severe"",""speck_count"":15,""surface"":""metal_tab_or_body""}],""photometric"":{""blur_radius"":0.84049,""brightness"":1.057569,""channel_gain_b"":0.990919,""channel_gain_g"":1.026529,""channel_gain_r"":1.02243,""contrast"":0.954388,""noise_sigma"":1.93711,""saturation"":1.030927},""recipe"":[""contamination""],""severity"":""severe""}"
syn-v1-450-contamination-0031,synthetic/v1_450/images/contamination/syn-v1-450-contamination-0031.jpg,synthetic/v1_450/masks/contamination/syn-v1-450-contamination-0031.png,synthetic_restored,train,IMGGEN-CLEAN-BACK-V1,SYNTH-BASE-KIA7809AF-BACK-001,SPEC-A,back,contamination,contamination,moderate,7809250,1586532342,1.1.1,7cc6627693f1a190ee26cfdbda90e0c69510377724d9484d14996ca83b755ffc,cb5fed83f6415c3bb3f6c26fce8fee402b064f28c0ad1c03b1bdc5dfa8d1ad8a,d7b7454d36d0e51bfd7bcaf6afd3ccc22959dcdd6418474d8afef68ba591f563,01d66191b4f3ff4acdacab67d3ad22c6294238fb8a3fe899a03148eeb861e1c6,512,512,2086,0.0079574585,1.0000000000,18.4649085999,179,204,63,49,TRAIN_ONLY_SYNTHETIC_NG,NO,AUTO_PASS,NO,"{""attempt"":0,""effective_seed"":1586532342,""geometry"":{""rotation_deg"":3.452365,""scale"":0.995859,""translate_x"":-6.344244,""translate_y"":10.228528},""instances_pre_transform"":[{""category"":""contamination"",""category_id"":4,""recipe_subtype"":""smear_and_particles"",""severity"":""moderate"",""speck_count"":21,""surface"":""metal_tab_or_body""}],""photometric"":{""blur_radius"":0.269993,""brightness"":0.932455,""channel_gain_b"":0.980394,""channel_gain_g"":1.015302,""channel_gain_r"":1.009409,""contrast"":1.00753,""noise_sigma"":1.040054,""saturation"":0.990013},""recipe"":[""contamination""],""severity"":""moderate""}"
syn-v1-450-contamination-0032,synthetic/v1_450/images/contamination/syn-v1-450-contamination-0032.jpg,synthetic/v1_450/masks/contamination/syn-v1-450-contamination-0032.png,synthetic_restored,train,IMGGEN-CLEAN-BACK-V1,SYNTH-BASE-KIA7809AF-BACK-001,SPEC-A,back,contamination,contamination,mild,7809250,1485766086,1.1.1,7cc6627693f1a190ee26cfdbda90e0c69510377724d9484d14996ca83b755ffc,cb5fed83f6415c3bb3f6c26fce8fee402b064f28c0ad1c03b1bdc5dfa8d1ad8a,4d23ae3770bde6a8ed2174cb031fded2edc8e5ce084b4abd15bc776d289fe65f,323f429bdf2d6ac8e9c47664fd2c6fea0161a7c32972bf1ec093dee3014eb879,512,512,574,0.0021896362,1.0000000000,13.6012620926,177,196,35,29,TRAIN_ONLY_SYNTHETIC_NG,NO,AUTO_PASS,NO,"{""attempt"":0,""effective_seed"":1485766086,""geometry"":{""rotation_deg"":-1.389169,""scale"":0.981112,""translate_x"":-0.920859,""translate_y"":-9.53325},""instances_pre_transform"":[{""category"":""contamination"",""category_id"":4,""recipe_subtype"":""smear_and_particles"",""severity"":""mild"",""speck_count"":14,""surface"":""metal_tab_or_body""}],""photometric"":{""blur_radius"":0.680392,""brightness"":0.97291,""channel_gain_b"":1.039331,""channel_gain_g"":1.029626,""channel_gain_r"":1.009837,""contrast"":0.913174,""noise_sigma"":0.837852,""saturation"":0.991995},""recipe"":[""contamination""],""severity"":""mild""}"
syn-v1-450-contamination-0033,synthetic/v1_450/images/contamination/syn-v1-450-contamination-0033.jpg,synthetic/v1_450/masks/contamination/syn-v1-450-contamination-0033.png,synthetic_restored,train,IMGGEN-CLEAN-BACK-V1,SYNTH-BASE-KIA7809AF-BACK-001,SPEC-A,back,contamination,contamination,moderate,7809250,288682780,1.1.1,7cc6627693f1a190ee26cfdbda90e0c69510377724d9484d14996ca83b755ffc,cb5fed83f6415c3bb3f6c26fce8fee402b064f28c0ad1c03b1bdc5dfa8d1ad8a,62a251671ddb132b2b27414e5d8b8a8364e32ccbaae930727faa473f2f1a5af9,13458b2701966eb53167f76995fc4e06c5198bcf4201a44db0839ae4592f066f,512,512,1066,0.0040664673,1.0000000000,22.8899841309,165,163,88,53,TRAIN_ONLY_SYNTHETIC_NG,NO,AUTO_PASS,NO,"{""attempt"":2,""effective_seed"":288892238,""geometry"":{""rotation_deg"":0.576088,""scale"":1.014546,""translate_x"":-3.066975,""translate_y"":-9.360141},""instances_pre_transform"":[{""category"":""contamination"",""category_id"":4,""recipe_subtype"":""smear_and_particles"",""severity"":""moderate"",""speck_count"":24,""surface"":""metal_tab_or_body""}],""photometric"":{""blur_radius"":0.255823,""brightness"":0.964783,""channel_gain_b"":0.989775,""channel_gain_g"":1.015998,""channel_gain_r"":1.027292,""contrast"":0.938393,""noise_sigma"":2.000861,""saturation"":0.923067},""recipe"":[""contamination""],""severity"":""moderate""}"
syn-v1-450-contamination-0034,synthetic/v1_450/images/contamination/syn-v1-450-contamination-0034.jpg,synthetic/v1_450/masks/contamination/syn-v1-450-contamination-0034.png,synthetic_restored,train,IMGGEN-CLEAN-BACK-V1,SYNTH-BASE-KIA7809AF-BACK-001,SPEC-A,back,contamination,contamination,moderate,7809250,347326530,1.1.1,7cc6627693f1a190ee26cfdbda90e0c69510377724d9484d14996ca83b755ffc,cb5fed83f6415c3bb3f6c26fce8fee402b064f28c0ad1c03b1bdc5dfa8d1ad8a,3f9013d0f8e10bc943d0283ab2811045e1721576f8b43b2c7a075768a4d348e1,30d6f01d814753d49d005578141f9030cbd736dbca8dbd153d6eca715f63e74f,512,512,2241,0.0085487366,1.0000000000,12.8026208878,270,205,64,67,TRAIN_ONLY_SYNTHETIC_NG,NO,AUTO_PASS,NO,"{""attempt"":2,""effective_seed"":347535988,""geometry"":{""rotation_deg"":7.004225,""scale"":0.974749,""translate_x"":-4.179206,""translate_y"":-7.102975},""instances_pre_transform"":[{""category"":""contamination"",""category_id"":4,""recipe_subtype"":""smear_and_particles"",""severity"":""moderate"",""speck_count"":16,""surface"":""metal_tab_or_body""}],""photometric"":{""blur_radius"":0.16304,""brightness"":0.938059,""channel_gain_b"":0.984597,""channel_gain_g"":0.982838,""channel_gain_r"":1.002953,""contrast"":0.966247,""noise_sigma"":2.687317,""saturation"":1.068656},""recipe"":[""contamination""],""severity"":""moderate""}"
syn-v1-450-contamination-0035,synthetic/v1_450/images/contamination/syn-v1-450-contamination-0035.jpg,synthetic/v1_450/masks/contamination/syn-v1-450-contamination-0035.png,synthetic_restored,train,IMGGEN-CLEAN-BACK-V1,SYNTH-BASE-KIA7809AF-BACK-001,SPEC-A,back,contamination,contamination,mild,7809250,53887738,1.1.1,7cc6627693f1a190ee26cfdbda90e0c69510377724d9484d14996ca83b755ffc,cb5fed83f6415c3bb3f6c26fce8fee402b064f28c0ad1c03b1bdc5dfa8d1ad8a,39a78adb5af22e1bec58db8fb7aa5742ecb8c53473a4a480279bdfbcfdf5ab9b,9bf99803704da8fa417b70200f3e2056f64ad9cdd4a68be5f1dfb98cf440a138,512,512,1297,0.0049476624,1.0000000000,8.0020093918,284,177,49,32,TRAIN_ONLY_SYNTHETIC_NG,NO,AUTO_PASS,NO,"{""attempt"":0,""effective_seed"":53887738,""geometry"":{""rotation_deg"":-3.201503,""scale"":0.979452,""translate_x"":2.389575,""translate_y"":-7.398955},""instances_pre_transform"":[{""category"":""contamination"",""category_id"":4,""recipe_subtype"":""smear_and_particles"",""severity"":""mild"",""speck_count"":17,""surface"":""metal_tab_or_body""}],""photometric"":{""blur_radius"":0.624945,""brightness"":0.940412,""channel_gain_b"":1.021465,""channel_gain_g"":0.999269,""channel_gain_r"":1.001158,""contrast"":0.954832,""noise_sigma"":0.548448,""saturation"":1.020004},""recipe"":[""contamination""],""severity"":""mild""}"
syn-v1-450-contamination-0036,synthetic/v1_450/images/contamination/syn-v1-450-contamination-0036.jpg,synthetic/v1_450/masks/contamination/syn-v1-450-contamination-0036.png,synthetic_restored,train,IMGGEN-CLEAN-BACK-V1,SYNTH-BASE-KIA7809AF-BACK-001,SPEC-A,back,contamination,contamination,severe,7809250,1849456335,1.1.1,7cc6627693f1a190ee26cfdbda90e0c69510377724d9484d14996ca83b755ffc,cb5fed83f6415c3bb3f6c26fce8fee402b064f28c0ad1c03b1bdc5dfa8d1ad8a,da674e8f5235ff77f2a6dc8c4831d1bf6bbdf91ba95f52de9eeb4f86bf9f6988,6f30375bb1de7e999a41bcecb74192700fb7aa5a3a512f0af5c0a616f62d35af,512,512,2374,0.0090560913,1.0000000000,5.0014801025,140,223,81,74,TRAIN_ONLY_SYNTHETIC_NG,NO,AUTO_PASS,NO,"{""attempt"":0,""effective_seed"":1849456335,""geometry"":{""rotation_deg"":2.970966,""scale"":1.02921,""translate_x"":-2.705895,""translate_y"":10.567833},""instances_pre_transform"":[{""category"":""contamination"",""category_id"":4,""recipe_subtype"":""smear_and_particles"",""severity"":""severe"",""speck_count"":32,""surface"":""metal_tab_or_body""}],""photometric"":{""blur_radius"":0.160703,""brightness"":1.056447,""channel_gain_b"":0.983096,""channel_gain_g"":0.965036,""channel_gain_r"":1.031348,""contrast"":0.908464,""noise_sigma"":1.632046,""saturation"":1.045054},""recipe"":[""contamination""],""severity"":""severe""}"
syn-v1-450-contamination-0037,synthetic/v1_450/images/contamination/syn-v1-450-contamination-0037.jpg,synthetic/v1_450/masks/contamination/syn-v1-450-contamination-0037.png,synthetic_restored,train,IMGGEN-CLEAN-BACK-V1,SYNTH-BASE-KIA7809AF-BACK-001,SPEC-A,back,contamination,contamination,mild,7809250,103974855,1.1.1,7cc6627693f1a190ee26cfdbda90e0c69510377724d9484d14996ca83b755ffc,cb5fed83f6415c3bb3f6c26fce8fee402b064f28c0ad1c03b1bdc5dfa8d1ad8a,04bcec70f39e438b3374dc7149d866021843baec76baf64ed344776b02ee7b43,ab05fed63714d62d7942509329daea235e788a8e5bb840cf74414ab77c28d4a8,512,512,1359,0.0051841736,1.0000000000,6.9528403282,137,145,59,40,TRAIN_ONLY_SYNTHETIC_NG,NO,AUTO_PASS,NO,"{""attempt"":0,""effective_seed"":103974855,""geometry"":{""rotation_deg"":2.28502,""scale"":1.039011,""translate_x"":-7.454597,""translate_y"":4.175718},""instances_pre_transform"":[{""category"":""contamination"",""category_id"":4,""recipe_subtype"":""smear_and_particles"",""severity"":""mild"",""speck_count"":15,""surface"":""metal_tab_or_body""}],""photometric"":{""blur_radius"":0.536125,""brightness"":0.976927,""channel_gain_b"":0.963859,""channel_gain_g"":0.969675,""channel_gain_r"":1.014992,""contrast"":0.984031,""noise_sigma"":1.095168,""saturation"":0.966016},""recipe"":[""contamination""],""severity"":""mild""}"
syn-v1-450-contamination-0038,synthetic/v1_450/images/contamination/syn-v1-450-contamination-0038.jpg,synthetic/v1_450/masks/contamination/syn-v1-450-contamination-0038.png,synthetic_restored,train,IMGGEN-CLEAN-BACK-V1,SYNTH-BASE-KIA7809AF-BACK-001,SPEC-A,back,contamination,contamination,mild,7809250,1586728603,1.1.1,7cc6627693f1a190ee26cfdbda90e0c69510377724d9484d14996ca83b755ffc,cb5fed83f6415c3bb3f6c26fce8fee402b064f28c0ad1c03b1bdc5dfa8d1ad8a,2e022352ef71f92c0fd11801ccda280909f6345e23567a0e2349ba1be88fd0ef,98cf11c44900d14833b1d9beaf828ac4df102ca3d6242671517c4567c7233b2a,512,512,1258,0.0047988892,1.0000000000,18.1140727997,165,163,47,43,TRAIN_ONLY_SYNTHETIC_NG,NO,AUTO_PASS,NO,"{""attempt"":0,""effective_seed"":1586728603,""geometry"":{""rotation_deg"":-6.102251,""scale"":0.946442,""translate_x"":-0.309671,""translate_y"":-7.597591},""instances_pre_transform"":[{""category"":""contamination"",""category_id"":4,""recipe_subtype"":""smear_and_particles"",""severity"":""mild"",""speck_count"":17,""surface"":""metal_tab_or_body""}],""photometric"":{""blur_radius"":0.022352,""brightness"":1.016206,""channel_gain_b"":1.025034,""channel_gain_g"":0.960208,""channel_gain_r"":0.981168,""contrast"":0.947172,""noise_sigma"":1.700321,""saturation"":0.927452},""recipe"":[""contamination""],""severity"":""mild""}"
syn-v1-450-contamination-0039,synthetic/v1_450/images/contamination/syn-v1-450-contamination-0039.jpg,synthetic/v1_450/masks/contamination/syn-v1-450-contamination-0039.png,synthetic_restored,train,IMGGEN-CLEAN-BACK-V1,SYNTH-BASE-KIA7809AF-BACK-001,SPEC-A,back,contamination,contamination,mild,7809250,1407724104,1.1.1,7cc6627693f1a190ee26cfdbda90e0c69510377724d9484d14996ca83b755ffc,cb5fed83f6415c3bb3f6c26fce8fee402b064f28c0ad1c03b1bdc5dfa8d1ad8a,19e07d9a34d9830263fe175eb90daaf24e2a86a51386a509d5d6c58e68805eb3,917fe01637cebd08a5907c433c04037e38135279a89023d63bc6fa9b36dfbb2f,512,512,1062,0.0040512085,1.0000000000,8.9878911972,141,125,40,51,TRAIN_ONLY_SYNTHETIC_NG,NO,AUTO_PASS,NO,"{""attempt"":0,""effective_seed"":1407724104,""geometry"":{""rotation_deg"":-7.376524,""scale"":1.037369,""translate_x"":6.194662,""translate_y"":10.740192},""instances_pre_transform"":[{""category"":""contamination"",""category_id"":4,""recipe_subtype"":""smear_and_particles"",""severity"":""mild"",""speck_count"":17,""surface"":""metal_tab_or_body""}],""photometric"":{""blur_radius"":0.674423,""brightness"":1.063062,""channel_gain_b"":0.996026,""channel_gain_g"":0.985439,""channel_gain_r"":1.035097,""contrast"":0.926909,""noise_sigma"":0.894623,""saturation"":0.973756},""recipe"":[""contamination""],""severity"":""mild""}"
syn-v1-450-contamination-0040,synthetic/v1_450/images/contamination/syn-v1-450-contamination-0040.jpg,synthetic/v1_450/masks/contamination/syn-v1-450-contamination-0040.png,synthetic_restored,train,IMGGEN-CLEAN-BACK-V1,SYNTH-BASE-KIA7809AF-BACK-001,SPEC-A,back,contamination,contamination,mild,7809250,900583467,1.1.1,7cc6627693f1a190ee26cfdbda90e0c69510377724d9484d14996ca83b755ffc,cb5fed83f6415c3bb3f6c26fce8fee402b064f28c0ad1c03b1bdc5dfa8d1ad8a,d17e729705c04cffb46ab648f0bc1a5c546324bf8d6c4039808418527475ceb3,79dc41c346e4776c95c8978cbada473671a23c317eb2365db65a8c628acbcd04,512,512,846,0.0032272339,1.0000000000,6.7785296440,302,294,42,27,TRAIN_ONLY_SYNTHETIC_NG,NO,AUTO_PASS,NO,"{""attempt"":0,""effective_seed"":900583467,""geometry"":{""rotation_deg"":-7.968179,""scale"":1.075484,""translate_x"":-8.700532,""translate_y"":-0.222913},""instances_pre_transform"":[{""category"":""contamination"",""category_id"":4,""recipe_subtype"":""smear_and_particles"",""severity"":""mild"",""speck_count"":11,""surface"":""metal_tab_or_body""}],""photometric"":{""blur_radius"":0.087705,""brightness"":1.063864,""channel_gain_b"":0.973056,""channel_gain_g"":0.960647,""channel_gain_r"":0.994531,""contrast"":1.011992,""noise_sigma"":2.078065,""saturation"":0.969426},""recipe"":[""contamination""],""severity"":""mild""}"
syn-v1-450-contamination-0041,synthetic/v1_450/images/contamination/syn-v1-450-contamination-0041.jpg,synthetic/v1_450/masks/contamination/syn-v1-450-contamination-0041.png,synthetic_restored,train,IMGGEN-CLEAN-BACK-V1,SYNTH-BASE-KIA7809AF-BACK-001,SPEC-A,back,contamination,contamination,mild,7809250,1566847299,1.1.1,7cc6627693f1a190ee26cfdbda90e0c69510377724d9484d14996ca83b755ffc,cb5fed83f6415c3bb3f6c26fce8fee402b064f28c0ad1c03b1bdc5dfa8d1ad8a,f1987fb2dd201b64448693061660079174c288ca3be4c1ad69135e2d2cc07a46,ea19a11ff1ae3765655d9312338b25925e36ead11423fc7d146af7876c108250,512,512,1190,0.0045394897,1.0000000000,12.3918886185,239,105,48,39,TRAIN_ONLY_SYNTHETIC_NG,NO,AUTO_PASS,NO,"{""attempt"":1,""effective_seed"":1566952028,""geometry"":{""rotation_deg"":3.721298,""scale"":0.9864,""translate_x"":-10.256024,""translate_y"":4.074743},""instances_pre_transform"":[{""category"":""contamination"",""category_id"":4,""recipe_subtype"":""smear_and_particles"",""severity"":""mild"",""speck_count"":11,""surface"":""metal_tab_or_body""}],""photometric"":{""blur_radius"":0.367178,""brightness"":0.970122,""channel_gain_b"":1.00632,""channel_gain_g"":0.98668,""channel_gain_r"":0.981859,""contrast"":0.963755,""noise_sigma"":1.48008,""saturation"":1.019861},""recipe"":[""contamination""],""severity"":""mild""}"
syn-v1-450-contamination-0042,synthetic/v1_450/images/contamination/syn-v1-450-contamination-0042.jpg,synthetic/v1_450/masks/contamination/syn-v1-450-contamination-0042.png,synthetic_restored,train,IMGGEN-CLEAN-BACK-V1,SYNTH-BASE-KIA7809AF-BACK-001,SPEC-A,back,contamination,contamination,mild,7809250,1586197470,1.1.1,7cc6627693f1a190ee26cfdbda90e0c69510377724d9484d14996ca83b755ffc,cb5fed83f6415c3bb3f6c26fce8fee402b064f28c0ad1c03b1bdc5dfa8d1ad8a,e650ec2b1096e629a8c2a0032c90cb266217d21b2342ae2faaba0db7592e8a21,9a0d862731053dd5dff6767ab136e1a158091877305f901e288dcc48cc01bd82,512,512,406,0.0015487671,1.0000000000,7.6176471710,308,168,17,34,TRAIN_ONLY_SYNTHETIC_NG,NO,AUTO_PASS,NO,"{""attempt"":0,""effective_seed"":1586197470,""geometry"":{""rotation_deg"":-2.725706,""scale"":1.003941,""translate_x"":11.135119,""translate_y"":11.804398},""instances_pre_transform"":[{""category"":""contamination"",""category_id"":4,""recipe_subtype"":""smear_and_particles"",""severity"":""mild"",""speck_count"":6,""surface"":""metal_tab_or_body""}],""photometric"":{""blur_radius"":0.595709,""brightness"":1.008846,""channel_gain_b"":1.0232,""channel_gain_g"":0.967282,""channel_gain_r"":0.980121,""contrast"":0.971061,""noise_sigma"":0.250185,""saturation"":0.960762},""recipe"":[""contamination""],""severity"":""mild""}"
syn-v1-450-contamination-0043,synthetic/v1_450/images/contamination/syn-v1-450-contamination-0043.jpg,synthetic/v1_450/masks/contamination/syn-v1-450-contamination-0043.png,synthetic_restored,train,IMGGEN-CLEAN-BACK-V1,SYNTH-BASE-KIA7809AF-BACK-001,SPEC-A,back,contamination,contamination,mild,7809250,1512272846,1.1.1,7cc6627693f1a190ee26cfdbda90e0c69510377724d9484d14996ca83b755ffc,cb5fed83f6415c3bb3f6c26fce8fee402b064f28c0ad1c03b1bdc5dfa8d1ad8a,9cb729c3b813ce30fa754ad4b2ade562ea887d60411b0c8d3dc00ee6e8490a19,ed669405b87106ea34ab1e1911ea60bd4db0bbbbc42d4108448bce97d22652ae,512,512,477,0.0018196106,1.0000000000,7.0544519424,116,123,35,49,TRAIN_ONLY_SYNTHETIC_NG,NO,AUTO_PASS,NO,"{""attempt"":3,""effective_seed"":1512587033,""geometry"":{""rotation_deg"":6.386245,""scale"":1.027197,""translate_x"":9.477517,""translate_y"":7.509304},""instances_pre_transform"":[{""category"":""contamination"",""category_id"":4,""recipe_subtype"":""smear_and_particles"",""severity"":""mild"",""speck_count"":14,""surface"":""metal_tab_or_body""}],""photometric"":{""blur_radius"":0.237334,""brightness"":1.065589,""channel_gain_b"":1.014934,""channel_gain_g"":1.025456,""channel_gain_r"":1.010178,""contrast"":0.927769,""noise_sigma"":2.764614,""saturation"":1.024095},""recipe"":[""contamination""],""severity"":""mild""}"
syn-v1-450-contamination-0044,synthetic/v1_450/images/contamination/syn-v1-450-contamination-0044.jpg,synthetic/v1_450/masks/contamination/syn-v1-450-contamination-0044.png,synthetic_restored,train,IMGGEN-CLEAN-BACK-V1,SYNTH-BASE-KIA7809AF-BACK-001,SPEC-A,back,contamination,contamination,mild,7809250,1569522182,1.1.1,7cc6627693f1a190ee26cfdbda90e0c69510377724d9484d14996ca83b755ffc,cb5fed83f6415c3bb3f6c26fce8fee402b064f28c0ad1c03b1bdc5dfa8d1ad8a,343897c44a14a6af29080c92db6c4a3e395eaf9954e0d0b34854f32de90ca6aa,e37232afe2840de0646b992a298bb901d1a3e94d9c34fa651ff75c6d9f82251c,512,512,1285,0.0049018860,1.0000000000,18.9012908936,173,193,50,37,TRAIN_ONLY_SYNTHETIC_NG,NO,AUTO_PASS,NO,"{""attempt"":4,""effective_seed"":1569941098,""geometry"":{""rotation_deg"":-1.750026,""scale"":1.074661,""translate_x"":8.464486,""translate_y"":3.494001},""instances_pre_transform"":[{""category"":""contamination"",""category_id"":4,""recipe_subtype"":""smear_and_particles"",""severity"":""mild"",""speck_count"":11,""surface"":""metal_tab_or_body""}],""photometric"":{""blur_radius"":0.659362,""brightness"":1.054483,""channel_gain_b"":0.97177,""channel_gain_g"":1.023569,""channel_gain_r"":1.009452,""contrast"":1.023844,""noise_sigma"":1.502996,""saturation"":0.926058},""recipe"":[""contamination""],""severity"":""mild""}"
syn-v1-450-contamination-0045,synthetic/v1_450/images/contamination/syn-v1-450-contamination-0045.jpg,synthetic/v1_450/masks/contamination/syn-v1-450-contamination-0045.png,synthetic_restored,train,IMGGEN-CLEAN-BACK-V1,SYNTH-BASE-KIA7809AF-BACK-001,SPEC-A,back,contamination,contamination,mild,7809250,1979597728,1.1.1,7cc6627693f1a190ee26cfdbda90e0c69510377724d9484d14996ca83b755ffc,cb5fed83f6415c3bb3f6c26fce8fee402b064f28c0ad1c03b1bdc5dfa8d1ad8a,90448ab060fa55244c95b0e31f838979625f4a2ccd015c6855caa3755d7a6234,0b98ee99c77cc6320ff4f45ce5f98a09c37cb11f6f5ed0651479adb6d7fb0fb5,512,512,1303,0.0049705505,1.0000000000,16.2259788513,209,181,46,36,TRAIN_ONLY_SYNTHETIC_NG,NO,AUTO_PASS,NO,"{""attempt"":0,""effective_seed"":1979597728,""geometry"":{""rotation_deg"":1.893483,""scale"":1.050518,""translate_x"":-5.060458,""translate_y"":-1.756256},""instances_pre_transform"":[{""category"":""contamination"",""category_id"":4,""recipe_subtype"":""smear_and_particles"",""severity"":""mild"",""speck_count"":6,""surface"":""metal_tab_or_body""}],""photometric"":{""blur_radius"":0.411301,""brightness"":1.011257,""channel_gain_b"":0.97537,""channel_gain_g"":1.019588,""channel_gain_r"":0.987644,""contrast"":1.069426,""noise_sigma"":0.986111,""saturation"":1.079596},""recipe"":[""contamination""],""severity"":""mild""}"
syn-v1-450-contamination-0046,synthetic/v1_450/images/contamination/syn-v1-450-contamination-0046.jpg,synthetic/v1_450/masks/contamination/syn-v1-450-contamination-0046.png,synthetic_restored,train,IMGGEN-CLEAN-BACK-V1,SYNTH-BASE-KIA7809AF-BACK-001,SPEC-A,back,contamination,contamination,severe,7809250,1745335975,1.1.1,7cc6627693f1a190ee26cfdbda90e0c69510377724d9484d14996ca83b755ffc,cb5fed83f6415c3bb3f6c26fce8fee402b064f28c0ad1c03b1bdc5dfa8d1ad8a,446f5ff3dcfa8f5b771d8a81ba8e1f7a2c41946f20f9e0c045c7f0dec5f18abf,189d203b65e41b1d2776b300a1e4b990fd362e881c8f59e095b998732eadf56e,512,512,1657,0.0063209534,1.0000000000,32.9591751099,173,105,57,37,TRAIN_ONLY_SYNTHETIC_NG,NO,AUTO_PASS,NO,"{""attempt"":0,""effective_seed"":1745335975,""geometry"":{""rotation_deg"":-1.136858,""scale"":1.015965,""translate_x"":-11.044534,""translate_y"":-8.270701},""instances_pre_transform"":[{""category"":""contamination"",""category_id"":4,""recipe_subtype"":""smear_and_particles"",""severity"":""severe"",""speck_count"":19,""surface"":""metal_tab_or_body""}],""photometric"":{""blur_radius"":0.016834,""brightness"":1.037774,""channel_gain_b"":1.023582,""channel_gain_g"":0.995464,""channel_gain_r"":0.97056,""contrast"":1.089189,""noise_sigma"":2.539365,""saturation"":0.92449},""recipe"":[""contamination""],""severity"":""severe""}"
syn-v1-450-contamination-0047,synthetic/v1_450/images/contamination/syn-v1-450-contamination-0047.jpg,synthetic/v1_450/masks/contamination/syn-v1-450-contamination-0047.png,synthetic_restored,train,IMGGEN-CLEAN-BACK-V1,SYNTH-BASE-KIA7809AF-BACK-001,SPEC-A,back,contamination,contamination,mild,7809250,1827558060,1.1.1,7cc6627693f1a190ee26cfdbda90e0c69510377724d9484d14996ca83b755ffc,cb5fed83f6415c3bb3f6c26fce8fee402b064f28c0ad1c03b1bdc5dfa8d1ad8a,55beb31b93fbd87bf7184205f0d191621d07e3c217bd33db72a37415a27282ec,645070daeffb59a1081a06c7233d0f0766c896eb1c6805060e3b3373eb2d0760,512,512,423,0.0016136169,1.0000000000,19.2594242096,280,103,31,24,TRAIN_ONLY_SYNTHETIC_NG,NO,AUTO_PASS,NO,"{""attempt"":0,""effective_seed"":1827558060,""geometry"":{""rotation_deg"":1.724625,""scale"":0.96958,""translate_x"":-8.884165,""translate_y"":0.179129},""instances_pre_transform"":[{""category"":""contamination"",""category_id"":4,""recipe_subtype"":""smear_and_particles"",""severity"":""mild"",""speck_count"":9,""surface"":""metal_tab_or_body""}],""photometric"":{""blur_radius"":0.706281,""brightness"":0.9688,""channel_gain_b"":1.03276,""channel_gain_g"":0.988965,""channel_gain_r"":0.983896,""contrast"":0.965086,""noise_sigma"":2.822316,""saturation"":1.014749},""recipe"":[""contamination""],""severity"":""mild""}"
syn-v1-450-contamination-0048,synthetic/v1_450/images/contamination/syn-v1-450-contamination-0048.jpg,synthetic/v1_450/masks/contamination/syn-v1-450-contamination-0048.png,synthetic_restored,train,IMGGEN-CLEAN-BACK-V1,SYNTH-BASE-KIA7809AF-BACK-001,SPEC-A,back,contamination,contamination,mild,7809250,1993559290,1.1.1,7cc6627693f1a190ee26cfdbda90e0c69510377724d9484d14996ca83b755ffc,cb5fed83f6415c3bb3f6c26fce8fee402b064f28c0ad1c03b1bdc5dfa8d1ad8a,5ee84ec1ea47b55dd97f97dabf597601cda5fc2a9dd9854c4687f2e588b5932c,7e5308749f6d1b6dec3311843a1ab34b8d76ec04257cfaedbd50abcaaefeae02,512,512,854,0.0032577515,1.0000000000,17.5434608459,245,155,28,39,TRAIN_ONLY_SYNTHETIC_NG,NO,AUTO_PASS,NO,"{""attempt"":0,""effective_seed"":1993559290,""geometry"":{""rotation_deg"":-1.277477,""scale"":1.014287,""translate_x"":0.02588,""translate_y"":7.639811},""instances_pre_transform"":[{""category"":""contamination"",""category_id"":4,""recipe_subtype"":""smear_and_particles"",""severity"":""mild"",""speck_count"":9,""surface"":""metal_tab_or_body""}],""photometric"":{""blur_radius"":0.049346,""brightness"":0.962567,""channel_gain_b"":0.992433,""channel_gain_g"":1.003519,""channel_gain_r"":1.01614,""contrast"":1.092611,""noise_sigma"":2.583018,""saturation"":1.016266},""recipe"":[""contamination""],""severity"":""mild""}"
syn-v1-450-contamination-0049,synthetic/v1_450/images/contamination/syn-v1-450-contamination-0049.jpg,synthetic/v1_450/masks/contamination/syn-v1-450-contamination-0049.png,synthetic_restored,train,IMGGEN-CLEAN-BACK-V1,SYNTH-BASE-KIA7809AF-BACK-001,SPEC-A,back,contamination,contamination,mild,7809250,1369580099,1.1.1,7cc6627693f1a190ee26cfdbda90e0c69510377724d9484d14996ca83b755ffc,cb5fed83f6415c3bb3f6c26fce8fee402b064f28c0ad1c03b1bdc5dfa8d1ad8a,06f5004934193fcdce7d3deda4f4135c3103bcabc061ce079bc2af1d1abf2cf4,1fd9c1ffec98cac5af47538617a9b6bd8ed8129f1e27ddbb521e764b444076b5,512,512,415,0.0015830994,1.0000000000,11.4261169434,152,288,23,23,TRAIN_ONLY_SYNTHETIC_NG,NO,AUTO_PASS,NO,"{""attempt"":1,""effective_seed"":1369684828,""geometry"":{""rotation_deg"":3.958131,""scale"":0.943352,""translate_x"":-2.992688,""translate_y"":-0.396927},""instances_pre_transform"":[{""category"":""contamination"",""category_id"":4,""recipe_subtype"":""smear_and_particles"",""severity"":""mild"",""speck_count"":11,""surface"":""metal_tab_or_body""}],""photometric"":{""blur_radius"":0.661957,""brightness"":1.012686,""channel_gain_b"":1.031082,""channel_gain_g"":0.97488,""channel_gain_r"":0.962391,""contrast"":0.998212,""noise_sigma"":0.123702,""saturation"":0.951801},""recipe"":[""contamination""],""severity"":""mild""}"
syn-v1-450-lead_breakage-0000,synthetic/v1_450/images/lead_breakage/syn-v1-450-lead_breakage-0000.jpg,synthetic/v1_450/masks/lead_breakage/syn-v1-450-lead_breakage-0000.png,synthetic_restored,train,IMGGEN-CLEAN-BACK-V1,SYNTH-BASE-KIA7809AF-BACK-001,SPEC-A,back,lead_breakage,lead_breakage,moderate,7809250,1710754176,1.1.1,7cc6627693f1a190ee26cfdbda90e0c69510377724d9484d14996ca83b755ffc,cb5fed83f6415c3bb3f6c26fce8fee402b064f28c0ad1c03b1bdc5dfa8d1ad8a,27b8fbd477cd6492c6ca76ecb656f3dfdeff3d64e849e1369aaef1065fcdfaad,d8a97cce8c804a52917470a8a42a3689519ca51ade720b03455494c11e984a46,512,512,804,0.0030670166,1.0000000000,22.2675437927,304,338,36,28,TRAIN_ONLY_SYNTHETIC_NG,NO,AUTO_PASS,NO,"{""attempt"":0,""effective_seed"":1710754176,""geometry"":{""rotation_deg"":5.554288,""scale"":0.979874,""translate_x"":1.238313,""translate_y"":3.773256},""instances_pre_transform"":[{""category"":""lead_breakage"",""category_id"":5,""recipe_subtype"":""distal_lead_missing"",""removed_fraction"":0.2886,""severity"":""moderate"",""surface"":""right_lead""}],""photometric"":{""blur_radius"":0.4283,""brightness"":0.956349,""channel_gain_b"":0.988807,""channel_gain_g"":1.033601,""channel_gain_r"":0.963252,""contrast"":0.952246,""noise_sigma"":1.764895,""saturation"":0.927824},""recipe"":[""lead_breakage""],""severity"":""moderate""}"
syn-v1-450-lead_breakage-0001,synthetic/v1_450/images/lead_breakage/syn-v1-450-lead_breakage-0001.jpg,synthetic/v1_450/masks/lead_breakage/syn-v1-450-lead_breakage-0001.png,synthetic_restored,train,IMGGEN-CLEAN-BACK-V1,SYNTH-BASE-KIA7809AF-BACK-001,SPEC-A,back,lead_breakage,lead_breakage,moderate,7809250,880164173,1.1.1,7cc6627693f1a190ee26cfdbda90e0c69510377724d9484d14996ca83b755ffc,cb5fed83f6415c3bb3f6c26fce8fee402b064f28c0ad1c03b1bdc5dfa8d1ad8a,3891fdf71a61091b0c82532a6f41ed3528347390547de4ab87a3c3d1e3d9a539,509cc539ebe144e0842d5f81ec8ccb5ce51f38a1c82c4706915d8b2c9b9db9b4,512,512,1053,0.0040168762,1.0000000000,22.9131374359,298,335,33,33,TRAIN_ONLY_SYNTHETIC_NG,NO,AUTO_PASS,NO,"{""attempt"":0,""effective_seed"":880164173,""geometry"":{""rotation_deg"":1.102307,""scale"":0.992173,""translate_x"":2.221644,""translate_y"":6.831145},""instances_pre_transform"":[{""category"":""lead_breakage"",""category_id"":5,""recipe_subtype"":""distal_lead_missing"",""removed_fraction"":0.3813,""severity"":""moderate"",""surface"":""right_lead""}],""photometric"":{""blur_radius"":0.555973,""brightness"":1.046449,""channel_gain_b"":1.026143,""channel_gain_g"":1.02073,""channel_gain_r"":1.022134,""contrast"":0.90933,""noise_sigma"":0.925807,""saturation"":1.033277},""recipe"":[""lead_breakage""],""severity"":""moderate""}"
syn-v1-450-lead_breakage-0002,synthetic/v1_450/images/lead_breakage/syn-v1-450-lead_breakage-0002.jpg,synthetic/v1_450/masks/lead_breakage/syn-v1-450-lead_breakage-0002.png,synthetic_restored,train,IMGGEN-CLEAN-BACK-V1,SYNTH-BASE-KIA7809AF-BACK-001,SPEC-A,back,lead_breakage,lead_breakage,mild,7809250,1658469668,1.1.1,7cc6627693f1a190ee26cfdbda90e0c69510377724d9484d14996ca83b755ffc,cb5fed83f6415c3bb3f6c26fce8fee402b064f28c0ad1c03b1bdc5dfa8d1ad8a,283479604551e6b01164ee209bc4171e30d934ea7dcab61f884e1ac4c565445a,3c97ecaa94de92d870db0f3f3b49b9b857b7ac0bf7558f712008e37ceb0d9c4e,512,512,642,0.0024490356,1.0000000000,18.5132656097,179,356,33,25,TRAIN_ONLY_SYNTHETIC_NG,NO,AUTO_PASS,NO,"{""attempt"":0,""effective_seed"":1658469668,""geometry"":{""rotation_deg"":5.084244,""scale"":0.958332,""translate_x"":0.97858,""translate_y"":-2.121126},""instances_pre_transform"":[{""category"":""lead_breakage"",""category_id"":5,""recipe_subtype"":""distal_lead_missing"",""removed_fraction"":0.2576,""severity"":""mild"",""surface"":""left_lead""}],""photometric"":{""blur_radius"":0.227712,""brightness"":1.056406,""channel_gain_b"":1.030784,""channel_gain_g"":0.991496,""channel_gain_r"":1.005971,""contrast"":0.970064,""noise_sigma"":1.203682,""saturation"":1.001365},""recipe"":[""lead_breakage""],""severity"":""mild""}"
syn-v1-450-lead_breakage-0003,synthetic/v1_450/images/lead_breakage/syn-v1-450-lead_breakage-0003.jpg,synthetic/v1_450/masks/lead_breakage/syn-v1-450-lead_breakage-0003.png,synthetic_restored,train,IMGGEN-CLEAN-BACK-V1,SYNTH-BASE-KIA7809AF-BACK-001,SPEC-A,back,lead_breakage,lead_breakage,mild,7809250,465476925,1.1.1,7cc6627693f1a190ee26cfdbda90e0c69510377724d9484d14996ca83b755ffc,cb5fed83f6415c3bb3f6c26fce8fee402b064f28c0ad1c03b1bdc5dfa8d1ad8a,24ab0ad95771ec5b62c110bea5a3a979b24aed9b89f3f52883fbdaa66a95429e,ac47dcda11939c78070b67e8ae7b85f3bca4be86d7b7bf75f3aa4f51eef1300c,512,512,557,0.0021247864,1.0000000000,17.3398303986,159,358,33,21,TRAIN_ONLY_SYNTHETIC_NG,NO,AUTO_PASS,NO,"{""attempt"":0,""effective_seed"":465476925,""geometry"":{""rotation_deg"":-5.574617,""scale"":1.045058,""translate_x"":-4.816773,""translate_y"":-2.90878},""instances_pre_transform"":[{""category"":""lead_breakage"",""category_id"":5,""recipe_subtype"":""distal_lead_missing"",""removed_fraction"":0.1826,""severity"":""mild"",""surface"":""left_lead""}],""photometric"":{""blur_radius"":0.32988,""brightness"":0.979591,""channel_gain_b"":1.029905,""channel_gain_g"":1.015582,""channel_gain_r"":1.019914,""contrast"":0.912578,""noise_sigma"":1.100287,""saturation"":0.99616},""recipe"":[""lead_breakage""],""severity"":""mild""}"
syn-v1-450-lead_breakage-0004,synthetic/v1_450/images/lead_breakage/syn-v1-450-lead_breakage-0004.jpg,synthetic/v1_450/masks/lead_breakage/syn-v1-450-lead_breakage-0004.png,synthetic_restored,train,IMGGEN-CLEAN-BACK-V1,SYNTH-BASE-KIA7809AF-BACK-001,SPEC-A,back,lead_breakage,lead_breakage,moderate,7809250,205971879,1.1.1,7cc6627693f1a190ee26cfdbda90e0c69510377724d9484d14996ca83b755ffc,cb5fed83f6415c3bb3f6c26fce8fee402b064f28c0ad1c03b1bdc5dfa8d1ad8a,0f042458473f6cd66dc570b035943b529fb1cad75caf589407e2e7fa80be0ec9,56779287739055ad64b39c558b85a4eb7f15e69de1a14b1934187282528ca2e4,512,512,789,0.0030097961,1.0000000000,22.3993701935,292,357,33,25,TRAIN_ONLY_SYNTHETIC_NG,NO,AUTO_PASS,NO,"{""attempt"":0,""effective_seed"":205971879,""geometry"":{""rotation_deg"":0.960621,""scale"":0.95949,""translate_x"":5.554749,""translate_y"":-11.135133},""instances_pre_transform"":[{""category"":""lead_breakage"",""category_id"":5,""recipe_subtype"":""distal_lead_missing"",""removed_fraction"":0.2927,""severity"":""moderate"",""surface"":""right_lead""}],""photometric"":{""blur_radius"":0.600518,""brightness"":0.976653,""channel_gain_b"":1.014631,""channel_gain_g"":1.031023,""channel_gain_r"":1.001739,""contrast"":0.922024,""noise_sigma"":1.831842,""saturation"":0.994548},""recipe"":[""lead_breakage""],""severity"":""moderate""}"
syn-v1-450-lead_breakage-0005,synthetic/v1_450/images/lead_breakage/syn-v1-450-lead_breakage-0005.jpg,synthetic/v1_450/masks/lead_breakage/syn-v1-450-lead_breakage-0005.png,synthetic_restored,train,IMGGEN-CLEAN-BACK-V1,SYNTH-BASE-KIA7809AF-BACK-001,SPEC-A,back,lead_breakage,lead_breakage,mild,7809250,411925379,1.1.1,7cc6627693f1a190ee26cfdbda90e0c69510377724d9484d14996ca83b755ffc,cb5fed83f6415c3bb3f6c26fce8fee402b064f28c0ad1c03b1bdc5dfa8d1ad8a,9f71eed510c82425aa42062bcd229d8419c395750c70cf8564336d5163653dd7,53825a3fbf8531cde01109e78b5255d646fb78f81d23d9aeaad10840ef48ff59,512,512,922,0.0035171509,1.0000000000,20.4203681946,170,347,34,33,TRAIN_ONLY_SYNTHETIC_NG,NO,AUTO_PASS,NO,"{""attempt"":0,""effective_seed"":411925379,""geometry"":{""rotation_deg"":7.641432,""scale"":1.005129,""translate_x"":11.961977,""translate_y"":7.771912},""instances_pre_transform"":[{""category"":""lead_breakage"",""category_id"":5,""recipe_subtype"":""distal_lead_missing"",""removed_fraction"":0.341,""severity"":""mild"",""surface"":""left_lead""}],""photometric"":{""blur_radius"":0.796518,""brightness"":0.974573,""channel_gain_b"":0.990079,""channel_gain_g"":0.986329,""channel_gain_r"":1.010881,""contrast"":0.937736,""noise_sigma"":2.298756,""saturation"":1.053245},""recipe"":[""lead_breakage""],""severity"":""mild""}"
syn-v1-450-lead_breakage-0006,synthetic/v1_450/images/lead_breakage/syn-v1-450-lead_breakage-0006.jpg,synthetic/v1_450/masks/lead_breakage/syn-v1-450-lead_breakage-0006.png,synthetic_restored,train,IMGGEN-CLEAN-BACK-V1,SYNTH-BASE-KIA7809AF-BACK-001,SPEC-A,back,lead_breakage,lead_breakage,mild,7809250,1550900623,1.1.1,7cc6627693f1a190ee26cfdbda90e0c69510377724d9484d14996ca83b755ffc,cb5fed83f6415c3bb3f6c26fce8fee402b064f28c0ad1c03b1bdc5dfa8d1ad8a,c60b7e299b096f539418e2db9d7bf8271ab92c32137484d00e432ec4e57183d2,3bea9bbbf58fbfa9f6e13ab191f80afc563385e6a0bae267f2b85a2e1a382a03,512,512,636,0.0024261475,1.0000000000,17.7343826294,175,357,34,24,TRAIN_ONLY_SYNTHETIC_NG,NO,AUTO_PASS,NO,"{""attempt"":0,""effective_seed"":1550900623,""geometry"":{""rotation_deg"":5.045163,""scale"":1.011575,""translate_x"":1.126482,""translate_y"":4.424091},""instances_pre_transform"":[{""category"":""lead_breakage"",""category_id"":5,""recipe_subtype"":""distal_lead_missing"",""removed_fraction"":0.2391,""severity"":""mild"",""surface"":""left_lead""}],""photometric"":{""blur_radius"":0.378244,""brightness"":0.948805,""channel_gain_b"":0.973074,""channel_gain_g"":1.002008,""channel_gain_r"":0.988115,""contrast"":1.091509,""noise_sigma"":2.998546,""saturation"":1.034924},""recipe"":[""lead_breakage""],""severity"":""mild""}"
syn-v1-450-lead_breakage-0007,synthetic/v1_450/images/lead_breakage/syn-v1-450-lead_breakage-0007.jpg,synthetic/v1_450/masks/lead_breakage/syn-v1-450-lead_breakage-0007.png,synthetic_restored,train,IMGGEN-CLEAN-BACK-V1,SYNTH-BASE-KIA7809AF-BACK-001,SPEC-A,back,lead_breakage,lead_breakage,mild,7809250,389175122,1.1.1,7cc6627693f1a190ee26cfdbda90e0c69510377724d9484d14996ca83b755ffc,cb5fed83f6415c3bb3f6c26fce8fee402b064f28c0ad1c03b1bdc5dfa8d1ad8a,b51cd7653fde9be04e1fa41db7a1a144fdd8ad5512210ed52d8c4aa20293c42d,0f9be8fae2d4986b709507c8d9ad1bdf6f7cf62b61e71954ddbe179a71ab856b,512,512,518,0.0019760132,1.0000000000,16.3855628967,181,344,30,20,TRAIN_ONLY_SYNTHETIC_NG,NO,AUTO_PASS,NO,"{""attempt"":0,""effective_seed"":389175122,""geometry"":{""rotation_deg"":0.451015,""scale"":0.950043,""translate_x"":-7.423348,""translate_y"":8.193061},""instances_pre_transform"":[{""category"":""lead_breakage"",""category_id"":5,""recipe_subtype"":""distal_lead_missing"",""removed_fraction"":0.1938,""severity"":""mild"",""surface"":""left_lead""}],""photometric"":{""blur_radius"":0.652525,""brightness"":1.062476,""channel_gain_b"":1.022397,""channel_gain_g"":0.961051,""channel_gain_r"":1.016958,""contrast"":1.02759,""noise_sigma"":1.57867,""saturation"":0.937721},""recipe"":[""lead_breakage""],""severity"":""mild""}"
syn-v1-450-lead_breakage-0008,synthetic/v1_450/images/lead_breakage/syn-v1-450-lead_breakage-0008.jpg,synthetic/v1_450/masks/lead_breakage/syn-v1-450-lead_breakage-0008.png,synthetic_restored,train,IMGGEN-CLEAN-BACK-V1,SYNTH-BASE-KIA7809AF-BACK-001,SPEC-A,back,lead_breakage,lead_breakage,mild,7809250,1451556095,1.1.1,7cc6627693f1a190ee26cfdbda90e0c69510377724d9484d14996ca83b755ffc,cb5fed83f6415c3bb3f6c26fce8fee402b064f28c0ad1c03b1bdc5dfa8d1ad8a,0baaac7532d24955c362e39cf24a2d41abc80589ec51441e121469c4ed6316d0,c609d6431456a40a39685ed58d94a19243c498a4643fd36838149e92ac52e1c1,512,512,883,0.0033683777,1.0000000000,23.2546825409,294,352,37,27,TRAIN_ONLY_SYNTHETIC_NG,NO,AUTO_PASS,NO,"{""attempt"":0,""effective_seed"":1451556095,""geometry"":{""rotation_deg"":-3.062404,""scale"":1.046583,""translate_x"":-0.720976,""translate_y"":7.267437},""instances_pre_transform"":[{""category"":""lead_breakage"",""category_id"":5,""recipe_subtype"":""distal_lead_missing"",""removed_fraction"":0.2727,""severity"":""mild"",""surface"":""right_lead""}],""photometric"":{""blur_radius"":0.462138,""brightness"":0.967164,""channel_gain_b"":1.010563,""channel_gain_g"":1.033569,""channel_gain_r"":1.033455,""contrast"":0.927448,""noise_sigma"":0.697899,""saturation"":1.052427},""recipe"":[""lead_breakage""],""severity"":""mild""}"
syn-v1-450-lead_breakage-0009,synthetic/v1_450/images/lead_breakage/syn-v1-450-lead_breakage-0009.jpg,synthetic/v1_450/masks/lead_breakage/syn-v1-450-lead_breakage-0009.png,synthetic_restored,train,IMGGEN-CLEAN-BACK-V1,SYNTH-BASE-KIA7809AF-BACK-001,SPEC-A,back,lead_breakage,lead_breakage,mild,7809250,1401371950,1.1.1,7cc6627693f1a190ee26cfdbda90e0c69510377724d9484d14996ca83b755ffc,cb5fed83f6415c3bb3f6c26fce8fee402b064f28c0ad1c03b1bdc5dfa8d1ad8a,5351d1ff2006c4193d1e14af80412c24d660101eee453c53cf4c0a4c6a71360c,69a1a0575a110db3319457f3ba2d7b47c3ebc50ed1acd411aae15731eae2ad93,512,512,642,0.0024490356,1.0000000000,18.2637920380,164,336,30,24,TRAIN_ONLY_SYNTHETIC_NG,NO,AUTO_PASS,NO,"{""attempt"":0,""effective_seed"":1401371950,""geometry"":{""rotation_deg"":-0.955483,""scale"":0.934361,""translate_x"":7.521516,""translate_y"":9.478051},""instances_pre_transform"":[{""category"":""lead_breakage"",""category_id"":5,""recipe_subtype"":""distal_lead_missing"",""removed_fraction"":0.2592,""severity"":""mild"",""surface"":""left_lead""}],""photometric"":{""blur_radius"":0.418249,""brightness"":1.029368,""channel_gain_b"":0.971503,""channel_gain_g"":0.98606,""channel_gain_r"":1.025933,""contrast"":0.948491,""noise_sigma"":1.732593,""saturation"":1.064835},""recipe"":[""lead_breakage""],""severity"":""mild""}"
syn-v1-450-lead_breakage-0010,synthetic/v1_450/images/lead_breakage/syn-v1-450-lead_breakage-0010.jpg,synthetic/v1_450/masks/lead_breakage/syn-v1-450-lead_breakage-0010.png,synthetic_restored,train,IMGGEN-CLEAN-BACK-V1,SYNTH-BASE-KIA7809AF-BACK-001,SPEC-A,back,lead_breakage,lead_breakage,mild,7809250,157307517,1.1.1,7cc6627693f1a190ee26cfdbda90e0c69510377724d9484d14996ca83b755ffc,cb5fed83f6415c3bb3f6c26fce8fee402b064f28c0ad1c03b1bdc5dfa8d1ad8a,badef65549875d241a10780531980174a44847fba8d805bd99475ac37ce0ac77,051bb354368a611d75fbfa2b6094cf7b5ef588d579684fa94e1919f3085d4b3f,512,512,909,0.0034675598,1.0000000000,18.0558757782,177,345,35,32,TRAIN_ONLY_SYNTHETIC_NG,NO,AUTO_PASS,NO,"{""attempt"":0,""effective_seed"":157307517,""geometry"":{""rotation_deg"":4.816057,""scale"":1.028362,""translate_x"":-2.946469,""translate_y"":9.88474},""instances_pre_transform"":[{""category"":""lead_breakage"",""category_id"":5,""recipe_subtype"":""distal_lead_missing"",""removed_fraction"":0.3199,""severity"":""mild"",""surface"":""left_lead""}],""photometric"":{""blur_radius"":0.618347,""brightness"":1.06601,""channel_gain_b"":0.998749,""channel_gain_g"":0.977852,""channel_gain_r"":1.025552,""contrast"":0.933069,""noise_sigma"":2.287583,""saturation"":0.948154},""recipe"":[""lead_breakage""],""severity"":""mild""}"
syn-v1-450-lead_breakage-0011,synthetic/v1_450/images/lead_breakage/syn-v1-450-lead_breakage-0011.jpg,synthetic/v1_450/masks/lead_breakage/syn-v1-450-lead_breakage-0011.png,synthetic_restored,train,IMGGEN-CLEAN-BACK-V1,SYNTH-BASE-KIA7809AF-BACK-001,SPEC-A,back,lead_breakage,lead_breakage,mild,7809250,296235419,1.1.1,7cc6627693f1a190ee26cfdbda90e0c69510377724d9484d14996ca83b755ffc,cb5fed83f6415c3bb3f6c26fce8fee402b064f28c0ad1c03b1bdc5dfa8d1ad8a,6feb9698714774886f5f5c0d0610893f622bfb547f34ec22453c55b1a55207ed,599af5e7fe11e7ff7f076503695f7db1b4d04dbd20b8ab68c0359e2648508ed8,512,512,542,0.0020675659,1.0000000000,25.8366012573,292,339,32,20,TRAIN_ONLY_SYNTHETIC_NG,NO,AUTO_PASS,NO,"{""attempt"":0,""effective_seed"":296235419,""geometry"":{""rotation_deg"":2.870154,""scale"":0.942249,""translate_x"":9.011281,""translate_y"":9.327775},""instances_pre_transform"":[{""category"":""lead_breakage"",""category_id"":5,""recipe_subtype"":""distal_lead_missing"",""removed_fraction"":0.1994,""severity"":""mild"",""surface"":""right_lead""}],""photometric"":{""blur_radius"":0.108978,""brightness"":1.010672,""channel_gain_b"":1.000031,""channel_gain_g"":1.037362,""channel_gain_r"":0.980964,""contrast"":0.943542,""noise_sigma"":2.733347,""saturation"":0.933065},""recipe"":[""lead_breakage""],""severity"":""mild""}"
syn-v1-450-lead_breakage-0012,synthetic/v1_450/images/lead_breakage/syn-v1-450-lead_breakage-0012.jpg,synthetic/v1_450/masks/lead_breakage/syn-v1-450-lead_breakage-0012.png,synthetic_restored,train,IMGGEN-CLEAN-BACK-V1,SYNTH-BASE-KIA7809AF-BACK-001,SPEC-A,back,lead_breakage,lead_breakage,mild,7809250,798807097,1.1.1,7cc6627693f1a190ee26cfdbda90e0c69510377724d9484d14996ca83b755ffc,cb5fed83f6415c3bb3f6c26fce8fee402b064f28c0ad1c03b1bdc5dfa8d1ad8a,99e0dd96e2e9c0ba359e88beb07c4175bd5c2e1adecbb249fdc6a0a38109e4d8,3616f55b840f0da6225518739389840f3a0174cc49ec28dac981df8544acd7e6,512,512,801,0.0030555725,1.0000000000,17.2663345337,146,331,34,28,TRAIN_ONLY_SYNTHETIC_NG,NO,AUTO_PASS,NO,"{""attempt"":0,""effective_seed"":798807097,""geometry"":{""rotation_deg"":-6.786856,""scale"":1.005608,""translate_x"":8.236539,""translate_y"":10.530709},""instances_pre_transform"":[{""category"":""lead_breakage"",""category_id"":5,""recipe_subtype"":""distal_lead_missing"",""removed_fraction"":0.2978,""severity"":""mild"",""surface"":""left_lead""}],""photometric"":{""blur_radius"":0.795999,""brightness"":0.979574,""channel_gain_b"":0.998212,""channel_gain_g"":0.996312,""channel_gain_r"":1.016756,""contrast"":0.967578,""noise_sigma"":1.195762,""saturation"":0.93853},""recipe"":[""lead_breakage""],""severity"":""mild""}"
syn-v1-450-lead_breakage-0013,synthetic/v1_450/images/lead_breakage/syn-v1-450-lead_breakage-0013.jpg,synthetic/v1_450/masks/lead_breakage/syn-v1-450-lead_breakage-0013.png,synthetic_restored,train,IMGGEN-CLEAN-BACK-V1,SYNTH-BASE-KIA7809AF-BACK-001,SPEC-A,back,lead_breakage,lead_breakage,mild,7809250,1066093525,1.1.1,7cc6627693f1a190ee26cfdbda90e0c69510377724d9484d14996ca83b755ffc,cb5fed83f6415c3bb3f6c26fce8fee402b064f28c0ad1c03b1bdc5dfa8d1ad8a,b1c5f9cfc7e391e512cdd927ba49dedde1c9c6dde969aaf2c9b0486564880bda,177ba1e45effb9731e78226a1c6d5be628623b264f503a3ab790ec5bc7fecb9a,512,512,457,0.0017433167,1.0000000000,17.1493797302,159,337,30,20,TRAIN_ONLY_SYNTHETIC_NG,NO,AUTO_PASS,NO,"{""attempt"":0,""effective_seed"":1066093525,""geometry"":{""rotation_deg"":-5.348334,""scale"":0.95617,""translate_x"":3.576327,""translate_y"":9.631633},""instances_pre_transform"":[{""category"":""lead_breakage"",""category_id"":5,""recipe_subtype"":""distal_lead_missing"",""removed_fraction"":0.1893,""severity"":""mild"",""surface"":""left_lead""}],""photometric"":{""blur_radius"":0.214224,""brightness"":0.962694,""channel_gain_b"":1.022254,""channel_gain_g"":0.968964,""channel_gain_r"":0.965526,""contrast"":0.962789,""noise_sigma"":1.478252,""saturation"":1.042723},""recipe"":[""lead_breakage""],""severity"":""mild""}"
syn-v1-450-lead_breakage-0014,synthetic/v1_450/images/lead_breakage/syn-v1-450-lead_breakage-0014.jpg,synthetic/v1_450/masks/lead_breakage/syn-v1-450-lead_breakage-0014.png,synthetic_restored,train,IMGGEN-CLEAN-BACK-V1,SYNTH-BASE-KIA7809AF-BACK-001,SPEC-A,back,lead_breakage,lead_breakage,mild,7809250,1791956037,1.1.1,7cc6627693f1a190ee26cfdbda90e0c69510377724d9484d14996ca83b755ffc,cb5fed83f6415c3bb3f6c26fce8fee402b064f28c0ad1c03b1bdc5dfa8d1ad8a,80f0341339be6e4ca1ce053b0338017d84096ce0ab3876704fd3c1073da1f345,ecb3512c351e3fd6b3b07d7bcc7f9ed4061f353b0b2c315f0b4af55396a4a28c,512,512,791,0.0030174255,1.0000000000,23.0008163452,287,344,34,28,TRAIN_ONLY_SYNTHETIC_NG,NO,AUTO_PASS,NO,"{""attempt"":0,""effective_seed"":1791956037,""geometry"":{""rotation_deg"":-1.388416,""scale"":0.992709,""translate_x"":8.272125,""translate_y"":6.226183},""instances_pre_transform"":[{""category"":""lead_breakage"",""category_id"":5,""recipe_subtype"":""distal_lead_missing"",""removed_fraction"":0.2644,""severity"":""mild"",""surface"":""right_lead""}],""photometric"":{""blur_radius"":0.875319,""brightness"":0.989367,""channel_gain_b"":0.97526,""channel_gain_g"":1.036683,""channel_gain_r"":0.963468,""contrast"":1.066867,""noise_sigma"":1.363915,""saturation"":1.017626},""recipe"":[""lead_breakage""],""severity"":""mild""}"
syn-v1-450-lead_breakage-0015,synthetic/v1_450/images/lead_breakage/syn-v1-450-lead_breakage-0015.jpg,synthetic/v1_450/masks/lead_breakage/syn-v1-450-lead_breakage-0015.png,synthetic_restored,train,IMGGEN-CLEAN-BACK-V1,SYNTH-BASE-KIA7809AF-BACK-001,SPEC-A,back,lead_breakage,lead_breakage,severe,7809250,2039598600,1.1.1,7cc6627693f1a190ee26cfdbda90e0c69510377724d9484d14996ca83b755ffc,cb5fed83f6415c3bb3f6c26fce8fee402b064f28c0ad1c03b1bdc5dfa8d1ad8a,823bbc3c47caca8bb707e7ff3b539f7f67bccf68d0b9620dd69ab06aee03f7f4,7036b2f2deb9934e83bfd1d70de03aac0f4ef35a4c0b16ce62d1e8340259b8ef,512,512,1524,0.0058135986,1.0000000000,24.0592479706,159,335,37,48,TRAIN_ONLY_SYNTHETIC_NG,NO,AUTO_PASS,NO,"{""attempt"":0,""effective_seed"":2039598600,""geometry"":{""rotation_deg"":3.631625,""scale"":1.060544,""translate_x"":8.232726,""translate_y"":6.819222},""instances_pre_transform"":[{""category"":""lead_breakage"",""category_id"":5,""recipe_subtype"":""distal_lead_missing"",""removed_fraction"":0.508,""severity"":""severe"",""surface"":""left_lead""}],""photometric"":{""blur_radius"":0.805018,""brightness"":1.01666,""channel_gain_b"":0.997198,""channel_gain_g"":1.00676,""channel_gain_r"":1.010006,""contrast"":0.954689,""noise_sigma"":2.955214,""saturation"":0.934798},""recipe"":[""lead_breakage""],""severity"":""severe""}"
syn-v1-450-lead_breakage-0016,synthetic/v1_450/images/lead_breakage/syn-v1-450-lead_breakage-0016.jpg,synthetic/v1_450/masks/lead_breakage/syn-v1-450-lead_breakage-0016.png,synthetic_restored,train,IMGGEN-CLEAN-BACK-V1,SYNTH-BASE-KIA7809AF-BACK-001,SPEC-A,back,lead_breakage,lead_breakage,moderate,7809250,228599329,1.1.1,7cc6627693f1a190ee26cfdbda90e0c69510377724d9484d14996ca83b755ffc,cb5fed83f6415c3bb3f6c26fce8fee402b064f28c0ad1c03b1bdc5dfa8d1ad8a,3ad72eb768eec4abc0b75fd8b7e2c0297058b3b84b639ec2fc0de4b453775160,3573edaa9893bcf89d47eb9684a20b151b70d30c2154ff50d4478404f82e35de,512,512,1386,0.0052871704,1.0000000000,21.2629070282,307,329,38,43,TRAIN_ONLY_SYNTHETIC_NG,NO,AUTO_PASS,NO,"{""attempt"":0,""effective_seed"":228599329,""geometry"":{""rotation_deg"":3.626202,""scale"":1.072018,""translate_x"":0.224373,""translate_y"":9.682091},""instances_pre_transform"":[{""category"":""lead_breakage"",""category_id"":5,""recipe_subtype"":""distal_lead_missing"",""removed_fraction"":0.4207,""severity"":""moderate"",""surface"":""right_lead""}],""photometric"":{""blur_radius"":0.738061,""brightness"":1.00674,""channel_gain_b"":0.976695,""channel_gain_g"":0.97495,""channel_gain_r"":0.96983,""contrast"":1.061899,""noise_sigma"":1.700425,""saturation"":0.978735},""recipe"":[""lead_breakage""],""severity"":""moderate""}"
syn-v1-450-lead_breakage-0017,synthetic/v1_450/images/lead_breakage/syn-v1-450-lead_breakage-0017.jpg,synthetic/v1_450/masks/lead_breakage/syn-v1-450-lead_breakage-0017.png,synthetic_restored,train,IMGGEN-CLEAN-BACK-V1,SYNTH-BASE-KIA7809AF-BACK-001,SPEC-A,back,lead_breakage,lead_breakage,moderate,7809250,1264451222,1.1.1,7cc6627693f1a190ee26cfdbda90e0c69510377724d9484d14996ca83b755ffc,cb5fed83f6415c3bb3f6c26fce8fee402b064f28c0ad1c03b1bdc5dfa8d1ad8a,e64859d6298e2e984a2517a094f9c022b3d21994cb9d838f46b81f4a3309cb49,5983201e9a14768601d9d2212673275c19f7964a13c2b33d4aa03de08a2c3e27,512,512,809,0.0030860901,1.0000000000,18.5482311249,178,345,30,29,TRAIN_ONLY_SYNTHETIC_NG,NO,AUTO_PASS,NO,"{""attempt"":0,""effective_seed"":1264451222,""geometry"":{""rotation_deg"":-1.11997,""scale"":0.952318,""translate_x"":-7.815386,""translate_y"":-3.609061},""instances_pre_transform"":[{""category"":""lead_breakage"",""category_id"":5,""recipe_subtype"":""distal_lead_missing"",""removed_fraction"":0.3279,""severity"":""moderate"",""surface"":""left_lead""}],""photometric"":{""blur_radius"":0.327136,""brightness"":1.006159,""channel_gain_b"":0.985917,""channel_gain_g"":0.963321,""channel_gain_r"":0.994867,""contrast"":0.997455,""noise_sigma"":0.951916,""saturation"":0.977721},""recipe"":[""lead_breakage""],""severity"":""moderate""}"
syn-v1-450-lead_breakage-0018,synthetic/v1_450/images/lead_breakage/syn-v1-450-lead_breakage-0018.jpg,synthetic/v1_450/masks/lead_breakage/syn-v1-450-lead_breakage-0018.png,synthetic_restored,train,IMGGEN-CLEAN-BACK-V1,SYNTH-BASE-KIA7809AF-BACK-001,SPEC-A,back,lead_breakage,lead_breakage,mild,7809250,777185393,1.1.1,7cc6627693f1a190ee26cfdbda90e0c69510377724d9484d14996ca83b755ffc,cb5fed83f6415c3bb3f6c26fce8fee402b064f28c0ad1c03b1bdc5dfa8d1ad8a,229e3f95b4e1120e7b23932191bfa6786307b1de9d11693a81876ebaa2847e1f,4fb3d38449d2de115457154633385717454ad1ace24c8bd2805d3d8f79043211,512,512,813,0.0031013489,1.0000000000,21.8827018738,286,353,34,28,TRAIN_ONLY_SYNTHETIC_NG,NO,AUTO_PASS,NO,"{""attempt"":0,""effective_seed"":777185393,""geometry"":{""rotation_deg"":-7.573121,""scale"":0.93224,""translate_x"":-5.937159,""translate_y"":-4.726817},""instances_pre_transform"":[{""category"":""lead_breakage"",""category_id"":5,""recipe_subtype"":""distal_lead_missing"",""removed_fraction"":0.3201,""severity"":""mild"",""surface"":""right_lead""}],""photometric"":{""blur_radius"":0.078081,""brightness"":0.95944,""channel_gain_b"":0.978224,""channel_gain_g"":0.96865,""channel_gain_r"":1.003701,""contrast"":1.082001,""noise_sigma"":1.781748,""saturation"":1.045427},""recipe"":[""lead_breakage""],""severity"":""mild""}"
syn-v1-450-lead_breakage-0019,synthetic/v1_450/images/lead_breakage/syn-v1-450-lead_breakage-0019.jpg,synthetic/v1_450/masks/lead_breakage/syn-v1-450-lead_breakage-0019.png,synthetic_restored,train,IMGGEN-CLEAN-BACK-V1,SYNTH-BASE-KIA7809AF-BACK-001,SPEC-A,back,lead_breakage,lead_breakage,mild,7809250,1111607774,1.1.1,7cc6627693f1a190ee26cfdbda90e0c69510377724d9484d14996ca83b755ffc,cb5fed83f6415c3bb3f6c26fce8fee402b064f28c0ad1c03b1bdc5dfa8d1ad8a,3d14902aa6c27b994cc150aed167cb59f1808550f99f969ee870cce01c15bdf6,bdf11ba74b873bffc9017051bda69b094bee148187c04a36a28cd17e83c6b126,512,512,672,0.0025634766,1.0000000000,16.3733558655,160,362,36,25,TRAIN_ONLY_SYNTHETIC_NG,NO,AUTO_PASS,NO,"{""attempt"":0,""effective_seed"":1111607774,""geometry"":{""rotation_deg"":4.778025,""scale"":1.075971,""translate_x"":9.710349,""translate_y"":6.253067},""instances_pre_transform"":[{""category"":""lead_breakage"",""category_id"":5,""recipe_subtype"":""distal_lead_missing"",""removed_fraction"":0.2045,""severity"":""mild"",""surface"":""left_lead""}],""photometric"":{""blur_radius"":0.473672,""brightness"":0.968604,""channel_gain_b"":0.986132,""channel_gain_g"":0.983778,""channel_gain_r"":0.977597,""contrast"":0.953726,""noise_sigma"":2.636125,""saturation"":1.009235},""recipe"":[""lead_breakage""],""severity"":""mild""}"
syn-v1-450-lead_breakage-0020,synthetic/v1_450/images/lead_breakage/syn-v1-450-lead_breakage-0020.jpg,synthetic/v1_450/masks/lead_breakage/syn-v1-450-lead_breakage-0020.png,synthetic_restored,train,IMGGEN-CLEAN-BACK-V1,SYNTH-BASE-KIA7809AF-BACK-001,SPEC-A,back,lead_breakage,lead_breakage,moderate,7809250,1271276362,1.1.1,7cc6627693f1a190ee26cfdbda90e0c69510377724d9484d14996ca83b755ffc,cb5fed83f6415c3bb3f6c26fce8fee402b064f28c0ad1c03b1bdc5dfa8d1ad8a,4a901243a66b3e377e6fd87401f7ec417421f115f4231fb9d40f4b6b6d975ac4,0438a2e3b838aafc4253dc2ead3ab3acfed52d6eb375065ba869507ba4450ea9,512,512,1173,0.0044746399,1.0000000000,22.5742702484,280,348,37,35,TRAIN_ONLY_SYNTHETIC_NG,NO,AUTO_PASS,NO,"{""attempt"":0,""effective_seed"":1271276362,""geometry"":{""rotation_deg"":-5.307113,""scale"":1.065039,""translate_x"":9.544231,""translate_y"":7.511549},""instances_pre_transform"":[{""category"":""lead_breakage"",""category_id"":5,""recipe_subtype"":""distal_lead_missing"",""removed_fraction"":0.3514,""severity"":""moderate"",""surface"":""right_lead""}],""photometric"":{""blur_radius"":0.654957,""brightness"":1.052657,""channel_gain_b"":0.981913,""channel_gain_g"":1.026457,""channel_gain_r"":0.986239,""contrast"":1.098721,""noise_sigma"":0.821683,""saturation"":1.023166},""recipe"":[""lead_breakage""],""severity"":""moderate""}"
syn-v1-450-lead_breakage-0021,synthetic/v1_450/images/lead_breakage/syn-v1-450-lead_breakage-0021.jpg,synthetic/v1_450/masks/lead_breakage/syn-v1-450-lead_breakage-0021.png,synthetic_restored,train,IMGGEN-CLEAN-BACK-V1,SYNTH-BASE-KIA7809AF-BACK-001,SPEC-A,back,lead_breakage,lead_breakage,moderate,7809250,1757028727,1.1.1,7cc6627693f1a190ee26cfdbda90e0c69510377724d9484d14996ca83b755ffc,cb5fed83f6415c3bb3f6c26fce8fee402b064f28c0ad1c03b1bdc5dfa8d1ad8a,42f215608e46d2f2a455e9ae27b9130298afad86babc89f750766c152413018e,b13b9e7d86a815ce0855cfed1323b9251725072363a85f876dd8995f83604f7c,512,512,975,0.0037193298,1.0000000000,22.3872890472,172,351,32,34,TRAIN_ONLY_SYNTHETIC_NG,NO,AUTO_PASS,NO,"{""attempt"":0,""effective_seed"":1757028727,""geometry"":{""rotation_deg"":0.476409,""scale"":0.990621,""translate_x"":-2.492447,""translate_y"":-8.472408},""instances_pre_transform"":[{""category"":""lead_breakage"",""category_id"":5,""recipe_subtype"":""distal_lead_missing"",""removed_fraction"":0.3689,""severity"":""moderate"",""surface"":""left_lead""}],""photometric"":{""blur_radius"":0.736815,""brightness"":0.994985,""channel_gain_b"":1.035332,""channel_gain_g"":0.984919,""channel_gain_r"":0.982739,""contrast"":0.928794,""noise_sigma"":2.81699,""saturation"":1.040464},""recipe"":[""lead_breakage""],""severity"":""moderate""}"
syn-v1-450-lead_breakage-0022,synthetic/v1_450/images/lead_breakage/syn-v1-450-lead_breakage-0022.jpg,synthetic/v1_450/masks/lead_breakage/syn-v1-450-lead_breakage-0022.png,synthetic_restored,train,IMGGEN-CLEAN-BACK-V1,SYNTH-BASE-KIA7809AF-BACK-001,SPEC-A,back,lead_breakage,lead_breakage,mild,7809250,462229101,1.1.1,7cc6627693f1a190ee26cfdbda90e0c69510377724d9484d14996ca83b755ffc,cb5fed83f6415c3bb3f6c26fce8fee402b064f28c0ad1c03b1bdc5dfa8d1ad8a,4ad53fd673e3a2bb99e1e5f1734414a150355fd28c7e19f41506fc94c9d7adc2,401ddd615e4bdf602f7ecbcb71233e134567dac6a08ec7920a7664e3ad4cdacc,512,512,761,0.0029029846,1.0000000000,17.7403335571,167,345,31,29,TRAIN_ONLY_SYNTHETIC_NG,NO,AUTO_PASS,NO,"{""attempt"":0,""effective_seed"":462229101,""geometry"":{""rotation_deg"":1.977284,""scale"":0.952217,""translate_x"":8.964371,""translate_y"":0.225022},""instances_pre_transform"":[{""category"":""lead_breakage"",""category_id"":5,""recipe_subtype"":""distal_lead_missing"",""removed_fraction"":0.3072,""severity"":""mild"",""surface"":""left_lead""}],""photometric"":{""blur_radius"":0.617646,""brightness"":0.930484,""channel_gain_b"":1.022368,""channel_gain_g"":1.014247,""channel_gain_r"":1.026183,""contrast"":1.068324,""noise_sigma"":0.30691,""saturation"":1.078487},""recipe"":[""lead_breakage""],""severity"":""mild""}"
syn-v1-450-lead_breakage-0023,synthetic/v1_450/images/lead_breakage/syn-v1-450-lead_breakage-0023.jpg,synthetic/v1_450/masks/lead_breakage/syn-v1-450-lead_breakage-0023.png,synthetic_restored,train,IMGGEN-CLEAN-BACK-V1,SYNTH-BASE-KIA7809AF-BACK-001,SPEC-A,back,lead_breakage,lead_breakage,mild,7809250,512984268,1.1.1,7cc6627693f1a190ee26cfdbda90e0c69510377724d9484d14996ca83b755ffc,cb5fed83f6415c3bb3f6c26fce8fee402b064f28c0ad1c03b1bdc5dfa8d1ad8a,6e1043c8921d2126fa04274a2f80a3c9c097919122e875f6472b3a6c4cd0f567,14f4bd271ef8cea4bddac1905157cbc7e090f797877d8d3654c354127475b1cb,512,512,685,0.0026130676,1.0000000000,22.9719429016,313,338,34,25,TRAIN_ONLY_SYNTHETIC_NG,NO,AUTO_PASS,NO,"{""attempt"":0,""effective_seed"":512984268,""geometry"":{""rotation_deg"":5.814414,""scale"":0.940818,""translate_x"":-9.284842,""translate_y"":2.044261},""instances_pre_transform"":[{""category"":""lead_breakage"",""category_id"":5,""recipe_subtype"":""distal_lead_missing"",""removed_fraction"":0.278,""severity"":""mild"",""surface"":""right_lead""}],""photometric"":{""blur_radius"":0.186324,""brightness"":0.998551,""channel_gain_b"":0.968785,""channel_gain_g"":1.022204,""channel_gain_r"":1.027378,""contrast"":1.09161,""noise_sigma"":1.115006,""saturation"":0.98035},""recipe"":[""lead_breakage""],""severity"":""mild""}"
syn-v1-450-lead_breakage-0024,synthetic/v1_450/images/lead_breakage/syn-v1-450-lead_breakage-0024.jpg,synthetic/v1_450/masks/lead_breakage/syn-v1-450-lead_breakage-0024.png,synthetic_restored,train,IMGGEN-CLEAN-BACK-V1,SYNTH-BASE-KIA7809AF-BACK-001,SPEC-A,back,lead_breakage,lead_breakage,moderate,7809250,895900109,1.1.1,7cc6627693f1a190ee26cfdbda90e0c69510377724d9484d14996ca83b755ffc,cb5fed83f6415c3bb3f6c26fce8fee402b064f28c0ad1c03b1bdc5dfa8d1ad8a,28fb2f791ab45c3972273315c8a46fb9f015ebc9af10cd0b22b5ff818c3a0ad6,f53bc709f807d19ef32ea2a7d8b2075e2f0d25137c535989a8599e9621962628,512,512,1063,0.0040550232,1.0000000000,23.6572036743,174,354,34,37,TRAIN_ONLY_SYNTHETIC_NG,NO,AUTO_PASS,NO,"{""attempt"":0,""effective_seed"":895900109,""geometry"":{""rotation_deg"":5.242918,""scale"":0.996563,""translate_x"":2.950441,""translate_y"":-7.698072},""instances_pre_transform"":[{""category"":""lead_breakage"",""category_id"":5,""recipe_subtype"":""distal_lead_missing"",""removed_fraction"":0.4069,""severity"":""moderate"",""surface"":""left_lead""}],""photometric"":{""blur_radius"":0.802525,""brightness"":1.057468,""channel_gain_b"":1.036729,""channel_gain_g"":1.004534,""channel_gain_r"":0.983742,""contrast"":0.935039,""noise_sigma"":2.483329,""saturation"":0.964371},""recipe"":[""lead_breakage""],""severity"":""moderate""}"
syn-v1-450-lead_breakage-0025,synthetic/v1_450/images/lead_breakage/syn-v1-450-lead_breakage-0025.jpg,synthetic/v1_450/masks/lead_breakage/syn-v1-450-lead_breakage-0025.png,synthetic_restored,train,IMGGEN-CLEAN-BACK-V1,SYNTH-BASE-KIA7809AF-BACK-001,SPEC-A,back,lead_breakage,lead_breakage,moderate,7809250,1136697371,1.1.1,7cc6627693f1a190ee26cfdbda90e0c69510377724d9484d14996ca83b755ffc,cb5fed83f6415c3bb3f6c26fce8fee402b064f28c0ad1c03b1bdc5dfa8d1ad8a,e47b685b14ba891f5c5f3bc059df26f91647e357f539b725b40c1765dc8771b2,4a63805b8a6271228861b9b8da35bae0d7f82e49df972cc2fc42099ae1870a27,512,512,1030,0.0039291382,1.0000000000,22.4484481812,157,346,34,36,TRAIN_ONLY_SYNTHETIC_NG,NO,AUTO_PASS,NO,"{""attempt"":0,""effective_seed"":1136697371,""geometry"":{""rotation_deg"":1.29992,""scale"":1.028825,""translate_x"":9.606073,""translate_y"":0.127549},""instances_pre_transform"":[{""category"":""lead_breakage"",""category_id"":5,""recipe_subtype"":""distal_lead_missing"",""removed_fraction"":0.3747,""severity"":""moderate"",""surface"":""left_lead""}],""photometric"":{""blur_radius"":0.394648,""brightness"":0.940496,""channel_gain_b"":0.981672,""channel_gain_g"":1.03378,""channel_gain_r"":1.030032,""contrast"":0.96361,""noise_sigma"":2.262576,""saturation"":0.937164},""recipe"":[""lead_breakage""],""severity"":""moderate""}"
syn-v1-450-lead_breakage-0026,synthetic/v1_450/images/lead_breakage/syn-v1-450-lead_breakage-0026.jpg,synthetic/v1_450/masks/lead_breakage/syn-v1-450-lead_breakage-0026.png,synthetic_restored,train,IMGGEN-CLEAN-BACK-V1,SYNTH-BASE-KIA7809AF-BACK-001,SPEC-A,back,lead_breakage,lead_breakage,mild,7809250,1073691552,1.1.1,7cc6627693f1a190ee26cfdbda90e0c69510377724d9484d14996ca83b755ffc,cb5fed83f6415c3bb3f6c26fce8fee402b064f28c0ad1c03b1bdc5dfa8d1ad8a,6d20fe55ee0ff71ced8da033f1c60e7f8e38459cfe7faa3d3e453f58c7220217,5420a8985d01cd7823c6146fbb170bb617731b814c4ebe580fbdd27f08a09bb3,512,512,556,0.0021209717,1.0000000000,25.3638725281,298,343,31,20,TRAIN_ONLY_SYNTHETIC_NG,NO,AUTO_PASS,NO,"{""attempt"":0,""effective_seed"":1073691552,""geometry"":{""rotation_deg"":2.140018,""scale"":0.928265,""translate_x"":1.130555,""translate_y"":3.735798},""instances_pre_transform"":[{""category"":""lead_breakage"",""category_id"":5,""recipe_subtype"":""distal_lead_missing"",""removed_fraction"":0.2143,""severity"":""mild"",""surface"":""right_lead""}],""photometric"":{""blur_radius"":0.031777,""brightness"":0.953218,""channel_gain_b"":1.013659,""channel_gain_g"":1.037021,""channel_gain_r"":0.97657,""contrast"":1.062467,""noise_sigma"":0.084009,""saturation"":0.932754},""recipe"":[""lead_breakage""],""severity"":""mild""}"
syn-v1-450-lead_breakage-0027,synthetic/v1_450/images/lead_breakage/syn-v1-450-lead_breakage-0027.jpg,synthetic/v1_450/masks/lead_breakage/syn-v1-450-lead_breakage-0027.png,synthetic_restored,train,IMGGEN-CLEAN-BACK-V1,SYNTH-BASE-KIA7809AF-BACK-001,SPEC-A,back,lead_breakage,lead_breakage,mild,7809250,683614531,1.1.1,7cc6627693f1a190ee26cfdbda90e0c69510377724d9484d14996ca83b755ffc,cb5fed83f6415c3bb3f6c26fce8fee402b064f28c0ad1c03b1bdc5dfa8d1ad8a,f42dbb7d9283aa6429351fe5fd9a9864d7096f880999b1efc709f3c9937602a1,75bf515f2af1592baa2b84fcb683bc5acb549ceadc86f214d1c7ea6f4056f831,512,512,815,0.0031089783,1.0000000000,22.7698612213,313,335,35,29,TRAIN_ONLY_SYNTHETIC_NG,NO,AUTO_PASS,NO,"{""attempt"":0,""effective_seed"":683614531,""geometry"":{""rotation_deg"":5.563899,""scale"":1.006343,""translate_x"":-4.983995,""translate_y"":8.487694},""instances_pre_transform"":[{""category"":""lead_breakage"",""category_id"":5,""recipe_subtype"":""distal_lead_missing"",""removed_fraction"":0.2774,""severity"":""mild"",""surface"":""right_lead""}],""photometric"":{""blur_radius"":0.456719,""brightness"":1.02075,""channel_gain_b"":0.962214,""channel_gain_g"":0.980982,""channel_gain_r"":0.976724,""contrast"":0.945721,""noise_sigma"":1.494804,""saturation"":1.055895},""recipe"":[""lead_breakage""],""severity"":""mild""}"
syn-v1-450-lead_breakage-0028,synthetic/v1_450/images/lead_breakage/syn-v1-450-lead_breakage-0028.jpg,synthetic/v1_450/masks/lead_breakage/syn-v1-450-lead_breakage-0028.png,synthetic_restored,train,IMGGEN-CLEAN-BACK-V1,SYNTH-BASE-KIA7809AF-BACK-001,SPEC-A,back,lead_breakage,lead_breakage,mild,7809250,966236890,1.1.1,7cc6627693f1a190ee26cfdbda90e0c69510377724d9484d14996ca83b755ffc,cb5fed83f6415c3bb3f6c26fce8fee402b064f28c0ad1c03b1bdc5dfa8d1ad8a,202ae53dec8ccc682783f907ea05427c59c54718d59b12c6228ea970d7c5b9e0,8fa7e9cedabb55eaea8ac137a2b4de64379d8f87a45183ddd8e4e18f702f913e,512,512,510,0.0019454956,1.0000000000,16.6997203827,168,343,30,22,TRAIN_ONLY_SYNTHETIC_NG,NO,AUTO_PASS,NO,"{""attempt"":0,""effective_seed"":966236890,""geometry"":{""rotation_deg"":-5.316262,""scale"":0.925848,""translate_x"":-2.983564,""translate_y"":-2.630951},""instances_pre_transform"":[{""category"":""lead_breakage"",""category_id"":5,""recipe_subtype"":""distal_lead_missing"",""removed_fraction"":0.2283,""severity"":""mild"",""surface"":""left_lead""}],""photometric"":{""blur_radius"":0.181524,""brightness"":0.986104,""channel_gain_b"":0.967453,""channel_gain_g"":1.019054,""channel_gain_r"":1.037583,""contrast"":0.984176,""noise_sigma"":2.319842,""saturation"":0.951004},""recipe"":[""lead_breakage""],""severity"":""mild""}"
syn-v1-450-lead_breakage-0029,synthetic/v1_450/images/lead_breakage/syn-v1-450-lead_breakage-0029.jpg,synthetic/v1_450/masks/lead_breakage/syn-v1-450-lead_breakage-0029.png,synthetic_restored,train,IMGGEN-CLEAN-BACK-V1,SYNTH-BASE-KIA7809AF-BACK-001,SPEC-A,back,lead_breakage,lead_breakage,mild,7809250,991989892,1.1.1,7cc6627693f1a190ee26cfdbda90e0c69510377724d9484d14996ca83b755ffc,cb5fed83f6415c3bb3f6c26fce8fee402b064f28c0ad1c03b1bdc5dfa8d1ad8a,2ab8715fa74eb85a2dd819cce8816a87d57998a207a8638075fca57cf26c9cc6,52844e790352f457a314e8162bc9cff11e421997a5b364e526faf6c759796e11,512,512,1162,0.0044326782,1.0000000000,21.8864727020,304,350,37,33,TRAIN_ONLY_SYNTHETIC_NG,NO,AUTO_PASS,NO,"{""attempt"":0,""effective_seed"":991989892,""geometry"":{""rotation_deg"":0.969802,""scale"":1.078403,""translate_x"":-0.675643,""translate_y"":2.211064},""instances_pre_transform"":[{""category"":""lead_breakage"",""category_id"":5,""recipe_subtype"":""distal_lead_missing"",""removed_fraction"":0.3412,""severity"":""mild"",""surface"":""right_lead""}],""photometric"":{""blur_radius"":0.869898,""brightness"":1.021117,""channel_gain_b"":0.983509,""channel_gain_g"":1.015782,""channel_gain_r"":1.034725,""contrast"":0.945602,""noise_sigma"":1.504259,""saturation"":1.031903},""recipe"":[""lead_breakage""],""severity"":""mild""}"
syn-v1-450-lead_breakage-0030,synthetic/v1_450/images/lead_breakage/syn-v1-450-lead_breakage-0030.jpg,synthetic/v1_450/masks/lead_breakage/syn-v1-450-lead_breakage-0030.png,synthetic_restored,train,IMGGEN-CLEAN-BACK-V1,SYNTH-BASE-KIA7809AF-BACK-001,SPEC-A,back,lead_breakage,lead_breakage,moderate,7809250,800362426,1.1.1,7cc6627693f1a190ee26cfdbda90e0c69510377724d9484d14996ca83b755ffc,cb5fed83f6415c3bb3f6c26fce8fee402b064f28c0ad1c03b1bdc5dfa8d1ad8a,674dc75023ff7c0e954db64e2f49b41a4a3e45708a9cb0b159f21d72aaa404ad,aad0b1a6bc349a6b73ade658dcfa81b9a582173cec7ad967029b7bc1df17a1ca,512,512,1016,0.0038757324,1.0000000000,21.1259250641,298,330,32,36,TRAIN_ONLY_SYNTHETIC_NG,NO,AUTO_PASS,NO,"{""attempt"":0,""effective_seed"":800362426,""geometry"":{""rotation_deg"":2.368729,""scale"":0.921922,""translate_x"":0.251519,""translate_y"":-0.617668},""instances_pre_transform"":[{""category"":""lead_breakage"",""category_id"":5,""recipe_subtype"":""distal_lead_missing"",""removed_fraction"":0.4139,""severity"":""moderate"",""surface"":""right_lead""}],""photometric"":{""blur_radius"":0.684111,""brightness"":0.981623,""channel_gain_b"":0.96047,""channel_gain_g"":0.992561,""channel_gain_r"":1.01177,""contrast"":0.921204,""noise_sigma"":2.797019,""saturation"":1.040471},""recipe"":[""lead_breakage""],""severity"":""moderate""}"
syn-v1-450-lead_breakage-0031,synthetic/v1_450/images/lead_breakage/syn-v1-450-lead_breakage-0031.jpg,synthetic/v1_450/masks/lead_breakage/syn-v1-450-lead_breakage-0031.png,synthetic_restored,train,IMGGEN-CLEAN-BACK-V1,SYNTH-BASE-KIA7809AF-BACK-001,SPEC-A,back,lead_breakage,lead_breakage,mild,7809250,2089987316,1.1.1,7cc6627693f1a190ee26cfdbda90e0c69510377724d9484d14996ca83b755ffc,cb5fed83f6415c3bb3f6c26fce8fee402b064f28c0ad1c03b1bdc5dfa8d1ad8a,fa64028bf14d8e0dc993ace9641a597fc6976100275bf33d4dcee294a8ff1892,4117fcf0782257e596d41b9142a41ce7e381809d2ee5f277e0032be6eb2d2591,512,512,550,0.0020980835,1.0000000000,16.5565643311,176,364,32,22,TRAIN_ONLY_SYNTHETIC_NG,NO,AUTO_PASS,NO,"{""attempt"":0,""effective_seed"":2089987316,""geometry"":{""rotation_deg"":3.377024,""scale"":0.979111,""translate_x"":0.179355,""translate_y"":-6.044751},""instances_pre_transform"":[{""category"":""lead_breakage"",""category_id"":5,""recipe_subtype"":""distal_lead_missing"",""removed_fraction"":0.1947,""severity"":""mild"",""surface"":""left_lead""}],""photometric"":{""blur_radius"":0.645506,""brightness"":1.055706,""channel_gain_b"":1.01882,""channel_gain_g"":0.992032,""channel_gain_r"":0.997157,""contrast"":1.005673,""noise_sigma"":0.682832,""saturation"":0.940051},""recipe"":[""lead_breakage""],""severity"":""mild""}"
syn-v1-450-lead_breakage-0032,synthetic/v1_450/images/lead_breakage/syn-v1-450-lead_breakage-0032.jpg,synthetic/v1_450/masks/lead_breakage/syn-v1-450-lead_breakage-0032.png,synthetic_restored,train,IMGGEN-CLEAN-BACK-V1,SYNTH-BASE-KIA7809AF-BACK-001,SPEC-A,back,lead_breakage,lead_breakage,mild,7809250,1310111634,1.1.1,7cc6627693f1a190ee26cfdbda90e0c69510377724d9484d14996ca83b755ffc,cb5fed83f6415c3bb3f6c26fce8fee402b064f28c0ad1c03b1bdc5dfa8d1ad8a,09c4f39b7f913776a395b0c943642bafb0f048ee8e97cbc19904ab36664c06bf,b6f47835ed1c782101ae13865f76f08afd64f0c957718f68629e7559a65e80f6,512,512,967,0.0036888123,1.0000000000,17.7855415344,144,353,35,32,TRAIN_ONLY_SYNTHETIC_NG,NO,AUTO_PASS,NO,"{""attempt"":0,""effective_seed"":1310111634,""geometry"":{""rotation_deg"":-3.379035,""scale"":1.07571,""translate_x"":10.416834,""translate_y"":-2.91878},""instances_pre_transform"":[{""category"":""lead_breakage"",""category_id"":5,""recipe_subtype"":""distal_lead_missing"",""removed_fraction"":0.3068,""severity"":""mild"",""surface"":""left_lead""}],""photometric"":{""blur_radius"":0.115139,""brightness"":1.063215,""channel_gain_b"":0.965992,""channel_gain_g"":1.012591,""channel_gain_r"":1.01619,""contrast"":1.01191,""noise_sigma"":2.961967,""saturation"":1.001266},""recipe"":[""lead_breakage""],""severity"":""mild""}"
syn-v1-450-lead_breakage-0033,synthetic/v1_450/images/lead_breakage/syn-v1-450-lead_breakage-0033.jpg,synthetic/v1_450/masks/lead_breakage/syn-v1-450-lead_breakage-0033.png,synthetic_restored,train,IMGGEN-CLEAN-BACK-V1,SYNTH-BASE-KIA7809AF-BACK-001,SPEC-A,back,lead_breakage,lead_breakage,mild,7809250,1005390887,1.1.1,7cc6627693f1a190ee26cfdbda90e0c69510377724d9484d14996ca83b755ffc,cb5fed83f6415c3bb3f6c26fce8fee402b064f28c0ad1c03b1bdc5dfa8d1ad8a,557866dae7fe3e0f5695efbddefd3436dffe15df732ced11872803ea6a6771f6,bdb0c2a549c2de54a84c4c3d94edfc552ddfbc73817b49c14873ccfbacc3b872,512,512,866,0.0033035278,1.0000000000,22.0895614624,298,339,32,29,TRAIN_ONLY_SYNTHETIC_NG,NO,AUTO_PASS,NO,"{""attempt"":0,""effective_seed"":1005390887,""geometry"":{""rotation_deg"":0.407169,""scale"":0.933301,""translate_x"":-2.062423,""translate_y"":0.712994},""instances_pre_transform"":[{""category"":""lead_breakage"",""category_id"":5,""recipe_subtype"":""distal_lead_missing"",""removed_fraction"":0.3384,""severity"":""mild"",""surface"":""right_lead""}],""photometric"":{""blur_radius"":0.246928,""brightness"":0.971136,""channel_gain_b"":1.036896,""channel_gain_g"":0.996584,""channel_gain_r"":0.978005,""contrast"":1.063398,""noise_sigma"":2.103506,""saturation"":1.024977},""recipe"":[""lead_breakage""],""severity"":""mild""}"
syn-v1-450-lead_breakage-0034,synthetic/v1_450/images/lead_breakage/syn-v1-450-lead_breakage-0034.jpg,synthetic/v1_450/masks/lead_breakage/syn-v1-450-lead_breakage-0034.png,synthetic_restored,train,IMGGEN-CLEAN-BACK-V1,SYNTH-BASE-KIA7809AF-BACK-001,SPEC-A,back,lead_breakage,lead_breakage,mild,7809250,131683543,1.1.1,7cc6627693f1a190ee26cfdbda90e0c69510377724d9484d14996ca83b755ffc,cb5fed83f6415c3bb3f6c26fce8fee402b064f28c0ad1c03b1bdc5dfa8d1ad8a,3364af15d82d2d76216e835bbbc84b5c1723c8832879913f7a6e64684e447946,c3437103c336eef39a6a3fea0c454cb37c9008c772f24dca2c9828d56864db78,512,512,707,0.0026969910,1.0000000000,24.1572074890,285,367,35,25,TRAIN_ONLY_SYNTHETIC_NG,NO,AUTO_PASS,NO,"{""attempt"":0,""effective_seed"":131683543,""geometry"":{""rotation_deg"":-5.814784,""scale"":0.980458,""translate_x"":1.386579,""translate_y"":-10.969998},""instances_pre_transform"":[{""category"":""lead_breakage"",""category_id"":5,""recipe_subtype"":""distal_lead_missing"",""removed_fraction"":0.2546,""severity"":""mild"",""surface"":""right_lead""}],""photometric"":{""blur_radius"":0.487482,""brightness"":1.062773,""channel_gain_b"":0.979148,""channel_gain_g"":1.024186,""channel_gain_r"":1.036801,""contrast"":1.055999,""noise_sigma"":1.121543,""saturation"":0.948258},""recipe"":[""lead_breakage""],""severity"":""mild""}"
syn-v1-450-lead_breakage-0035,synthetic/v1_450/images/lead_breakage/syn-v1-450-lead_breakage-0035.jpg,synthetic/v1_450/masks/lead_breakage/syn-v1-450-lead_breakage-0035.png,synthetic_restored,train,IMGGEN-CLEAN-BACK-V1,SYNTH-BASE-KIA7809AF-BACK-001,SPEC-A,back,lead_breakage,lead_breakage,mild,7809250,1944238990,1.1.1,7cc6627693f1a190ee26cfdbda90e0c69510377724d9484d14996ca83b755ffc,cb5fed83f6415c3bb3f6c26fce8fee402b064f28c0ad1c03b1bdc5dfa8d1ad8a,0650086d3a0644e67b67c4aff88d8e66a1394a0879e654fc13c1a46961df3b7c,6c3742d75776e0e4b9a2c2c5ad4fc52b69c9f9ead84c587d7752fadcb72ffbe9,512,512,834,0.0031814575,1.0000000000,17.3913974762,153,338,35,30,TRAIN_ONLY_SYNTHETIC_NG,NO,AUTO_PASS,NO,"{""attempt"":0,""effective_seed"":1944238990,""geometry"":{""rotation_deg"":-7.379575,""scale"":1.044734,""translate_x"":-2.90704,""translate_y"":6.44179},""instances_pre_transform"":[{""category"":""lead_breakage"",""category_id"":5,""recipe_subtype"":""distal_lead_missing"",""removed_fraction"":0.2973,""severity"":""mild"",""surface"":""left_lead""}],""photometric"":{""blur_radius"":0.594547,""brightness"":1.051299,""channel_gain_b"":1.028656,""channel_gain_g"":0.997226,""channel_gain_r"":0.985963,""contrast"":0.945426,""noise_sigma"":1.445557,""saturation"":0.929262},""recipe"":[""lead_breakage""],""severity"":""mild""}"
syn-v1-450-lead_breakage-0036,synthetic/v1_450/images/lead_breakage/syn-v1-450-lead_breakage-0036.jpg,synthetic/v1_450/masks/lead_breakage/syn-v1-450-lead_breakage-0036.png,synthetic_restored,train,IMGGEN-CLEAN-BACK-V1,SYNTH-BASE-KIA7809AF-BACK-001,SPEC-A,back,lead_breakage,lead_breakage,moderate,7809250,353815454,1.1.1,7cc6627693f1a190ee26cfdbda90e0c69510377724d9484d14996ca83b755ffc,cb5fed83f6415c3bb3f6c26fce8fee402b064f28c0ad1c03b1bdc5dfa8d1ad8a,7edeebf7b28eff0ec76465dc97bd71924af21bf0c570632eb4e2d44ac31e8135,24f9fb63bcaae684d4317e8aa3af280c6f199c22301835102e1dd204bd6bef0d,512,512,870,0.0033187866,1.0000000000,19.7130031586,169,345,33,32,TRAIN_ONLY_SYNTHETIC_NG,NO,AUTO_PASS,NO,"{""attempt"":0,""effective_seed"":353815454,""geometry"":{""rotation_deg"":-5.21319,""scale"":0.976353,""translate_x"":-8.551601,""translate_y"":-9.111982},""instances_pre_transform"":[{""category"":""lead_breakage"",""category_id"":5,""recipe_subtype"":""distal_lead_missing"",""removed_fraction"":0.3335,""severity"":""moderate"",""surface"":""left_lead""}],""photometric"":{""blur_radius"":0.605296,""brightness"":1.05436,""channel_gain_b"":0.967974,""channel_gain_g"":0.969065,""channel_gain_r"":0.975605,""contrast"":1.07804,""noise_sigma"":2.815647,""saturation"":0.931683},""recipe"":[""lead_breakage""],""severity"":""moderate""}"
syn-v1-450-lead_breakage-0037,synthetic/v1_450/images/lead_breakage/syn-v1-450-lead_breakage-0037.jpg,synthetic/v1_450/masks/lead_breakage/syn-v1-450-lead_breakage-0037.png,synthetic_restored,train,IMGGEN-CLEAN-BACK-V1,SYNTH-BASE-KIA7809AF-BACK-001,SPEC-A,back,lead_breakage,lead_breakage,mild,7809250,1830147121,1.1.1,7cc6627693f1a190ee26cfdbda90e0c69510377724d9484d14996ca83b755ffc,cb5fed83f6415c3bb3f6c26fce8fee402b064f28c0ad1c03b1bdc5dfa8d1ad8a,f5abf692e84940d507ecb3c9f5be1b2d7784a3a58cf87744401d1488f1b1d1c8,78893972e0e0dff187cf172c68309763c5bab8ed9595334386b323d1696aa046,512,512,781,0.0029792786,1.0000000000,23.3341884613,288,339,34,28,TRAIN_ONLY_SYNTHETIC_NG,NO,AUTO_PASS,NO,"{""attempt"":0,""effective_seed"":1830147121,""geometry"":{""rotation_deg"":-2.081505,""scale"":0.987185,""translate_x"":5.314179,""translate_y"":11.591667},""instances_pre_transform"":[{""category"":""lead_breakage"",""category_id"":5,""recipe_subtype"":""distal_lead_missing"",""removed_fraction"":0.2714,""severity"":""mild"",""surface"":""right_lead""}],""photometric"":{""blur_radius"":0.290409,""brightness"":0.982157,""channel_gain_b"":0.986405,""channel_gain_g"":1.000828,""channel_gain_r"":1.03104,""contrast"":0.931041,""noise_sigma"":1.793948,""saturation"":0.989048},""recipe"":[""lead_breakage""],""severity"":""mild""}"
syn-v1-450-lead_breakage-0038,synthetic/v1_450/images/lead_breakage/syn-v1-450-lead_breakage-0038.jpg,synthetic/v1_450/masks/lead_breakage/syn-v1-450-lead_breakage-0038.png,synthetic_restored,train,IMGGEN-CLEAN-BACK-V1,SYNTH-BASE-KIA7809AF-BACK-001,SPEC-A,back,lead_breakage,lead_breakage,moderate,7809250,1578630746,1.1.1,7cc6627693f1a190ee26cfdbda90e0c69510377724d9484d14996ca83b755ffc,cb5fed83f6415c3bb3f6c26fce8fee402b064f28c0ad1c03b1bdc5dfa8d1ad8a,adcae10d1f334460b1a088182e5a093b5a5fbe33a5ff669ce381622216164a22,5d9361127ca168c5cab9deb06116662428ff6f9496ee15fc577bd79eb33ebb5e,512,512,1284,0.0048980713,1.0000000000,21.3902320862,278,344,36,42,TRAIN_ONLY_SYNTHETIC_NG,NO,AUTO_PASS,NO,"{""attempt"":0,""effective_seed"":1578630746,""geometry"":{""rotation_deg"":-4.024458,""scale"":0.998983,""translate_x"":11.744048,""translate_y"":-4.0905},""instances_pre_transform"":[{""category"":""lead_breakage"",""category_id"":5,""recipe_subtype"":""distal_lead_missing"",""removed_fraction"":0.4358,""severity"":""moderate"",""surface"":""right_lead""}],""photometric"":{""blur_radius"":0.303695,""brightness"":1.044239,""channel_gain_b"":1.030188,""channel_gain_g"":1.026464,""channel_gain_r"":0.978944,""contrast"":1.02258,""noise_sigma"":2.704651,""saturation"":0.964071},""recipe"":[""lead_breakage""],""severity"":""moderate""}"
syn-v1-450-lead_breakage-0039,synthetic/v1_450/images/lead_breakage/syn-v1-450-lead_breakage-0039.jpg,synthetic/v1_450/masks/lead_breakage/syn-v1-450-lead_breakage-0039.png,synthetic_restored,train,IMGGEN-CLEAN-BACK-V1,SYNTH-BASE-KIA7809AF-BACK-001,SPEC-A,back,lead_breakage,lead_breakage,mild,7809250,1835186809,1.1.1,7cc6627693f1a190ee26cfdbda90e0c69510377724d9484d14996ca83b755ffc,cb5fed83f6415c3bb3f6c26fce8fee402b064f28c0ad1c03b1bdc5dfa8d1ad8a,fff51b253c752223afbab919f959181a4f1023c752272c7ca5162757fea80c72,2e8fcd87a817227197d263d9c0a3a602839d697274ce139aa6aaf22d631a272d,512,512,838,0.0031967163,1.0000000000,17.7155342102,154,348,33,31,TRAIN_ONLY_SYNTHETIC_NG,NO,AUTO_PASS,NO,"{""attempt"":0,""effective_seed"":1835186809,""geometry"":{""rotation_deg"":-6.017273,""scale"":1.008059,""translate_x"":2.039609,""translate_y"":-7.908703},""instances_pre_transform"":[{""category"":""lead_breakage"",""category_id"":5,""recipe_subtype"":""distal_lead_missing"",""removed_fraction"":0.3109,""severity"":""mild"",""surface"":""left_lead""}],""photometric"":{""blur_radius"":0.110004,""brightness"":0.964627,""channel_gain_b"":1.011444,""channel_gain_g"":1.002727,""channel_gain_r"":0.965245,""contrast"":0.953159,""noise_sigma"":0.176627,""saturation"":1.054242},""recipe"":[""lead_breakage""],""severity"":""mild""}"
syn-v1-450-lead_breakage-0040,synthetic/v1_450/images/lead_breakage/syn-v1-450-lead_breakage-0040.jpg,synthetic/v1_450/masks/lead_breakage/syn-v1-450-lead_breakage-0040.png,synthetic_restored,train,IMGGEN-CLEAN-BACK-V1,SYNTH-BASE-KIA7809AF-BACK-001,SPEC-A,back,lead_breakage,lead_breakage,mild,7809250,1505804966,1.1.1,7cc6627693f1a190ee26cfdbda90e0c69510377724d9484d14996ca83b755ffc,cb5fed83f6415c3bb3f6c26fce8fee402b064f28c0ad1c03b1bdc5dfa8d1ad8a,bfafc224741a652d6b912a8c16de5cca19aa6a091c5b5223f78af7d7ee6c3d50,d08537192f986431afffc4ebbd5a610795019e0f9793cb60d13aa3f1e10c85f9,512,512,563,0.0021476746,1.0000000000,17.0092144012,152,337,32,24,TRAIN_ONLY_SYNTHETIC_NG,NO,AUTO_PASS,NO,"{""attempt"":0,""effective_seed"":1505804966,""geometry"":{""rotation_deg"":-7.647631,""scale"":0.973113,""translate_x"":5.458823,""translate_y"":4.188136},""instances_pre_transform"":[{""category"":""lead_breakage"",""category_id"":5,""recipe_subtype"":""distal_lead_missing"",""removed_fraction"":0.2183,""severity"":""mild"",""surface"":""left_lead""}],""photometric"":{""blur_radius"":0.635641,""brightness"":1.046023,""channel_gain_b"":1.034708,""channel_gain_g"":1.018985,""channel_gain_r"":0.998656,""contrast"":0.941794,""noise_sigma"":1.522381,""saturation"":1.001559},""recipe"":[""lead_breakage""],""severity"":""mild""}"
syn-v1-450-lead_breakage-0041,synthetic/v1_450/images/lead_breakage/syn-v1-450-lead_breakage-0041.jpg,synthetic/v1_450/masks/lead_breakage/syn-v1-450-lead_breakage-0041.png,synthetic_restored,train,IMGGEN-CLEAN-BACK-V1,SYNTH-BASE-KIA7809AF-BACK-001,SPEC-A,back,lead_breakage,lead_breakage,moderate,7809250,1258479221,1.1.1,7cc6627693f1a190ee26cfdbda90e0c69510377724d9484d14996ca83b755ffc,cb5fed83f6415c3bb3f6c26fce8fee402b064f28c0ad1c03b1bdc5dfa8d1ad8a,a80c1129a93b0f22dd0372ef818d2f53ffd57b93a730fe3351a33d4ebe1e257d,44b478f38764163efd8d2d138882123d2f8a694ded6ddbc1115fe24190404b7f,512,512,801,0.0030555725,1.0000000000,17.1898460388,162,357,34,28,TRAIN_ONLY_SYNTHETIC_NG,NO,AUTO_PASS,NO,"{""attempt"":0,""effective_seed"":1258479221,""geometry"":{""rotation_deg"":2.198983,""scale"":1.019967,""translate_x"":8.419046,""translate_y"":-1.804062},""instances_pre_transform"":[{""category"":""lead_breakage"",""category_id"":5,""recipe_subtype"":""distal_lead_missing"",""removed_fraction"":0.2851,""severity"":""moderate"",""surface"":""left_lead""}],""photometric"":{""blur_radius"":0.748059,""brightness"":0.941956,""channel_gain_b"":0.963467,""channel_gain_g"":1.01849,""channel_gain_r"":1.019631,""contrast"":1.011074,""noise_sigma"":1.180241,""saturation"":0.949485},""recipe"":[""lead_breakage""],""severity"":""moderate""}"
syn-v1-450-lead_breakage-0042,synthetic/v1_450/images/lead_breakage/syn-v1-450-lead_breakage-0042.jpg,synthetic/v1_450/masks/lead_breakage/syn-v1-450-lead_breakage-0042.png,synthetic_restored,train,IMGGEN-CLEAN-BACK-V1,SYNTH-BASE-KIA7809AF-BACK-001,SPEC-A,back,lead_breakage,lead_breakage,mild,7809250,1054845004,1.1.1,7cc6627693f1a190ee26cfdbda90e0c69510377724d9484d14996ca83b755ffc,cb5fed83f6415c3bb3f6c26fce8fee402b064f28c0ad1c03b1bdc5dfa8d1ad8a,4e4540ae8e9ff3f24c8efe12a1b1454daadce4d30281c206e82a1e683b0930e4,ffdf1a3afb30a4be866d3999419d5231dff424d68fc7566c65aeb49825530e78,512,512,998,0.0038070679,1.0000000000,21.6222953796,295,348,36,31,TRAIN_ONLY_SYNTHETIC_NG,NO,AUTO_PASS,NO,"{""attempt"":0,""effective_seed"":1054845004,""geometry"":{""rotation_deg"":-1.853809,""scale"":1.047587,""translate_x"":1.935774,""translate_y"":5.954963},""instances_pre_transform"":[{""category"":""lead_breakage"",""category_id"":5,""recipe_subtype"":""distal_lead_missing"",""removed_fraction"":0.3067,""severity"":""mild"",""surface"":""right_lead""}],""photometric"":{""blur_radius"":0.36667,""brightness"":0.951633,""channel_gain_b"":0.961882,""channel_gain_g"":0.965109,""channel_gain_r"":1.025874,""contrast"":0.944149,""noise_sigma"":2.713966,""saturation"":1.00123},""recipe"":[""lead_breakage""],""severity"":""mild""}"
syn-v1-450-lead_breakage-0043,synthetic/v1_450/images/lead_breakage/syn-v1-450-lead_breakage-0043.jpg,synthetic/v1_450/masks/lead_breakage/syn-v1-450-lead_breakage-0043.png,synthetic_restored,train,IMGGEN-CLEAN-BACK-V1,SYNTH-BASE-KIA7809AF-BACK-001,SPEC-A,back,lead_breakage,lead_breakage,mild,7809250,1644199097,1.1.1,7cc6627693f1a190ee26cfdbda90e0c69510377724d9484d14996ca83b755ffc,cb5fed83f6415c3bb3f6c26fce8fee402b064f28c0ad1c03b1bdc5dfa8d1ad8a,0ae8836bd378dbe14959ecf1b4ab28e82bee9cd35375c54472a20593ac7ff47c,d14d04ec5c5dafa2b31224783dccfdc90ab35032cf95d2626fb75e395b8b6d35,512,512,909,0.0034675598,1.0000000000,17.6355762482,172,346,34,31,TRAIN_ONLY_SYNTHETIC_NG,NO,AUTO_PASS,NO,"{""attempt"":0,""effective_seed"":1644199097,""geometry"":{""rotation_deg"":2.338089,""scale"":1.03046,""translate_x"":-2.281362,""translate_y"":6.761242},""instances_pre_transform"":[{""category"":""lead_breakage"",""category_id"":5,""recipe_subtype"":""distal_lead_missing"",""removed_fraction"":0.3145,""severity"":""mild"",""surface"":""left_lead""}],""photometric"":{""blur_radius"":0.447109,""brightness"":0.99664,""channel_gain_b"":0.983794,""channel_gain_g"":1.03402,""channel_gain_r"":0.987255,""contrast"":1.010858,""noise_sigma"":0.757475,""saturation"":0.995986},""recipe"":[""lead_breakage""],""severity"":""mild""}"
syn-v1-450-lead_breakage-0044,synthetic/v1_450/images/lead_breakage/syn-v1-450-lead_breakage-0044.jpg,synthetic/v1_450/masks/lead_breakage/syn-v1-450-lead_breakage-0044.png,synthetic_restored,train,IMGGEN-CLEAN-BACK-V1,SYNTH-BASE-KIA7809AF-BACK-001,SPEC-A,back,lead_breakage,lead_breakage,mild,7809250,1267758852,1.1.1,7cc6627693f1a190ee26cfdbda90e0c69510377724d9484d14996ca83b755ffc,cb5fed83f6415c3bb3f6c26fce8fee402b064f28c0ad1c03b1bdc5dfa8d1ad8a,0ab2d59cf0a6875cd0ff168035f88dbbebdfba5bf7f3e5130a9472467adfc088,a560160408f7305b06016b859bf6461ed49012d3903e4be77692d32782fe627b,512,512,938,0.0035781860,1.0000000000,21.8106060028,275,363,36,31,TRAIN_ONLY_SYNTHETIC_NG,NO,AUTO_PASS,NO,"{""attempt"":0,""effective_seed"":1267758852,""geometry"":{""rotation_deg"":-6.641242,""scale"":1.032788,""translate_x"":10.953907,""translate_y"":-5.050439},""instances_pre_transform"":[{""category"":""lead_breakage"",""category_id"":5,""recipe_subtype"":""distal_lead_missing"",""removed_fraction"":0.3121,""severity"":""mild"",""surface"":""right_lead""}],""photometric"":{""blur_radius"":0.686845,""brightness"":0.965008,""channel_gain_b"":0.985194,""channel_gain_g"":0.966139,""channel_gain_r"":1.03375,""contrast"":1.019011,""noise_sigma"":2.120585,""saturation"":0.974839},""recipe"":[""lead_breakage""],""severity"":""mild""}"
syn-v1-450-lead_breakage-0045,synthetic/v1_450/images/lead_breakage/syn-v1-450-lead_breakage-0045.jpg,synthetic/v1_450/masks/lead_breakage/syn-v1-450-lead_breakage-0045.png,synthetic_restored,train,IMGGEN-CLEAN-BACK-V1,SYNTH-BASE-KIA7809AF-BACK-001,SPEC-A,back,lead_breakage,lead_breakage,mild,7809250,46850625,1.1.1,7cc6627693f1a190ee26cfdbda90e0c69510377724d9484d14996ca83b755ffc,cb5fed83f6415c3bb3f6c26fce8fee402b064f28c0ad1c03b1bdc5dfa8d1ad8a,2133612d7b7a5a629bdf921085e04b49d4901571ca190bf3a4cde40faa43d7f2,96f7d12ac4d7a3130fbf61daf69d4a154f2a07de42c33c4a239414ae2edcb3b4,512,512,748,0.0028533936,1.0000000000,24.0476837158,282,369,37,26,TRAIN_ONLY_SYNTHETIC_NG,NO,AUTO_PASS,NO,"{""attempt"":0,""effective_seed"":46850625,""geometry"":{""rotation_deg"":-6.339856,""scale"":1.033137,""translate_x"":3.721772,""translate_y"":-6.197858},""instances_pre_transform"":[{""category"":""lead_breakage"",""category_id"":5,""recipe_subtype"":""distal_lead_missing"",""removed_fraction"":0.2462,""severity"":""mild"",""surface"":""right_lead""}],""photometric"":{""blur_radius"":0.414372,""brightness"":0.974965,""channel_gain_b"":1.002196,""channel_gain_g"":1.039668,""channel_gain_r"":1.002871,""contrast"":0.955606,""noise_sigma"":2.264975,""saturation"":1.028844},""recipe"":[""lead_breakage""],""severity"":""mild""}"
syn-v1-450-lead_breakage-0046,synthetic/v1_450/images/lead_breakage/syn-v1-450-lead_breakage-0046.jpg,synthetic/v1_450/masks/lead_breakage/syn-v1-450-lead_breakage-0046.png,synthetic_restored,train,IMGGEN-CLEAN-BACK-V1,SYNTH-BASE-KIA7809AF-BACK-001,SPEC-A,back,lead_breakage,lead_breakage,moderate,7809250,2086704715,1.1.1,7cc6627693f1a190ee26cfdbda90e0c69510377724d9484d14996ca83b755ffc,cb5fed83f6415c3bb3f6c26fce8fee402b064f28c0ad1c03b1bdc5dfa8d1ad8a,bf00a56927e9da3cfcc771856cf3507e078968199c8e32128ac5f37fa2abaa7d,d444adef22278d9eec1e41a5ca6aaf801d1fd9a68acaf2f28e62a0b3566586e4,512,512,944,0.0036010742,1.0000000000,22.9131374359,308,338,35,34,TRAIN_ONLY_SYNTHETIC_NG,NO,AUTO_PASS,NO,"{""attempt"":0,""effective_seed"":2086704715,""geometry"":{""rotation_deg"":6.945932,""scale"":0.930753,""translate_x"":-3.201351,""translate_y"":-9.503065},""instances_pre_transform"":[{""category"":""lead_breakage"",""category_id"":5,""recipe_subtype"":""distal_lead_missing"",""removed_fraction"":0.3751,""severity"":""moderate"",""surface"":""right_lead""}],""photometric"":{""blur_radius"":0.301024,""brightness"":1.066441,""channel_gain_b"":0.968288,""channel_gain_g"":1.035887,""channel_gain_r"":1.009448,""contrast"":0.957139,""noise_sigma"":0.631804,""saturation"":1.06582},""recipe"":[""lead_breakage""],""severity"":""moderate""}"
syn-v1-450-lead_breakage-0047,synthetic/v1_450/images/lead_breakage/syn-v1-450-lead_breakage-0047.jpg,synthetic/v1_450/masks/lead_breakage/syn-v1-450-lead_breakage-0047.png,synthetic_restored,train,IMGGEN-CLEAN-BACK-V1,SYNTH-BASE-KIA7809AF-BACK-001,SPEC-A,back,lead_breakage,lead_breakage,moderate,7809250,1450287747,1.1.1,7cc6627693f1a190ee26cfdbda90e0c69510377724d9484d14996ca83b755ffc,cb5fed83f6415c3bb3f6c26fce8fee402b064f28c0ad1c03b1bdc5dfa8d1ad8a,82749cf145c492922b2993a19f78933ff4ea1af984217042eb19bef559c471e3,535c9bc1718de67cdac99ecef40f99b16545fef35985ccf1c48c3c89423485ac,512,512,830,0.0031661987,1.0000000000,22.1745853424,290,348,33,28,TRAIN_ONLY_SYNTHETIC_NG,NO,AUTO_PASS,NO,"{""attempt"":0,""effective_seed"":1450287747,""geometry"":{""rotation_deg"":-3.401769,""scale"":0.978776,""translate_x"":1.754038,""translate_y"":2.13332},""instances_pre_transform"":[{""category"":""lead_breakage"",""category_id"":5,""recipe_subtype"":""distal_lead_missing"",""removed_fraction"":0.2904,""severity"":""moderate"",""surface"":""right_lead""}],""photometric"":{""blur_radius"":0.146998,""brightness"":0.962397,""channel_gain_b"":1.004058,""channel_gain_g"":0.995952,""channel_gain_r"":1.001623,""contrast"":0.930449,""noise_sigma"":0.079635,""saturation"":1.040983},""recipe"":[""lead_breakage""],""severity"":""moderate""}"
syn-v1-450-lead_breakage-0048,synthetic/v1_450/images/lead_breakage/syn-v1-450-lead_breakage-0048.jpg,synthetic/v1_450/masks/lead_breakage/syn-v1-450-lead_breakage-0048.png,synthetic_restored,train,IMGGEN-CLEAN-BACK-V1,SYNTH-BASE-KIA7809AF-BACK-001,SPEC-A,back,lead_breakage,lead_breakage,mild,7809250,1272171731,1.1.1,7cc6627693f1a190ee26cfdbda90e0c69510377724d9484d14996ca83b755ffc,cb5fed83f6415c3bb3f6c26fce8fee402b064f28c0ad1c03b1bdc5dfa8d1ad8a,fd964525266dd64e43f29620a9129b162723348d04bc31b6bf13e0c405ce3a92,d4eebd01437806810eaee68120869332c3eaf02712723a330a1ae739347cb1a3,512,512,1136,0.0043334961,1.0000000000,21.5820541382,311,357,39,36,TRAIN_ONLY_SYNTHETIC_NG,NO,AUTO_PASS,NO,"{""attempt"":0,""effective_seed"":1272171731,""geometry"":{""rotation_deg"":6.451794,""scale"":1.075859,""translate_x"":1.777078,""translate_y"":-11.833484},""instances_pre_transform"":[{""category"":""lead_breakage"",""category_id"":5,""recipe_subtype"":""distal_lead_missing"",""removed_fraction"":0.3279,""severity"":""mild"",""surface"":""right_lead""}],""photometric"":{""blur_radius"":0.269119,""brightness"":0.943096,""channel_gain_b"":0.974374,""channel_gain_g"":0.985582,""channel_gain_r"":0.961701,""contrast"":0.967489,""noise_sigma"":0.652721,""saturation"":1.01022},""recipe"":[""lead_breakage""],""severity"":""mild""}"
syn-v1-450-lead_breakage-0049,synthetic/v1_450/images/lead_breakage/syn-v1-450-lead_breakage-0049.jpg,synthetic/v1_450/masks/lead_breakage/syn-v1-450-lead_breakage-0049.png,synthetic_restored,train,IMGGEN-CLEAN-BACK-V1,SYNTH-BASE-KIA7809AF-BACK-001,SPEC-A,back,lead_breakage,lead_breakage,mild,7809250,1801879045,1.1.1,7cc6627693f1a190ee26cfdbda90e0c69510377724d9484d14996ca83b755ffc,cb5fed83f6415c3bb3f6c26fce8fee402b064f28c0ad1c03b1bdc5dfa8d1ad8a,94f4735f12cc418ea07b14a558e8e6146fc12c1a163510d377d2a8798900e549,23eea23be06939fe1e94f684e5c435c26905ab7596291cc98bd099d42893f6b0,512,512,1075,0.0041007996,1.0000000000,21.7932491302,309,343,36,32,TRAIN_ONLY_SYNTHETIC_NG,NO,AUTO_PASS,NO,"{""attempt"":0,""effective_seed"":1801879045,""geometry"":{""rotation_deg"":-1.028856,""scale"":1.062311,""translate_x"":-9.711667,""translate_y"":10.360651},""instances_pre_transform"":[{""category"":""lead_breakage"",""category_id"":5,""recipe_subtype"":""distal_lead_missing"",""removed_fraction"":0.3358,""severity"":""mild"",""surface"":""right_lead""}],""photometric"":{""blur_radius"":0.51793,""brightness"":1.046895,""channel_gain_b"":0.996207,""channel_gain_g"":1.034404,""channel_gain_r"":1.007153,""contrast"":0.982358,""noise_sigma"":2.585547,""saturation"":0.937898},""recipe"":[""lead_breakage""],""severity"":""mild""}"
syn-v1-450-body_chip-0000,synthetic/v1_450/images/body_chip/syn-v1-450-body_chip-0000.jpg,synthetic/v1_450/masks/body_chip/syn-v1-450-body_chip-0000.png,synthetic_restored,train,IMGGEN-CLEAN-BACK-V1,SYNTH-BASE-KIA7809AF-BACK-001,SPEC-A,back,body_chip,body_chip,mild,7809250,383367395,1.1.1,7cc6627693f1a190ee26cfdbda90e0c69510377724d9484d14996ca83b755ffc,cb5fed83f6415c3bb3f6c26fce8fee402b064f28c0ad1c03b1bdc5dfa8d1ad8a,09d1be621f847ebde1d5d43de3b3a9b9bad8e4b3ce13108942b5d351fd715f4c,0f52be23185a4b1e1f1761084a522c12f3933e644689a33110cdf17b64d60395,512,512,48,0.0001831055,1.0000000000,49.6737594604,135,157,12,9,TRAIN_ONLY_SYNTHETIC_NG,NO,AUTO_PASS,NO,"{""attempt"":0,""effective_seed"":383367395,""geometry"":{""rotation_deg"":7.56899,""scale"":1.001122,""translate_x"":-10.195402,""translate_y"":9.158902},""instances_pre_transform"":[{""category"":""body_chip"",""category_id"":6,""depth_px"":11,""recipe_subtype"":""edge_material_loss"",""severity"":""mild"",""span_px"":10,""surface"":""body_left_edge""}],""photometric"":{""blur_radius"":0.666848,""brightness"":0.983666,""channel_gain_b"":1.009642,""channel_gain_g"":1.00621,""channel_gain_r"":0.993965,""contrast"":0.902385,""noise_sigma"":0.643833,""saturation"":1.05095},""recipe"":[""body_chip""],""severity"":""mild""}"
syn-v1-450-body_chip-0001,synthetic/v1_450/images/body_chip/syn-v1-450-body_chip-0001.jpg,synthetic/v1_450/masks/body_chip/syn-v1-450-body_chip-0001.png,synthetic_restored,train,IMGGEN-CLEAN-BACK-V1,SYNTH-BASE-KIA7809AF-BACK-001,SPEC-A,back,body_chip,body_chip,mild,7809250,2138995893,1.1.1,7cc6627693f1a190ee26cfdbda90e0c69510377724d9484d14996ca83b755ffc,cb5fed83f6415c3bb3f6c26fce8fee402b064f28c0ad1c03b1bdc5dfa8d1ad8a,82c88465d3023887d70675942e01b78b9a57ccb05b6206d9577e6f028055ab3c,8a9909a2d6a0ff0601f7d6f5550847be18edd69560947fa8a923ead2039c9083,512,512,100,0.0003814697,1.0000000000,71.7567596436,327,246,10,18,TRAIN_ONLY_SYNTHETIC_NG,NO,AUTO_PASS,NO,"{""attempt"":0,""effective_seed"":2138995893,""geometry"":{""rotation_deg"":-1.794886,""scale"":0.946247,""translate_x"":-8.724242,""translate_y"":11.701736},""instances_pre_transform"":[{""category"":""body_chip"",""category_id"":6,""depth_px"":11,""recipe_subtype"":""edge_material_loss"",""severity"":""mild"",""span_px"":24,""surface"":""body_right_edge""}],""photometric"":{""blur_radius"":0.836057,""brightness"":0.955863,""channel_gain_b"":0.961824,""channel_gain_g"":1.008218,""channel_gain_r"":0.963309,""contrast"":1.047321,""noise_sigma"":0.168427,""saturation"":0.994518},""recipe"":[""body_chip""],""severity"":""mild""}"
syn-v1-450-body_chip-0002,synthetic/v1_450/images/body_chip/syn-v1-450-body_chip-0002.jpg,synthetic/v1_450/masks/body_chip/syn-v1-450-body_chip-0002.png,synthetic_restored,train,IMGGEN-CLEAN-BACK-V1,SYNTH-BASE-KIA7809AF-BACK-001,SPEC-A,back,body_chip,body_chip,mild,7809250,1663187686,1.1.1,7cc6627693f1a190ee26cfdbda90e0c69510377724d9484d14996ca83b755ffc,cb5fed83f6415c3bb3f6c26fce8fee402b064f28c0ad1c03b1bdc5dfa8d1ad8a,9d7f1865ad2b5f70ff2e6e518c03b5dbb5e585a8df7fe345554787f76df5b1c5,b59baade970843c22e541cd23dd75ab8c3cc9a61a9be6101759a8f6b2889bd12,512,512,35,0.0001335144,1.0000000000,31.7523803711,131,194,8,9,TRAIN_ONLY_SYNTHETIC_NG,NO,AUTO_PASS,NO,"{""attempt"":0,""effective_seed"":1663187686,""geometry"":{""rotation_deg"":-1.935981,""scale"":0.993179,""translate_x"":9.883111,""translate_y"":10.039111},""instances_pre_transform"":[{""category"":""body_chip"",""category_id"":6,""depth_px"":8,""recipe_subtype"":""edge_material_loss"",""severity"":""mild"",""span_px"":14,""surface"":""body_left_edge""}],""photometric"":{""blur_radius"":0.038954,""brightness"":0.995752,""channel_gain_b"":1.006632,""channel_gain_g"":0.97028,""channel_gain_r"":1.01407,""contrast"":1.045188,""noise_sigma"":2.003023,""saturation"":0.988594},""recipe"":[""body_chip""],""severity"":""mild""}"
syn-v1-450-body_chip-0003,synthetic/v1_450/images/body_chip/syn-v1-450-body_chip-0003.jpg,synthetic/v1_450/masks/body_chip/syn-v1-450-body_chip-0003.png,synthetic_restored,train,IMGGEN-CLEAN-BACK-V1,SYNTH-BASE-KIA7809AF-BACK-001,SPEC-A,back,body_chip,body_chip,mild,7809250,1879983426,1.1.1,7cc6627693f1a190ee26cfdbda90e0c69510377724d9484d14996ca83b755ffc,cb5fed83f6415c3bb3f6c26fce8fee402b064f28c0ad1c03b1bdc5dfa8d1ad8a,f31adc8930631b13c1263dd9f369f89cce0a204c55dfe82ca2f2582a29bba525,f2275ef7612ffeee61dc4aa21de6fd0662d8ae349af77b756deca0ed3762b751,512,512,42,0.0001602173,1.0000000000,12.7142858505,344,137,6,14,TRAIN_ONLY_SYNTHETIC_NG,NO,AUTO_PASS,NO,"{""attempt"":0,""effective_seed"":1879983426,""geometry"":{""rotation_deg"":-5.874024,""scale"":1.005339,""translate_x"":-7.642329,""translate_y"":11.377314},""instances_pre_transform"":[{""category"":""body_chip"",""category_id"":6,""depth_px"":8,""recipe_subtype"":""edge_material_loss"",""severity"":""mild"",""span_px"":22,""surface"":""body_right_edge""}],""photometric"":{""blur_radius"":0.5364,""brightness"":1.043323,""channel_gain_b"":1.012941,""channel_gain_g"":0.973183,""channel_gain_r"":1.01824,""contrast"":1.023578,""noise_sigma"":1.726952,""saturation"":1.000531},""recipe"":[""body_chip""],""severity"":""mild""}"
syn-v1-450-body_chip-0004,synthetic/v1_450/images/body_chip/syn-v1-450-body_chip-0004.jpg,synthetic/v1_450/masks/body_chip/syn-v1-450-body_chip-0004.png,synthetic_restored,train,IMGGEN-CLEAN-BACK-V1,SYNTH-BASE-KIA7809AF-BACK-001,SPEC-A,back,body_chip,body_chip,mild,7809250,1895495933,1.1.1,7cc6627693f1a190ee26cfdbda90e0c69510377724d9484d14996ca83b755ffc,cb5fed83f6415c3bb3f6c26fce8fee402b064f28c0ad1c03b1bdc5dfa8d1ad8a,71bc559eb78667c6956e38dfd9ceccfaf20298b788b99ef877d575816a52fc00,2fe5d26af5bd1b655938d7807f7c36038da7391c99f97b87c77660f6c3575d92,512,512,84,0.0003204346,1.0000000000,47.0921058655,309,183,12,16,TRAIN_ONLY_SYNTHETIC_NG,NO,AUTO_PASS,NO,"{""attempt"":0,""effective_seed"":1895495933,""geometry"":{""rotation_deg"":5.806399,""scale"":1.045599,""translate_x"":9.321925,""translate_y"":4.420974},""instances_pre_transform"":[{""category"":""body_chip"",""category_id"":6,""depth_px"":11,""recipe_subtype"":""edge_material_loss"",""severity"":""mild"",""span_px"":20,""surface"":""body_right_edge""}],""photometric"":{""blur_radius"":0.438179,""brightness"":0.997147,""channel_gain_b"":1.031289,""channel_gain_g"":0.987339,""channel_gain_r"":1.016848,""contrast"":1.034832,""noise_sigma"":2.680603,""saturation"":0.983311},""recipe"":[""body_chip""],""severity"":""mild""}"
syn-v1-450-body_chip-0005,synthetic/v1_450/images/body_chip/syn-v1-450-body_chip-0005.jpg,synthetic/v1_450/masks/body_chip/syn-v1-450-body_chip-0005.png,synthetic_restored,train,IMGGEN-CLEAN-BACK-V1,SYNTH-BASE-KIA7809AF-BACK-001,SPEC-A,back,body_chip,body_chip,mild,7809250,1543097548,1.1.1,7cc6627693f1a190ee26cfdbda90e0c69510377724d9484d14996ca83b755ffc,cb5fed83f6415c3bb3f6c26fce8fee402b064f28c0ad1c03b1bdc5dfa8d1ad8a,57e20d3b1b14635ac45e0bd8daaf6671c17d505c043a42136468fa8d44b6a8a1,20a57b88a3f6e9cc720e5d357f4e9af2001903cedac2a8ddf5bf43e608e4dab2,512,512,47,0.0001792908,1.0000000000,20.3829784393,329,187,10,9,TRAIN_ONLY_SYNTHETIC_NG,NO,AUTO_PASS,NO,"{""attempt"":0,""effective_seed"":1543097548,""geometry"":{""rotation_deg"":-2.13597,""scale"":1.00248,""translate_x"":-3.300941,""translate_y"":0.306535},""instances_pre_transform"":[{""category"":""body_chip"",""category_id"":6,""depth_px"":10,""recipe_subtype"":""edge_material_loss"",""severity"":""mild"",""span_px"":14,""surface"":""body_right_edge""}],""photometric"":{""blur_radius"":0.322004,""brightness"":0.951823,""channel_gain_b"":0.96741,""channel_gain_g"":0.968536,""channel_gain_r"":1.027587,""contrast"":1.082744,""noise_sigma"":0.669776,""saturation"":0.953364},""recipe"":[""body_chip""],""severity"":""mild""}"
syn-v1-450-body_chip-0006,synthetic/v1_450/images/body_chip/syn-v1-450-body_chip-0006.jpg,synthetic/v1_450/masks/body_chip/syn-v1-450-body_chip-0006.png,synthetic_restored,train,IMGGEN-CLEAN-BACK-V1,SYNTH-BASE-KIA7809AF-BACK-001,SPEC-A,back,body_chip,body_chip,mild,7809250,239604177,1.1.1,7cc6627693f1a190ee26cfdbda90e0c69510377724d9484d14996ca83b755ffc,cb5fed83f6415c3bb3f6c26fce8fee402b064f28c0ad1c03b1bdc5dfa8d1ad8a,1fd8482507f83a06855654b63cc90b9eec3b4086e8dfb5bf2d6fd4491ba3fa69,7c500c1be1b806a69a26105ad3f124fc5eeaf456989f5be22a1cd20ceeffaf7f,512,512,48,0.0001831055,1.0000000000,41.0457534790,153,159,8,11,TRAIN_ONLY_SYNTHETIC_NG,NO,AUTO_PASS,NO,"{""attempt"":0,""effective_seed"":239604177,""geometry"":{""rotation_deg"":1.261332,""scale"":0.933071,""translate_x"":-9.344639,""translate_y"":11.40738},""instances_pre_transform"":[{""category"":""body_chip"",""category_id"":6,""depth_px"":9,""recipe_subtype"":""edge_material_loss"",""severity"":""mild"",""span_px"":14,""surface"":""body_left_edge""}],""photometric"":{""blur_radius"":0.305204,""brightness"":1.057878,""channel_gain_b"":0.978991,""channel_gain_g"":0.997613,""channel_gain_r"":1.026752,""contrast"":0.934848,""noise_sigma"":0.221689,""saturation"":1.045459},""recipe"":[""body_chip""],""severity"":""mild""}"
syn-v1-450-body_chip-0007,synthetic/v1_450/images/body_chip/syn-v1-450-body_chip-0007.jpg,synthetic/v1_450/masks/body_chip/syn-v1-450-body_chip-0007.png,synthetic_restored,train,IMGGEN-CLEAN-BACK-V1,SYNTH-BASE-KIA7809AF-BACK-001,SPEC-A,back,body_chip,body_chip,moderate,7809250,2060130640,1.1.1,7cc6627693f1a190ee26cfdbda90e0c69510377724d9484d14996ca83b755ffc,cb5fed83f6415c3bb3f6c26fce8fee402b064f28c0ad1c03b1bdc5dfa8d1ad8a,0617039d698492e33c0897ba5015a7879f7a9b72734ba73efc9fafd7b4dda06d,6d0a26909954631003f42ab127ce005830ec1c11b14e98f698b28f625af52601,512,512,87,0.0003318787,1.0000000000,22.2441864014,148,249,10,17,TRAIN_ONLY_SYNTHETIC_NG,NO,AUTO_PASS,NO,"{""attempt"":0,""effective_seed"":2060130640,""geometry"":{""rotation_deg"":-4.026729,""scale"":0.983798,""translate_x"":-5.884388,""translate_y"":-11.09448},""instances_pre_transform"":[{""category"":""body_chip"",""category_id"":6,""depth_px"":12,""recipe_subtype"":""edge_material_loss"",""severity"":""moderate"",""span_px"":25,""surface"":""body_left_edge""}],""photometric"":{""blur_radius"":0.5281,""brightness"":1.063849,""channel_gain_b"":1.014682,""channel_gain_g"":0.96938,""channel_gain_r"":1.011623,""contrast"":1.03677,""noise_sigma"":1.588977,""saturation"":0.967411},""recipe"":[""body_chip""],""severity"":""moderate""}"
syn-v1-450-body_chip-0008,synthetic/v1_450/images/body_chip/syn-v1-450-body_chip-0008.jpg,synthetic/v1_450/masks/body_chip/syn-v1-450-body_chip-0008.png,synthetic_restored,train,IMGGEN-CLEAN-BACK-V1,SYNTH-BASE-KIA7809AF-BACK-001,SPEC-A,back,body_chip,body_chip,mild,7809250,2145392463,1.1.1,7cc6627693f1a190ee26cfdbda90e0c69510377724d9484d14996ca83b755ffc,cb5fed83f6415c3bb3f6c26fce8fee402b064f28c0ad1c03b1bdc5dfa8d1ad8a,172101dc92a762a38d8d0816e868efef146141ce5081cf3b37438ab015803ee8,80b741ef7ded7f4f2c16fc4a7b052e59f09001dc2ca3e75a4e94f706a9e6711a,512,512,45,0.0001716614,1.0000000000,43.0634918213,126,143,11,7,TRAIN_ONLY_SYNTHETIC_NG,NO,AUTO_PASS,NO,"{""attempt"":0,""effective_seed"":2145392463,""geometry"":{""rotation_deg"":0.016025,""scale"":1.050935,""translate_x"":5.138302,""translate_y"":7.152854},""instances_pre_transform"":[{""category"":""body_chip"",""category_id"":6,""depth_px"":10,""recipe_subtype"":""edge_material_loss"",""severity"":""mild"",""span_px"":10,""surface"":""body_left_edge""}],""photometric"":{""blur_radius"":0.612878,""brightness"":0.974672,""channel_gain_b"":0.999113,""channel_gain_g"":0.985775,""channel_gain_r"":0.979346,""contrast"":0.937929,""noise_sigma"":1.421791,""saturation"":0.981964},""recipe"":[""body_chip""],""severity"":""mild""}"
syn-v1-450-body_chip-0009,synthetic/v1_450/images/body_chip/syn-v1-450-body_chip-0009.jpg,synthetic/v1_450/masks/body_chip/syn-v1-450-body_chip-0009.png,synthetic_restored,train,IMGGEN-CLEAN-BACK-V1,SYNTH-BASE-KIA7809AF-BACK-001,SPEC-A,back,body_chip,body_chip,moderate,7809250,1223283844,1.1.1,7cc6627693f1a190ee26cfdbda90e0c69510377724d9484d14996ca83b755ffc,cb5fed83f6415c3bb3f6c26fce8fee402b064f28c0ad1c03b1bdc5dfa8d1ad8a,de06e0a27ef547f06c116b9e4392704afbdbf22202455cca6c109a6d1f0fe892,648b3a1d49b3e15e712112561efc84f2dc9e8c1d06ee1ee22412e892ecece0a3,512,512,106,0.0004043579,1.0000000000,35.7365074158,142,224,14,15,TRAIN_ONLY_SYNTHETIC_NG,NO,AUTO_PASS,NO,"{""attempt"":1,""effective_seed"":1223388573,""geometry"":{""rotation_deg"":4.922738,""scale"":0.966931,""translate_x"":-2.058943,""translate_y"":6.101079},""instances_pre_transform"":[{""category"":""body_chip"",""category_id"":6,""depth_px"":14,""recipe_subtype"":""edge_material_loss"",""severity"":""moderate"",""span_px"":20,""surface"":""body_left_edge""}],""photometric"":{""blur_radius"":0.129559,""brightness"":1.008548,""channel_gain_b"":1.029456,""channel_gain_g"":0.964349,""channel_gain_r"":1.029239,""contrast"":0.999358,""noise_sigma"":1.176937,""saturation"":0.924976},""recipe"":[""body_chip""],""severity"":""moderate""}"
syn-v1-450-body_chip-0010,synthetic/v1_450/images/body_chip/syn-v1-450-body_chip-0010.jpg,synthetic/v1_450/masks/body_chip/syn-v1-450-body_chip-0010.png,synthetic_restored,train,IMGGEN-CLEAN-BACK-V1,SYNTH-BASE-KIA7809AF-BACK-001,SPEC-A,back,body_chip,body_chip,mild,7809250,1396761807,1.1.1,7cc6627693f1a190ee26cfdbda90e0c69510377724d9484d14996ca83b755ffc,cb5fed83f6415c3bb3f6c26fce8fee402b064f28c0ad1c03b1bdc5dfa8d1ad8a,2f63f1e1eb1566511ad5ce47b07993460563d02702923ef82ecaa831532a7648,225a687df24273b4afac80bbc565e9e25665fc2e240af029fd1a887275f538d9,512,512,54,0.0002059937,1.0000000000,44.0282478333,137,170,10,12,TRAIN_ONLY_SYNTHETIC_NG,NO,AUTO_PASS,NO,"{""attempt"":0,""effective_seed"":1396761807,""geometry"":{""rotation_deg"":6.22696,""scale"":0.980675,""translate_x"":-8.400651,""translate_y"":-3.413545},""instances_pre_transform"":[{""category"":""body_chip"",""category_id"":6,""depth_px"":9,""recipe_subtype"":""edge_material_loss"",""severity"":""mild"",""span_px"":17,""surface"":""body_left_edge""}],""photometric"":{""blur_radius"":0.139555,""brightness"":0.962655,""channel_gain_b"":0.992052,""channel_gain_g"":1.001103,""channel_gain_r"":1.034211,""contrast"":0.948557,""noise_sigma"":1.457468,""saturation"":0.951222},""recipe"":[""body_chip""],""severity"":""mild""}"
syn-v1-450-body_chip-0011,synthetic/v1_450/images/body_chip/syn-v1-450-body_chip-0011.jpg,synthetic/v1_450/masks/body_chip/syn-v1-450-body_chip-0011.png,synthetic_restored,train,IMGGEN-CLEAN-BACK-V1,SYNTH-BASE-KIA7809AF-BACK-001,SPEC-A,back,body_chip,body_chip,mild,7809250,1427078462,1.1.1,7cc6627693f1a190ee26cfdbda90e0c69510377724d9484d14996ca83b755ffc,cb5fed83f6415c3bb3f6c26fce8fee402b064f28c0ad1c03b1bdc5dfa8d1ad8a,afb713e6b1fddd3d26d82bcdc81b5bee655669422b1b6e58b593add56d1a4435,0a8a391b0fa48577f7627cab411c851bf917c76fc089b68dd3ef11124d309f2e,512,512,59,0.0002250671,1.0000000000,50.6101684570,323,244,9,13,TRAIN_ONLY_SYNTHETIC_NG,NO,AUTO_PASS,NO,"{""attempt"":0,""effective_seed"":1427078462,""geometry"":{""rotation_deg"":-4.616524,""scale"":0.962096,""translate_x"":-1.398031,""translate_y"":-0.126156},""instances_pre_transform"":[{""category"":""body_chip"",""category_id"":6,""depth_px"":9,""recipe_subtype"":""edge_material_loss"",""severity"":""mild"",""span_px"":16,""surface"":""body_right_edge""}],""photometric"":{""blur_radius"":0.467474,""brightness"":0.959759,""channel_gain_b"":0.98001,""channel_gain_g"":0.963929,""channel_gain_r"":1.039559,""contrast"":0.972885,""noise_sigma"":2.753858,""saturation"":1.02723},""recipe"":[""body_chip""],""severity"":""mild""}"
syn-v1-450-body_chip-0012,synthetic/v1_450/images/body_chip/syn-v1-450-body_chip-0012.jpg,synthetic/v1_450/masks/body_chip/syn-v1-450-body_chip-0012.png,synthetic_restored,train,IMGGEN-CLEAN-BACK-V1,SYNTH-BASE-KIA7809AF-BACK-001,SPEC-A,back,body_chip,body_chip,mild,7809250,1910159748,1.1.1,7cc6627693f1a190ee26cfdbda90e0c69510377724d9484d14996ca83b755ffc,cb5fed83f6415c3bb3f6c26fce8fee402b064f28c0ad1c03b1bdc5dfa8d1ad8a,05d5226369d4f86eaeb989e74f4d4f6bd6fc960f297e15d1833a6f453d8f31e1,45904d6fa76117189c7fe62dcc73a35d2888572ec93d9280171162e2b8826e5c,512,512,61,0.0002326965,1.0000000000,28.0987663269,324,181,11,12,TRAIN_ONLY_SYNTHETIC_NG,NO,AUTO_PASS,NO,"{""attempt"":0,""effective_seed"":1910159748,""geometry"":{""rotation_deg"":-1.477184,""scale"":1.065689,""translate_x"":4.439301,""translate_y"":-10.470174},""instances_pre_transform"":[{""category"":""body_chip"",""category_id"":6,""depth_px"":11,""recipe_subtype"":""edge_material_loss"",""severity"":""mild"",""span_px"":15,""surface"":""body_right_edge""}],""photometric"":{""blur_radius"":0.135785,""brightness"":0.931545,""channel_gain_b"":0.998953,""channel_gain_g"":1.00334,""channel_gain_r"":1.011846,""contrast"":1.092901,""noise_sigma"":0.206661,""saturation"":0.981938},""recipe"":[""body_chip""],""severity"":""mild""}"
syn-v1-450-body_chip-0013,synthetic/v1_450/images/body_chip/syn-v1-450-body_chip-0013.jpg,synthetic/v1_450/masks/body_chip/syn-v1-450-body_chip-0013.png,synthetic_restored,train,IMGGEN-CLEAN-BACK-V1,SYNTH-BASE-KIA7809AF-BACK-001,SPEC-A,back,body_chip,body_chip,moderate,7809250,236171575,1.1.1,7cc6627693f1a190ee26cfdbda90e0c69510377724d9484d14996ca83b755ffc,cb5fed83f6415c3bb3f6c26fce8fee402b064f28c0ad1c03b1bdc5dfa8d1ad8a,0c6c3bdc92d6460a21475bd7c6169033376c3a4caa9a857e4eed785e1c10efaa,4f0490b21d38e35db6182a18537ce8939c84030c0466b23b9487447c5f301085,512,512,187,0.0007133484,1.0000000000,51.4260253906,317,157,18,21,TRAIN_ONLY_SYNTHETIC_NG,NO,AUTO_PASS,NO,"{""attempt"":0,""effective_seed"":236171575,""geometry"":{""rotation_deg"":2.85932,""scale"":0.99699,""translate_x"":-6.232572,""translate_y"":11.10261},""instances_pre_transform"":[{""category"":""body_chip"",""category_id"":6,""depth_px"":18,""recipe_subtype"":""edge_material_loss"",""severity"":""moderate"",""span_px"":26,""surface"":""body_right_edge""}],""photometric"":{""blur_radius"":0.551949,""brightness"":1.051642,""channel_gain_b"":1.033072,""channel_gain_g"":1.011278,""channel_gain_r"":1.005049,""contrast"":1.051084,""noise_sigma"":0.076276,""saturation"":0.978035},""recipe"":[""body_chip""],""severity"":""moderate""}"
syn-v1-450-body_chip-0014,synthetic/v1_450/images/body_chip/syn-v1-450-body_chip-0014.jpg,synthetic/v1_450/masks/body_chip/syn-v1-450-body_chip-0014.png,synthetic_restored,train,IMGGEN-CLEAN-BACK-V1,SYNTH-BASE-KIA7809AF-BACK-001,SPEC-A,back,body_chip,body_chip,moderate,7809250,1355488614,1.1.1,7cc6627693f1a190ee26cfdbda90e0c69510377724d9484d14996ca83b755ffc,cb5fed83f6415c3bb3f6c26fce8fee402b064f28c0ad1c03b1bdc5dfa8d1ad8a,18fd6164d4e430d48b15b205eafb432de27056d8cfdc4226fc1f83eebc90a27b,df01457477a847156098430acb647ef6b68bd144cbe18362d7239d71b5c5986d,512,512,95,0.0003623962,1.0000000000,41.9333343506,312,184,10,23,TRAIN_ONLY_SYNTHETIC_NG,NO,AUTO_PASS,NO,"{""attempt"":0,""effective_seed"":1355488614,""geometry"":{""rotation_deg"":4.135865,""scale"":0.935841,""translate_x"":3.303152,""translate_y"":9.815831},""instances_pre_transform"":[{""category"":""body_chip"",""category_id"":6,""depth_px"":10,""recipe_subtype"":""edge_material_loss"",""severity"":""moderate"",""span_px"":33,""surface"":""body_right_edge""}],""photometric"":{""blur_radius"":0.863491,""brightness"":1.013361,""channel_gain_b"":1.001034,""channel_gain_g"":0.981899,""channel_gain_r"":0.981464,""contrast"":0.942821,""noise_sigma"":1.378011,""saturation"":1.010599},""recipe"":[""body_chip""],""severity"":""moderate""}"
syn-v1-450-body_chip-0015,synthetic/v1_450/images/body_chip/syn-v1-450-body_chip-0015.jpg,synthetic/v1_450/masks/body_chip/syn-v1-450-body_chip-0015.png,synthetic_restored,train,IMGGEN-CLEAN-BACK-V1,SYNTH-BASE-KIA7809AF-BACK-001,SPEC-A,back,body_chip,body_chip,mild,7809250,755619141,1.1.1,7cc6627693f1a190ee26cfdbda90e0c69510377724d9484d14996ca83b755ffc,cb5fed83f6415c3bb3f6c26fce8fee402b064f28c0ad1c03b1bdc5dfa8d1ad8a,ee0c286303b6dde4e3d75a2de50ece415ecb887aa001572a9486e7c07ae102e2,d610bf5df36a6258da65972ed4a65800214bf3b3ebc3aece83d426bb0dd96c35,512,512,39,0.0001487732,1.0000000000,55.7163124084,136,177,10,8,TRAIN_ONLY_SYNTHETIC_NG,NO,AUTO_PASS,NO,"{""attempt"":0,""effective_seed"":755619141,""geometry"":{""rotation_deg"":6.386367,""scale"":0.926603,""translate_x"":0.941933,""translate_y"":-9.936078},""instances_pre_transform"":[{""category"":""body_chip"",""category_id"":6,""depth_px"":11,""recipe_subtype"":""edge_material_loss"",""severity"":""mild"",""span_px"":10,""surface"":""body_left_edge""}],""photometric"":{""blur_radius"":0.886629,""brightness"":0.979808,""channel_gain_b"":0.987141,""channel_gain_g"":1.016913,""channel_gain_r"":0.980632,""contrast"":1.068321,""noise_sigma"":1.847199,""saturation"":0.955417},""recipe"":[""body_chip""],""severity"":""mild""}"
syn-v1-450-body_chip-0016,synthetic/v1_450/images/body_chip/syn-v1-450-body_chip-0016.jpg,synthetic/v1_450/masks/body_chip/syn-v1-450-body_chip-0016.png,synthetic_restored,train,IMGGEN-CLEAN-BACK-V1,SYNTH-BASE-KIA7809AF-BACK-001,SPEC-A,back,body_chip,body_chip,moderate,7809250,1243079361,1.1.1,7cc6627693f1a190ee26cfdbda90e0c69510377724d9484d14996ca83b755ffc,cb5fed83f6415c3bb3f6c26fce8fee402b064f28c0ad1c03b1bdc5dfa8d1ad8a,0046a55414b2793274e91bd0835774aae38106789e3c4fef09639b48ca2c4a83,138ac11d3c30823a116f3e95831da96d757101019606fec407b1449b818bc7da,512,512,53,0.0002021790,1.0000000000,42.4465408325,127,217,11,9,TRAIN_ONLY_SYNTHETIC_NG,NO,AUTO_PASS,NO,"{""attempt"":0,""effective_seed"":1243079361,""geometry"":{""rotation_deg"":1.105844,""scale"":0.994023,""translate_x"":11.117851,""translate_y"":-3.836834},""instances_pre_transform"":[{""category"":""body_chip"",""category_id"":6,""depth_px"":12,""recipe_subtype"":""edge_material_loss"",""severity"":""moderate"",""span_px"":13,""surface"":""body_left_edge""}],""photometric"":{""blur_radius"":0.488614,""brightness"":1.008716,""channel_gain_b"":0.963023,""channel_gain_g"":1.037424,""channel_gain_r"":1.012538,""contrast"":1.017271,""noise_sigma"":2.72399,""saturation"":0.992022},""recipe"":[""body_chip""],""severity"":""moderate""}"
syn-v1-450-body_chip-0017,synthetic/v1_450/images/body_chip/syn-v1-450-body_chip-0017.jpg,synthetic/v1_450/masks/body_chip/syn-v1-450-body_chip-0017.png,synthetic_restored,train,IMGGEN-CLEAN-BACK-V1,SYNTH-BASE-KIA7809AF-BACK-001,SPEC-A,back,body_chip,body_chip,mild,7809250,1034531988,1.1.1,7cc6627693f1a190ee26cfdbda90e0c69510377724d9484d14996ca83b755ffc,cb5fed83f6415c3bb3f6c26fce8fee402b064f28c0ad1c03b1bdc5dfa8d1ad8a,e5e61b124c174acd25a209a14d44ee45260b776e64ba7cce074d0896ffe4e8f4,276c8f1a9f33f57ff54c25bce0a7e59ba47d86983ff3b9a9ac396eecf6c57ad8,512,512,16,0.0000610352,1.0000000000,20.7999992371,321,187,5,5,TRAIN_ONLY_SYNTHETIC_NG,NO,AUTO_PASS,NO,"{""attempt"":0,""effective_seed"":1034531988,""geometry"":{""rotation_deg"":7.367127,""scale"":1.056386,""translate_x"":1.071352,""translate_y"":-6.95886},""instances_pre_transform"":[{""category"":""body_chip"",""category_id"":6,""depth_px"":6,""recipe_subtype"":""edge_material_loss"",""severity"":""mild"",""span_px"":11,""surface"":""body_right_edge""}],""photometric"":{""blur_radius"":0.553436,""brightness"":1.036867,""channel_gain_b"":1.01737,""channel_gain_g"":1.038147,""channel_gain_r"":1.033416,""contrast"":1.077438,""noise_sigma"":0.316195,""saturation"":0.957028},""recipe"":[""body_chip""],""severity"":""mild""}"
syn-v1-450-body_chip-0018,synthetic/v1_450/images/body_chip/syn-v1-450-body_chip-0018.jpg,synthetic/v1_450/masks/body_chip/syn-v1-450-body_chip-0018.png,synthetic_restored,train,IMGGEN-CLEAN-BACK-V1,SYNTH-BASE-KIA7809AF-BACK-001,SPEC-A,back,body_chip,body_chip,mild,7809250,849820097,1.1.1,7cc6627693f1a190ee26cfdbda90e0c69510377724d9484d14996ca83b755ffc,cb5fed83f6415c3bb3f6c26fce8fee402b064f28c0ad1c03b1bdc5dfa8d1ad8a,10bd0a563b6327e3b7318c5c5bdea81b5901c1f23cd6edd6181b59e1357586d2,dd8b58fe49e0bc37f77c7fc0aef4c9fb1a380a031a0c70b8442d8b767b84e2d4,512,512,61,0.0002326965,1.0000000000,67.5505065918,321,272,10,12,TRAIN_ONLY_SYNTHETIC_NG,NO,AUTO_PASS,NO,"{""attempt"":1,""effective_seed"":849924826,""geometry"":{""rotation_deg"":-4.790895,""scale"":0.926434,""translate_x"":-4.124896,""translate_y"":-3.37868},""instances_pre_transform"":[{""category"":""body_chip"",""category_id"":6,""depth_px"":10,""recipe_subtype"":""edge_material_loss"",""severity"":""mild"",""span_px"":16,""surface"":""body_right_edge""}],""photometric"":{""blur_radius"":0.711979,""brightness"":0.99628,""channel_gain_b"":0.9681,""channel_gain_g"":1.036027,""channel_gain_r"":1.023636,""contrast"":1.093632,""noise_sigma"":2.433891,""saturation"":0.931005},""recipe"":[""body_chip""],""severity"":""mild""}"
syn-v1-450-body_chip-0019,synthetic/v1_450/images/body_chip/syn-v1-450-body_chip-0019.jpg,synthetic/v1_450/masks/body_chip/syn-v1-450-body_chip-0019.png,synthetic_restored,train,IMGGEN-CLEAN-BACK-V1,SYNTH-BASE-KIA7809AF-BACK-001,SPEC-A,back,body_chip,body_chip,mild,7809250,1769621303,1.1.1,7cc6627693f1a190ee26cfdbda90e0c69510377724d9484d14996ca83b755ffc,cb5fed83f6415c3bb3f6c26fce8fee402b064f28c0ad1c03b1bdc5dfa8d1ad8a,5017d611e174ab7f14544cdca6e9ecf4b8a1933d0a9cf45793bd9001a01cf30d,78933c9f9faf82658e3e8802c6746dedbe1d09288a18549bb829da63543a30ef,512,512,62,0.0002365112,1.0000000000,43.9497718811,134,184,9,15,TRAIN_ONLY_SYNTHETIC_NG,NO,AUTO_PASS,NO,"{""attempt"":0,""effective_seed"":1769621303,""geometry"":{""rotation_deg"":6.36657,""scale"":0.97525,""translate_x"":-2.800892,""translate_y"":-7.383386},""instances_pre_transform"":[{""category"":""body_chip"",""category_id"":6,""depth_px"":9,""recipe_subtype"":""edge_material_loss"",""severity"":""mild"",""span_px"":20,""surface"":""body_left_edge""}],""photometric"":{""blur_radius"":0.448571,""brightness"":1.024563,""channel_gain_b"":0.971335,""channel_gain_g"":0.963982,""channel_gain_r"":1.033334,""contrast"":0.977958,""noise_sigma"":1.520677,""saturation"":0.982095},""recipe"":[""body_chip""],""severity"":""mild""}"
syn-v1-450-body_chip-0020,synthetic/v1_450/images/body_chip/syn-v1-450-body_chip-0020.jpg,synthetic/v1_450/masks/body_chip/syn-v1-450-body_chip-0020.png,synthetic_restored,train,IMGGEN-CLEAN-BACK-V1,SYNTH-BASE-KIA7809AF-BACK-001,SPEC-A,back,body_chip,body_chip,severe,7809250,1555535268,1.1.1,7cc6627693f1a190ee26cfdbda90e0c69510377724d9484d14996ca83b755ffc,cb5fed83f6415c3bb3f6c26fce8fee402b064f28c0ad1c03b1bdc5dfa8d1ad8a,cc48cf7a3a85b75d7c685e7d73c5b69599a42c41cbb0d5935fdbed6a9482a588,773801a4d7b898c0bf97ad16927c27ef20c8f304b14eaf5ca92816124bfe2ad8,512,512,216,0.0008239746,1.0000000000,45.9935569763,129,162,12,36,TRAIN_ONLY_SYNTHETIC_NG,NO,AUTO_PASS,NO,"{""attempt"":0,""effective_seed"":1555535268,""geometry"":{""rotation_deg"":-1.818211,""scale"":1.038853,""translate_x"":6.028105,""translate_y"":1.982008},""instances_pre_transform"":[{""category"":""body_chip"",""category_id"":6,""depth_px"":12,""recipe_subtype"":""edge_material_loss"",""severity"":""severe"",""span_px"":44,""surface"":""body_left_edge""}],""photometric"":{""blur_radius"":0.526674,""brightness"":0.9478,""channel_gain_b"":1.012281,""channel_gain_g"":1.032405,""channel_gain_r"":0.992605,""contrast"":1.013536,""noise_sigma"":2.194973,""saturation"":0.959438},""recipe"":[""body_chip""],""severity"":""severe""}"
syn-v1-450-body_chip-0021,synthetic/v1_450/images/body_chip/syn-v1-450-body_chip-0021.jpg,synthetic/v1_450/masks/body_chip/syn-v1-450-body_chip-0021.png,synthetic_restored,train,IMGGEN-CLEAN-BACK-V1,SYNTH-BASE-KIA7809AF-BACK-001,SPEC-A,back,body_chip,body_chip,moderate,7809250,1440962631,1.1.1,7cc6627693f1a190ee26cfdbda90e0c69510377724d9484d14996ca83b755ffc,cb5fed83f6415c3bb3f6c26fce8fee402b064f28c0ad1c03b1bdc5dfa8d1ad8a,1a4cb186e1d3a4816355f89264003d6f93e344568805e781e8f67eb36061d231,6cd98f1205908e60204f0d49a3ff1ef9847851490eb461b4a2d45734956f276c,512,512,159,0.0006065369,1.0000000000,31.6398200989,329,148,14,21,TRAIN_ONLY_SYNTHETIC_NG,NO,AUTO_PASS,NO,"{""attempt"":0,""effective_seed"":1440962631,""geometry"":{""rotation_deg"":-4.11587,""scale"":1.016542,""translate_x"":-2.540023,""translate_y"":-6.166576},""instances_pre_transform"":[{""category"":""body_chip"",""category_id"":6,""depth_px"":16,""recipe_subtype"":""edge_material_loss"",""severity"":""moderate"",""span_px"":26,""surface"":""body_right_edge""}],""photometric"":{""blur_radius"":0.155489,""brightness"":1.033705,""channel_gain_b"":0.975614,""channel_gain_g"":1.038223,""channel_gain_r"":1.021221,""contrast"":0.990603,""noise_sigma"":2.728968,""saturation"":1.065071},""recipe"":[""body_chip""],""severity"":""moderate""}"
syn-v1-450-body_chip-0022,synthetic/v1_450/images/body_chip/syn-v1-450-body_chip-0022.jpg,synthetic/v1_450/masks/body_chip/syn-v1-450-body_chip-0022.png,synthetic_restored,train,IMGGEN-CLEAN-BACK-V1,SYNTH-BASE-KIA7809AF-BACK-001,SPEC-A,back,body_chip,body_chip,mild,7809250,1560056921,1.1.1,7cc6627693f1a190ee26cfdbda90e0c69510377724d9484d14996ca83b755ffc,cb5fed83f6415c3bb3f6c26fce8fee402b064f28c0ad1c03b1bdc5dfa8d1ad8a,1602a77ed9fa8c460a270cd326acc9802cd6683678ec22a6ffc425f1e1af7adb,0108e8572050c91a58d83d080ecf4f165368223a03605142a4187a01c626f5be,512,512,66,0.0002517700,1.0000000000,39.2787895203,129,184,13,10,TRAIN_ONLY_SYNTHETIC_NG,NO,AUTO_PASS,NO,"{""attempt"":0,""effective_seed"":1560056921,""geometry"":{""rotation_deg"":1.410475,""scale"":1.063432,""translate_x"":-0.511838,""translate_y"":1.949418},""instances_pre_transform"":[{""category"":""body_chip"",""category_id"":6,""depth_px"":12,""recipe_subtype"":""edge_material_loss"",""severity"":""mild"",""span_px"":13,""surface"":""body_left_edge""}],""photometric"":{""blur_radius"":0.103166,""brightness"":0.937835,""channel_gain_b"":1.017046,""channel_gain_g"":0.972921,""channel_gain_r"":0.984023,""contrast"":1.001788,""noise_sigma"":2.650694,""saturation"":1.008748},""recipe"":[""body_chip""],""severity"":""mild""}"
syn-v1-450-body_chip-0023,synthetic/v1_450/images/body_chip/syn-v1-450-body_chip-0023.jpg,synthetic/v1_450/masks/body_chip/syn-v1-450-body_chip-0023.png,synthetic_restored,train,IMGGEN-CLEAN-BACK-V1,SYNTH-BASE-KIA7809AF-BACK-001,SPEC-A,back,body_chip,body_chip,moderate,7809250,1826820300,1.1.1,7cc6627693f1a190ee26cfdbda90e0c69510377724d9484d14996ca83b755ffc,cb5fed83f6415c3bb3f6c26fce8fee402b064f28c0ad1c03b1bdc5dfa8d1ad8a,92747333e87cb6f86d25b647393b7281784118c9df793ceca3bd4f0201f2b065,36adb44c7d6c2f1651b64117f5ae9e6aaf87d8b5be33baf7d6bc9264d89fc823,512,512,135,0.0005149841,1.0000000000,24.9569168091,149,268,15,18,TRAIN_ONLY_SYNTHETIC_NG,NO,AUTO_PASS,NO,"{""attempt"":0,""effective_seed"":1826820300,""geometry"":{""rotation_deg"":-6.72791,""scale"":0.934735,""translate_x"":-3.583576,""translate_y"":-11.980878},""instances_pre_transform"":[{""category"":""body_chip"",""category_id"":6,""depth_px"":17,""recipe_subtype"":""edge_material_loss"",""severity"":""moderate"",""span_px"":27,""surface"":""body_left_edge""}],""photometric"":{""blur_radius"":0.561292,""brightness"":1.008913,""channel_gain_b"":0.979786,""channel_gain_g"":0.988566,""channel_gain_r"":1.017587,""contrast"":1.075822,""noise_sigma"":1.821871,""saturation"":1.005733},""recipe"":[""body_chip""],""severity"":""moderate""}"
syn-v1-450-body_chip-0024,synthetic/v1_450/images/body_chip/syn-v1-450-body_chip-0024.jpg,synthetic/v1_450/masks/body_chip/syn-v1-450-body_chip-0024.png,synthetic_restored,train,IMGGEN-CLEAN-BACK-V1,SYNTH-BASE-KIA7809AF-BACK-001,SPEC-A,back,body_chip,body_chip,mild,7809250,1959864161,1.1.1,7cc6627693f1a190ee26cfdbda90e0c69510377724d9484d14996ca83b755ffc,cb5fed83f6415c3bb3f6c26fce8fee402b064f28c0ad1c03b1bdc5dfa8d1ad8a,482ac7a07f15ac8d0ec283ff3242920ff6b465cbb61e0e9b38524ca258c39425,46ad09990e2a933b129e9af8bed322ef0a23d858cddf3819d19bad123f16cafc,512,512,22,0.0000839233,1.0000000000,24.4848480225,146,154,6,7,TRAIN_ONLY_SYNTHETIC_NG,NO,AUTO_PASS,NO,"{""attempt"":0,""effective_seed"":1959864161,""geometry"":{""rotation_deg"":-4.098677,""scale"":1.046577,""translate_x"":-5.231299,""translate_y"":-5.190408},""instances_pre_transform"":[{""category"":""body_chip"",""category_id"":6,""depth_px"":6,""recipe_subtype"":""edge_material_loss"",""severity"":""mild"",""span_px"":11,""surface"":""body_left_edge""}],""photometric"":{""blur_radius"":0.825768,""brightness"":0.944563,""channel_gain_b"":0.976109,""channel_gain_g"":0.986215,""channel_gain_r"":1.036595,""contrast"":1.081709,""noise_sigma"":1.909327,""saturation"":0.972527},""recipe"":[""body_chip""],""severity"":""mild""}"
syn-v1-450-body_chip-0025,synthetic/v1_450/images/body_chip/syn-v1-450-body_chip-0025.jpg,synthetic/v1_450/masks/body_chip/syn-v1-450-body_chip-0025.png,synthetic_restored,train,IMGGEN-CLEAN-BACK-V1,SYNTH-BASE-KIA7809AF-BACK-001,SPEC-A,back,body_chip,body_chip,mild,7809250,650106290,1.1.1,7cc6627693f1a190ee26cfdbda90e0c69510377724d9484d14996ca83b755ffc,cb5fed83f6415c3bb3f6c26fce8fee402b064f28c0ad1c03b1bdc5dfa8d1ad8a,fc75098965671de57dac0ca94612a10bb949ab8fa397cba57a6c8b1c11063cc5,58ab94937e8266b85c1402cf27046223c40e3aea01ebceb91ae4e5a1114c3a1f,512,512,53,0.0002021790,1.0000000000,22.3333339691,323,210,8,12,TRAIN_ONLY_SYNTHETIC_NG,NO,AUTO_PASS,NO,"{""attempt"":0,""effective_seed"":650106290,""geometry"":{""rotation_deg"":-4.155611,""scale"":1.014405,""translate_x"":6.021624,""translate_y"":1.502731},""instances_pre_transform"":[{""category"":""body_chip"",""category_id"":6,""depth_px"":7,""recipe_subtype"":""edge_material_loss"",""severity"":""mild"",""span_px"":18,""surface"":""body_right_edge""}],""photometric"":{""blur_radius"":0.437148,""brightness"":0.977927,""channel_gain_b"":1.017007,""channel_gain_g"":0.985021,""channel_gain_r"":0.996428,""contrast"":0.970135,""noise_sigma"":2.859908,""saturation"":0.947613},""recipe"":[""body_chip""],""severity"":""mild""}"
syn-v1-450-body_chip-0026,synthetic/v1_450/images/body_chip/syn-v1-450-body_chip-0026.jpg,synthetic/v1_450/masks/body_chip/syn-v1-450-body_chip-0026.png,synthetic_restored,train,IMGGEN-CLEAN-BACK-V1,SYNTH-BASE-KIA7809AF-BACK-001,SPEC-A,back,body_chip,body_chip,mild,7809250,211139167,1.1.1,7cc6627693f1a190ee26cfdbda90e0c69510377724d9484d14996ca83b755ffc,cb5fed83f6415c3bb3f6c26fce8fee402b064f28c0ad1c03b1bdc5dfa8d1ad8a,19314627842f60a55a7f7b7dbcc76bbe59d7628fdec11c4b0c6e85ad8b4d20e4,7dd3acb2bb23e1e6e1ced1a0c0043598b5f87fb98906028db25ef7e3fcdbe543,512,512,28,0.0001068115,1.0000000000,12.2261905670,127,236,7,9,TRAIN_ONLY_SYNTHETIC_NG,NO,AUTO_PASS,NO,"{""attempt"":0,""effective_seed"":211139167,""geometry"":{""rotation_deg"":-7.108271,""scale"":1.029909,""translate_x"":10.207374,""translate_y"":-6.950361},""instances_pre_transform"":[{""category"":""body_chip"",""category_id"":6,""depth_px"":8,""recipe_subtype"":""edge_material_loss"",""severity"":""mild"",""span_px"":17,""surface"":""body_left_edge""}],""photometric"":{""blur_radius"":0.170038,""brightness"":0.979354,""channel_gain_b"":1.004574,""channel_gain_g"":1.001221,""channel_gain_r"":0.964111,""contrast"":1.014552,""noise_sigma"":2.035102,""saturation"":0.930752},""recipe"":[""body_chip""],""severity"":""mild""}"
syn-v1-450-body_chip-0027,synthetic/v1_450/images/body_chip/syn-v1-450-body_chip-0027.jpg,synthetic/v1_450/masks/body_chip/syn-v1-450-body_chip-0027.png,synthetic_restored,train,IMGGEN-CLEAN-BACK-V1,SYNTH-BASE-KIA7809AF-BACK-001,SPEC-A,back,body_chip,body_chip,mild,7809250,617359503,1.1.1,7cc6627693f1a190ee26cfdbda90e0c69510377724d9484d14996ca83b755ffc,cb5fed83f6415c3bb3f6c26fce8fee402b064f28c0ad1c03b1bdc5dfa8d1ad8a,da4d7532087a5789d3ac4a9063c02c0f793ee4d2658cd145f33130285e4dc38f,8f83db5126502e89add04923a6adbc2fa42e4921c6d79746b3f72e19004f9a3e,512,512,23,0.0000877380,1.0000000000,11.8947372437,146,219,7,7,TRAIN_ONLY_SYNTHETIC_NG,NO,AUTO_PASS,NO,"{""attempt"":0,""effective_seed"":617359503,""geometry"":{""rotation_deg"":-4.815622,""scale"":1.024718,""translate_x"":-8.394178,""translate_y"":-3.780904},""instances_pre_transform"":[{""category"":""body_chip"",""category_id"":6,""depth_px"":6,""recipe_subtype"":""edge_material_loss"",""severity"":""mild"",""span_px"":13,""surface"":""body_left_edge""}],""photometric"":{""blur_radius"":0.506315,""brightness"":1.006778,""channel_gain_b"":0.986675,""channel_gain_g"":1.018792,""channel_gain_r"":0.989588,""contrast"":0.940945,""noise_sigma"":0.358926,""saturation"":1.012319},""recipe"":[""body_chip""],""severity"":""mild""}"
syn-v1-450-body_chip-0028,synthetic/v1_450/images/body_chip/syn-v1-450-body_chip-0028.jpg,synthetic/v1_450/masks/body_chip/syn-v1-450-body_chip-0028.png,synthetic_restored,train,IMGGEN-CLEAN-BACK-V1,SYNTH-BASE-KIA7809AF-BACK-001,SPEC-A,back,body_chip,body_chip,moderate,7809250,207592316,1.1.1,7cc6627693f1a190ee26cfdbda90e0c69510377724d9484d14996ca83b755ffc,cb5fed83f6415c3bb3f6c26fce8fee402b064f28c0ad1c03b1bdc5dfa8d1ad8a,ae2e42912f5fd480adf52b842c2881138df6a191b59cdb63629064d4c4fcfc40,4f12bb2c97dc188a437b54bd57f23f21f8847562d49de240e31d12934757d402,512,512,72,0.0002746582,1.0000000000,36.1408462524,328,187,10,18,TRAIN_ONLY_SYNTHETIC_NG,NO,AUTO_PASS,NO,"{""attempt"":0,""effective_seed"":207592316,""geometry"":{""rotation_deg"":0.927713,""scale"":1.043078,""translate_x"":-2.040551,""translate_y"":7.449786},""instances_pre_transform"":[{""category"":""body_chip"",""category_id"":6,""depth_px"":9,""recipe_subtype"":""edge_material_loss"",""severity"":""moderate"",""span_px"":24,""surface"":""body_right_edge""}],""photometric"":{""blur_radius"":0.196138,""brightness"":0.949763,""channel_gain_b"":0.979624,""channel_gain_g"":0.996939,""channel_gain_r"":1.039742,""contrast"":0.998671,""noise_sigma"":1.565215,""saturation"":0.990393},""recipe"":[""body_chip""],""severity"":""moderate""}"
syn-v1-450-body_chip-0029,synthetic/v1_450/images/body_chip/syn-v1-450-body_chip-0029.jpg,synthetic/v1_450/masks/body_chip/syn-v1-450-body_chip-0029.png,synthetic_restored,train,IMGGEN-CLEAN-BACK-V1,SYNTH-BASE-KIA7809AF-BACK-001,SPEC-A,back,body_chip,body_chip,moderate,7809250,1954739100,1.1.1,7cc6627693f1a190ee26cfdbda90e0c69510377724d9484d14996ca83b755ffc,cb5fed83f6415c3bb3f6c26fce8fee402b064f28c0ad1c03b1bdc5dfa8d1ad8a,3894d458ba6d13b256e99d0a269ba630f4163de47c5f98f68496c075fdfdf6b2,0a29ad1912c9e9831236509f89340283226346fc3eb33b2e17e84e163a975215,512,512,160,0.0006103516,1.0000000000,74.7898101807,318,211,15,23,TRAIN_ONLY_SYNTHETIC_NG,NO,AUTO_PASS,NO,"{""attempt"":0,""effective_seed"":1954739100,""geometry"":{""rotation_deg"":1.970704,""scale"":1.008747,""translate_x"":1.46147,""translate_y"":7.118856},""instances_pre_transform"":[{""category"":""body_chip"",""category_id"":6,""depth_px"":13,""recipe_subtype"":""edge_material_loss"",""severity"":""moderate"",""span_px"":28,""surface"":""body_right_edge""}],""photometric"":{""blur_radius"":0.218545,""brightness"":1.038864,""channel_gain_b"":0.987058,""channel_gain_g"":0.967602,""channel_gain_r"":1.01586,""contrast"":1.089216,""noise_sigma"":0.47911,""saturation"":1.060848},""recipe"":[""body_chip""],""severity"":""moderate""}"
syn-v1-450-body_chip-0030,synthetic/v1_450/images/body_chip/syn-v1-450-body_chip-0030.jpg,synthetic/v1_450/masks/body_chip/syn-v1-450-body_chip-0030.png,synthetic_restored,train,IMGGEN-CLEAN-BACK-V1,SYNTH-BASE-KIA7809AF-BACK-001,SPEC-A,back,body_chip,body_chip,moderate,7809250,1114779434,1.1.1,7cc6627693f1a190ee26cfdbda90e0c69510377724d9484d14996ca83b755ffc,cb5fed83f6415c3bb3f6c26fce8fee402b064f28c0ad1c03b1bdc5dfa8d1ad8a,f31d1deb6be6ac261751df02ad4f86f191cab36940172b3785b33e9316ad29d5,fc50c1f68a1ae8057fbc8b264229f9b6023310cb5d556d9f6bcdda2202d2b0ed,512,512,63,0.0002403259,1.0000000000,48.2592582703,307,193,14,9,TRAIN_ONLY_SYNTHETIC_NG,NO,AUTO_PASS,NO,"{""attempt"":0,""effective_seed"":1114779434,""geometry"":{""rotation_deg"":7.989336,""scale"":0.942449,""translate_x"":-0.880293,""translate_y"":-7.906388},""instances_pre_transform"":[{""category"":""body_chip"",""category_id"":6,""depth_px"":14,""recipe_subtype"":""edge_material_loss"",""severity"":""moderate"",""span_px"":12,""surface"":""body_right_edge""}],""photometric"":{""blur_radius"":0.254556,""brightness"":1.053985,""channel_gain_b"":0.964746,""channel_gain_g"":1.033491,""channel_gain_r"":1.038921,""contrast"":0.942994,""noise_sigma"":2.075322,""saturation"":0.974232},""recipe"":[""body_chip""],""severity"":""moderate""}"
syn-v1-450-body_chip-0031,synthetic/v1_450/images/body_chip/syn-v1-450-body_chip-0031.jpg,synthetic/v1_450/masks/body_chip/syn-v1-450-body_chip-0031.png,synthetic_restored,train,IMGGEN-CLEAN-BACK-V1,SYNTH-BASE-KIA7809AF-BACK-001,SPEC-A,back,body_chip,body_chip,moderate,7809250,1990567739,1.1.1,7cc6627693f1a190ee26cfdbda90e0c69510377724d9484d14996ca83b755ffc,cb5fed83f6415c3bb3f6c26fce8fee402b064f28c0ad1c03b1bdc5dfa8d1ad8a,f9e8b6113124ae8eff5ced2e2079588498e7c7d85d2a3967ba9c308b31da367d,b4e5ce57d31c2fba96e4d490bd6c1c9e68c89d9d3d0125434ed3765faf574290,512,512,22,0.0000839233,1.0000000000,11.4545450211,145,208,6,7,TRAIN_ONLY_SYNTHETIC_NG,NO,AUTO_PASS,NO,"{""attempt"":0,""effective_seed"":1990567739,""geometry"":{""rotation_deg"":-1.266714,""scale"":1.056413,""translate_x"":-10.436899,""translate_y"":6.77554},""instances_pre_transform"":[{""category"":""body_chip"",""category_id"":6,""depth_px"":7,""recipe_subtype"":""edge_material_loss"",""severity"":""moderate"",""span_px"":13,""surface"":""body_left_edge""}],""photometric"":{""blur_radius"":0.823637,""brightness"":1.017555,""channel_gain_b"":0.986908,""channel_gain_g"":0.975311,""channel_gain_r"":0.977561,""contrast"":1.077469,""noise_sigma"":2.605378,""saturation"":0.95645},""recipe"":[""body_chip""],""severity"":""moderate""}"
syn-v1-450-body_chip-0032,synthetic/v1_450/images/body_chip/syn-v1-450-body_chip-0032.jpg,synthetic/v1_450/masks/body_chip/syn-v1-450-body_chip-0032.png,synthetic_restored,train,IMGGEN-CLEAN-BACK-V1,SYNTH-BASE-KIA7809AF-BACK-001,SPEC-A,back,body_chip,body_chip,moderate,7809250,1263592680,1.1.1,7cc6627693f1a190ee26cfdbda90e0c69510377724d9484d14996ca83b755ffc,cb5fed83f6415c3bb3f6c26fce8fee402b064f28c0ad1c03b1bdc5dfa8d1ad8a,313326e3d076dbab20ec3fe81237a7aee7e5f2c27c0c908b16cf3d8712dc24ae,1fd52efcdd6759c6951652766d3bb3e51f1ff979ca45e8d8f56ac854cabb38f5,512,512,81,0.0003089905,1.0000000000,67.6455688477,320,243,15,11,TRAIN_ONLY_SYNTHETIC_NG,NO,AUTO_PASS,NO,"{""attempt"":0,""effective_seed"":1263592680,""geometry"":{""rotation_deg"":-5.00931,""scale"":1.031184,""translate_x"":2.279336,""translate_y"":-2.019578},""instances_pre_transform"":[{""category"":""body_chip"",""category_id"":6,""depth_px"":13,""recipe_subtype"":""edge_material_loss"",""severity"":""moderate"",""span_px"":14,""surface"":""body_right_edge""}],""photometric"":{""blur_radius"":0.186913,""brightness"":1.025246,""channel_gain_b"":1.036678,""channel_gain_g"":1.024187,""channel_gain_r"":0.960093,""contrast"":0.92922,""noise_sigma"":2.705248,""saturation"":1.072716},""recipe"":[""body_chip""],""severity"":""moderate""}"
syn-v1-450-body_chip-0033,synthetic/v1_450/images/body_chip/syn-v1-450-body_chip-0033.jpg,synthetic/v1_450/masks/body_chip/syn-v1-450-body_chip-0033.png,synthetic_restored,train,IMGGEN-CLEAN-BACK-V1,SYNTH-BASE-KIA7809AF-BACK-001,SPEC-A,back,body_chip,body_chip,moderate,7809250,155257448,1.1.1,7cc6627693f1a190ee26cfdbda90e0c69510377724d9484d14996ca83b755ffc,cb5fed83f6415c3bb3f6c26fce8fee402b064f28c0ad1c03b1bdc5dfa8d1ad8a,487683810d6226f1515549e15ee17346244972f1a97e764e698d0d71e27fee8b,2f290d52be84ff510a1144b608002458cafda80e0934c38a747539b88458fa6d,512,512,90,0.0003433228,1.0000000000,74.6227111816,309,237,18,11,TRAIN_ONLY_SYNTHETIC_NG,NO,AUTO_PASS,NO,"{""attempt"":0,""effective_seed"":155257448,""geometry"":{""rotation_deg"":-3.449047,""scale"":1.026604,""translate_x"":9.129823,""translate_y"":-5.964569},""instances_pre_transform"":[{""category"":""body_chip"",""category_id"":6,""depth_px"":17,""recipe_subtype"":""edge_material_loss"",""severity"":""moderate"",""span_px"":13,""surface"":""body_right_edge""}],""photometric"":{""blur_radius"":0.46349,""brightness"":0.957393,""channel_gain_b"":0.98136,""channel_gain_g"":0.977611,""channel_gain_r"":1.001725,""contrast"":0.919847,""noise_sigma"":2.683963,""saturation"":1.040493},""recipe"":[""body_chip""],""severity"":""moderate""}"
syn-v1-450-body_chip-0034,synthetic/v1_450/images/body_chip/syn-v1-450-body_chip-0034.jpg,synthetic/v1_450/masks/body_chip/syn-v1-450-body_chip-0034.png,synthetic_restored,train,IMGGEN-CLEAN-BACK-V1,SYNTH-BASE-KIA7809AF-BACK-001,SPEC-A,back,body_chip,body_chip,mild,7809250,1133773099,1.1.1,7cc6627693f1a190ee26cfdbda90e0c69510377724d9484d14996ca83b755ffc,cb5fed83f6415c3bb3f6c26fce8fee402b064f28c0ad1c03b1bdc5dfa8d1ad8a,d7bc236f66de1a140473506f5c0221cab9d0169f07ad1433382eb9d42cc317cc,b3090ab0dc6ceab6f50bddcbceef81d43261f42cf6e256024834b136fdf4aa60,512,512,14,0.0000534058,1.0000000000,14.0000000000,311,172,5,4,TRAIN_ONLY_SYNTHETIC_NG,NO,AUTO_PASS,NO,"{""attempt"":0,""effective_seed"":1133773099,""geometry"":{""rotation_deg"":7.521892,""scale"":1.043984,""translate_x"":7.638083,""translate_y"":-7.737128},""instances_pre_transform"":[{""category"":""body_chip"",""category_id"":6,""depth_px"":5,""recipe_subtype"":""edge_material_loss"",""severity"":""mild"",""span_px"":9,""surface"":""body_right_edge""}],""photometric"":{""blur_radius"":0.758305,""brightness"":1.062319,""channel_gain_b"":0.996273,""channel_gain_g"":1.005192,""channel_gain_r"":0.962642,""contrast"":1.091823,""noise_sigma"":0.522937,""saturation"":1.078266},""recipe"":[""body_chip""],""severity"":""mild""}"
syn-v1-450-body_chip-0035,synthetic/v1_450/images/body_chip/syn-v1-450-body_chip-0035.jpg,synthetic/v1_450/masks/body_chip/syn-v1-450-body_chip-0035.png,synthetic_restored,train,IMGGEN-CLEAN-BACK-V1,SYNTH-BASE-KIA7809AF-BACK-001,SPEC-A,back,body_chip,body_chip,mild,7809250,911602084,1.1.1,7cc6627693f1a190ee26cfdbda90e0c69510377724d9484d14996ca83b755ffc,cb5fed83f6415c3bb3f6c26fce8fee402b064f28c0ad1c03b1bdc5dfa8d1ad8a,e458d285f8394e6cb4578e7062d32ae4a8bfea004bea029443e364db0855f80e,9462bfa8a1f2fc2c437f39876cd476109c592a8083f4dc46a898c2b9263ca8ff,512,512,56,0.0002136230,1.0000000000,41.2893066406,327,218,14,10,TRAIN_ONLY_SYNTHETIC_NG,NO,AUTO_PASS,NO,"{""attempt"":0,""effective_seed"":911602084,""geometry"":{""rotation_deg"":-6.939671,""scale"":1.072881,""translate_x"":2.029544,""translate_y"":-1.728582},""instances_pre_transform"":[{""category"":""body_chip"",""category_id"":6,""depth_px"":13,""recipe_subtype"":""edge_material_loss"",""severity"":""mild"",""span_px"":10,""surface"":""body_right_edge""}],""photometric"":{""blur_radius"":0.544504,""brightness"":1.017074,""channel_gain_b"":1.031325,""channel_gain_g"":1.013016,""channel_gain_r"":1.001959,""contrast"":0.988476,""noise_sigma"":0.158642,""saturation"":0.997765},""recipe"":[""body_chip""],""severity"":""mild""}"
syn-v1-450-body_chip-0036,synthetic/v1_450/images/body_chip/syn-v1-450-body_chip-0036.jpg,synthetic/v1_450/masks/body_chip/syn-v1-450-body_chip-0036.png,synthetic_restored,train,IMGGEN-CLEAN-BACK-V1,SYNTH-BASE-KIA7809AF-BACK-001,SPEC-A,back,body_chip,body_chip,mild,7809250,2076081823,1.1.1,7cc6627693f1a190ee26cfdbda90e0c69510377724d9484d14996ca83b755ffc,cb5fed83f6415c3bb3f6c26fce8fee402b064f28c0ad1c03b1bdc5dfa8d1ad8a,a7fc36c0aafb8e07f5e7a625cc6e6d844548cbd0cd2e80b672bf8de8bf5f3655,5262fe7abc51cd2a6e66cd1753fe0d5e6912633f8d42cb9fa64c6e0a86b3dcb9,512,512,24,0.0000915527,1.0000000000,14.2916669846,126,201,4,11,TRAIN_ONLY_SYNTHETIC_NG,NO,AUTO_PASS,NO,"{""attempt"":0,""effective_seed"":2076081823,""geometry"":{""rotation_deg"":1.747819,""scale"":0.994223,""translate_x"":11.309286,""translate_y"":0.72215},""instances_pre_transform"":[{""category"":""body_chip"",""category_id"":6,""depth_px"":5,""recipe_subtype"":""edge_material_loss"",""severity"":""mild"",""span_px"":22,""surface"":""body_left_edge""}],""photometric"":{""blur_radius"":0.79436,""brightness"":1.063143,""channel_gain_b"":0.997759,""channel_gain_g"":1.037142,""channel_gain_r"":1.026358,""contrast"":0.908016,""noise_sigma"":2.749969,""saturation"":1.021614},""recipe"":[""body_chip""],""severity"":""mild""}"
syn-v1-450-body_chip-0037,synthetic/v1_450/images/body_chip/syn-v1-450-body_chip-0037.jpg,synthetic/v1_450/masks/body_chip/syn-v1-450-body_chip-0037.png,synthetic_restored,train,IMGGEN-CLEAN-BACK-V1,SYNTH-BASE-KIA7809AF-BACK-001,SPEC-A,back,body_chip,body_chip,moderate,7809250,1791685447,1.1.1,7cc6627693f1a190ee26cfdbda90e0c69510377724d9484d14996ca83b755ffc,cb5fed83f6415c3bb3f6c26fce8fee402b064f28c0ad1c03b1bdc5dfa8d1ad8a,11dc6c55be7688fb0ee0a0f045b335c96f0ad59baa1e3d489f59ae2b16a1f9ec,21394577c4d889d2185f6192b2d0531dabd5e0beb7a5b57bca64cbfad2e2e004,512,512,97,0.0003700256,1.0000000000,52.4886360168,308,204,14,14,TRAIN_ONLY_SYNTHETIC_NG,NO,AUTO_PASS,NO,"{""attempt"":0,""effective_seed"":1791685447,""geometry"":{""rotation_deg"":3.374841,""scale"":1.034396,""translate_x"":10.521413,""translate_y"":-8.461063},""instances_pre_transform"":[{""category"":""body_chip"",""category_id"":6,""depth_px"":13,""recipe_subtype"":""edge_material_loss"",""severity"":""moderate"",""span_px"":19,""surface"":""body_right_edge""}],""photometric"":{""blur_radius"":0.723904,""brightness"":0.975148,""channel_gain_b"":0.998882,""channel_gain_g"":0.966227,""channel_gain_r"":1.039177,""contrast"":0.993812,""noise_sigma"":0.365666,""saturation"":1.076769},""recipe"":[""body_chip""],""severity"":""moderate""}"
syn-v1-450-body_chip-0038,synthetic/v1_450/images/body_chip/syn-v1-450-body_chip-0038.jpg,synthetic/v1_450/masks/body_chip/syn-v1-450-body_chip-0038.png,synthetic_restored,train,IMGGEN-CLEAN-BACK-V1,SYNTH-BASE-KIA7809AF-BACK-001,SPEC-A,back,body_chip,body_chip,moderate,7809250,1204668703,1.1.1,7cc6627693f1a190ee26cfdbda90e0c69510377724d9484d14996ca83b755ffc,cb5fed83f6415c3bb3f6c26fce8fee402b064f28c0ad1c03b1bdc5dfa8d1ad8a,7bce024b8451079e2bdec8d365e6858844611c31723b4973ca9654739077de6a,9739d6aed17036deb14d8f14eebe14bc902845750d1654c156c29ba06a37b1de,512,512,166,0.0006332397,1.0000000000,42.0578842163,151,224,16,22,TRAIN_ONLY_SYNTHETIC_NG,NO,AUTO_PASS,NO,"{""attempt"":0,""effective_seed"":1204668703,""geometry"":{""rotation_deg"":-7.151946,""scale"":1.004497,""translate_x"":-10.292446,""translate_y"":-3.544804},""instances_pre_transform"":[{""category"":""body_chip"",""category_id"":6,""depth_px"":17,""recipe_subtype"":""edge_material_loss"",""severity"":""moderate"",""span_px"":28,""surface"":""body_left_edge""}],""photometric"":{""blur_radius"":0.201559,""brightness"":0.953872,""channel_gain_b"":0.980775,""channel_gain_g"":1.03215,""channel_gain_r"":0.996841,""contrast"":0.918262,""noise_sigma"":2.718172,""saturation"":1.066362},""recipe"":[""body_chip""],""severity"":""moderate""}"
syn-v1-450-body_chip-0039,synthetic/v1_450/images/body_chip/syn-v1-450-body_chip-0039.jpg,synthetic/v1_450/masks/body_chip/syn-v1-450-body_chip-0039.png,synthetic_restored,train,IMGGEN-CLEAN-BACK-V1,SYNTH-BASE-KIA7809AF-BACK-001,SPEC-A,back,body_chip,body_chip,moderate,7809250,1952427829,1.1.1,7cc6627693f1a190ee26cfdbda90e0c69510377724d9484d14996ca83b755ffc,cb5fed83f6415c3bb3f6c26fce8fee402b064f28c0ad1c03b1bdc5dfa8d1ad8a,3303728a42becb2858af4258b3501f63af76fbec9acbd53932ab889364a0b444,e0f8dd90e2d54a9abd414bcc873c0912120f5bdae1ef0735ea8b8368de74692c,512,512,58,0.0002212524,1.0000000000,49.4080467224,142,122,10,11,TRAIN_ONLY_SYNTHETIC_NG,NO,AUTO_PASS,NO,"{""attempt"":0,""effective_seed"":1952427829,""geometry"":{""rotation_deg"":-7.207043,""scale"":1.040595,""translate_x"":4.822446,""translate_y"":11.025217},""instances_pre_transform"":[{""category"":""body_chip"",""category_id"":6,""depth_px"":10,""recipe_subtype"":""edge_material_loss"",""severity"":""moderate"",""span_px"":15,""surface"":""body_left_edge""}],""photometric"":{""blur_radius"":0.313321,""brightness"":0.951518,""channel_gain_b"":1.006148,""channel_gain_g"":1.01889,""channel_gain_r"":0.96773,""contrast"":1.062833,""noise_sigma"":1.770959,""saturation"":0.955345},""recipe"":[""body_chip""],""severity"":""moderate""}"
syn-v1-450-body_chip-0040,synthetic/v1_450/images/body_chip/syn-v1-450-body_chip-0040.jpg,synthetic/v1_450/masks/body_chip/syn-v1-450-body_chip-0040.png,synthetic_restored,train,IMGGEN-CLEAN-BACK-V1,SYNTH-BASE-KIA7809AF-BACK-001,SPEC-A,back,body_chip,body_chip,moderate,7809250,1133173792,1.1.1,7cc6627693f1a190ee26cfdbda90e0c69510377724d9484d14996ca83b755ffc,cb5fed83f6415c3bb3f6c26fce8fee402b064f28c0ad1c03b1bdc5dfa8d1ad8a,0a5599da2ae13a9bb89ba8e99ba2668989899bdde87a932f58aa9ee28df0f9d7,ffd0cbac44921a2f69d53e9f1e6e68d4531222b77368cf700d904d2ad83d11cd,512,512,70,0.0002670288,1.0000000000,49.4210510254,160,142,11,14,TRAIN_ONLY_SYNTHETIC_NG,NO,AUTO_PASS,NO,"{""attempt"":0,""effective_seed"":1133173792,""geometry"":{""rotation_deg"":-5.89219,""scale"":0.964531,""translate_x"":-8.625013,""translate_y"":1.623344},""instances_pre_transform"":[{""category"":""body_chip"",""category_id"":6,""depth_px"":10,""recipe_subtype"":""edge_material_loss"",""severity"":""moderate"",""span_px"":19,""surface"":""body_left_edge""}],""photometric"":{""blur_radius"":0.75044,""brightness"":1.031463,""channel_gain_b"":1.029243,""channel_gain_g"":0.977679,""channel_gain_r"":1.03734,""contrast"":0.916823,""noise_sigma"":0.596156,""saturation"":0.927704},""recipe"":[""body_chip""],""severity"":""moderate""}"
syn-v1-450-body_chip-0041,synthetic/v1_450/images/body_chip/syn-v1-450-body_chip-0041.jpg,synthetic/v1_450/masks/body_chip/syn-v1-450-body_chip-0041.png,synthetic_restored,train,IMGGEN-CLEAN-BACK-V1,SYNTH-BASE-KIA7809AF-BACK-001,SPEC-A,back,body_chip,body_chip,mild,7809250,985047647,1.1.1,7cc6627693f1a190ee26cfdbda90e0c69510377724d9484d14996ca83b755ffc,cb5fed83f6415c3bb3f6c26fce8fee402b064f28c0ad1c03b1bdc5dfa8d1ad8a,6197465ca82239883352f6fe575785cd70569099b1b1850b48f39ae42d341fc9,4910ba252682432b9845f332a90ec694549c5b8f86410ed7a8aeb604a9a60711,512,512,64,0.0002441406,1.0000000000,61.9726028442,319,209,10,13,TRAIN_ONLY_SYNTHETIC_NG,NO,AUTO_PASS,NO,"{""attempt"":0,""effective_seed"":985047647,""geometry"":{""rotation_deg"":5.600728,""scale"":0.951928,""translate_x"":-2.77944,""translate_y"":3.98314},""instances_pre_transform"":[{""category"":""body_chip"",""category_id"":6,""depth_px"":11,""recipe_subtype"":""edge_material_loss"",""severity"":""mild"",""span_px"":16,""surface"":""body_right_edge""}],""photometric"":{""blur_radius"":0.682657,""brightness"":0.933636,""channel_gain_b"":0.986236,""channel_gain_g"":0.999879,""channel_gain_r"":0.964762,""contrast"":0.976656,""noise_sigma"":0.762695,""saturation"":0.922821},""recipe"":[""body_chip""],""severity"":""mild""}"
syn-v1-450-body_chip-0042,synthetic/v1_450/images/body_chip/syn-v1-450-body_chip-0042.jpg,synthetic/v1_450/masks/body_chip/syn-v1-450-body_chip-0042.png,synthetic_restored,train,IMGGEN-CLEAN-BACK-V1,SYNTH-BASE-KIA7809AF-BACK-001,SPEC-A,back,body_chip,body_chip,mild,7809250,419301863,1.1.1,7cc6627693f1a190ee26cfdbda90e0c69510377724d9484d14996ca83b755ffc,cb5fed83f6415c3bb3f6c26fce8fee402b064f28c0ad1c03b1bdc5dfa8d1ad8a,6b84831a215bb08b1ae57351e0b805218d9975a0f89978c6cd0c1863079a5f47,b0167c35b7fe2e98eedd4627f9f62a015f1938f5a5f6ddb0286e236e762749f2,512,512,69,0.0002632141,1.0000000000,45.4599990845,337,231,9,12,TRAIN_ONLY_SYNTHETIC_NG,NO,AUTO_PASS,NO,"{""attempt"":0,""effective_seed"":419301863,""geometry"":{""rotation_deg"":0.882526,""scale"":1.060927,""translate_x"":-7.408445,""translate_y"":1.01452},""instances_pre_transform"":[{""category"":""body_chip"",""category_id"":6,""depth_px"":8,""recipe_subtype"":""edge_material_loss"",""severity"":""mild"",""span_px"":16,""surface"":""body_right_edge""}],""photometric"":{""blur_radius"":0.872891,""brightness"":0.932473,""channel_gain_b"":1.010347,""channel_gain_g"":1.019405,""channel_gain_r"":0.984849,""contrast"":1.053037,""noise_sigma"":1.233349,""saturation"":1.048702},""recipe"":[""body_chip""],""severity"":""mild""}"
syn-v1-450-body_chip-0043,synthetic/v1_450/images/body_chip/syn-v1-450-body_chip-0043.jpg,synthetic/v1_450/masks/body_chip/syn-v1-450-body_chip-0043.png,synthetic_restored,train,IMGGEN-CLEAN-BACK-V1,SYNTH-BASE-KIA7809AF-BACK-001,SPEC-A,back,body_chip,body_chip,moderate,7809250,1970815914,1.1.1,7cc6627693f1a190ee26cfdbda90e0c69510377724d9484d14996ca83b755ffc,cb5fed83f6415c3bb3f6c26fce8fee402b064f28c0ad1c03b1bdc5dfa8d1ad8a,19645e18839b980f460e62e650da298b52901df159530bea3b6b2637de70fc8a,cd7ec1b9f88af4df53ee03889cbc8f206ec05fbe3f718673add5afbd2e621ee1,512,512,146,0.0005569458,1.0000000000,73.3731689453,307,250,14,19,TRAIN_ONLY_SYNTHETIC_NG,NO,AUTO_PASS,NO,"{""attempt"":0,""effective_seed"":1970815914,""geometry"":{""rotation_deg"":1.276391,""scale"":0.930037,""translate_x"":7.928791,""translate_y"":-9.598864},""instances_pre_transform"":[{""category"":""body_chip"",""category_id"":6,""depth_px"":15,""recipe_subtype"":""edge_material_loss"",""severity"":""moderate"",""span_px"":24,""surface"":""body_right_edge""}],""photometric"":{""blur_radius"":0.452498,""brightness"":0.935922,""channel_gain_b"":1.039462,""channel_gain_g"":0.993788,""channel_gain_r"":0.979813,""contrast"":1.094678,""noise_sigma"":1.350547,""saturation"":0.984022},""recipe"":[""body_chip""],""severity"":""moderate""}"
syn-v1-450-body_chip-0044,synthetic/v1_450/images/body_chip/syn-v1-450-body_chip-0044.jpg,synthetic/v1_450/masks/body_chip/syn-v1-450-body_chip-0044.png,synthetic_restored,train,IMGGEN-CLEAN-BACK-V1,SYNTH-BASE-KIA7809AF-BACK-001,SPEC-A,back,body_chip,body_chip,mild,7809250,345413697,1.1.1,7cc6627693f1a190ee26cfdbda90e0c69510377724d9484d14996ca83b755ffc,cb5fed83f6415c3bb3f6c26fce8fee402b064f28c0ad1c03b1bdc5dfa8d1ad8a,914a60426505689b05596229a04247261746aef9eebd9355445161eb4cc2b94a,644ff6518ee9da74bcdced58b3551c05875eeaa4a7a31299e38feb3bcd7e71d6,512,512,64,0.0002441406,1.0000000000,64.6754379272,316,242,10,14,TRAIN_ONLY_SYNTHETIC_NG,NO,AUTO_PASS,NO,"{""attempt"":0,""effective_seed"":345413697,""geometry"":{""rotation_deg"":3.300147,""scale"":0.971372,""translate_x"":5.172943,""translate_y"":10.832159},""instances_pre_transform"":[{""category"":""body_chip"",""category_id"":6,""depth_px"":10,""recipe_subtype"":""edge_material_loss"",""severity"":""mild"",""span_px"":18,""surface"":""body_right_edge""}],""photometric"":{""blur_radius"":0.609222,""brightness"":0.964953,""channel_gain_b"":1.022154,""channel_gain_g"":1.020813,""channel_gain_r"":1.012227,""contrast"":1.073675,""noise_sigma"":0.283711,""saturation"":0.989755},""recipe"":[""body_chip""],""severity"":""mild""}"
syn-v1-450-body_chip-0045,synthetic/v1_450/images/body_chip/syn-v1-450-body_chip-0045.jpg,synthetic/v1_450/masks/body_chip/syn-v1-450-body_chip-0045.png,synthetic_restored,train,IMGGEN-CLEAN-BACK-V1,SYNTH-BASE-KIA7809AF-BACK-001,SPEC-A,back,body_chip,body_chip,mild,7809250,1713727309,1.1.1,7cc6627693f1a190ee26cfdbda90e0c69510377724d9484d14996ca83b755ffc,cb5fed83f6415c3bb3f6c26fce8fee402b064f28c0ad1c03b1bdc5dfa8d1ad8a,b38c38f637efd6c17e18760e7cb3ab4ac4e887fe20c22fc7d7f5e2eb0836c20a,de27737b19ea98cdc156df8b1928f152a20620fc757035e5e05eef92ed7d68dc,512,512,12,0.0000457764,1.0000000000,28.6923084259,148,150,5,4,TRAIN_ONLY_SYNTHETIC_NG,NO,AUTO_PASS,NO,"{""attempt"":0,""effective_seed"":1713727309,""geometry"":{""rotation_deg"":-5.06143,""scale"":0.936133,""translate_x"":7.752633,""translate_y"":-3.923222},""instances_pre_transform"":[{""category"":""body_chip"",""category_id"":6,""depth_px"":5,""recipe_subtype"":""edge_material_loss"",""severity"":""mild"",""span_px"":9,""surface"":""body_left_edge""}],""photometric"":{""blur_radius"":0.400981,""brightness"":0.949937,""channel_gain_b"":0.998851,""channel_gain_g"":0.990223,""channel_gain_r"":0.994348,""contrast"":0.958245,""noise_sigma"":0.03095,""saturation"":1.023256},""recipe"":[""body_chip""],""severity"":""mild""}"
syn-v1-450-body_chip-0046,synthetic/v1_450/images/body_chip/syn-v1-450-body_chip-0046.jpg,synthetic/v1_450/masks/body_chip/syn-v1-450-body_chip-0046.png,synthetic_restored,train,IMGGEN-CLEAN-BACK-V1,SYNTH-BASE-KIA7809AF-BACK-001,SPEC-A,back,body_chip,body_chip,mild,7809250,686045007,1.1.1,7cc6627693f1a190ee26cfdbda90e0c69510377724d9484d14996ca83b755ffc,cb5fed83f6415c3bb3f6c26fce8fee402b064f28c0ad1c03b1bdc5dfa8d1ad8a,c51e5b24abc99dcc68151e0a224bc8fa6de58ff3747db7f35204ccf280ff46cb,8e870b8a970729ed1931774f0b1a97c562caf6909a12b2145319702901cf7d1c,512,512,70,0.0002670288,1.0000000000,23.6047611237,326,167,10,13,TRAIN_ONLY_SYNTHETIC_NG,NO,AUTO_PASS,NO,"{""attempt"":0,""effective_seed"":686045007,""geometry"":{""rotation_deg"":-4.922117,""scale"":1.002317,""translate_x"":3.013837,""translate_y"":5.761162},""instances_pre_transform"":[{""category"":""body_chip"",""category_id"":6,""depth_px"":11,""recipe_subtype"":""edge_material_loss"",""severity"":""mild"",""span_px"":19,""surface"":""body_right_edge""}],""photometric"":{""blur_radius"":0.40286,""brightness"":1.022784,""channel_gain_b"":1.027629,""channel_gain_g"":0.994004,""channel_gain_r"":1.01424,""contrast"":1.002001,""noise_sigma"":1.643221,""saturation"":1.026944},""recipe"":[""body_chip""],""severity"":""mild""}"
syn-v1-450-body_chip-0047,synthetic/v1_450/images/body_chip/syn-v1-450-body_chip-0047.jpg,synthetic/v1_450/masks/body_chip/syn-v1-450-body_chip-0047.png,synthetic_restored,train,IMGGEN-CLEAN-BACK-V1,SYNTH-BASE-KIA7809AF-BACK-001,SPEC-A,back,body_chip,body_chip,mild,7809250,420866227,1.1.1,7cc6627693f1a190ee26cfdbda90e0c69510377724d9484d14996ca83b755ffc,cb5fed83f6415c3bb3f6c26fce8fee402b064f28c0ad1c03b1bdc5dfa8d1ad8a,701b77c59243aba20199ef426c31781b73f1e1dc8805f38be948016b35ac8fea,8708bf9d9c5ab819e23682ccea58855998fb30d121c289f704e57e09be5ab41e,512,512,74,0.0002822876,1.0000000000,68.5360336304,140,146,13,12,TRAIN_ONLY_SYNTHETIC_NG,NO,AUTO_PASS,NO,"{""attempt"":0,""effective_seed"":420866227,""geometry"":{""rotation_deg"":0.291349,""scale"":1.001971,""translate_x"":-4.252792,""translate_y"":-4.064049},""instances_pre_transform"":[{""category"":""body_chip"",""category_id"":6,""depth_px"":12,""recipe_subtype"":""edge_material_loss"",""severity"":""mild"",""span_px"":15,""surface"":""body_left_edge""}],""photometric"":{""blur_radius"":0.740356,""brightness"":1.004139,""channel_gain_b"":0.993288,""channel_gain_g"":0.995718,""channel_gain_r"":0.990154,""contrast"":1.004048,""noise_sigma"":0.394414,""saturation"":1.046477},""recipe"":[""body_chip""],""severity"":""mild""}"
syn-v1-450-body_chip-0048,synthetic/v1_450/images/body_chip/syn-v1-450-body_chip-0048.jpg,synthetic/v1_450/masks/body_chip/syn-v1-450-body_chip-0048.png,synthetic_restored,train,IMGGEN-CLEAN-BACK-V1,SYNTH-BASE-KIA7809AF-BACK-001,SPEC-A,back,body_chip,body_chip,moderate,7809250,1218366801,1.1.1,7cc6627693f1a190ee26cfdbda90e0c69510377724d9484d14996ca83b755ffc,cb5fed83f6415c3bb3f6c26fce8fee402b064f28c0ad1c03b1bdc5dfa8d1ad8a,9bf6138cf311e1f4fa2df83de40f9d2cb9ee6687cba945efbaab6be33b54a81f,7f1220c8b091c966e818f1dab32400da51d556a9101758338d05a59deb1904d5,512,512,67,0.0002555847,1.0000000000,41.3708915710,138,208,11,13,TRAIN_ONLY_SYNTHETIC_NG,NO,AUTO_PASS,NO,"{""attempt"":0,""effective_seed"":1218366801,""geometry"":{""rotation_deg"":3.357548,""scale"":0.940241,""translate_x"":3.702156,""translate_y"":-9.753329},""instances_pre_transform"":[{""category"":""body_chip"",""category_id"":6,""depth_px"":11,""recipe_subtype"":""edge_material_loss"",""severity"":""moderate"",""span_px"":19,""surface"":""body_left_edge""}],""photometric"":{""blur_radius"":0.079549,""brightness"":0.938124,""channel_gain_b"":1.031549,""channel_gain_g"":1.004856,""channel_gain_r"":0.991037,""contrast"":0.950795,""noise_sigma"":1.677462,""saturation"":1.066732},""recipe"":[""body_chip""],""severity"":""moderate""}"
syn-v1-450-body_chip-0049,synthetic/v1_450/images/body_chip/syn-v1-450-body_chip-0049.jpg,synthetic/v1_450/masks/body_chip/syn-v1-450-body_chip-0049.png,synthetic_restored,train,IMGGEN-CLEAN-BACK-V1,SYNTH-BASE-KIA7809AF-BACK-001,SPEC-A,back,body_chip,body_chip,moderate,7809250,830608071,1.1.1,7cc6627693f1a190ee26cfdbda90e0c69510377724d9484d14996ca83b755ffc,cb5fed83f6415c3bb3f6c26fce8fee402b064f28c0ad1c03b1bdc5dfa8d1ad8a,636b2bc162daa195bcfafb036fcd9a8f5b57d5496bf741f75455268e85074ed4,56212ea8381f828cec3a9fccc1490646fd83516a3fd91adad5080b455af93a4d,512,512,50,0.0001907349,1.0000000000,58.6436767578,322,248,9,10,TRAIN_ONLY_SYNTHETIC_NG,NO,AUTO_PASS,NO,"{""attempt"":0,""effective_seed"":830608071,""geometry"":{""rotation_deg"":-3.945501,""scale"":0.940313,""translate_x"":-3.429,""translate_y"":5.219053},""instances_pre_transform"":[{""category"":""body_chip"",""category_id"":6,""depth_px"":10,""recipe_subtype"":""edge_material_loss"",""severity"":""moderate"",""span_px"":14,""surface"":""body_right_edge""}],""photometric"":{""blur_radius"":0.801832,""brightness"":1.05674,""channel_gain_b"":0.972185,""channel_gain_g"":0.996202,""channel_gain_r"":1.004643,""contrast"":0.927732,""noise_sigma"":1.925393,""saturation"":0.993335},""recipe"":[""body_chip""],""severity"":""moderate""}"
syn-v1-450-body_crack-0000,synthetic/v1_450/images/body_crack/syn-v1-450-body_crack-0000.jpg,synthetic/v1_450/masks/body_crack/syn-v1-450-body_crack-0000.png,synthetic_restored,train,IMGGEN-CLEAN-BACK-V1,SYNTH-BASE-KIA7809AF-BACK-001,SPEC-A,back,body_crack,body_crack,mild,7809250,1442218083,1.1.1,7cc6627693f1a190ee26cfdbda90e0c69510377724d9484d14996ca83b755ffc,cb5fed83f6415c3bb3f6c26fce8fee402b064f28c0ad1c03b1bdc5dfa8d1ad8a,e5cf3435921e024062b60c376bb3593e06631eb4937cfd368ec598ae1cbf1eb8,4fb270cb9a22ff6d0bf510a08e7de7127797f3c2e9fbbee4edf5c90787602602,512,512,301,0.0011482239,1.0000000000,9.7117433548,194,184,157,109,TRAIN_ONLY_SYNTHETIC_NG,NO,AUTO_PASS,NO,"{""attempt"":0,""effective_seed"":1442218083,""geometry"":{""rotation_deg"":-3.929365,""scale"":1.033743,""translate_x"":-10.169652,""translate_y"":-5.171436},""instances_pre_transform"":[{""branches"":0,""category"":""body_crack"",""category_id"":7,""length_px"":181.475,""recipe_subtype"":""edge_started_crack"",""severity"":""mild"",""surface"":""body_visible"",""width_px"":1.26}],""photometric"":{""blur_radius"":0.672656,""brightness"":1.059744,""channel_gain_b"":0.983066,""channel_gain_g"":1.018482,""channel_gain_r"":1.035168,""contrast"":1.083333,""noise_sigma"":1.923733,""saturation"":0.921478},""recipe"":[""body_crack""],""severity"":""mild""}"
syn-v1-450-body_crack-0001,synthetic/v1_450/images/body_crack/syn-v1-450-body_crack-0001.jpg,synthetic/v1_450/masks/body_crack/syn-v1-450-body_crack-0001.png,synthetic_restored,train,IMGGEN-CLEAN-BACK-V1,SYNTH-BASE-KIA7809AF-BACK-001,SPEC-A,back,body_crack,body_crack,moderate,7809250,1540525604,1.1.1,7cc6627693f1a190ee26cfdbda90e0c69510377724d9484d14996ca83b755ffc,cb5fed83f6415c3bb3f6c26fce8fee402b064f28c0ad1c03b1bdc5dfa8d1ad8a,d1a1cb9f267bffaf812050c589080e30fa7e035ce50844c2deb26957036ef3f4,cdac75e05cf0668c6bee3fac88f692c336150147728c860e68c3cefa1efc9993,512,512,427,0.0016288757,1.0000000000,8.2238683701,148,224,169,44,TRAIN_ONLY_SYNTHETIC_NG,NO,AUTO_PASS,NO,"{""attempt"":0,""effective_seed"":1540525604,""geometry"":{""rotation_deg"":-4.38056,""scale"":1.023406,""translate_x"":-9.803442,""translate_y"":7.881206},""instances_pre_transform"":[{""branches"":0,""category"":""body_crack"",""category_id"":7,""length_px"":167.359,""recipe_subtype"":""edge_started_crack"",""severity"":""moderate"",""surface"":""body_visible"",""width_px"":1.679}],""photometric"":{""blur_radius"":0.052455,""brightness"":0.937692,""channel_gain_b"":1.036898,""channel_gain_g"":1.020773,""channel_gain_r"":1.026711,""contrast"":0.977327,""noise_sigma"":0.805766,""saturation"":1.073826},""recipe"":[""body_crack""],""severity"":""moderate""}"
syn-v1-450-body_crack-0002,synthetic/v1_450/images/body_crack/syn-v1-450-body_crack-0002.jpg,synthetic/v1_450/masks/body_crack/syn-v1-450-body_crack-0002.png,synthetic_restored,train,IMGGEN-CLEAN-BACK-V1,SYNTH-BASE-KIA7809AF-BACK-001,SPEC-A,back,body_crack,body_crack,mild,7809250,990951542,1.1.1,7cc6627693f1a190ee26cfdbda90e0c69510377724d9484d14996ca83b755ffc,cb5fed83f6415c3bb3f6c26fce8fee402b064f28c0ad1c03b1bdc5dfa8d1ad8a,192f654fa0d4b00da03c74f26a64f0007f08136f034f3d4101c5fdf2b510e19e,7d13e5b7a5b08044f4d364be784df6740da6a28f63790e1565a93e89ac972056,512,512,115,0.0004386902,1.0000000000,14.2616825104,147,220,27,39,TRAIN_ONLY_SYNTHETIC_NG,NO,AUTO_PASS,NO,"{""attempt"":0,""effective_seed"":990951542,""geometry"":{""rotation_deg"":2.994214,""scale"":1.021227,""translate_x"":-9.960772,""translate_y"":11.792985},""instances_pre_transform"":[{""branches"":0,""category"":""body_crack"",""category_id"":7,""length_px"":43.012,""recipe_subtype"":""edge_started_crack"",""severity"":""mild"",""surface"":""body_visible"",""width_px"":1.21}],""photometric"":{""blur_radius"":0.08931,""brightness"":1.046355,""channel_gain_b"":0.973256,""channel_gain_g"":1.017361,""channel_gain_r"":1.003399,""contrast"":0.973954,""noise_sigma"":1.859679,""saturation"":0.989662},""recipe"":[""body_crack""],""severity"":""mild""}"
syn-v1-450-body_crack-0003,synthetic/v1_450/images/body_crack/syn-v1-450-body_crack-0003.jpg,synthetic/v1_450/masks/body_crack/syn-v1-450-body_crack-0003.png,synthetic_restored,train,IMGGEN-CLEAN-BACK-V1,SYNTH-BASE-KIA7809AF-BACK-001,SPEC-A,back,body_crack,body_crack,moderate,7809250,1060237150,1.1.1,7cc6627693f1a190ee26cfdbda90e0c69510377724d9484d14996ca83b755ffc,cb5fed83f6415c3bb3f6c26fce8fee402b064f28c0ad1c03b1bdc5dfa8d1ad8a,3857d10290b89420c2be3e8393cc1e903a409b1d12ce22890d840df6f1aa8e9f,139b61818de3ec863a0432114f01eb464263a959cc35f4d9ebf21c30fbceb1fb,512,512,438,0.0016708374,1.0000000000,10.3733606339,164,276,152,23,TRAIN_ONLY_SYNTHETIC_NG,NO,AUTO_PASS,NO,"{""attempt"":0,""effective_seed"":1060237150,""geometry"":{""rotation_deg"":0.108517,""scale"":0.94659,""translate_x"":6.65086,""translate_y"":4.196808},""instances_pre_transform"":[{""branches"":2,""category"":""body_crack"",""category_id"":7,""length_px"":159.906,""recipe_subtype"":""edge_started_crack"",""severity"":""moderate"",""surface"":""body_visible"",""width_px"":1.623}],""photometric"":{""blur_radius"":0.461551,""brightness"":1.062106,""channel_gain_b"":0.992859,""channel_gain_g"":1.019826,""channel_gain_r"":1.003149,""contrast"":0.9837,""noise_sigma"":0.139157,""saturation"":1.039575},""recipe"":[""body_crack""],""severity"":""moderate""}"
syn-v1-450-body_crack-0004,synthetic/v1_450/images/body_crack/syn-v1-450-body_crack-0004.jpg,synthetic/v1_450/masks/body_crack/syn-v1-450-body_crack-0004.png,synthetic_restored,train,IMGGEN-CLEAN-BACK-V1,SYNTH-BASE-KIA7809AF-BACK-001,SPEC-A,back,body_crack,body_crack,severe,7809250,1499763808,1.1.1,7cc6627693f1a190ee26cfdbda90e0c69510377724d9484d14996ca83b755ffc,cb5fed83f6415c3bb3f6c26fce8fee402b064f28c0ad1c03b1bdc5dfa8d1ad8a,43c85cfdfdc306be3ab22d0754d88255bdef0588f363941cd923318e77eeb70b,0a7e7268eec9f142cfe088f7178732c515fc23293474b421e00f4f220868662d,512,512,187,0.0007133484,1.0000000000,8.0017356873,134,179,83,95,TRAIN_ONLY_SYNTHETIC_NG,NO,AUTO_PASS,NO,"{""attempt"":0,""effective_seed"":1499763808,""geometry"":{""rotation_deg"":-4.902345,""scale"":0.996368,""translate_x"":11.721613,""translate_y"":2.517298},""instances_pre_transform"":[{""branches"":0,""category"":""body_crack"",""category_id"":7,""length_px"":123.069,""recipe_subtype"":""edge_started_crack"",""severity"":""severe"",""surface"":""body_visible"",""width_px"":1.405}],""photometric"":{""blur_radius"":0.845762,""brightness"":0.968873,""channel_gain_b"":0.983133,""channel_gain_g"":0.973998,""channel_gain_r"":0.962647,""contrast"":0.921529,""noise_sigma"":2.598608,""saturation"":0.946241},""recipe"":[""body_crack""],""severity"":""severe""}"
syn-v1-450-body_crack-0005,synthetic/v1_450/images/body_crack/syn-v1-450-body_crack-0005.jpg,synthetic/v1_450/masks/body_crack/syn-v1-450-body_crack-0005.png,synthetic_restored,train,IMGGEN-CLEAN-BACK-V1,SYNTH-BASE-KIA7809AF-BACK-001,SPEC-A,back,body_crack,body_crack,moderate,7809250,503492388,1.1.1,7cc6627693f1a190ee26cfdbda90e0c69510377724d9484d14996ca83b755ffc,cb5fed83f6415c3bb3f6c26fce8fee402b064f28c0ad1c03b1bdc5dfa8d1ad8a,a267b4f80d3a8daa89fe5fd89d62c48ad08b91030506c02e0bd69b1ceb148137,1de2cdc8b086b83256e402d48b7eda95c4f91c3a4da71640002ef3380c32413c,512,512,149,0.0005683899,1.0000000000,12.1182794571,145,179,180,41,TRAIN_ONLY_SYNTHETIC_NG,NO,AUTO_PASS,NO,"{""attempt"":0,""effective_seed"":503492388,""geometry"":{""rotation_deg"":5.213837,""scale"":0.959444,""translate_x"":-3.224007,""translate_y"":-0.273852},""instances_pre_transform"":[{""branches"":1,""category"":""body_crack"",""category_id"":7,""length_px"":190.163,""recipe_subtype"":""edge_started_crack"",""severity"":""moderate"",""surface"":""body_visible"",""width_px"":1.988}],""photometric"":{""blur_radius"":0.148438,""brightness"":0.945334,""channel_gain_b"":0.986841,""channel_gain_g"":1.023879,""channel_gain_r"":1.014368,""contrast"":0.965579,""noise_sigma"":2.684213,""saturation"":0.937911},""recipe"":[""body_crack""],""severity"":""moderate""}"
syn-v1-450-body_crack-0006,synthetic/v1_450/images/body_crack/syn-v1-450-body_crack-0006.jpg,synthetic/v1_450/masks/body_crack/syn-v1-450-body_crack-0006.png,synthetic_restored,train,IMGGEN-CLEAN-BACK-V1,SYNTH-BASE-KIA7809AF-BACK-001,SPEC-A,back,body_crack,body_crack,mild,7809250,206164773,1.1.1,7cc6627693f1a190ee26cfdbda90e0c69510377724d9484d14996ca83b755ffc,cb5fed83f6415c3bb3f6c26fce8fee402b064f28c0ad1c03b1bdc5dfa8d1ad8a,edfc30c846701176ffbaf206db7024f5008a8cdb47cf1d37f8f3ee356441e204,529e47732023e8641315d2eac3c80e830f23779e8428ea246b10757f1d3fafed,512,512,200,0.0007629395,1.0000000000,15.7766666412,140,142,23,79,TRAIN_ONLY_SYNTHETIC_NG,NO,AUTO_PASS,NO,"{""attempt"":0,""effective_seed"":206164773,""geometry"":{""rotation_deg"":-7.647507,""scale"":0.998342,""translate_x"":5.451913,""translate_y"":-7.179436},""instances_pre_transform"":[{""branches"":0,""category"":""body_crack"",""category_id"":7,""length_px"":79.762,""recipe_subtype"":""edge_started_crack"",""severity"":""mild"",""surface"":""body_visible"",""width_px"":1.197}],""photometric"":{""blur_radius"":0.056356,""brightness"":0.963236,""channel_gain_b"":1.002284,""channel_gain_g"":1.01047,""channel_gain_r"":0.978625,""contrast"":0.971922,""noise_sigma"":1.356332,""saturation"":1.018416},""recipe"":[""body_crack""],""severity"":""mild""}"
syn-v1-450-body_crack-0007,synthetic/v1_450/images/body_crack/syn-v1-450-body_crack-0007.jpg,synthetic/v1_450/masks/body_crack/syn-v1-450-body_crack-0007.png,synthetic_restored,train,IMGGEN-CLEAN-BACK-V1,SYNTH-BASE-KIA7809AF-BACK-001,SPEC-A,back,body_crack,body_crack,mild,7809250,946932129,1.1.1,7cc6627693f1a190ee26cfdbda90e0c69510377724d9484d14996ca83b755ffc,cb5fed83f6415c3bb3f6c26fce8fee402b064f28c0ad1c03b1bdc5dfa8d1ad8a,7334722b922afe2284c3fa19601659fef728db266e97f8e34c7a9a6a2dceccd5,556909e47e935188bd66c3f55e02563bf77b98a3c48046fb3da5ba12c32ed737,512,512,303,0.0011558533,1.0000000000,11.0143232346,182,277,121,16,TRAIN_ONLY_SYNTHETIC_NG,NO,AUTO_PASS,NO,"{""attempt"":0,""effective_seed"":946932129,""geometry"":{""rotation_deg"":-4.501503,""scale"":1.044089,""translate_x"":-3.245045,""translate_y"":7.155504},""instances_pre_transform"":[{""branches"":0,""category"":""body_crack"",""category_id"":7,""length_px"":114.586,""recipe_subtype"":""edge_started_crack"",""severity"":""mild"",""surface"":""body_visible"",""width_px"":1.268}],""photometric"":{""blur_radius"":0.445599,""brightness"":0.930569,""channel_gain_b"":0.976001,""channel_gain_g"":1.009846,""channel_gain_r"":1.033004,""contrast"":1.018976,""noise_sigma"":0.411773,""saturation"":1.036994},""recipe"":[""body_crack""],""severity"":""mild""}"
syn-v1-450-body_crack-0008,synthetic/v1_450/images/body_crack/syn-v1-450-body_crack-0008.jpg,synthetic/v1_450/masks/body_crack/syn-v1-450-body_crack-0008.png,synthetic_restored,train,IMGGEN-CLEAN-BACK-V1,SYNTH-BASE-KIA7809AF-BACK-001,SPEC-A,back,body_crack,body_crack,moderate,7809250,1817469530,1.1.1,7cc6627693f1a190ee26cfdbda90e0c69510377724d9484d14996ca83b755ffc,cb5fed83f6415c3bb3f6c26fce8fee402b064f28c0ad1c03b1bdc5dfa8d1ad8a,1b823ee792b9b8e01351f90ccd6265b1d9a4918acd67b482f6a3c21c8d9c5976,c081769f2ae629bd14d622c50444b46f901ddda87fb735199eb153175f0cb09a,512,512,437,0.0016670227,1.0000000000,8.3902244568,210,250,128,51,TRAIN_ONLY_SYNTHETIC_NG,NO,AUTO_PASS,NO,"{""attempt"":0,""effective_seed"":1817469530,""geometry"":{""rotation_deg"":-2.89626,""scale"":1.028688,""translate_x"":-3.653906,""translate_y"":6.03718},""instances_pre_transform"":[{""branches"":2,""category"":""body_crack"",""category_id"":7,""length_px"":126.846,""recipe_subtype"":""edge_started_crack"",""severity"":""moderate"",""surface"":""body_visible"",""width_px"":1.554}],""photometric"":{""blur_radius"":0.368946,""brightness"":1.036994,""channel_gain_b"":1.0083,""channel_gain_g"":0.982478,""channel_gain_r"":0.969932,""contrast"":0.961215,""noise_sigma"":2.773989,""saturation"":0.978105},""recipe"":[""body_crack""],""severity"":""moderate""}"
syn-v1-450-body_crack-0009,synthetic/v1_450/images/body_crack/syn-v1-450-body_crack-0009.jpg,synthetic/v1_450/masks/body_crack/syn-v1-450-body_crack-0009.png,synthetic_restored,train,IMGGEN-CLEAN-BACK-V1,SYNTH-BASE-KIA7809AF-BACK-001,SPEC-A,back,body_crack,body_crack,mild,7809250,1994084150,1.1.1,7cc6627693f1a190ee26cfdbda90e0c69510377724d9484d14996ca83b755ffc,cb5fed83f6415c3bb3f6c26fce8fee402b064f28c0ad1c03b1bdc5dfa8d1ad8a,22d6886629cec9179e4210de6711a547b11b7e71b6a9bb84e5d1601ac53da271,7b436ebc8623afdbd829ee191bafc0ec9d1ff00bf119b9c32128131a94a9bd01,512,512,134,0.0005111694,1.0000000000,34.7625579834,136,168,11,58,TRAIN_ONLY_SYNTHETIC_NG,NO,AUTO_PASS,NO,"{""attempt"":0,""effective_seed"":1994084150,""geometry"":{""rotation_deg"":-0.875605,""scale"":0.928332,""translate_x"":11.566344,""translate_y"":5.305425},""instances_pre_transform"":[{""branches"":0,""category"":""body_crack"",""category_id"":7,""length_px"":61.4,""recipe_subtype"":""edge_started_crack"",""severity"":""mild"",""surface"":""body_visible"",""width_px"":1.154}],""photometric"":{""blur_radius"":0.220475,""brightness"":0.975647,""channel_gain_b"":1.01396,""channel_gain_g"":1.011324,""channel_gain_r"":1.031118,""contrast"":1.001339,""noise_sigma"":2.884209,""saturation"":1.057399},""recipe"":[""body_crack""],""severity"":""mild""}"
syn-v1-450-body_crack-0010,synthetic/v1_450/images/body_crack/syn-v1-450-body_crack-0010.jpg,synthetic/v1_450/masks/body_crack/syn-v1-450-body_crack-0010.png,synthetic_restored,train,IMGGEN-CLEAN-BACK-V1,SYNTH-BASE-KIA7809AF-BACK-001,SPEC-A,back,body_crack,body_crack,mild,7809250,349457507,1.1.1,7cc6627693f1a190ee26cfdbda90e0c69510377724d9484d14996ca83b755ffc,cb5fed83f6415c3bb3f6c26fce8fee402b064f28c0ad1c03b1bdc5dfa8d1ad8a,2847c1dc522f36d12e63f53e88b52dc008280ed164b6d181d589dbe5835b67cf,4366f5375bf69001d145103adf9650663c0e4590f088f9ffb29881f39fc7b06c,512,512,194,0.0007400513,1.0000000000,6.9924240112,187,260,104,41,TRAIN_ONLY_SYNTHETIC_NG,NO,AUTO_PASS,NO,"{""attempt"":0,""effective_seed"":349457507,""geometry"":{""rotation_deg"":-3.277154,""scale"":0.926399,""translate_x"":-0.893651,""translate_y"":-1.248455},""instances_pre_transform"":[{""branches"":0,""category"":""body_crack"",""category_id"":7,""length_px"":119.549,""recipe_subtype"":""edge_started_crack"",""severity"":""mild"",""surface"":""body_visible"",""width_px"":0.856}],""photometric"":{""blur_radius"":0.807895,""brightness"":0.938792,""channel_gain_b"":0.974738,""channel_gain_g"":0.975514,""channel_gain_r"":1.030583,""contrast"":1.085447,""noise_sigma"":2.416148,""saturation"":0.957443},""recipe"":[""body_crack""],""severity"":""mild""}"
syn-v1-450-body_crack-0011,synthetic/v1_450/images/body_crack/syn-v1-450-body_crack-0011.jpg,synthetic/v1_450/masks/body_crack/syn-v1-450-body_crack-0011.png,synthetic_restored,train,IMGGEN-CLEAN-BACK-V1,SYNTH-BASE-KIA7809AF-BACK-001,SPEC-A,back,body_crack,body_crack,mild,7809250,682697597,1.1.1,7cc6627693f1a190ee26cfdbda90e0c69510377724d9484d14996ca83b755ffc,cb5fed83f6415c3bb3f6c26fce8fee402b064f28c0ad1c03b1bdc5dfa8d1ad8a,7c643f21edf180ea5460ec1f84de28b1086a4e8a853636beafd43fe52c2c6962,25c82726e8109cd839cada17e109ea5ee8eb73003fd2c3c3eb160d05f3b79247,512,512,87,0.0003318787,1.0000000000,8.9660491943,209,261,18,29,TRAIN_ONLY_SYNTHETIC_NG,NO,AUTO_PASS,NO,"{""attempt"":0,""effective_seed"":682697597,""geometry"":{""rotation_deg"":-7.523011,""scale"":0.927816,""translate_x"":-7.085259,""translate_y"":0.963784},""instances_pre_transform"":[{""branches"":0,""category"":""body_crack"",""category_id"":7,""length_px"":34.54,""recipe_subtype"":""edge_started_crack"",""severity"":""mild"",""surface"":""body_visible"",""width_px"":1.705}],""photometric"":{""blur_radius"":0.044799,""brightness"":1.00263,""channel_gain_b"":1.033011,""channel_gain_g"":0.980669,""channel_gain_r"":0.988544,""contrast"":0.939822,""noise_sigma"":0.120191,""saturation"":1.016337},""recipe"":[""body_crack""],""severity"":""mild""}"
syn-v1-450-body_crack-0012,synthetic/v1_450/images/body_crack/syn-v1-450-body_crack-0012.jpg,synthetic/v1_450/masks/body_crack/syn-v1-450-body_crack-0012.png,synthetic_restored,train,IMGGEN-CLEAN-BACK-V1,SYNTH-BASE-KIA7809AF-BACK-001,SPEC-A,back,body_crack,body_crack,moderate,7809250,78585953,1.1.1,7cc6627693f1a190ee26cfdbda90e0c69510377724d9484d14996ca83b755ffc,cb5fed83f6415c3bb3f6c26fce8fee402b064f28c0ad1c03b1bdc5dfa8d1ad8a,4c9f660753762bf2ebc0c28bcb9470d383abe9dec476f2fc37857bceca9ddacf,fc8603666f8ac535a876de5a6acf89779e8181b26044ca7c45bd8e9ff8e8d6b4,512,512,360,0.0013732910,1.0000000000,7.7475247383,155,252,122,34,TRAIN_ONLY_SYNTHETIC_NG,NO,AUTO_PASS,NO,"{""attempt"":0,""effective_seed"":78585953,""geometry"":{""rotation_deg"":-7.279424,""scale"":0.94826,""translate_x"":-9.661978,""translate_y"":-4.625817},""instances_pre_transform"":[{""branches"":1,""category"":""body_crack"",""category_id"":7,""length_px"":129.869,""recipe_subtype"":""edge_started_crack"",""severity"":""moderate"",""surface"":""body_visible"",""width_px"":1.6}],""photometric"":{""blur_radius"":0.444249,""brightness"":0.988221,""channel_gain_b"":1.014165,""channel_gain_g"":1.021553,""channel_gain_r"":0.967434,""contrast"":1.04377,""noise_sigma"":0.206839,""saturation"":0.945009},""recipe"":[""body_crack""],""severity"":""moderate""}"
syn-v1-450-body_crack-0013,synthetic/v1_450/images/body_crack/syn-v1-450-body_crack-0013.jpg,synthetic/v1_450/masks/body_crack/syn-v1-450-body_crack-0013.png,synthetic_restored,train,IMGGEN-CLEAN-BACK-V1,SYNTH-BASE-KIA7809AF-BACK-001,SPEC-A,back,body_crack,body_crack,mild,7809250,475318327,1.1.1,7cc6627693f1a190ee26cfdbda90e0c69510377724d9484d14996ca83b755ffc,cb5fed83f6415c3bb3f6c26fce8fee402b064f28c0ad1c03b1bdc5dfa8d1ad8a,c0f48deec319e9beb7eb5b09ee29260cb50c5a145cd0adc3640fb0ab7653f232,d3aecba48cec025831f93f9dd233efa1d5613f167dc2c4c0e434f713fa56f5ee,512,512,154,0.0005874634,1.0000000000,7.2362203598,257,280,76,14,TRAIN_ONLY_SYNTHETIC_NG,NO,AUTO_PASS,NO,"{""attempt"":0,""effective_seed"":475318327,""geometry"":{""rotation_deg"":2.916731,""scale"":1.073564,""translate_x"":8.260497,""translate_y"":9.987343},""instances_pre_transform"":[{""branches"":0,""category"":""body_crack"",""category_id"":7,""length_px"":70.349,""recipe_subtype"":""edge_started_crack"",""severity"":""mild"",""surface"":""body_visible"",""width_px"":0.744}],""photometric"":{""blur_radius"":0.50204,""brightness"":1.019789,""channel_gain_b"":0.9931,""channel_gain_g"":0.992694,""channel_gain_r"":0.966599,""contrast"":1.049944,""noise_sigma"":0.784768,""saturation"":1.015321},""recipe"":[""body_crack""],""severity"":""mild""}"
syn-v1-450-body_crack-0014,synthetic/v1_450/images/body_crack/syn-v1-450-body_crack-0014.jpg,synthetic/v1_450/masks/body_crack/syn-v1-450-body_crack-0014.png,synthetic_restored,train,IMGGEN-CLEAN-BACK-V1,SYNTH-BASE-KIA7809AF-BACK-001,SPEC-A,back,body_crack,body_crack,mild,7809250,1643233389,1.1.1,7cc6627693f1a190ee26cfdbda90e0c69510377724d9484d14996ca83b755ffc,cb5fed83f6415c3bb3f6c26fce8fee402b064f28c0ad1c03b1bdc5dfa8d1ad8a,283291b907073654f7fb0e6e7553c3babe2490c2438d8e6bf5a7a31e71341ba3,22044a918e405a083cf0bacbfae83b49cf720b08fe0e8fa980ad947cd9b3364c,512,512,325,0.0012397766,1.0000000000,6.3389992714,164,176,23,125,TRAIN_ONLY_SYNTHETIC_NG,NO,AUTO_PASS,NO,"{""attempt"":0,""effective_seed"":1643233389,""geometry"":{""rotation_deg"":3.331292,""scale"":0.974914,""translate_x"":-9.226859,""translate_y"":3.605241},""instances_pre_transform"":[{""branches"":0,""category"":""body_crack"",""category_id"":7,""length_px"":128.763,""recipe_subtype"":""edge_started_crack"",""severity"":""mild"",""surface"":""body_visible"",""width_px"":1.594}],""photometric"":{""blur_radius"":0.134138,""brightness"":0.937229,""channel_gain_b"":1.000538,""channel_gain_g"":1.019728,""channel_gain_r"":0.998342,""contrast"":0.913438,""noise_sigma"":0.704374,""saturation"":1.049502},""recipe"":[""body_crack""],""severity"":""mild""}"
syn-v1-450-body_crack-0015,synthetic/v1_450/images/body_crack/syn-v1-450-body_crack-0015.jpg,synthetic/v1_450/masks/body_crack/syn-v1-450-body_crack-0015.png,synthetic_restored,train,IMGGEN-CLEAN-BACK-V1,SYNTH-BASE-KIA7809AF-BACK-001,SPEC-A,back,body_crack,body_crack,mild,7809250,1613646297,1.1.1,7cc6627693f1a190ee26cfdbda90e0c69510377724d9484d14996ca83b755ffc,cb5fed83f6415c3bb3f6c26fce8fee402b064f28c0ad1c03b1bdc5dfa8d1ad8a,e712927f3e1f6fcb25d1bc524ab97314c3744de0527cd1993ce209591aac99dc,be3378c6cb9b68adcee2655ecb53aca92e58b0655a99f5ef4937d008919f7dd5,512,512,34,0.0001296997,1.0000000000,8.9565219879,195,278,6,10,TRAIN_ONLY_SYNTHETIC_NG,NO,AUTO_PASS,NO,"{""attempt"":0,""effective_seed"":1613646297,""geometry"":{""rotation_deg"":-7.946493,""scale"":1.067445,""translate_x"":-7.432986,""translate_y"":7.189789},""instances_pre_transform"":[{""branches"":0,""category"":""body_crack"",""category_id"":7,""length_px"":7.071,""recipe_subtype"":""edge_started_crack"",""severity"":""mild"",""surface"":""body_visible"",""width_px"":1.624}],""photometric"":{""blur_radius"":0.600038,""brightness"":1.005883,""channel_gain_b"":0.992997,""channel_gain_g"":0.989901,""channel_gain_r"":0.985543,""contrast"":0.943075,""noise_sigma"":2.79448,""saturation"":0.945454},""recipe"":[""body_crack""],""severity"":""mild""}"
syn-v1-450-body_crack-0016,synthetic/v1_450/images/body_crack/syn-v1-450-body_crack-0016.jpg,synthetic/v1_450/masks/body_crack/syn-v1-450-body_crack-0016.png,synthetic_restored,train,IMGGEN-CLEAN-BACK-V1,SYNTH-BASE-KIA7809AF-BACK-001,SPEC-A,back,body_crack,body_crack,mild,7809250,892428028,1.1.1,7cc6627693f1a190ee26cfdbda90e0c69510377724d9484d14996ca83b755ffc,cb5fed83f6415c3bb3f6c26fce8fee402b064f28c0ad1c03b1bdc5dfa8d1ad8a,d9685035fcc1c734054e89bd4d09eff4055df06d060e9a10b6ca6c52025241ea,b0049ff9e43c3e005c319a78d2f90c8d38abec5285c30684779ff32f44b0e6d7,512,512,372,0.0014190674,1.0000000000,8.3990335464,202,220,133,66,TRAIN_ONLY_SYNTHETIC_NG,NO,AUTO_PASS,NO,"{""attempt"":0,""effective_seed"":892428028,""geometry"":{""rotation_deg"":-0.393922,""scale"":1.030227,""translate_x"":-0.229364,""translate_y"":6.475303},""instances_pre_transform"":[{""branches"":0,""category"":""body_crack"",""category_id"":7,""length_px"":141.767,""recipe_subtype"":""edge_started_crack"",""severity"":""mild"",""surface"":""body_visible"",""width_px"":1.515}],""photometric"":{""blur_radius"":0.176372,""brightness"":1.045493,""channel_gain_b"":0.977553,""channel_gain_g"":0.969578,""channel_gain_r"":0.989756,""contrast"":1.034512,""noise_sigma"":1.279615,""saturation"":1.063915},""recipe"":[""body_crack""],""severity"":""mild""}"
syn-v1-450-body_crack-0017,synthetic/v1_450/images/body_crack/syn-v1-450-body_crack-0017.jpg,synthetic/v1_450/masks/body_crack/syn-v1-450-body_crack-0017.png,synthetic_restored,train,IMGGEN-CLEAN-BACK-V1,SYNTH-BASE-KIA7809AF-BACK-001,SPEC-A,back,body_crack,body_crack,mild,7809250,154434504,1.1.1,7cc6627693f1a190ee26cfdbda90e0c69510377724d9484d14996ca83b755ffc,cb5fed83f6415c3bb3f6c26fce8fee402b064f28c0ad1c03b1bdc5dfa8d1ad8a,bb8b1604eaf0bd66dbfe9fc2166ffcd0722d517c129763ac683c11707c438ec4,5e5a7c69bc208902fbc95050884415f0a203e53fff760ff798a8b7f3448681d1,512,512,230,0.0008773804,1.0000000000,10.1822433472,133,226,72,35,TRAIN_ONLY_SYNTHETIC_NG,NO,AUTO_PASS,NO,"{""attempt"":0,""effective_seed"":154434504,""geometry"":{""rotation_deg"":-7.527939,""scale"":1.04496,""translate_x"":4.322104,""translate_y"":6.88211},""instances_pre_transform"":[{""branches"":0,""category"":""body_crack"",""category_id"":7,""length_px"":74.632,""recipe_subtype"":""edge_started_crack"",""severity"":""mild"",""surface"":""body_visible"",""width_px"":1.672}],""photometric"":{""blur_radius"":0.431443,""brightness"":0.945223,""channel_gain_b"":1.025309,""channel_gain_g"":1.000134,""channel_gain_r"":1.01062,""contrast"":1.088589,""noise_sigma"":0.810727,""saturation"":0.998541},""recipe"":[""body_crack""],""severity"":""mild""}"
syn-v1-450-body_crack-0018,synthetic/v1_450/images/body_crack/syn-v1-450-body_crack-0018.jpg,synthetic/v1_450/masks/body_crack/syn-v1-450-body_crack-0018.png,synthetic_restored,train,IMGGEN-CLEAN-BACK-V1,SYNTH-BASE-KIA7809AF-BACK-001,SPEC-A,back,body_crack,body_crack,mild,7809250,2140925249,1.1.1,7cc6627693f1a190ee26cfdbda90e0c69510377724d9484d14996ca83b755ffc,cb5fed83f6415c3bb3f6c26fce8fee402b064f28c0ad1c03b1bdc5dfa8d1ad8a,a605cff3ae6d023999dff61a50eeb99fc80a280c704e8d3d99ec7d5c78faf318,2c4548fd07d0b7fb77de1914118e4e089081fff8f657930b13a394123b502b8e,512,512,284,0.0010833740,1.0000000000,11.6775360107,194,119,124,192,TRAIN_ONLY_SYNTHETIC_NG,NO,AUTO_PASS,NO,"{""attempt"":0,""effective_seed"":2140925249,""geometry"":{""rotation_deg"":3.818731,""scale"":1.014869,""translate_x"":1.20149,""translate_y"":-4.653461},""instances_pre_transform"":[{""branches"":0,""category"":""body_crack"",""category_id"":7,""length_px"":222.407,""recipe_subtype"":""edge_started_crack"",""severity"":""mild"",""surface"":""body_visible"",""width_px"":1.581}],""photometric"":{""blur_radius"":0.57728,""brightness"":1.057591,""channel_gain_b"":1.015471,""channel_gain_g"":1.011608,""channel_gain_r"":0.994604,""contrast"":0.981823,""noise_sigma"":1.015945,""saturation"":1.007214},""recipe"":[""body_crack""],""severity"":""mild""}"
syn-v1-450-body_crack-0019,synthetic/v1_450/images/body_crack/syn-v1-450-body_crack-0019.jpg,synthetic/v1_450/masks/body_crack/syn-v1-450-body_crack-0019.png,synthetic_restored,train,IMGGEN-CLEAN-BACK-V1,SYNTH-BASE-KIA7809AF-BACK-001,SPEC-A,back,body_crack,body_crack,mild,7809250,445791913,1.1.1,7cc6627693f1a190ee26cfdbda90e0c69510377724d9484d14996ca83b755ffc,cb5fed83f6415c3bb3f6c26fce8fee402b064f28c0ad1c03b1bdc5dfa8d1ad8a,3672224692572eba24cc37cbc0f5656bee9be1010d8ae3984ecaf1aae16a8af2,d7a31bbfacbcba81fbb58b02feaef5fcc6fa1e5ff1e00ea0864d9590870393f2,512,512,131,0.0004997253,1.0000000000,10.1768703461,149,182,9,62,TRAIN_ONLY_SYNTHETIC_NG,NO,AUTO_PASS,NO,"{""attempt"":0,""effective_seed"":445791913,""geometry"":{""rotation_deg"":3.197386,""scale"":0.972336,""translate_x"":-6.684966,""translate_y"":-9.523211},""instances_pre_transform"":[{""branches"":0,""category"":""body_crack"",""category_id"":7,""length_px"":63.285,""recipe_subtype"":""edge_started_crack"",""severity"":""mild"",""surface"":""body_visible"",""width_px"":0.889}],""photometric"":{""blur_radius"":0.60747,""brightness"":0.998312,""channel_gain_b"":0.989133,""channel_gain_g"":0.963296,""channel_gain_r"":0.974352,""contrast"":1.075653,""noise_sigma"":2.126689,""saturation"":1.026028},""recipe"":[""body_crack""],""severity"":""mild""}"
syn-v1-450-body_crack-0020,synthetic/v1_450/images/body_crack/syn-v1-450-body_crack-0020.jpg,synthetic/v1_450/masks/body_crack/syn-v1-450-body_crack-0020.png,synthetic_restored,train,IMGGEN-CLEAN-BACK-V1,SYNTH-BASE-KIA7809AF-BACK-001,SPEC-A,back,body_crack,body_crack,mild,7809250,722961327,1.1.1,7cc6627693f1a190ee26cfdbda90e0c69510377724d9484d14996ca83b755ffc,cb5fed83f6415c3bb3f6c26fce8fee402b064f28c0ad1c03b1bdc5dfa8d1ad8a,02dee6daf6959027a094bed3b87b92558feb2a1186bd6ed22fb6242fe35d6e53,1f6074321ad7bdb68b5f1e720328eff82cbfdea24c8cd5e81451f82c77a1bae1,512,512,194,0.0007400513,1.0000000000,15.4474277496,314,158,11,58,TRAIN_ONLY_SYNTHETIC_NG,NO,AUTO_PASS,NO,"{""attempt"":0,""effective_seed"":722961327,""geometry"":{""rotation_deg"":6.776401,""scale"":1.062641,""translate_x"":0.660347,""translate_y"":-0.30281},""instances_pre_transform"":[{""branches"":0,""category"":""body_crack"",""category_id"":7,""length_px"":52.173,""recipe_subtype"":""edge_started_crack"",""severity"":""mild"",""surface"":""body_visible"",""width_px"":1.514}],""photometric"":{""blur_radius"":0.438792,""brightness"":1.069186,""channel_gain_b"":0.993784,""channel_gain_g"":0.990991,""channel_gain_r"":1.006667,""contrast"":1.044519,""noise_sigma"":0.019134,""saturation"":1.03722},""recipe"":[""body_crack""],""severity"":""mild""}"
syn-v1-450-body_crack-0021,synthetic/v1_450/images/body_crack/syn-v1-450-body_crack-0021.jpg,synthetic/v1_450/masks/body_crack/syn-v1-450-body_crack-0021.png,synthetic_restored,train,IMGGEN-CLEAN-BACK-V1,SYNTH-BASE-KIA7809AF-BACK-001,SPEC-A,back,body_crack,body_crack,mild,7809250,1474442239,1.1.1,7cc6627693f1a190ee26cfdbda90e0c69510377724d9484d14996ca83b755ffc,cb5fed83f6415c3bb3f6c26fce8fee402b064f28c0ad1c03b1bdc5dfa8d1ad8a,86461c7f28c7b9d078e1240b5ff4ab309c9094f98528dc96ca0dbb72bcdb6365,6a6502fb02d38c51da1e957300f156390469f4214bb3ed8587557df5c4d447f3,512,512,111,0.0004234314,1.0000000000,9.3039216995,301,171,21,38,TRAIN_ONLY_SYNTHETIC_NG,NO,AUTO_PASS,NO,"{""attempt"":0,""effective_seed"":1474442239,""geometry"":{""rotation_deg"":6.816085,""scale"":1.061935,""translate_x"":9.398259,""translate_y"":1.138266},""instances_pre_transform"":[{""branches"":0,""category"":""body_crack"",""category_id"":7,""length_px"":38.626,""recipe_subtype"":""edge_started_crack"",""severity"":""mild"",""surface"":""body_visible"",""width_px"":1.149}],""photometric"":{""blur_radius"":0.651537,""brightness"":1.039388,""channel_gain_b"":0.979811,""channel_gain_g"":1.037489,""channel_gain_r"":1.016386,""contrast"":1.00241,""noise_sigma"":2.307889,""saturation"":0.922822},""recipe"":[""body_crack""],""severity"":""mild""}"
syn-v1-450-body_crack-0022,synthetic/v1_450/images/body_crack/syn-v1-450-body_crack-0022.jpg,synthetic/v1_450/masks/body_crack/syn-v1-450-body_crack-0022.png,synthetic_restored,train,IMGGEN-CLEAN-BACK-V1,SYNTH-BASE-KIA7809AF-BACK-001,SPEC-A,back,body_crack,body_crack,mild,7809250,1991601786,1.1.1,7cc6627693f1a190ee26cfdbda90e0c69510377724d9484d14996ca83b755ffc,cb5fed83f6415c3bb3f6c26fce8fee402b064f28c0ad1c03b1bdc5dfa8d1ad8a,bee7e3dcf5e4506070f927395b625bb5088009ac335f59a63936c3bfdb3fc1d2,14c0909dfcec083a068e5bceeef9894aa69327bfe3fe50dbf2c621a4dc11a068,512,512,223,0.0008506775,1.0000000000,7.8971014023,156,160,9,84,TRAIN_ONLY_SYNTHETIC_NG,NO,AUTO_PASS,NO,"{""attempt"":0,""effective_seed"":1991601786,""geometry"":{""rotation_deg"":-2.970762,""scale"":0.972363,""translate_x"":-8.745929,""translate_y"":-2.710103},""instances_pre_transform"":[{""branches"":0,""category"":""body_crack"",""category_id"":7,""length_px"":84.593,""recipe_subtype"":""edge_started_crack"",""severity"":""mild"",""surface"":""body_visible"",""width_px"":1.6}],""photometric"":{""blur_radius"":0.280262,""brightness"":1.063926,""channel_gain_b"":1.034967,""channel_gain_g"":1.002377,""channel_gain_r"":0.982932,""contrast"":1.021993,""noise_sigma"":0.553128,""saturation"":1.069003},""recipe"":[""body_crack""],""severity"":""mild""}"
syn-v1-450-body_crack-0023,synthetic/v1_450/images/body_crack/syn-v1-450-body_crack-0023.jpg,synthetic/v1_450/masks/body_crack/syn-v1-450-body_crack-0023.png,synthetic_restored,train,IMGGEN-CLEAN-BACK-V1,SYNTH-BASE-KIA7809AF-BACK-001,SPEC-A,back,body_crack,body_crack,mild,7809250,1791336475,1.1.1,7cc6627693f1a190ee26cfdbda90e0c69510377724d9484d14996ca83b755ffc,cb5fed83f6415c3bb3f6c26fce8fee402b064f28c0ad1c03b1bdc5dfa8d1ad8a,2262b7480359540f36d79b7ccf7110ce10c2fe532625950524c8976d9bb2f003,09e005459e44bf9eb2e45e34fa376b43b04b552fee88fb228832b79e387d8da8,512,512,424,0.0016174316,1.0000000000,11.0138530731,126,288,204,16,TRAIN_ONLY_SYNTHETIC_NG,NO,AUTO_PASS,NO,"{""attempt"":0,""effective_seed"":1791336475,""geometry"":{""rotation_deg"":-7.374647,""scale"":1.067308,""translate_x"":2.64088,""translate_y"":-8.829218},""instances_pre_transform"":[{""branches"":0,""category"":""body_crack"",""category_id"":7,""length_px"":190.515,""recipe_subtype"":""edge_started_crack"",""severity"":""mild"",""surface"":""body_visible"",""width_px"":0.971}],""photometric"":{""blur_radius"":0.369559,""brightness"":1.063665,""channel_gain_b"":0.988859,""channel_gain_g"":0.976989,""channel_gain_r"":1.010557,""contrast"":0.91286,""noise_sigma"":1.752807,""saturation"":1.024097},""recipe"":[""body_crack""],""severity"":""mild""}"
syn-v1-450-body_crack-0024,synthetic/v1_450/images/body_crack/syn-v1-450-body_crack-0024.jpg,synthetic/v1_450/masks/body_crack/syn-v1-450-body_crack-0024.png,synthetic_restored,train,IMGGEN-CLEAN-BACK-V1,SYNTH-BASE-KIA7809AF-BACK-001,SPEC-A,back,body_crack,body_crack,moderate,7809250,81065405,1.1.1,7cc6627693f1a190ee26cfdbda90e0c69510377724d9484d14996ca83b755ffc,cb5fed83f6415c3bb3f6c26fce8fee402b064f28c0ad1c03b1bdc5dfa8d1ad8a,c1449f19f91db5d37edd6744f8afbcba785eb20b008a5acd45b59fa43b19d65f,12dc479f59fac4b8750c7920c229549084e49cf1b78480c465afbdfc9eec9f12,512,512,278,0.0010604858,1.0000000000,11.1437702179,178,278,75,30,TRAIN_ONLY_SYNTHETIC_NG,NO,AUTO_PASS,NO,"{""attempt"":0,""effective_seed"":81065405,""geometry"":{""rotation_deg"":-4.875531,""scale"":0.948364,""translate_x"":-1.669102,""translate_y"":-8.129931},""instances_pre_transform"":[{""branches"":1,""category"":""body_crack"",""category_id"":7,""length_px"":81.744,""recipe_subtype"":""edge_started_crack"",""severity"":""moderate"",""surface"":""body_visible"",""width_px"":2.166}],""photometric"":{""blur_radius"":0.692666,""brightness"":0.999535,""channel_gain_b"":1.001729,""channel_gain_g"":1.006488,""channel_gain_r"":1.021594,""contrast"":0.944644,""noise_sigma"":0.979726,""saturation"":1.079879},""recipe"":[""body_crack""],""severity"":""moderate""}"
syn-v1-450-body_crack-0025,synthetic/v1_450/images/body_crack/syn-v1-450-body_crack-0025.jpg,synthetic/v1_450/masks/body_crack/syn-v1-450-body_crack-0025.png,synthetic_restored,train,IMGGEN-CLEAN-BACK-V1,SYNTH-BASE-KIA7809AF-BACK-001,SPEC-A,back,body_crack,body_crack,mild,7809250,1788014242,1.1.1,7cc6627693f1a190ee26cfdbda90e0c69510377724d9484d14996ca83b755ffc,cb5fed83f6415c3bb3f6c26fce8fee402b064f28c0ad1c03b1bdc5dfa8d1ad8a,41dd4294b8bd690e2b29cdfd5b677ce58145ecbb98746c76949ded8017ad9e33,ddb3b01ce3f6cc33f4a438ae7e46a7fdc943c91a06cd9fedeee212194599d351,512,512,243,0.0009269714,1.0000000000,9.3212366104,133,250,69,54,TRAIN_ONLY_SYNTHETIC_NG,NO,AUTO_PASS,NO,"{""attempt"":0,""effective_seed"":1788014242,""geometry"":{""rotation_deg"":-4.105251,""scale"":0.992354,""translate_x"":8.266763,""translate_y"":-3.743421},""instances_pre_transform"":[{""branches"":0,""category"":""body_crack"",""category_id"":7,""length_px"":85.147,""recipe_subtype"":""edge_started_crack"",""severity"":""mild"",""surface"":""body_visible"",""width_px"":1.636}],""photometric"":{""blur_radius"":0.240914,""brightness"":1.065526,""channel_gain_b"":1.023769,""channel_gain_g"":0.970105,""channel_gain_r"":1.029013,""contrast"":1.07049,""noise_sigma"":1.750958,""saturation"":0.946298},""recipe"":[""body_crack""],""severity"":""mild""}"
syn-v1-450-body_crack-0026,synthetic/v1_450/images/body_crack/syn-v1-450-body_crack-0026.jpg,synthetic/v1_450/masks/body_crack/syn-v1-450-body_crack-0026.png,synthetic_restored,train,IMGGEN-CLEAN-BACK-V1,SYNTH-BASE-KIA7809AF-BACK-001,SPEC-A,back,body_crack,body_crack,mild,7809250,82506980,1.1.1,7cc6627693f1a190ee26cfdbda90e0c69510377724d9484d14996ca83b755ffc,cb5fed83f6415c3bb3f6c26fce8fee402b064f28c0ad1c03b1bdc5dfa8d1ad8a,7062afe4321260bc79824b067de5568d6d1f9f4435cb772ff5b064e8e2d8148a,09bac1f5d6c745f3613edb057d8f09480e1649c278b2f6e4926c1d20943718e7,512,512,303,0.0011558533,1.0000000000,6.9390115738,148,236,170,30,TRAIN_ONLY_SYNTHETIC_NG,NO,AUTO_PASS,NO,"{""attempt"":0,""effective_seed"":82506980,""geometry"":{""rotation_deg"":-0.393991,""scale"":0.982174,""translate_x"":-5.492338,""translate_y"":11.925322},""instances_pre_transform"":[{""branches"":0,""category"":""body_crack"",""category_id"":7,""length_px"":174.597,""recipe_subtype"":""edge_started_crack"",""severity"":""mild"",""surface"":""body_visible"",""width_px"":0.72}],""photometric"":{""blur_radius"":0.561394,""brightness"":1.036271,""channel_gain_b"":0.987161,""channel_gain_g"":0.980727,""channel_gain_r"":0.974311,""contrast"":0.983693,""noise_sigma"":1.313432,""saturation"":0.942031},""recipe"":[""body_crack""],""severity"":""mild""}"
syn-v1-450-body_crack-0027,synthetic/v1_450/images/body_crack/syn-v1-450-body_crack-0027.jpg,synthetic/v1_450/masks/body_crack/syn-v1-450-body_crack-0027.png,synthetic_restored,train,IMGGEN-CLEAN-BACK-V1,SYNTH-BASE-KIA7809AF-BACK-001,SPEC-A,back,body_crack,body_crack,moderate,7809250,570443576,1.1.1,7cc6627693f1a190ee26cfdbda90e0c69510377724d9484d14996ca83b755ffc,cb5fed83f6415c3bb3f6c26fce8fee402b064f28c0ad1c03b1bdc5dfa8d1ad8a,18381206da0791dbfdaeb8aa890baccf33c82b269d44878300c3d44dcadb4f7f,afd4b0fa0955a788f98f40d98ed715142b4add3aafbc4a68e01a7065bc72fb8b,512,512,103,0.0003929138,1.0000000000,11.1262140274,298,214,27,24,TRAIN_ONLY_SYNTHETIC_NG,NO,AUTO_PASS,NO,"{""attempt"":0,""effective_seed"":570443576,""geometry"":{""rotation_deg"":-1.902179,""scale"":1.002453,""translate_x"":8.686682,""translate_y"":-6.741373},""instances_pre_transform"":[{""branches"":1,""category"":""body_crack"",""category_id"":7,""length_px"":18.601,""recipe_subtype"":""edge_started_crack"",""severity"":""moderate"",""surface"":""body_visible"",""width_px"":1.614}],""photometric"":{""blur_radius"":0.469314,""brightness"":0.952363,""channel_gain_b"":0.966591,""channel_gain_g"":1.036216,""channel_gain_r"":0.972293,""contrast"":0.970291,""noise_sigma"":1.901098,""saturation"":1.04471},""recipe"":[""body_crack""],""severity"":""moderate""}"
syn-v1-450-body_crack-0028,synthetic/v1_450/images/body_crack/syn-v1-450-body_crack-0028.jpg,synthetic/v1_450/masks/body_crack/syn-v1-450-body_crack-0028.png,synthetic_restored,train,IMGGEN-CLEAN-BACK-V1,SYNTH-BASE-KIA7809AF-BACK-001,SPEC-A,back,body_crack,body_crack,mild,7809250,568953908,1.1.1,7cc6627693f1a190ee26cfdbda90e0c69510377724d9484d14996ca83b755ffc,cb5fed83f6415c3bb3f6c26fce8fee402b064f28c0ad1c03b1bdc5dfa8d1ad8a,dc8a6267065ea6cd349e18cf57c05ecc335a532105a934942f6fb17195b39a10,46b9978f0e3cfece4bbc8d91b7396170387dedcb0558e2ff7b0e3475f8c76980,512,512,463,0.0017662048,1.0000000000,8.8460884094,144,276,150,16,TRAIN_ONLY_SYNTHETIC_NG,NO,AUTO_PASS,NO,"{""attempt"":0,""effective_seed"":568953908,""geometry"":{""rotation_deg"":4.823549,""scale"":1.065595,""translate_x"":-10.237039,""translate_y"":-3.599061},""instances_pre_transform"":[{""branches"":0,""category"":""body_crack"",""category_id"":7,""length_px"":139.086,""recipe_subtype"":""edge_started_crack"",""severity"":""mild"",""surface"":""body_visible"",""width_px"":1.638}],""photometric"":{""blur_radius"":0.19088,""brightness"":0.941544,""channel_gain_b"":1.0163,""channel_gain_g"":0.966145,""channel_gain_r"":0.99197,""contrast"":1.049761,""noise_sigma"":1.537621,""saturation"":1.042395},""recipe"":[""body_crack""],""severity"":""mild""}"
syn-v1-450-body_crack-0029,synthetic/v1_450/images/body_crack/syn-v1-450-body_crack-0029.jpg,synthetic/v1_450/masks/body_crack/syn-v1-450-body_crack-0029.png,synthetic_restored,train,IMGGEN-CLEAN-BACK-V1,SYNTH-BASE-KIA7809AF-BACK-001,SPEC-A,back,body_crack,body_crack,moderate,7809250,343780307,1.1.1,7cc6627693f1a190ee26cfdbda90e0c69510377724d9484d14996ca83b755ffc,cb5fed83f6415c3bb3f6c26fce8fee402b064f28c0ad1c03b1bdc5dfa8d1ad8a,d5f373170660771cf0682f365df684788bf0ca407a8ae04426ac91522078756c,7aa1cbb31d3e1dd96c58892e8f4482dbe066dcc0420dffdd31a195e7e1dc9a3e,512,512,189,0.0007209778,1.0000000000,8.3466663361,223,251,37,49,TRAIN_ONLY_SYNTHETIC_NG,NO,AUTO_PASS,NO,"{""attempt"":0,""effective_seed"":343780307,""geometry"":{""rotation_deg"":-4.604967,""scale"":1.048951,""translate_x"":-0.168476,""translate_y"":1.378925},""instances_pre_transform"":[{""branches"":0,""category"":""body_crack"",""category_id"":7,""length_px"":54.708,""recipe_subtype"":""edge_started_crack"",""severity"":""moderate"",""surface"":""body_visible"",""width_px"":2.058}],""photometric"":{""blur_radius"":0.304249,""brightness"":1.058365,""channel_gain_b"":0.975651,""channel_gain_g"":0.975953,""channel_gain_r"":0.970759,""contrast"":0.912132,""noise_sigma"":0.705774,""saturation"":1.073855},""recipe"":[""body_crack""],""severity"":""moderate""}"
syn-v1-450-body_crack-0030,synthetic/v1_450/images/body_crack/syn-v1-450-body_crack-0030.jpg,synthetic/v1_450/masks/body_crack/syn-v1-450-body_crack-0030.png,synthetic_restored,train,IMGGEN-CLEAN-BACK-V1,SYNTH-BASE-KIA7809AF-BACK-001,SPEC-A,back,body_crack,body_crack,mild,7809250,1449777766,1.1.1,7cc6627693f1a190ee26cfdbda90e0c69510377724d9484d14996ca83b755ffc,cb5fed83f6415c3bb3f6c26fce8fee402b064f28c0ad1c03b1bdc5dfa8d1ad8a,e360e71ace1911b7717231027582bfd268e45b29192bdba7667354ea7240bffd,6be34ba3205b5847ff90a1be9ce3ffdab3469d3b8bd011203254d0f17b6bd42f,512,512,113,0.0004310608,1.0000000000,13.8220338821,244,286,47,11,TRAIN_ONLY_SYNTHETIC_NG,NO,AUTO_PASS,NO,"{""attempt"":0,""effective_seed"":1449777766,""geometry"":{""rotation_deg"":0.482713,""scale"":0.963564,""translate_x"":-0.781935,""translate_y"":5.809215},""instances_pre_transform"":[{""branches"":0,""category"":""body_crack"",""category_id"":7,""length_px"":47.381,""recipe_subtype"":""edge_started_crack"",""severity"":""mild"",""surface"":""body_visible"",""width_px"":1.285}],""photometric"":{""blur_radius"":0.300072,""brightness"":1.047669,""channel_gain_b"":1.039413,""channel_gain_g"":1.023509,""channel_gain_r"":1.005376,""contrast"":0.942831,""noise_sigma"":0.237954,""saturation"":0.952872},""recipe"":[""body_crack""],""severity"":""mild""}"
syn-v1-450-body_crack-0031,synthetic/v1_450/images/body_crack/syn-v1-450-body_crack-0031.jpg,synthetic/v1_450/masks/body_crack/syn-v1-450-body_crack-0031.png,synthetic_restored,train,IMGGEN-CLEAN-BACK-V1,SYNTH-BASE-KIA7809AF-BACK-001,SPEC-A,back,body_crack,body_crack,moderate,7809250,1689149516,1.1.1,7cc6627693f1a190ee26cfdbda90e0c69510377724d9484d14996ca83b755ffc,cb5fed83f6415c3bb3f6c26fce8fee402b064f28c0ad1c03b1bdc5dfa8d1ad8a,cabf865bef26b76cfeac1137bb89c03f687601a0062fa74cf9bf83e5e41ea85e,1f75d69ddbb312e81ea10b025c9cb53ac944c3a2381f70ec920947b86fb26661,512,512,154,0.0005874634,1.0000000000,7.7056531906,138,194,167,58,TRAIN_ONLY_SYNTHETIC_NG,NO,AUTO_PASS,NO,"{""attempt"":0,""effective_seed"":1689149516,""geometry"":{""rotation_deg"":3.426774,""scale"":0.925848,""translate_x"":7.273539,""translate_y"":4.751471},""instances_pre_transform"":[{""branches"":1,""category"":""body_crack"",""category_id"":7,""length_px"":186.097,""recipe_subtype"":""edge_started_crack"",""severity"":""moderate"",""surface"":""body_visible"",""width_px"":1.606}],""photometric"":{""blur_radius"":0.030352,""brightness"":1.062219,""channel_gain_b"":1.021497,""channel_gain_g"":0.997559,""channel_gain_r"":0.971051,""contrast"":1.052579,""noise_sigma"":0.136366,""saturation"":0.986223},""recipe"":[""body_crack""],""severity"":""moderate""}"
syn-v1-450-body_crack-0032,synthetic/v1_450/images/body_crack/syn-v1-450-body_crack-0032.jpg,synthetic/v1_450/masks/body_crack/syn-v1-450-body_crack-0032.png,synthetic_restored,train,IMGGEN-CLEAN-BACK-V1,SYNTH-BASE-KIA7809AF-BACK-001,SPEC-A,back,body_crack,body_crack,mild,7809250,1356574680,1.1.1,7cc6627693f1a190ee26cfdbda90e0c69510377724d9484d14996ca83b755ffc,cb5fed83f6415c3bb3f6c26fce8fee402b064f28c0ad1c03b1bdc5dfa8d1ad8a,23911a18a48cba4bf6cbf10f37f52370d96794b2ab37c9806ec8453a362779ec,cd01992cef0ec6900f170d25856ed886a7dc689b4daf65f49de35064bc62f171,512,512,390,0.0014877319,1.0000000000,8.7731485367,303,115,8,169,TRAIN_ONLY_SYNTHETIC_NG,NO,AUTO_PASS,NO,"{""attempt"":0,""effective_seed"":1356574680,""geometry"":{""rotation_deg"":4.205464,""scale"":0.931434,""translate_x"":-1.477511,""translate_y"":11.42805},""instances_pre_transform"":[{""branches"":0,""category"":""body_crack"",""category_id"":7,""length_px"":181.466,""recipe_subtype"":""edge_started_crack"",""severity"":""mild"",""surface"":""body_visible"",""width_px"":1.089}],""photometric"":{""blur_radius"":0.864092,""brightness"":1.004624,""channel_gain_b"":1.01699,""channel_gain_g"":0.964316,""channel_gain_r"":1.017743,""contrast"":0.90883,""noise_sigma"":1.106266,""saturation"":1.018206},""recipe"":[""body_crack""],""severity"":""mild""}"
syn-v1-450-body_crack-0033,synthetic/v1_450/images/body_crack/syn-v1-450-body_crack-0033.jpg,synthetic/v1_450/masks/body_crack/syn-v1-450-body_crack-0033.png,synthetic_restored,train,IMGGEN-CLEAN-BACK-V1,SYNTH-BASE-KIA7809AF-BACK-001,SPEC-A,back,body_crack,body_crack,mild,7809250,754205053,1.1.1,7cc6627693f1a190ee26cfdbda90e0c69510377724d9484d14996ca83b755ffc,cb5fed83f6415c3bb3f6c26fce8fee402b064f28c0ad1c03b1bdc5dfa8d1ad8a,9341bd6f61b4e94bd58eb45c266e9d0d5497a5fd9c772cd9946f8088afcbc347,a6772f0bae8139af94f947aad1af7b9ba7baa97bb3b370d7c46749d8edbb57fb,512,512,200,0.0007629395,1.0000000000,7.4378376007,132,222,196,37,TRAIN_ONLY_SYNTHETIC_NG,NO,AUTO_PASS,NO,"{""attempt"":0,""effective_seed"":754205053,""geometry"":{""rotation_deg"":6.812503,""scale"":1.042978,""translate_x"":-0.602149,""translate_y"":5.823513},""instances_pre_transform"":[{""branches"":0,""category"":""body_crack"",""category_id"":7,""length_px"":190.129,""recipe_subtype"":""edge_started_crack"",""severity"":""mild"",""surface"":""body_visible"",""width_px"":0.856}],""photometric"":{""blur_radius"":0.589952,""brightness"":1.055292,""channel_gain_b"":0.979059,""channel_gain_g"":0.982473,""channel_gain_r"":1.009068,""contrast"":1.093626,""noise_sigma"":1.23125,""saturation"":1.006512},""recipe"":[""body_crack""],""severity"":""mild""}"
syn-v1-450-body_crack-0034,synthetic/v1_450/images/body_crack/syn-v1-450-body_crack-0034.jpg,synthetic/v1_450/masks/body_crack/syn-v1-450-body_crack-0034.png,synthetic_restored,train,IMGGEN-CLEAN-BACK-V1,SYNTH-BASE-KIA7809AF-BACK-001,SPEC-A,back,body_crack,body_crack,moderate,7809250,1576388620,1.1.1,7cc6627693f1a190ee26cfdbda90e0c69510377724d9484d14996ca83b755ffc,cb5fed83f6415c3bb3f6c26fce8fee402b064f28c0ad1c03b1bdc5dfa8d1ad8a,4c0fd19a781d813b9f932a59d7393bbd0f0aa72746a8299d852237839bd4c16a,5bdc8a0d66a744be8757d4a46dd81183c8cc6b393bebce42d33dd5ddc1df8148,512,512,175,0.0006675720,1.0000000000,8.5853176117,173,252,33,41,TRAIN_ONLY_SYNTHETIC_NG,NO,AUTO_PASS,NO,"{""attempt"":0,""effective_seed"":1576388620,""geometry"":{""rotation_deg"":-3.255619,""scale"":1.017598,""translate_x"":-2.385866,""translate_y"":9.805265},""instances_pre_transform"":[{""branches"":1,""category"":""body_crack"",""category_id"":7,""length_px"":44.688,""recipe_subtype"":""edge_started_crack"",""severity"":""moderate"",""surface"":""body_visible"",""width_px"":1.367}],""photometric"":{""blur_radius"":0.476017,""brightness"":0.934109,""channel_gain_b"":0.999487,""channel_gain_g"":1.039543,""channel_gain_r"":0.984185,""contrast"":0.961168,""noise_sigma"":2.576008,""saturation"":0.943775},""recipe"":[""body_crack""],""severity"":""moderate""}"
syn-v1-450-body_crack-0035,synthetic/v1_450/images/body_crack/syn-v1-450-body_crack-0035.jpg,synthetic/v1_450/masks/body_crack/syn-v1-450-body_crack-0035.png,synthetic_restored,train,IMGGEN-CLEAN-BACK-V1,SYNTH-BASE-KIA7809AF-BACK-001,SPEC-A,back,body_crack,body_crack,mild,7809250,844948641,1.1.1,7cc6627693f1a190ee26cfdbda90e0c69510377724d9484d14996ca83b755ffc,cb5fed83f6415c3bb3f6c26fce8fee402b064f28c0ad1c03b1bdc5dfa8d1ad8a,72eca6bc96e80ba537eba8b2a287553fc7e72be3340d4e549af80da31b71cac0,c4bf3db8a39c795f8034569e342b2fd5e2028fe1d593b555ec3e215922bb82e2,512,512,136,0.0005187988,1.0000000000,8.8048782349,319,230,23,47,TRAIN_ONLY_SYNTHETIC_NG,NO,AUTO_PASS,NO,"{""attempt"":0,""effective_seed"":844948641,""geometry"":{""rotation_deg"":-6.964316,""scale"":1.06604,""translate_x"":-5.811171,""translate_y"":-1.547973},""instances_pre_transform"":[{""branches"":0,""category"":""body_crack"",""category_id"":7,""length_px"":45.793,""recipe_subtype"":""edge_started_crack"",""severity"":""mild"",""surface"":""body_visible"",""width_px"":1.472}],""photometric"":{""blur_radius"":0.864501,""brightness"":1.019142,""channel_gain_b"":1.036637,""channel_gain_g"":0.998296,""channel_gain_r"":1.028751,""contrast"":0.983272,""noise_sigma"":0.157384,""saturation"":1.069115},""recipe"":[""body_crack""],""severity"":""mild""}"
syn-v1-450-body_crack-0036,synthetic/v1_450/images/body_crack/syn-v1-450-body_crack-0036.jpg,synthetic/v1_450/masks/body_crack/syn-v1-450-body_crack-0036.png,synthetic_restored,train,IMGGEN-CLEAN-BACK-V1,SYNTH-BASE-KIA7809AF-BACK-001,SPEC-A,back,body_crack,body_crack,mild,7809250,1904956568,1.1.1,7cc6627693f1a190ee26cfdbda90e0c69510377724d9484d14996ca83b755ffc,cb5fed83f6415c3bb3f6c26fce8fee402b064f28c0ad1c03b1bdc5dfa8d1ad8a,264206e0aff3820599a79e2954ac5c181c87ffdc46aaa8f6ac600e4170761863,6d222243d486d4e9c03e70a29ad0140c2d0d6d32d9cf519d309534d0f4bf5152,512,512,169,0.0006446838,1.0000000000,10.0578842163,185,296,83,11,TRAIN_ONLY_SYNTHETIC_NG,NO,AUTO_PASS,NO,"{""attempt"":0,""effective_seed"":1904956568,""geometry"":{""rotation_deg"":5.122502,""scale"":1.0166,""translate_x"":-9.624071,""translate_y"":-4.917706},""instances_pre_transform"":[{""branches"":0,""category"":""body_crack"",""category_id"":7,""length_px"":80.895,""recipe_subtype"":""edge_started_crack"",""severity"":""mild"",""surface"":""body_visible"",""width_px"":1.034}],""photometric"":{""blur_radius"":0.137356,""brightness"":1.035301,""channel_gain_b"":0.975616,""channel_gain_g"":1.021627,""channel_gain_r"":1.039183,""contrast"":0.942013,""noise_sigma"":1.468584,""saturation"":0.971763},""recipe"":[""body_crack""],""severity"":""mild""}"
syn-v1-450-body_crack-0037,synthetic/v1_450/images/body_crack/syn-v1-450-body_crack-0037.jpg,synthetic/v1_450/masks/body_crack/syn-v1-450-body_crack-0037.png,synthetic_restored,train,IMGGEN-CLEAN-BACK-V1,SYNTH-BASE-KIA7809AF-BACK-001,SPEC-A,back,body_crack,body_crack,moderate,7809250,110187166,1.1.1,7cc6627693f1a190ee26cfdbda90e0c69510377724d9484d14996ca83b755ffc,cb5fed83f6415c3bb3f6c26fce8fee402b064f28c0ad1c03b1bdc5dfa8d1ad8a,11612bba64cecbd38d8776680a397493a49174d8d5775fb67adec95ad0aafa71,aaf6ff993aabf5bb1cd67b5d498464399ba32c2b3f7744713351e741034aea7c,512,512,201,0.0007667542,1.0000000000,6.2034430504,163,233,36,78,TRAIN_ONLY_SYNTHETIC_NG,NO,AUTO_PASS,NO,"{""attempt"":0,""effective_seed"":110187166,""geometry"":{""rotation_deg"":7.724317,""scale"":0.96009,""translate_x"":-5.569514,""translate_y"":-3.391129},""instances_pre_transform"":[{""branches"":1,""category"":""body_crack"",""category_id"":7,""length_px"":86.4,""recipe_subtype"":""edge_started_crack"",""severity"":""moderate"",""surface"":""body_visible"",""width_px"":1.61}],""photometric"":{""blur_radius"":0.70012,""brightness"":0.949621,""channel_gain_b"":0.988683,""channel_gain_g"":0.964067,""channel_gain_r"":1.001177,""contrast"":1.039532,""noise_sigma"":0.988713,""saturation"":0.968417},""recipe"":[""body_crack""],""severity"":""moderate""}"
syn-v1-450-body_crack-0038,synthetic/v1_450/images/body_crack/syn-v1-450-body_crack-0038.jpg,synthetic/v1_450/masks/body_crack/syn-v1-450-body_crack-0038.png,synthetic_restored,train,IMGGEN-CLEAN-BACK-V1,SYNTH-BASE-KIA7809AF-BACK-001,SPEC-A,back,body_crack,body_crack,mild,7809250,865081762,1.1.1,7cc6627693f1a190ee26cfdbda90e0c69510377724d9484d14996ca83b755ffc,cb5fed83f6415c3bb3f6c26fce8fee402b064f28c0ad1c03b1bdc5dfa8d1ad8a,f840ec8340bddb1f4a55fb7dac327c1e61c985b30f4d3909afd1cb14ae875c7a,440462df25c9fed1d5a708ef992986112a105b38e08bdc01014c2a558bcd110d,512,512,75,0.0002861023,1.0000000000,8.0076627731,144,201,108,63,TRAIN_ONLY_SYNTHETIC_NG,NO,AUTO_PASS,NO,"{""attempt"":0,""effective_seed"":865081762,""geometry"":{""rotation_deg"":1.608417,""scale"":0.924529,""translate_x"":2.990443,""translate_y"":-11.636674},""instances_pre_transform"":[{""branches"":0,""category"":""body_crack"",""category_id"":7,""length_px"":132.925,""recipe_subtype"":""edge_started_crack"",""severity"":""mild"",""surface"":""body_visible"",""width_px"":1.256}],""photometric"":{""blur_radius"":0.055671,""brightness"":1.020756,""channel_gain_b"":0.997972,""channel_gain_g"":0.97052,""channel_gain_r"":1.008884,""contrast"":0.940396,""noise_sigma"":0.373251,""saturation"":0.989916},""recipe"":[""body_crack""],""severity"":""mild""}"
syn-v1-450-body_crack-0039,synthetic/v1_450/images/body_crack/syn-v1-450-body_crack-0039.jpg,synthetic/v1_450/masks/body_crack/syn-v1-450-body_crack-0039.png,synthetic_restored,train,IMGGEN-CLEAN-BACK-V1,SYNTH-BASE-KIA7809AF-BACK-001,SPEC-A,back,body_crack,body_crack,mild,7809250,1690279281,1.1.1,7cc6627693f1a190ee26cfdbda90e0c69510377724d9484d14996ca83b755ffc,cb5fed83f6415c3bb3f6c26fce8fee402b064f28c0ad1c03b1bdc5dfa8d1ad8a,12518e664ffca3e749a61148edf2fb09a98648a802d77c0eeb0ebf64f4ce8848,6173bf345d63d9434c64f13d4335cc144c73a462ea1af3e96b76477d8282c120,512,512,213,0.0008125305,1.0000000000,17.7033901215,288,183,37,82,TRAIN_ONLY_SYNTHETIC_NG,NO,AUTO_PASS,NO,"{""attempt"":0,""effective_seed"":1690279281,""geometry"":{""rotation_deg"":-0.810293,""scale"":0.932489,""translate_x"":3.554144,""translate_y"":-10.725157},""instances_pre_transform"":[{""branches"":0,""category"":""body_crack"",""category_id"":7,""length_px"":93.231,""recipe_subtype"":""edge_started_crack"",""severity"":""mild"",""surface"":""body_visible"",""width_px"":1.219}],""photometric"":{""blur_radius"":0.591028,""brightness"":0.964081,""channel_gain_b"":0.983748,""channel_gain_g"":0.986225,""channel_gain_r"":1.000986,""contrast"":1.037467,""noise_sigma"":1.495352,""saturation"":0.954157},""recipe"":[""body_crack""],""severity"":""mild""}"
syn-v1-450-body_crack-0040,synthetic/v1_450/images/body_crack/syn-v1-450-body_crack-0040.jpg,synthetic/v1_450/masks/body_crack/syn-v1-450-body_crack-0040.png,synthetic_restored,train,IMGGEN-CLEAN-BACK-V1,SYNTH-BASE-KIA7809AF-BACK-001,SPEC-A,back,body_crack,body_crack,moderate,7809250,664191682,1.1.1,7cc6627693f1a190ee26cfdbda90e0c69510377724d9484d14996ca83b755ffc,cb5fed83f6415c3bb3f6c26fce8fee402b064f28c0ad1c03b1bdc5dfa8d1ad8a,f1c7aaf77b9c274a0d7bd1d750cef9f09484e2f854305f8e1bfee8a43793df21,0d27fe278fbf8af10ccc3f196ed301899d758c3c18d5b693888d03b9eabea120,512,512,475,0.0018119812,1.0000000000,8.6952819824,139,197,99,93,TRAIN_ONLY_SYNTHETIC_NG,NO,AUTO_PASS,NO,"{""attempt"":0,""effective_seed"":664191682,""geometry"":{""rotation_deg"":-7.96675,""scale"":1.040471,""translate_x"":2.494704,""translate_y"":3.15037},""instances_pre_transform"":[{""branches"":1,""category"":""body_crack"",""category_id"":7,""length_px"":127.64,""recipe_subtype"":""edge_started_crack"",""severity"":""moderate"",""surface"":""body_visible"",""width_px"":2.281}],""photometric"":{""blur_radius"":0.76714,""brightness"":0.957177,""channel_gain_b"":0.980675,""channel_gain_g"":0.997677,""channel_gain_r"":0.997105,""contrast"":0.950137,""noise_sigma"":1.728646,""saturation"":0.940925},""recipe"":[""body_crack""],""severity"":""moderate""}"
syn-v1-450-body_crack-0041,synthetic/v1_450/images/body_crack/syn-v1-450-body_crack-0041.jpg,synthetic/v1_450/masks/body_crack/syn-v1-450-body_crack-0041.png,synthetic_restored,train,IMGGEN-CLEAN-BACK-V1,SYNTH-BASE-KIA7809AF-BACK-001,SPEC-A,back,body_crack,body_crack,moderate,7809250,1512970449,1.1.1,7cc6627693f1a190ee26cfdbda90e0c69510377724d9484d14996ca83b755ffc,cb5fed83f6415c3bb3f6c26fce8fee402b064f28c0ad1c03b1bdc5dfa8d1ad8a,d55cd8a6556875c9dfc016bcb19a437763634cd08d3ff12d7ceef4c02af96624,f9b0d7fbc3ed62d3991a4fcf7c4b8983cad5cc5a062a723266d09ad973899c6e,512,512,391,0.0014915466,1.0000000000,11.0463771820,214,237,112,65,TRAIN_ONLY_SYNTHETIC_NG,NO,AUTO_PASS,NO,"{""attempt"":0,""effective_seed"":1512970449,""geometry"":{""rotation_deg"":-4.088254,""scale"":1.064938,""translate_x"":11.695159,""translate_y"":2.267812},""instances_pre_transform"":[{""branches"":0,""category"":""body_crack"",""category_id"":7,""length_px"":118.983,""recipe_subtype"":""edge_started_crack"",""severity"":""moderate"",""surface"":""body_visible"",""width_px"":1.778}],""photometric"":{""blur_radius"":0.31889,""brightness"":0.951782,""channel_gain_b"":0.976422,""channel_gain_g"":1.023505,""channel_gain_r"":0.990835,""contrast"":0.911737,""noise_sigma"":1.311559,""saturation"":0.966673},""recipe"":[""body_crack""],""severity"":""moderate""}"
syn-v1-450-body_crack-0042,synthetic/v1_450/images/body_crack/syn-v1-450-body_crack-0042.jpg,synthetic/v1_450/masks/body_crack/syn-v1-450-body_crack-0042.png,synthetic_restored,train,IMGGEN-CLEAN-BACK-V1,SYNTH-BASE-KIA7809AF-BACK-001,SPEC-A,back,body_crack,body_crack,mild,7809250,1468237247,1.1.1,7cc6627693f1a190ee26cfdbda90e0c69510377724d9484d14996ca83b755ffc,cb5fed83f6415c3bb3f6c26fce8fee402b064f28c0ad1c03b1bdc5dfa8d1ad8a,5b329baf20ec0a8178f2a390ad9d2804e5e9ea9287adc5de958d18da96f871d6,d678ee66c8f3acc51ac8c81f15f14600c7f5d3a5bf8b718b1bc6b13e75b55195,512,512,146,0.0005569458,1.0000000000,7.8587198257,242,245,14,52,TRAIN_ONLY_SYNTHETIC_NG,NO,AUTO_PASS,NO,"{""attempt"":0,""effective_seed"":1468237247,""geometry"":{""rotation_deg"":2.67254,""scale"":0.960914,""translate_x"":0.802868,""translate_y"":3.003521},""instances_pre_transform"":[{""branches"":0,""category"":""body_crack"",""category_id"":7,""length_px"":52.887,""recipe_subtype"":""edge_started_crack"",""severity"":""mild"",""surface"":""body_visible"",""width_px"":1.456}],""photometric"":{""blur_radius"":0.136546,""brightness"":1.065318,""channel_gain_b"":0.966435,""channel_gain_g"":1.007544,""channel_gain_r"":0.976454,""contrast"":0.955514,""noise_sigma"":1.189383,""saturation"":0.984603},""recipe"":[""body_crack""],""severity"":""mild""}"
syn-v1-450-body_crack-0043,synthetic/v1_450/images/body_crack/syn-v1-450-body_crack-0043.jpg,synthetic/v1_450/masks/body_crack/syn-v1-450-body_crack-0043.png,synthetic_restored,train,IMGGEN-CLEAN-BACK-V1,SYNTH-BASE-KIA7809AF-BACK-001,SPEC-A,back,body_crack,body_crack,mild,7809250,232970595,1.1.1,7cc6627693f1a190ee26cfdbda90e0c69510377724d9484d14996ca83b755ffc,cb5fed83f6415c3bb3f6c26fce8fee402b064f28c0ad1c03b1bdc5dfa8d1ad8a,f5a689946974a6ec49839e02ec96b53a47800c32ff8deca5e4925ba619cb10e3,48fd4d39cb6c07a532fcf557904fb09f13e37bfe3658f4e073c768554031c972,512,512,244,0.0009307861,1.0000000000,16.7878780365,144,131,27,115,TRAIN_ONLY_SYNTHETIC_NG,NO,AUTO_PASS,NO,"{""attempt"":0,""effective_seed"":232970595,""geometry"":{""rotation_deg"":-5.248839,""scale"":1.07081,""translate_x"":-9.847376,""translate_y"":-4.047999},""instances_pre_transform"":[{""branches"":0,""category"":""body_crack"",""category_id"":7,""length_px"":108.904,""recipe_subtype"":""edge_started_crack"",""severity"":""mild"",""surface"":""body_visible"",""width_px"":0.817}],""photometric"":{""blur_radius"":0.842807,""brightness"":1.041884,""channel_gain_b"":0.988388,""channel_gain_g"":1.037447,""channel_gain_r"":1.034813,""contrast"":0.925653,""noise_sigma"":2.565497,""saturation"":1.002795},""recipe"":[""body_crack""],""severity"":""mild""}"
syn-v1-450-body_crack-0044,synthetic/v1_450/images/body_crack/syn-v1-450-body_crack-0044.jpg,synthetic/v1_450/masks/body_crack/syn-v1-450-body_crack-0044.png,synthetic_restored,train,IMGGEN-CLEAN-BACK-V1,SYNTH-BASE-KIA7809AF-BACK-001,SPEC-A,back,body_crack,body_crack,mild,7809250,1034346855,1.1.1,7cc6627693f1a190ee26cfdbda90e0c69510377724d9484d14996ca83b755ffc,cb5fed83f6415c3bb3f6c26fce8fee402b064f28c0ad1c03b1bdc5dfa8d1ad8a,2a9748057b268e620189e02ef789d7d6bd6fa78ccb4739918759ab2f894dcc9a,4bb5aa35dd7c9454a4979354ff1baa1e4309708dd1c2a34a6aaf3c291513ac73,512,512,119,0.0004539490,1.0000000000,15.5182075500,149,211,29,43,TRAIN_ONLY_SYNTHETIC_NG,NO,AUTO_PASS,NO,"{""attempt"":0,""effective_seed"":1034346855,""geometry"":{""rotation_deg"":-0.477928,""scale"":1.005028,""translate_x"":-9.574121,""translate_y"":8.027309},""instances_pre_transform"":[{""branches"":0,""category"":""body_crack"",""category_id"":7,""length_px"":49.092,""recipe_subtype"":""edge_started_crack"",""severity"":""mild"",""surface"":""body_visible"",""width_px"":0.942}],""photometric"":{""blur_radius"":0.810082,""brightness"":0.959893,""channel_gain_b"":0.97675,""channel_gain_g"":1.001432,""channel_gain_r"":1.002709,""contrast"":0.907737,""noise_sigma"":0.9714,""saturation"":0.999139},""recipe"":[""body_crack""],""severity"":""mild""}"
syn-v1-450-body_crack-0045,synthetic/v1_450/images/body_crack/syn-v1-450-body_crack-0045.jpg,synthetic/v1_450/masks/body_crack/syn-v1-450-body_crack-0045.png,synthetic_restored,train,IMGGEN-CLEAN-BACK-V1,SYNTH-BASE-KIA7809AF-BACK-001,SPEC-A,back,body_crack,body_crack,severe,7809250,1875579205,1.1.1,7cc6627693f1a190ee26cfdbda90e0c69510377724d9484d14996ca83b755ffc,cb5fed83f6415c3bb3f6c26fce8fee402b064f28c0ad1c03b1bdc5dfa8d1ad8a,cc2a52960edd692e5b2b5373a1acb1ea11fe8daee46d1324d68bbfcd1e0a0446,e100c2265eec3f23693ef5dff4c0d1c2690655f0fe333f15e6a1d40e21e7e651,512,512,34,0.0001296997,1.0000000000,9.9145298004,212,289,15,7,TRAIN_ONLY_SYNTHETIC_NG,NO,AUTO_PASS,NO,"{""attempt"":0,""effective_seed"":1875579205,""geometry"":{""rotation_deg"":-1.507588,""scale"":0.953772,""translate_x"":7.6887,""translate_y"":7.507997},""instances_pre_transform"":[{""branches"":1,""category"":""body_crack"",""category_id"":7,""length_px"":13.601,""recipe_subtype"":""edge_started_crack"",""severity"":""severe"",""surface"":""body_visible"",""width_px"":1.988}],""photometric"":{""blur_radius"":0.335403,""brightness"":0.934778,""channel_gain_b"":1.037012,""channel_gain_g"":0.992548,""channel_gain_r"":0.990268,""contrast"":0.957186,""noise_sigma"":2.80582,""saturation"":0.973394},""recipe"":[""body_crack""],""severity"":""severe""}"
syn-v1-450-body_crack-0046,synthetic/v1_450/images/body_crack/syn-v1-450-body_crack-0046.jpg,synthetic/v1_450/masks/body_crack/syn-v1-450-body_crack-0046.png,synthetic_restored,train,IMGGEN-CLEAN-BACK-V1,SYNTH-BASE-KIA7809AF-BACK-001,SPEC-A,back,body_crack,body_crack,mild,7809250,2097999374,1.1.1,7cc6627693f1a190ee26cfdbda90e0c69510377724d9484d14996ca83b755ffc,cb5fed83f6415c3bb3f6c26fce8fee402b064f28c0ad1c03b1bdc5dfa8d1ad8a,70099d6137528541e0e1226b3594434ca2a09944ab3a6965f7afaa82a6a12d52,31e6d8b2fd5c14f346c2e997968e93779a8665c289f4aa82e21087447a2a9868,512,512,198,0.0007553101,1.0000000000,8.2111110687,154,235,92,69,TRAIN_ONLY_SYNTHETIC_NG,NO,AUTO_PASS,NO,"{""attempt"":0,""effective_seed"":2097999374,""geometry"":{""rotation_deg"":6.159569,""scale"":0.961435,""translate_x"":6.619843,""translate_y"":-3.436592},""instances_pre_transform"":[{""branches"":0,""category"":""body_crack"",""category_id"":7,""length_px"":116.103,""recipe_subtype"":""edge_started_crack"",""severity"":""mild"",""surface"":""body_visible"",""width_px"":1.224}],""photometric"":{""blur_radius"":0.435018,""brightness"":1.040908,""channel_gain_b"":1.015406,""channel_gain_g"":1.015555,""channel_gain_r"":1.022563,""contrast"":1.054936,""noise_sigma"":1.781954,""saturation"":1.030676},""recipe"":[""body_crack""],""severity"":""mild""}"
syn-v1-450-body_crack-0047,synthetic/v1_450/images/body_crack/syn-v1-450-body_crack-0047.jpg,synthetic/v1_450/masks/body_crack/syn-v1-450-body_crack-0047.png,synthetic_restored,train,IMGGEN-CLEAN-BACK-V1,SYNTH-BASE-KIA7809AF-BACK-001,SPEC-A,back,body_crack,body_crack,moderate,7809250,211127530,1.1.1,7cc6627693f1a190ee26cfdbda90e0c69510377724d9484d14996ca83b755ffc,cb5fed83f6415c3bb3f6c26fce8fee402b064f28c0ad1c03b1bdc5dfa8d1ad8a,1227fca6c72b5f80f88a99e837f0e2660d8ebfeefe2f666eefbaf45344906893,f7fdd0b1b085fe1625cdcd665375674492ac6d1095f0e44973530ccc1dedfcd5,512,512,207,0.0007896423,1.0000000000,11.7844200134,222,276,54,19,TRAIN_ONLY_SYNTHETIC_NG,NO,AUTO_PASS,NO,"{""attempt"":0,""effective_seed"":211127530,""geometry"":{""rotation_deg"":2.389922,""scale"":1.068092,""translate_x"":-8.761293,""translate_y"":9.274528},""instances_pre_transform"":[{""branches"":0,""category"":""body_crack"",""category_id"":7,""length_px"":49.336,""recipe_subtype"":""edge_started_crack"",""severity"":""moderate"",""surface"":""body_visible"",""width_px"":2.394}],""photometric"":{""blur_radius"":0.491735,""brightness"":0.951074,""channel_gain_b"":0.993947,""channel_gain_g"":0.971758,""channel_gain_r"":1.006577,""contrast"":0.999139,""noise_sigma"":1.461904,""saturation"":0.991369},""recipe"":[""body_crack""],""severity"":""moderate""}"
syn-v1-450-body_crack-0048,synthetic/v1_450/images/body_crack/syn-v1-450-body_crack-0048.jpg,synthetic/v1_450/masks/body_crack/syn-v1-450-body_crack-0048.png,synthetic_restored,train,IMGGEN-CLEAN-BACK-V1,SYNTH-BASE-KIA7809AF-BACK-001,SPEC-A,back,body_crack,body_crack,mild,7809250,1922895247,1.1.1,7cc6627693f1a190ee26cfdbda90e0c69510377724d9484d14996ca83b755ffc,cb5fed83f6415c3bb3f6c26fce8fee402b064f28c0ad1c03b1bdc5dfa8d1ad8a,1485cd190905d21c9646a74d045eecce0014db0518d5fd7e134c02e72d767ab3,ed2fa689b11ed74e7426270651ba0bf8a9de9a00cb941435e23f236c30142eb1,512,512,274,0.0010452271,1.0000000000,8.9388265610,139,209,153,81,TRAIN_ONLY_SYNTHETIC_NG,NO,AUTO_PASS,NO,"{""attempt"":0,""effective_seed"":1922895247,""geometry"":{""rotation_deg"":6.498099,""scale"":1.006163,""translate_x"":8.366639,""translate_y"":6.28348},""instances_pre_transform"":[{""branches"":0,""category"":""body_crack"",""category_id"":7,""length_px"":169.189,""recipe_subtype"":""edge_started_crack"",""severity"":""mild"",""surface"":""body_visible"",""width_px"":1.164}],""photometric"":{""blur_radius"":0.686678,""brightness"":1.009083,""channel_gain_b"":0.973881,""channel_gain_g"":1.016379,""channel_gain_r"":1.014723,""contrast"":0.92131,""noise_sigma"":2.451458,""saturation"":1.070538},""recipe"":[""body_crack""],""severity"":""mild""}"
syn-v1-450-body_crack-0049,synthetic/v1_450/images/body_crack/syn-v1-450-body_crack-0049.jpg,synthetic/v1_450/masks/body_crack/syn-v1-450-body_crack-0049.png,synthetic_restored,train,IMGGEN-CLEAN-BACK-V1,SYNTH-BASE-KIA7809AF-BACK-001,SPEC-A,back,body_crack,body_crack,mild,7809250,1176568522,1.1.1,7cc6627693f1a190ee26cfdbda90e0c69510377724d9484d14996ca83b755ffc,cb5fed83f6415c3bb3f6c26fce8fee402b064f28c0ad1c03b1bdc5dfa8d1ad8a,9ac974fd7052c960607472eab71bfb39c72bef3f16911673dd50250ddaf1c939,cc6664156ae747b58c756cef86c43d03ef2f84461122f0cc27fd0ce87ea5edc1,512,512,96,0.0003662109,1.0000000000,8.1775360107,138,201,191,53,TRAIN_ONLY_SYNTHETIC_NG,NO,AUTO_PASS,NO,"{""attempt"":0,""effective_seed"":1176568522,""geometry"":{""rotation_deg"":-0.255807,""scale"":1.031165,""translate_x"":-0.696407,""translate_y"":-4.448784},""instances_pre_transform"":[{""branches"":0,""category"":""body_crack"",""category_id"":7,""length_px"":190.937,""recipe_subtype"":""edge_started_crack"",""severity"":""mild"",""surface"":""body_visible"",""width_px"":0.873}],""photometric"":{""blur_radius"":0.279325,""brightness"":0.970888,""channel_gain_b"":0.986993,""channel_gain_g"":1.01206,""channel_gain_r"":0.975855,""contrast"":1.047859,""noise_sigma"":2.981458,""saturation"":0.985953},""recipe"":[""body_crack""],""severity"":""mild""}"
syn-v1-450-multi_defect-0000,synthetic/v1_450/images/multi_defect/syn-v1-450-multi_defect-0000.jpg,synthetic/v1_450/masks/multi_defect/syn-v1-450-multi_defect-0000.png,synthetic_restored,train,IMGGEN-CLEAN-BACK-V1,SYNTH-BASE-KIA7809AF-BACK-001,SPEC-A,back,multi_defect,scratch;discoloration,moderate,7809250,1495881206,1.1.1,7cc6627693f1a190ee26cfdbda90e0c69510377724d9484d14996ca83b755ffc,cb5fed83f6415c3bb3f6c26fce8fee402b064f28c0ad1c03b1bdc5dfa8d1ad8a,bd621331a21fad8a03de6c23b9052cd4a4b0ff05f1be9f9dfc84848fe3976228,ad4289c21556f164c1549b5dd08dee4c60d4cc87b0ea628a07088d99c0872569,512,512,5768,0.0220031738,1.0000000000,10.3239030838,155,120,153,132,TRAIN_ONLY_SYNTHETIC_NG,NO,AUTO_PASS,NO,"{""attempt"":0,""effective_seed"":1495881206,""geometry"":{""rotation_deg"":6.776804,""scale"":1.027876,""translate_x"":-9.80537,""translate_y"":-5.332968},""instances_pre_transform"":[{""category"":""scratch"",""category_id"":1,""count"":3,""length_px"":[126.246,117.273,144.278],""severity"":""moderate"",""surface"":""metal_tab"",""width_px"":[2.518,2.78,3.193]},{""category"":""discoloration"",""category_id"":3,""recipe_subtype"":""broad_color_shift"",""severity"":""moderate"",""span_px"":[62.701,49.562],""surface"":""metal_tab""}],""photometric"":{""blur_radius"":0.82703,""brightness"":0.949444,""channel_gain_b"":0.982984,""channel_gain_g"":1.00962,""channel_gain_r"":1.034355,""contrast"":0.900659,""noise_sigma"":1.071913,""saturation"":1.019968},""recipe"":[""scratch"",""discoloration""],""severity"":""moderate""}"
syn-v1-450-multi_defect-0001,synthetic/v1_450/images/multi_defect/syn-v1-450-multi_defect-0001.jpg,synthetic/v1_450/masks/multi_defect/syn-v1-450-multi_defect-0001.png,synthetic_restored,train,IMGGEN-CLEAN-BACK-V1,SYNTH-BASE-KIA7809AF-BACK-001,SPEC-A,back,multi_defect,scratch;lead_breakage,mild,7809250,1229434898,1.1.1,7cc6627693f1a190ee26cfdbda90e0c69510377724d9484d14996ca83b755ffc,cb5fed83f6415c3bb3f6c26fce8fee402b064f28c0ad1c03b1bdc5dfa8d1ad8a,b7d6d981f442837cce9532324ca408683770a1e78868b70a41be2a1d4ceab599,e871b8ba4c29b0e32d461a00a6024f2ec0c2aa49c39dad57dcfb4e107ca127ee,512,512,790,0.0030136108,1.0000000000,16.6175041199,162,137,42,233,TRAIN_ONLY_SYNTHETIC_NG,NO,AUTO_PASS,NO,"{""attempt"":0,""effective_seed"":1229434898,""geometry"":{""rotation_deg"":2.350258,""scale"":0.934621,""translate_x"":5.247667,""translate_y"":2.145257},""instances_pre_transform"":[{""category"":""scratch"",""category_id"":1,""count"":1,""length_px"":[65.376],""severity"":""mild"",""surface"":""metal_tab"",""width_px"":[1.268]},{""category"":""lead_breakage"",""category_id"":5,""recipe_subtype"":""distal_lead_missing"",""removed_fraction"":0.259,""severity"":""mild"",""surface"":""left_lead""}],""photometric"":{""blur_radius"":0.406715,""brightness"":1.004451,""channel_gain_b"":0.971369,""channel_gain_g"":0.98864,""channel_gain_r"":0.976864,""contrast"":1.074464,""noise_sigma"":1.197128,""saturation"":0.938756},""recipe"":[""scratch"",""lead_breakage""],""severity"":""mild""}"
syn-v1-450-multi_defect-0002,synthetic/v1_450/images/multi_defect/syn-v1-450-multi_defect-0002.jpg,synthetic/v1_450/masks/multi_defect/syn-v1-450-multi_defect-0002.png,synthetic_restored,train,IMGGEN-CLEAN-BACK-V1,SYNTH-BASE-KIA7809AF-BACK-001,SPEC-A,back,multi_defect,scratch;discoloration,mild,7809250,1447851293,1.1.1,7cc6627693f1a190ee26cfdbda90e0c69510377724d9484d14996ca83b755ffc,cb5fed83f6415c3bb3f6c26fce8fee402b064f28c0ad1c03b1bdc5dfa8d1ad8a,7c32a3121d4954b3b507b7e45c03a26f6bee44d9f195d044eeb5f40f40812c45,3b983334785c9fbfdd1a14cc6da8bfd0f6e3ede573844e6ba58360d4cde73c85,512,512,2422,0.0092391968,1.0000000000,7.9249906540,222,96,78,124,TRAIN_ONLY_SYNTHETIC_NG,NO,AUTO_PASS,NO,"{""attempt"":0,""effective_seed"":1447851293,""geometry"":{""rotation_deg"":0.449638,""scale"":0.963286,""translate_x"":1.860926,""translate_y"":9.256305},""instances_pre_transform"":[{""category"":""scratch"",""category_id"":1,""count"":1,""length_px"":[60.811],""severity"":""mild"",""surface"":""metal_tab"",""width_px"":[1.633]},{""category"":""discoloration"",""category_id"":3,""recipe_subtype"":""broad_color_shift"",""severity"":""mild"",""span_px"":[46.127,71.114],""surface"":""metal_tab""}],""photometric"":{""blur_radius"":0.349276,""brightness"":0.939049,""channel_gain_b"":0.971863,""channel_gain_g"":0.982123,""channel_gain_r"":0.973851,""contrast"":0.987772,""noise_sigma"":2.028442,""saturation"":1.061023},""recipe"":[""scratch"",""discoloration""],""severity"":""mild""}"
syn-v1-450-multi_defect-0003,synthetic/v1_450/images/multi_defect/syn-v1-450-multi_defect-0003.jpg,synthetic/v1_450/masks/multi_defect/syn-v1-450-multi_defect-0003.png,synthetic_restored,train,IMGGEN-CLEAN-BACK-V1,SYNTH-BASE-KIA7809AF-BACK-001,SPEC-A,back,multi_defect,scratch;discoloration,mild,7809250,605537092,1.1.1,7cc6627693f1a190ee26cfdbda90e0c69510377724d9484d14996ca83b755ffc,cb5fed83f6415c3bb3f6c26fce8fee402b064f28c0ad1c03b1bdc5dfa8d1ad8a,e28ab85fea5b2d9df79f82f6faade1aa30815dccf38c5b532b33b93bca22e6d0,130aa4005c0fa794326df7b1b856a43a9685a325c9e63ee191652bc93a901f46,512,512,6215,0.0237083435,1.0000000000,7.1889743805,207,108,103,114,TRAIN_ONLY_SYNTHETIC_NG,NO,AUTO_PASS,NO,"{""attempt"":1,""effective_seed"":605641821,""geometry"":{""rotation_deg"":-6.810208,""scale"":0.982722,""translate_x"":-9.258326,""translate_y"":10.167347},""instances_pre_transform"":[{""category"":""scratch"",""category_id"":1,""count"":1,""length_px"":[82.68],""severity"":""mild"",""surface"":""metal_tab"",""width_px"":[0.905]},{""category"":""discoloration"",""category_id"":3,""recipe_subtype"":""broad_color_shift"",""severity"":""mild"",""span_px"":[70.183,59.657],""surface"":""metal_tab""}],""photometric"":{""blur_radius"":0.611626,""brightness"":0.968529,""channel_gain_b"":0.99623,""channel_gain_g"":1.031925,""channel_gain_r"":0.990957,""contrast"":0.973006,""noise_sigma"":2.44951,""saturation"":1.007073},""recipe"":[""scratch"",""discoloration""],""severity"":""mild""}"
syn-v1-450-multi_defect-0004,synthetic/v1_450/images/multi_defect/syn-v1-450-multi_defect-0004.jpg,synthetic/v1_450/masks/multi_defect/syn-v1-450-multi_defect-0004.png,synthetic_restored,train,IMGGEN-CLEAN-BACK-V1,SYNTH-BASE-KIA7809AF-BACK-001,SPEC-A,back,multi_defect,discoloration;body_chip,mild,7809250,1323146547,1.1.1,7cc6627693f1a190ee26cfdbda90e0c69510377724d9484d14996ca83b755ffc,cb5fed83f6415c3bb3f6c26fce8fee402b064f28c0ad1c03b1bdc5dfa8d1ad8a,699c82e7410f8cbcd6676867530fb841be95e9c9561e7d3721465398a94d274d,39a93fd96a7e4a9b2430e788d8b36a15b582ace4b1e60a0942f78fd432cd90ca,512,512,4529,0.0172767639,1.0000000000,11.5107240677,174,84,172,126,TRAIN_ONLY_SYNTHETIC_NG,NO,AUTO_PASS,NO,"{""attempt"":0,""effective_seed"":1323146547,""geometry"":{""rotation_deg"":-5.382251,""scale"":1.026953,""translate_x"":-6.846808,""translate_y"":4.024798},""instances_pre_transform"":[{""category"":""discoloration"",""category_id"":3,""recipe_subtype"":""broad_color_shift"",""severity"":""mild"",""span_px"":[79.416,65.215],""surface"":""metal_tab""},{""category"":""body_chip"",""category_id"":6,""depth_px"":10,""recipe_subtype"":""edge_material_loss"",""severity"":""mild"",""span_px"":22,""surface"":""body_right_edge""}],""photometric"":{""blur_radius"":0.0334,""brightness"":1.026152,""channel_gain_b"":1.032023,""channel_gain_g"":1.002008,""channel_gain_r"":0.962675,""contrast"":0.973191,""noise_sigma"":2.012024,""saturation"":1.060498},""recipe"":[""discoloration"",""body_chip""],""severity"":""mild""}"
syn-v1-450-multi_defect-0005,synthetic/v1_450/images/multi_defect/syn-v1-450-multi_defect-0005.jpg,synthetic/v1_450/masks/multi_defect/syn-v1-450-multi_defect-0005.png,synthetic_restored,train,IMGGEN-CLEAN-BACK-V1,SYNTH-BASE-KIA7809AF-BACK-001,SPEC-A,back,multi_defect,scratch;lead_breakage,mild,7809250,1441048232,1.1.1,7cc6627693f1a190ee26cfdbda90e0c69510377724d9484d14996ca83b755ffc,cb5fed83f6415c3bb3f6c26fce8fee402b064f28c0ad1c03b1bdc5dfa8d1ad8a,6ba16222f4a9d9dc246e47a08f18f65a7658f706ba1993174a5735b13bdc3596,41eb5f875d82b26c2ae11a48a4c3de658e95a248c352ca32cbe54e194e7c7a7f,512,512,884,0.0033721924,1.0000000000,17.8796920776,168,117,38,245,TRAIN_ONLY_SYNTHETIC_NG,NO,AUTO_PASS,NO,"{""attempt"":0,""effective_seed"":1441048232,""geometry"":{""rotation_deg"":-2.986428,""scale"":0.925838,""translate_x"":2.535308,""translate_y"":3.567341},""instances_pre_transform"":[{""category"":""scratch"",""category_id"":1,""count"":1,""length_px"":[116.155],""severity"":""mild"",""surface"":""metal_tab"",""width_px"":[1.58]},{""category"":""lead_breakage"",""category_id"":5,""recipe_subtype"":""distal_lead_missing"",""removed_fraction"":0.2695,""severity"":""mild"",""surface"":""left_lead""}],""photometric"":{""blur_radius"":0.673277,""brightness"":0.955492,""channel_gain_b"":0.966304,""channel_gain_g"":0.974364,""channel_gain_r"":1.015689,""contrast"":0.980075,""noise_sigma"":1.964507,""saturation"":1.047725},""recipe"":[""scratch"",""lead_breakage""],""severity"":""mild""}"
syn-v1-450-multi_defect-0006,synthetic/v1_450/images/multi_defect/syn-v1-450-multi_defect-0006.jpg,synthetic/v1_450/masks/multi_defect/syn-v1-450-multi_defect-0006.png,synthetic_restored,train,IMGGEN-CLEAN-BACK-V1,SYNTH-BASE-KIA7809AF-BACK-001,SPEC-A,back,multi_defect,discoloration;body_chip,moderate,7809250,131167685,1.1.1,7cc6627693f1a190ee26cfdbda90e0c69510377724d9484d14996ca83b755ffc,cb5fed83f6415c3bb3f6c26fce8fee402b064f28c0ad1c03b1bdc5dfa8d1ad8a,4d0e092153a9f61aad26a48251c775e93458dee4efec5c1588e8f8675efd03d1,c3b9a6abb45e5e57a27781fe92c612568a4d08e8ff00b6d96cb6a1b103c54359,512,512,7080,0.0270080566,1.0000000000,7.4232764244,149,90,186,172,TRAIN_ONLY_SYNTHETIC_NG,NO,AUTO_PASS,NO,"{""attempt"":0,""effective_seed"":131167685,""geometry"":{""rotation_deg"":2.017457,""scale"":1.037081,""translate_x"":0.673029,""translate_y"":5.933359},""instances_pre_transform"":[{""category"":""discoloration"",""category_id"":3,""recipe_subtype"":""broad_color_shift"",""severity"":""moderate"",""span_px"":[103.459,95.101],""surface"":""metal_tab""},{""category"":""body_chip"",""category_id"":6,""depth_px"":9,""recipe_subtype"":""edge_material_loss"",""severity"":""moderate"",""span_px"":33,""surface"":""body_right_edge""}],""photometric"":{""blur_radius"":0.22286,""brightness"":0.950195,""channel_gain_b"":0.984223,""channel_gain_g"":0.99461,""channel_gain_r"":0.97995,""contrast"":1.03975,""noise_sigma"":1.526398,""saturation"":1.059876},""recipe"":[""discoloration"",""body_chip""],""severity"":""moderate""}"
syn-v1-450-multi_defect-0007,synthetic/v1_450/images/multi_defect/syn-v1-450-multi_defect-0007.jpg,synthetic/v1_450/masks/multi_defect/syn-v1-450-multi_defect-0007.png,synthetic_restored,train,IMGGEN-CLEAN-BACK-V1,SYNTH-BASE-KIA7809AF-BACK-001,SPEC-A,back,multi_defect,scratch;discoloration,moderate,7809250,1195731619,1.1.1,7cc6627693f1a190ee26cfdbda90e0c69510377724d9484d14996ca83b755ffc,cb5fed83f6415c3bb3f6c26fce8fee402b064f28c0ad1c03b1bdc5dfa8d1ad8a,a8e950f2dcb6e5c6bd1eeaa7a65923c34b06996bd900c82d29e9f417d43ff185,118174e7ea20496286d8a7b101b7d401a843f5ba42e45cdeb9e6aac0aa4998bc,512,512,7162,0.0273208618,1.0000000000,5.5872654915,186,107,110,139,TRAIN_ONLY_SYNTHETIC_NG,NO,AUTO_PASS,NO,"{""attempt"":0,""effective_seed"":1195731619,""geometry"":{""rotation_deg"":5.942348,""scale"":1.011235,""translate_x"":1.434831,""translate_y"":-4.627892},""instances_pre_transform"":[{""category"":""scratch"",""category_id"":1,""count"":2,""length_px"":[138.708,93.622],""severity"":""moderate"",""surface"":""metal_tab"",""width_px"":[1.88,1.72]},{""category"":""discoloration"",""category_id"":3,""recipe_subtype"":""broad_color_shift"",""severity"":""moderate"",""span_px"":[60.628,57.728],""surface"":""metal_tab""}],""photometric"":{""blur_radius"":0.871444,""brightness"":1.051826,""channel_gain_b"":1.017622,""channel_gain_g"":0.995415,""channel_gain_r"":1.008943,""contrast"":1.045921,""noise_sigma"":1.321718,""saturation"":1.025483},""recipe"":[""scratch"",""discoloration""],""severity"":""moderate""}"
syn-v1-450-multi_defect-0008,synthetic/v1_450/images/multi_defect/syn-v1-450-multi_defect-0008.jpg,synthetic/v1_450/masks/multi_defect/syn-v1-450-multi_defect-0008.png,synthetic_restored,train,IMGGEN-CLEAN-BACK-V1,SYNTH-BASE-KIA7809AF-BACK-001,SPEC-A,back,multi_defect,scratch;discoloration,moderate,7809250,969163070,1.1.1,7cc6627693f1a190ee26cfdbda90e0c69510377724d9484d14996ca83b755ffc,cb5fed83f6415c3bb3f6c26fce8fee402b064f28c0ad1c03b1bdc5dfa8d1ad8a,6cd9e7d392f469355388b27b49b2f04563170c8fb7f9bb97dfe1ab42d47039fc,4296a4fd7c73d3105d653f6fe795f1247fea49bbb09d10dc4f4cca965d2a8f28,512,512,7446,0.0284042358,1.0000000000,7.1311073303,187,119,106,113,TRAIN_ONLY_SYNTHETIC_NG,NO,AUTO_PASS,NO,"{""attempt"":0,""effective_seed"":969163070,""geometry"":{""rotation_deg"":-5.051853,""scale"":1.006336,""translate_x"":-3.710535,""translate_y"":-2.349755},""instances_pre_transform"":[{""category"":""scratch"",""category_id"":1,""count"":1,""length_px"":[80.994],""severity"":""moderate"",""surface"":""metal_tab"",""width_px"":[2.489]},{""category"":""discoloration"",""category_id"":3,""recipe_subtype"":""broad_color_shift"",""severity"":""moderate"",""span_px"":[75.92,81.773],""surface"":""metal_tab""}],""photometric"":{""blur_radius"":0.290713,""brightness"":0.941143,""channel_gain_b"":1.026768,""channel_gain_g"":1.015671,""channel_gain_r"":0.989919,""contrast"":0.979397,""noise_sigma"":2.353997,""saturation"":1.073137},""recipe"":[""scratch"",""discoloration""],""severity"":""moderate""}"
syn-v1-450-multi_defect-0009,synthetic/v1_450/images/multi_defect/syn-v1-450-multi_defect-0009.jpg,synthetic/v1_450/masks/multi_defect/syn-v1-450-multi_defect-0009.png,synthetic_restored,train,IMGGEN-CLEAN-BACK-V1,SYNTH-BASE-KIA7809AF-BACK-001,SPEC-A,back,multi_defect,discoloration;body_chip,mild,7809250,56902397,1.1.1,7cc6627693f1a190ee26cfdbda90e0c69510377724d9484d14996ca83b755ffc,cb5fed83f6415c3bb3f6c26fce8fee402b064f28c0ad1c03b1bdc5dfa8d1ad8a,d10fb059c5aa6b65d2a9a20f8edd19a27ef4c5d82536df4c57684f15478cd81c,56538b16450390ac475d394a4eeca37b69fc64a26056d23108971c2ce1b5b154,512,512,3534,0.0134811401,1.0000000000,6.2709302902,153,138,171,74,TRAIN_ONLY_SYNTHETIC_NG,NO,AUTO_PASS,NO,"{""attempt"":0,""effective_seed"":56902397,""geometry"":{""rotation_deg"":7.431726,""scale"":0.931362,""translate_x"":-1.899028,""translate_y"":-1.555009},""instances_pre_transform"":[{""category"":""discoloration"",""category_id"":3,""recipe_subtype"":""broad_color_shift"",""severity"":""mild"",""span_px"":[65.428,36.116],""surface"":""metal_tab""},{""category"":""body_chip"",""category_id"":6,""depth_px"":6,""recipe_subtype"":""edge_material_loss"",""severity"":""mild"",""span_px"":9,""surface"":""body_right_edge""}],""photometric"":{""blur_radius"":0.158383,""brightness"":1.016718,""channel_gain_b"":1.001705,""channel_gain_g"":1.013702,""channel_gain_r"":0.997688,""contrast"":0.939111,""noise_sigma"":0.401571,""saturation"":0.974135},""recipe"":[""discoloration"",""body_chip""],""severity"":""mild""}"
syn-v1-450-multi_defect-0010,synthetic/v1_450/images/multi_defect/syn-v1-450-multi_defect-0010.jpg,synthetic/v1_450/masks/multi_defect/syn-v1-450-multi_defect-0010.png,synthetic_restored,train,IMGGEN-CLEAN-BACK-V1,SYNTH-BASE-KIA7809AF-BACK-001,SPEC-A,back,multi_defect,scratch;lead_breakage,mild,7809250,1182838426,1.1.1,7cc6627693f1a190ee26cfdbda90e0c69510377724d9484d14996ca83b755ffc,cb5fed83f6415c3bb3f6c26fce8fee402b064f28c0ad1c03b1bdc5dfa8d1ad8a,e21a5d131d85e26ce61558593acab9b9c4da9b6b962ae62f9ad2d3006e9edeec,9a2b494bdb975ae4d0f10454cee380992228f6c01d45a9825c5a8ab0ca343448,512,512,897,0.0034217834,1.0000000000,23.1023807526,195,235,153,151,TRAIN_ONLY_SYNTHETIC_NG,NO,AUTO_PASS,NO,"{""attempt"":0,""effective_seed"":1182838426,""geometry"":{""rotation_deg"":3.229612,""scale"":1.01901,""translate_x"":-7.495347,""translate_y"":-9.448659},""instances_pre_transform"":[{""category"":""scratch"",""category_id"":1,""count"":1,""length_px"":[71.176],""severity"":""mild"",""surface"":""metal_tab"",""width_px"":[1.937]},{""category"":""lead_breakage"",""category_id"":5,""recipe_subtype"":""distal_lead_missing"",""removed_fraction"":0.2159,""severity"":""mild"",""surface"":""right_lead""}],""photometric"":{""blur_radius"":0.074838,""brightness"":1.067458,""channel_gain_b"":0.997201,""channel_gain_g"":1.010105,""channel_gain_r"":0.965293,""contrast"":0.9038,""noise_sigma"":0.188011,""saturation"":0.935392},""recipe"":[""scratch"",""lead_breakage""],""severity"":""mild""}"
syn-v1-450-multi_defect-0011,synthetic/v1_450/images/multi_defect/syn-v1-450-multi_defect-0011.jpg,synthetic/v1_450/masks/multi_defect/syn-v1-450-multi_defect-0011.png,synthetic_restored,train,IMGGEN-CLEAN-BACK-V1,SYNTH-BASE-KIA7809AF-BACK-001,SPEC-A,back,multi_defect,discoloration;body_chip,mild,7809250,649003124,1.1.1,7cc6627693f1a190ee26cfdbda90e0c69510377724d9484d14996ca83b755ffc,cb5fed83f6415c3bb3f6c26fce8fee402b064f28c0ad1c03b1bdc5dfa8d1ad8a,df4bef1950db5aa489b903876a0162ed0eaf0c9b2d7e213637106ef9d5859e50,15a78a1cdc72c2b48ec2d478adf2d438f129de83b57b7b3536de02370f3588fd,512,512,7092,0.0270538330,1.0000000000,8.2799310684,146,126,149,88,TRAIN_ONLY_SYNTHETIC_NG,NO,AUTO_PASS,NO,"{""attempt"":0,""effective_seed"":649003124,""geometry"":{""rotation_deg"":-5.437285,""scale"":1.038963,""translate_x"":-8.683372,""translate_y"":2.696563},""instances_pre_transform"":[{""category"":""discoloration"",""category_id"":3,""recipe_subtype"":""broad_color_shift"",""severity"":""mild"",""span_px"":[82.442,42.611],""surface"":""metal_tab""},{""category"":""body_chip"",""category_id"":6,""depth_px"":13,""recipe_subtype"":""edge_material_loss"",""severity"":""mild"",""span_px"":12,""surface"":""body_left_edge""}],""photometric"":{""blur_radius"":0.65883,""brightness"":0.95373,""channel_gain_b"":1.01586,""channel_gain_g"":0.965511,""channel_gain_r"":1.028246,""contrast"":1.046059,""noise_sigma"":1.49534,""saturation"":0.987219},""recipe"":[""discoloration"",""body_chip""],""severity"":""mild""}"
syn-v1-450-multi_defect-0012,synthetic/v1_450/images/multi_defect/syn-v1-450-multi_defect-0012.jpg,synthetic/v1_450/masks/multi_defect/syn-v1-450-multi_defect-0012.png,synthetic_restored,train,IMGGEN-CLEAN-BACK-V1,SYNTH-BASE-KIA7809AF-BACK-001,SPEC-A,back,multi_defect,contamination;body_crack,mild,7809250,704088667,1.1.1,7cc6627693f1a190ee26cfdbda90e0c69510377724d9484d14996ca83b755ffc,cb5fed83f6415c3bb3f6c26fce8fee402b064f28c0ad1c03b1bdc5dfa8d1ad8a,e8dadaafdad469a9f26ce20c2a4bc082d4938c9b439eadd9c4e51b896e2032e5,8f180f966882a7c71965955baf569f6a27f53c02c87e9253cf7d2220ef93a250,512,512,1175,0.0044822693,1.0000000000,11.0161838531,125,133,52,154,TRAIN_ONLY_SYNTHETIC_NG,NO,AUTO_PASS,NO,"{""attempt"":0,""effective_seed"":704088667,""geometry"":{""rotation_deg"":7.280677,""scale"":1.00289,""translate_x"":-3.45954,""translate_y"":3.839638},""instances_pre_transform"":[{""category"":""contamination"",""category_id"":4,""recipe_subtype"":""smear_and_particles"",""severity"":""mild"",""speck_count"":18,""surface"":""metal_tab_or_body""},{""branches"":0,""category"":""body_crack"",""category_id"":7,""length_px"":30.017,""recipe_subtype"":""edge_started_crack"",""severity"":""mild"",""surface"":""body_visible"",""width_px"":1.558}],""photometric"":{""blur_radius"":0.192102,""brightness"":1.06819,""channel_gain_b"":0.977428,""channel_gain_g"":0.987131,""channel_gain_r"":0.989773,""contrast"":1.001723,""noise_sigma"":1.110819,""saturation"":1.071924},""recipe"":[""contamination"",""body_crack""],""severity"":""mild""}"
syn-v1-450-multi_defect-0013,synthetic/v1_450/images/multi_defect/syn-v1-450-multi_defect-0013.jpg,synthetic/v1_450/masks/multi_defect/syn-v1-450-multi_defect-0013.png,synthetic_restored,train,IMGGEN-CLEAN-BACK-V1,SYNTH-BASE-KIA7809AF-BACK-001,SPEC-A,back,multi_defect,scratch;discoloration,mild,7809250,433087321,1.1.1,7cc6627693f1a190ee26cfdbda90e0c69510377724d9484d14996ca83b755ffc,cb5fed83f6415c3bb3f6c26fce8fee402b064f28c0ad1c03b1bdc5dfa8d1ad8a,290630f887df92f55769978f0e6172d0b281151176ff5ddf85fb2646d2dd827c,58436ada7fe1ef448016d6333c61d54bdb6349d2652b4c8975495b1869ea2eea,512,512,5375,0.0205039978,1.0000000000,8.6889772415,143,124,155,92,TRAIN_ONLY_SYNTHETIC_NG,NO,AUTO_PASS,NO,"{""attempt"":0,""effective_seed"":433087321,""geometry"":{""rotation_deg"":3.548864,""scale"":1.033637,""translate_x"":6.379801,""translate_y"":11.398685},""instances_pre_transform"":[{""category"":""scratch"",""category_id"":1,""count"":1,""length_px"":[64.133],""severity"":""mild"",""surface"":""metal_tab"",""width_px"":[2.264]},{""category"":""discoloration"",""category_id"":3,""recipe_subtype"":""broad_color_shift"",""severity"":""mild"",""span_px"":[68.181,58.305],""surface"":""metal_tab""}],""photometric"":{""blur_radius"":0.610632,""brightness"":1.025584,""channel_gain_b"":0.995018,""channel_gain_g"":1.031919,""channel_gain_r"":0.96964,""contrast"":1.084344,""noise_sigma"":1.458316,""saturation"":1.046848},""recipe"":[""scratch"",""discoloration""],""severity"":""mild""}"
syn-v1-450-multi_defect-0014,synthetic/v1_450/images/multi_defect/syn-v1-450-multi_defect-0014.jpg,synthetic/v1_450/masks/multi_defect/syn-v1-450-multi_defect-0014.png,synthetic_restored,train,IMGGEN-CLEAN-BACK-V1,SYNTH-BASE-KIA7809AF-BACK-001,SPEC-A,back,multi_defect,scratch;surface_spot,mild,7809250,1630718230,1.1.1,7cc6627693f1a190ee26cfdbda90e0c69510377724d9484d14996ca83b755ffc,cb5fed83f6415c3bb3f6c26fce8fee402b064f28c0ad1c03b1bdc5dfa8d1ad8a,8c60cb2fefb3cd84f1b02a25371736e0fc1b527a6330a75c5a6b2fb3fd3b0e80,ee85d19bcd5e04c4b890a73ff60589f29bc6e9418259e48147e71825abaf2213,512,512,525,0.0020027161,1.0000000000,20.6172084808,180,103,104,35,TRAIN_ONLY_SYNTHETIC_NG,NO,AUTO_PASS,NO,"{""attempt"":0,""effective_seed"":1630718230,""geometry"":{""rotation_deg"":3.815986,""scale"":1.040049,""translate_x"":1.486313,""translate_y"":-8.72433},""instances_pre_transform"":[{""category"":""scratch"",""category_id"":1,""count"":1,""length_px"":[100.449],""severity"":""mild"",""surface"":""metal_tab"",""width_px"":[2.062]},{""category"":""surface_spot"",""category_id"":2,""count"":1,""radii_px"":[[7.595,6.66]],""recipe_subtype"":""unknown_dark_spot"",""severity"":""mild"",""surface"":""metal_tab""}],""photometric"":{""blur_radius"":0.458889,""brightness"":0.995366,""channel_gain_b"":0.972756,""channel_gain_g"":1.006375,""channel_gain_r"":0.999709,""contrast"":0.975936,""noise_sigma"":0.516863,""saturation"":0.924665},""recipe"":[""scratch"",""surface_spot""],""severity"":""mild""}"
syn-v1-450-multi_defect-0015,synthetic/v1_450/images/multi_defect/syn-v1-450-multi_defect-0015.jpg,synthetic/v1_450/masks/multi_defect/syn-v1-450-multi_defect-0015.png,synthetic_restored,train,IMGGEN-CLEAN-BACK-V1,SYNTH-BASE-KIA7809AF-BACK-001,SPEC-A,back,multi_defect,discoloration;body_chip,mild,7809250,1998807583,1.1.1,7cc6627693f1a190ee26cfdbda90e0c69510377724d9484d14996ca83b755ffc,cb5fed83f6415c3bb3f6c26fce8fee402b064f28c0ad1c03b1bdc5dfa8d1ad8a,be0e6bb76dfb40ecea8d72ffe9f2e65687ca98e19780e46f9059d91754098392,e241365eb58c180b2b71c9ed55601525d5a37c9d099035b24993b02bfa8075c4,512,512,2946,0.0112380981,1.0000000000,7.9179677963,264,87,69,170,TRAIN_ONLY_SYNTHETIC_NG,NO,AUTO_PASS,NO,"{""attempt"":0,""effective_seed"":1998807583,""geometry"":{""rotation_deg"":-5.258037,""scale"":1.047022,""translate_x"":4.109014,""translate_y"":6.825944},""instances_pre_transform"":[{""category"":""discoloration"",""category_id"":3,""recipe_subtype"":""broad_color_shift"",""severity"":""mild"",""span_px"":[54.626,74.034],""surface"":""metal_tab""},{""category"":""body_chip"",""category_id"":6,""depth_px"":6,""recipe_subtype"":""edge_material_loss"",""severity"":""mild"",""span_px"":16,""surface"":""body_right_edge""}],""photometric"":{""blur_radius"":0.755212,""brightness"":1.015631,""channel_gain_b"":0.96066,""channel_gain_g"":1.001084,""channel_gain_r"":1.030753,""contrast"":1.050925,""noise_sigma"":0.127975,""saturation"":0.987195},""recipe"":[""discoloration"",""body_chip""],""severity"":""mild""}"
syn-v1-450-multi_defect-0016,synthetic/v1_450/images/multi_defect/syn-v1-450-multi_defect-0016.jpg,synthetic/v1_450/masks/multi_defect/syn-v1-450-multi_defect-0016.png,synthetic_restored,train,IMGGEN-CLEAN-BACK-V1,SYNTH-BASE-KIA7809AF-BACK-001,SPEC-A,back,multi_defect,discoloration;body_chip,mild,7809250,625274957,1.1.1,7cc6627693f1a190ee26cfdbda90e0c69510377724d9484d14996ca83b755ffc,cb5fed83f6415c3bb3f6c26fce8fee402b064f28c0ad1c03b1bdc5dfa8d1ad8a,3e5ca70e978384368103774782ee5fea0988fc5d526a0590db5af0e98f140c45,bc7ed400c54f1bbe45ea27153b262058d937ece05b011177960af033dd3f9e32,512,512,4147,0.0158195496,1.0000000000,7.1733112335,216,177,97,71,TRAIN_ONLY_SYNTHETIC_NG,NO,AUTO_PASS,NO,"{""attempt"":1,""effective_seed"":625379686,""geometry"":{""rotation_deg"":7.805132,""scale"":0.931015,""translate_x"":9.650771,""translate_y"":2.346738},""instances_pre_transform"":[{""category"":""discoloration"",""category_id"":3,""recipe_subtype"":""broad_color_shift"",""severity"":""mild"",""span_px"":[82.435,62.562],""surface"":""metal_tab""},{""category"":""body_chip"",""category_id"":6,""depth_px"":6,""recipe_subtype"":""edge_material_loss"",""severity"":""mild"",""span_px"":20,""surface"":""body_right_edge""}],""photometric"":{""blur_radius"":0.48489,""brightness"":0.998694,""channel_gain_b"":0.982512,""channel_gain_g"":1.011994,""channel_gain_r"":0.963178,""contrast"":0.953209,""noise_sigma"":1.370273,""saturation"":1.057538},""recipe"":[""discoloration"",""body_chip""],""severity"":""mild""}"
syn-v1-450-multi_defect-0017,synthetic/v1_450/images/multi_defect/syn-v1-450-multi_defect-0017.jpg,synthetic/v1_450/masks/multi_defect/syn-v1-450-multi_defect-0017.png,synthetic_restored,train,IMGGEN-CLEAN-BACK-V1,SYNTH-BASE-KIA7809AF-BACK-001,SPEC-A,back,multi_defect,scratch;lead_breakage,mild,7809250,286752702,1.1.1,7cc6627693f1a190ee26cfdbda90e0c69510377724d9484d14996ca83b755ffc,cb5fed83f6415c3bb3f6c26fce8fee402b064f28c0ad1c03b1bdc5dfa8d1ad8a,8e9727e2487ba03df18dde29ff06dc7b590c5defc02446c396d650272548626d,ae8290afe05d23322882ec4be126ad8be3ad6071987957c47b12bcfdbbe6089d,512,512,959,0.0036582947,1.0000000000,17.4961643219,157,161,113,217,TRAIN_ONLY_SYNTHETIC_NG,NO,AUTO_PASS,NO,"{""attempt"":0,""effective_seed"":286752702,""geometry"":{""rotation_deg"":-0.33954,""scale"":1.006444,""translate_x"":9.004291,""translate_y"":-0.136721},""instances_pre_transform"":[{""category"":""scratch"",""category_id"":1,""count"":1,""length_px"":[91.302],""severity"":""mild"",""surface"":""metal_tab"",""width_px"":[2.325]},{""category"":""lead_breakage"",""category_id"":5,""recipe_subtype"":""distal_lead_missing"",""removed_fraction"":0.2492,""severity"":""mild"",""surface"":""left_lead""}],""photometric"":{""blur_radius"":0.24206,""brightness"":1.066213,""channel_gain_b"":0.977946,""channel_gain_g"":0.976557,""channel_gain_r"":0.986471,""contrast"":1.043805,""noise_sigma"":1.649966,""saturation"":0.979766},""recipe"":[""scratch"",""lead_breakage""],""severity"":""mild""}"
syn-v1-450-multi_defect-0018,synthetic/v1_450/images/multi_defect/syn-v1-450-multi_defect-0018.jpg,synthetic/v1_450/masks/multi_defect/syn-v1-450-multi_defect-0018.png,synthetic_restored,train,IMGGEN-CLEAN-BACK-V1,SYNTH-BASE-KIA7809AF-BACK-001,SPEC-A,back,multi_defect,contamination;body_crack,mild,7809250,1401835050,1.1.1,7cc6627693f1a190ee26cfdbda90e0c69510377724d9484d14996ca83b755ffc,cb5fed83f6415c3bb3f6c26fce8fee402b064f28c0ad1c03b1bdc5dfa8d1ad8a,04f68143de17a07fdae400a6466daadc6b723c85f5b56c46820656461e6563fd,6a661c0ec8f3c1092aef679aabfde8e4008d612172cefc524de92910eb1f525e,512,512,997,0.0038032532,1.0000000000,7.2308411598,184,147,144,158,TRAIN_ONLY_SYNTHETIC_NG,NO,AUTO_PASS,NO,"{""attempt"":0,""effective_seed"":1401835050,""geometry"":{""rotation_deg"":-1.462459,""scale"":0.950512,""translate_x"":3.270452,""translate_y"":-5.423272},""instances_pre_transform"":[{""category"":""contamination"",""category_id"":4,""recipe_subtype"":""smear_and_particles"",""severity"":""mild"",""speck_count"":14,""surface"":""metal_tab_or_body""},{""branches"":0,""category"":""body_crack"",""category_id"":7,""length_px"":106.301,""recipe_subtype"":""edge_started_crack"",""severity"":""mild"",""surface"":""body_visible"",""width_px"":1.16}],""photometric"":{""blur_radius"":0.064965,""brightness"":0.989766,""channel_gain_b"":0.986712,""channel_gain_g"":1.015496,""channel_gain_r"":1.032404,""contrast"":1.06689,""noise_sigma"":0.662933,""saturation"":0.971715},""recipe"":[""contamination"",""body_crack""],""severity"":""mild""}"
syn-v1-450-multi_defect-0019,synthetic/v1_450/images/multi_defect/syn-v1-450-multi_defect-0019.jpg,synthetic/v1_450/masks/multi_defect/syn-v1-450-multi_defect-0019.png,synthetic_restored,train,IMGGEN-CLEAN-BACK-V1,SYNTH-BASE-KIA7809AF-BACK-001,SPEC-A,back,multi_defect,scratch;lead_breakage,moderate,7809250,1043464809,1.1.1,7cc6627693f1a190ee26cfdbda90e0c69510377724d9484d14996ca83b755ffc,cb5fed83f6415c3bb3f6c26fce8fee402b064f28c0ad1c03b1bdc5dfa8d1ad8a,5d776b95360d1b14fce7ddf3c2965fdfffc2779c65a1cef85fa1944346dba563,d12a3ad9514da8ca8760a7278c0a58797cdfa9f81dc4238539c6b5fe5a7461d7,512,512,1593,0.0060768127,1.0000000000,21.3688716888,186,177,101,204,TRAIN_ONLY_SYNTHETIC_NG,NO,AUTO_PASS,NO,"{""attempt"":0,""effective_seed"":1043464809,""geometry"":{""rotation_deg"":5.961643,""scale"":1.011816,""translate_x"":-8.69829,""translate_y"":5.217833},""instances_pre_transform"":[{""category"":""scratch"",""category_id"":1,""count"":2,""length_px"":[75.392,72.422],""severity"":""moderate"",""surface"":""metal_tab"",""width_px"":[2.252,1.371]},{""category"":""lead_breakage"",""category_id"":5,""recipe_subtype"":""distal_lead_missing"",""removed_fraction"":0.4144,""severity"":""moderate"",""surface"":""left_lead""}],""photometric"":{""blur_radius"":0.715364,""brightness"":1.051906,""channel_gain_b"":1.036216,""channel_gain_g"":1.033876,""channel_gain_r"":1.027892,""contrast"":1.014231,""noise_sigma"":1.832084,""saturation"":0.972593},""recipe"":[""scratch"",""lead_breakage""],""severity"":""moderate""}"
syn-v1-450-multi_defect-0020,synthetic/v1_450/images/multi_defect/syn-v1-450-multi_defect-0020.jpg,synthetic/v1_450/masks/multi_defect/syn-v1-450-multi_defect-0020.png,synthetic_restored,train,IMGGEN-CLEAN-BACK-V1,SYNTH-BASE-KIA7809AF-BACK-001,SPEC-A,back,multi_defect,scratch;surface_spot,mild,7809250,810627302,1.1.1,7cc6627693f1a190ee26cfdbda90e0c69510377724d9484d14996ca83b755ffc,cb5fed83f6415c3bb3f6c26fce8fee402b064f28c0ad1c03b1bdc5dfa8d1ad8a,5ca4ef1b8d2b0c26e107e068a3cf74ae7556f9a233be3f13d24c1ea083150210,99a0a2b395e74b384a4a5590648ba728c1e22d4bbdd3c49fc09ccf4bc42b05d5,512,512,327,0.0012474060,1.0000000000,23.6063919067,217,137,81,83,TRAIN_ONLY_SYNTHETIC_NG,NO,AUTO_PASS,NO,"{""attempt"":0,""effective_seed"":810627302,""geometry"":{""rotation_deg"":-5.948374,""scale"":0.935473,""translate_x"":-4.1401,""translate_y"":3.487066},""instances_pre_transform"":[{""category"":""scratch"",""category_id"":1,""count"":1,""length_px"":[121.824],""severity"":""mild"",""surface"":""metal_tab"",""width_px"":[1.267]},{""category"":""surface_spot"",""category_id"":2,""count"":1,""radii_px"":[[4.846,5.508]],""recipe_subtype"":""unknown_dark_spot"",""severity"":""mild"",""surface"":""metal_tab""}],""photometric"":{""blur_radius"":0.023016,""brightness"":0.970789,""channel_gain_b"":0.993375,""channel_gain_g"":1.003747,""channel_gain_r"":1.002549,""contrast"":0.956618,""noise_sigma"":1.096095,""saturation"":0.983222},""recipe"":[""scratch"",""surface_spot""],""severity"":""mild""}"
syn-v1-450-multi_defect-0021,synthetic/v1_450/images/multi_defect/syn-v1-450-multi_defect-0021.jpg,synthetic/v1_450/masks/multi_defect/syn-v1-450-multi_defect-0021.png,synthetic_restored,train,IMGGEN-CLEAN-BACK-V1,SYNTH-BASE-KIA7809AF-BACK-001,SPEC-A,back,multi_defect,scratch;surface_spot,moderate,7809250,1562382069,1.1.1,7cc6627693f1a190ee26cfdbda90e0c69510377724d9484d14996ca83b755ffc,cb5fed83f6415c3bb3f6c26fce8fee402b064f28c0ad1c03b1bdc5dfa8d1ad8a,0b3c8ad885c2477a5bbe8219c4a7e4d1c4b6ad63cfd68fae0cf1c08f790e54cb,133a2025ecd9f66ff2a4aa38e9bf499a753209355a944a3c921e3d2400ffc251,512,512,1377,0.0052528381,1.0000000000,20.0578975677,197,117,114,137,TRAIN_ONLY_SYNTHETIC_NG,NO,AUTO_PASS,NO,"{""attempt"":0,""effective_seed"":1562382069,""geometry"":{""rotation_deg"":-4.370676,""scale"":0.993268,""translate_x"":0.855924,""translate_y"":-9.344796},""instances_pre_transform"":[{""category"":""scratch"",""category_id"":1,""count"":2,""length_px"":[63.53,109.202],""severity"":""moderate"",""surface"":""metal_tab"",""width_px"":[1.612,2.613]},{""category"":""surface_spot"",""category_id"":2,""count"":2,""radii_px"":[[13.471,13.134],[12.741,10.915]],""recipe_subtype"":""unknown_dark_spot"",""severity"":""moderate"",""surface"":""metal_tab""}],""photometric"":{""blur_radius"":0.854631,""brightness"":1.009663,""channel_gain_b"":0.985937,""channel_gain_g"":1.020778,""channel_gain_r"":1.03141,""contrast"":0.907416,""noise_sigma"":2.600072,""saturation"":1.033748},""recipe"":[""scratch"",""surface_spot""],""severity"":""moderate""}"
syn-v1-450-multi_defect-0022,synthetic/v1_450/images/multi_defect/syn-v1-450-multi_defect-0022.jpg,synthetic/v1_450/masks/multi_defect/syn-v1-450-multi_defect-0022.png,synthetic_restored,train,IMGGEN-CLEAN-BACK-V1,SYNTH-BASE-KIA7809AF-BACK-001,SPEC-A,back,multi_defect,scratch;discoloration,mild,7809250,1786594915,1.1.1,7cc6627693f1a190ee26cfdbda90e0c69510377724d9484d14996ca83b755ffc,cb5fed83f6415c3bb3f6c26fce8fee402b064f28c0ad1c03b1bdc5dfa8d1ad8a,9b16e8d594cf657167263f35ece73754c4f6e2c3613ce6d390bc4f2f081fd40b,36484ff25e69a373eb75092f8920c7b39c1704c62a3b3970843b2b3295266320,512,512,7431,0.0283470154,1.0000000000,8.0522384644,215,110,103,109,TRAIN_ONLY_SYNTHETIC_NG,NO,AUTO_PASS,NO,"{""attempt"":0,""effective_seed"":1786594915,""geometry"":{""rotation_deg"":-3.866907,""scale"":1.0319,""translate_x"":-3.324593,""translate_y"":5.694772},""instances_pre_transform"":[{""category"":""scratch"",""category_id"":1,""count"":1,""length_px"":[63.151],""severity"":""mild"",""surface"":""metal_tab"",""width_px"":[1.315]},{""category"":""discoloration"",""category_id"":3,""recipe_subtype"":""broad_color_shift"",""severity"":""mild"",""span_px"":[83.364,74.076],""surface"":""metal_tab""}],""photometric"":{""blur_radius"":0.404212,""brightness"":0.948773,""channel_gain_b"":0.984951,""channel_gain_g"":0.999514,""channel_gain_r"":1.002231,""contrast"":1.067478,""noise_sigma"":2.816071,""saturation"":0.959473},""recipe"":[""scratch"",""discoloration""],""severity"":""mild""}"
syn-v1-450-multi_defect-0023,synthetic/v1_450/images/multi_defect/syn-v1-450-multi_defect-0023.jpg,synthetic/v1_450/masks/multi_defect/syn-v1-450-multi_defect-0023.png,synthetic_restored,train,IMGGEN-CLEAN-BACK-V1,SYNTH-BASE-KIA7809AF-BACK-001,SPEC-A,back,multi_defect,discoloration;body_chip,mild,7809250,892397095,1.1.1,7cc6627693f1a190ee26cfdbda90e0c69510377724d9484d14996ca83b755ffc,cb5fed83f6415c3bb3f6c26fce8fee402b064f28c0ad1c03b1bdc5dfa8d1ad8a,9584824519187aec05ee209ac7f8bed1b13cc721d3b55759310a9d4a21ca0b7e,37060dca14f73429f55fb61e81a09d6cb421e8531c8efceef3eebbbc05c7be7d,512,512,4364,0.0166473389,1.0000000000,11.6098957062,176,96,162,187,TRAIN_ONLY_SYNTHETIC_NG,NO,AUTO_PASS,NO,"{""attempt"":1,""effective_seed"":892501824,""geometry"":{""rotation_deg"":-3.210278,""scale"":0.967242,""translate_x"":-7.643421,""translate_y"":5.849028},""instances_pre_transform"":[{""category"":""discoloration"",""category_id"":3,""recipe_subtype"":""broad_color_shift"",""severity"":""mild"",""span_px"":[81.366,56.917],""surface"":""metal_tab""},{""category"":""body_chip"",""category_id"":6,""depth_px"":10,""recipe_subtype"":""edge_material_loss"",""severity"":""mild"",""span_px"":19,""surface"":""body_right_edge""}],""photometric"":{""blur_radius"":0.832735,""brightness"":0.930536,""channel_gain_b"":0.983992,""channel_gain_g"":1.003073,""channel_gain_r"":0.986822,""contrast"":1.057432,""noise_sigma"":2.67946,""saturation"":1.036091},""recipe"":[""discoloration"",""body_chip""],""severity"":""mild""}"
syn-v1-450-multi_defect-0024,synthetic/v1_450/images/multi_defect/syn-v1-450-multi_defect-0024.jpg,synthetic/v1_450/masks/multi_defect/syn-v1-450-multi_defect-0024.png,synthetic_restored,train,IMGGEN-CLEAN-BACK-V1,SYNTH-BASE-KIA7809AF-BACK-001,SPEC-A,back,multi_defect,scratch;lead_breakage,mild,7809250,1751441578,1.1.1,7cc6627693f1a190ee26cfdbda90e0c69510377724d9484d14996ca83b755ffc,cb5fed83f6415c3bb3f6c26fce8fee402b064f28c0ad1c03b1bdc5dfa8d1ad8a,a3cee2755417309f03da1527b6e6a98db0f8dac7870d4b73332334c958a4b4a9,bfcf00a9f3d1c77e743b45a8b269935d9b0fd808c1994d71a3a9c3157a4c9ffc,512,512,668,0.0025482178,1.0000000000,16.0344657898,153,100,88,263,TRAIN_ONLY_SYNTHETIC_NG,NO,AUTO_PASS,NO,"{""attempt"":0,""effective_seed"":1751441578,""geometry"":{""rotation_deg"":-5.268413,""scale"":0.976214,""translate_x"":7.313163,""translate_y"":5.540657},""instances_pre_transform"":[{""category"":""scratch"",""category_id"":1,""count"":1,""length_px"":[82.201],""severity"":""mild"",""surface"":""metal_tab"",""width_px"":[0.87]},{""category"":""lead_breakage"",""category_id"":5,""recipe_subtype"":""distal_lead_missing"",""removed_fraction"":0.1925,""severity"":""mild"",""surface"":""left_lead""}],""photometric"":{""blur_radius"":0.707751,""brightness"":0.956967,""channel_gain_b"":0.96144,""channel_gain_g"":0.960709,""channel_gain_r"":1.000503,""contrast"":0.939476,""noise_sigma"":1.048199,""saturation"":0.92645},""recipe"":[""scratch"",""lead_breakage""],""severity"":""mild""}"
syn-v1-450-multi_defect-0025,synthetic/v1_450/images/multi_defect/syn-v1-450-multi_defect-0025.jpg,synthetic/v1_450/masks/multi_defect/syn-v1-450-multi_defect-0025.png,synthetic_restored,train,IMGGEN-CLEAN-BACK-V1,SYNTH-BASE-KIA7809AF-BACK-001,SPEC-A,back,multi_defect,scratch;surface_spot,moderate,7809250,417114826,1.1.1,7cc6627693f1a190ee26cfdbda90e0c69510377724d9484d14996ca83b755ffc,cb5fed83f6415c3bb3f6c26fce8fee402b064f28c0ad1c03b1bdc5dfa8d1ad8a,c77d1a7996a03bd9af6305c46dddfedca902bbd3246662f6b672ab2b18ec1d20,d66e2a067235c7970ee730310bf0c11e838a71bb6033b3df2de7020e46bbcf83,512,512,564,0.0021514893,1.0000000000,16.5595054626,205,117,105,126,TRAIN_ONLY_SYNTHETIC_NG,NO,AUTO_PASS,NO,"{""attempt"":0,""effective_seed"":417114826,""geometry"":{""rotation_deg"":-6.589948,""scale"":0.921703,""translate_x"":-5.421491,""translate_y"":7.578685},""instances_pre_transform"":[{""category"":""scratch"",""category_id"":1,""count"":1,""length_px"":[111.544],""severity"":""moderate"",""surface"":""metal_tab"",""width_px"":[1.252]},{""category"":""surface_spot"",""category_id"":2,""count"":2,""radii_px"":[[12.922,10.842],[7.731,5.575]],""recipe_subtype"":""unknown_dark_spot"",""severity"":""moderate"",""surface"":""metal_tab""}],""photometric"":{""blur_radius"":0.869836,""brightness"":1.023251,""channel_gain_b"":0.972459,""channel_gain_g"":0.988185,""channel_gain_r"":1.020326,""contrast"":0.942204,""noise_sigma"":1.058522,""saturation"":1.041572},""recipe"":[""scratch"",""surface_spot""],""severity"":""moderate""}"
syn-v1-450-multi_defect-0026,synthetic/v1_450/images/multi_defect/syn-v1-450-multi_defect-0026.jpg,synthetic/v1_450/masks/multi_defect/syn-v1-450-multi_defect-0026.png,synthetic_restored,train,IMGGEN-CLEAN-BACK-V1,SYNTH-BASE-KIA7809AF-BACK-001,SPEC-A,back,multi_defect,scratch;surface_spot,mild,7809250,228172116,1.1.1,7cc6627693f1a190ee26cfdbda90e0c69510377724d9484d14996ca83b755ffc,cb5fed83f6415c3bb3f6c26fce8fee402b064f28c0ad1c03b1bdc5dfa8d1ad8a,c91e331326799ad9f0b45619486513132c6f5e5af62fe4680d133d8d218cf16f,7fd10f2a842d0d5a82540d006c7b5074454ad04137d247f9c2ebb3ebfff6aa5f,512,512,562,0.0021438599,1.0000000000,30.4714279175,177,113,113,104,TRAIN_ONLY_SYNTHETIC_NG,NO,AUTO_PASS,NO,"{""attempt"":0,""effective_seed"":228172116,""geometry"":{""rotation_deg"":0.439535,""scale"":1.01061,""translate_x"":0.575181,""translate_y"":-10.945007},""instances_pre_transform"":[{""category"":""scratch"",""category_id"":1,""count"":1,""length_px"":[57.009],""severity"":""mild"",""surface"":""metal_tab"",""width_px"":[1.062]},{""category"":""surface_spot"",""category_id"":2,""count"":1,""radii_px"":[[9.785,11.114]],""recipe_subtype"":""unknown_dark_spot"",""severity"":""mild"",""surface"":""metal_tab""}],""photometric"":{""blur_radius"":0.402694,""brightness"":1.029489,""channel_gain_b"":0.989946,""channel_gain_g"":0.974016,""channel_gain_r"":0.996236,""contrast"":1.037602,""noise_sigma"":1.110618,""saturation"":1.044497},""recipe"":[""scratch"",""surface_spot""],""severity"":""mild""}"
syn-v1-450-multi_defect-0027,synthetic/v1_450/images/multi_defect/syn-v1-450-multi_defect-0027.jpg,synthetic/v1_450/masks/multi_defect/syn-v1-450-multi_defect-0027.png,synthetic_restored,train,IMGGEN-CLEAN-BACK-V1,SYNTH-BASE-KIA7809AF-BACK-001,SPEC-A,back,multi_defect,scratch;discoloration,mild,7809250,1022745975,1.1.1,7cc6627693f1a190ee26cfdbda90e0c69510377724d9484d14996ca83b755ffc,cb5fed83f6415c3bb3f6c26fce8fee402b064f28c0ad1c03b1bdc5dfa8d1ad8a,ac04d771faef244d5b04cd3964d5440f3d4b76b8a841c2f76cf2ba9da8b4301f,f8bca0e0ac05d7978767622eab71a5f221e6a3b1f68752edf7395b0da3058649,512,512,3883,0.0148124695,1.0000000000,7.6610627174,140,95,125,80,TRAIN_ONLY_SYNTHETIC_NG,NO,AUTO_PASS,NO,"{""attempt"":0,""effective_seed"":1022745975,""geometry"":{""rotation_deg"":6.178159,""scale"":1.027172,""translate_x"":2.916599,""translate_y"":4.632882},""instances_pre_transform"":[{""category"":""scratch"",""category_id"":1,""count"":1,""length_px"":[67.082],""severity"":""mild"",""surface"":""metal_tab"",""width_px"":[2.015]},{""category"":""discoloration"",""category_id"":3,""recipe_subtype"":""broad_color_shift"",""severity"":""mild"",""span_px"":[76.221,44.548],""surface"":""metal_tab""}],""photometric"":{""blur_radius"":0.5612,""brightness"":1.051984,""channel_gain_b"":0.98779,""channel_gain_g"":0.968071,""channel_gain_r"":1.000439,""contrast"":0.984761,""noise_sigma"":0.500474,""saturation"":0.993935},""recipe"":[""scratch"",""discoloration""],""severity"":""mild""}"
syn-v1-450-multi_defect-0028,synthetic/v1_450/images/multi_defect/syn-v1-450-multi_defect-0028.jpg,synthetic/v1_450/masks/multi_defect/syn-v1-450-multi_defect-0028.png,synthetic_restored,train,IMGGEN-CLEAN-BACK-V1,SYNTH-BASE-KIA7809AF-BACK-001,SPEC-A,back,multi_defect,discoloration;body_chip,mild,7809250,1643482552,1.1.1,7cc6627693f1a190ee26cfdbda90e0c69510377724d9484d14996ca83b755ffc,cb5fed83f6415c3bb3f6c26fce8fee402b064f28c0ad1c03b1bdc5dfa8d1ad8a,7a600692cfa22e1d585feb749a0eda58fb9373a06870d59906e8c9f841482ad7,8180d37bad925f49ee3483ac2890a326939ffadb50342445f91a72d72a67bc93,512,512,3969,0.0151405334,1.0000000000,5.4828095436,249,167,82,82,TRAIN_ONLY_SYNTHETIC_NG,NO,AUTO_PASS,NO,"{""attempt"":0,""effective_seed"":1643482552,""geometry"":{""rotation_deg"":-6.295223,""scale"":1.045454,""translate_x"":8.740633,""translate_y"":-2.657752},""instances_pre_transform"":[{""category"":""discoloration"",""category_id"":3,""recipe_subtype"":""broad_color_shift"",""severity"":""mild"",""span_px"":[62.603,53.634],""surface"":""metal_tab""},{""category"":""body_chip"",""category_id"":6,""depth_px"":9,""recipe_subtype"":""edge_material_loss"",""severity"":""mild"",""span_px"":23,""surface"":""body_right_edge""}],""photometric"":{""blur_radius"":0.569485,""brightness"":1.024485,""channel_gain_b"":1.001606,""channel_gain_g"":0.988772,""channel_gain_r"":0.980127,""contrast"":0.925543,""noise_sigma"":0.262089,""saturation"":0.970828},""recipe"":[""discoloration"",""body_chip""],""severity"":""mild""}"
syn-v1-450-multi_defect-0029,synthetic/v1_450/images/multi_defect/syn-v1-450-multi_defect-0029.jpg,synthetic/v1_450/masks/multi_defect/syn-v1-450-multi_defect-0029.png,synthetic_restored,train,IMGGEN-CLEAN-BACK-V1,SYNTH-BASE-KIA7809AF-BACK-001,SPEC-A,back,multi_defect,scratch;lead_breakage,mild,7809250,183100080,1.1.1,7cc6627693f1a190ee26cfdbda90e0c69510377724d9484d14996ca83b755ffc,cb5fed83f6415c3bb3f6c26fce8fee402b064f28c0ad1c03b1bdc5dfa8d1ad8a,f4a870a1d77cb4f24323aad22519b63b9200827acc39dc107143f99e92e4f06c,22842d006c8171fbb3303c53a82b906b4c381a4eae1f277d49a84857452547c8,512,512,979,0.0037345886,1.0000000000,18.2890129089,176,158,97,200,TRAIN_ONLY_SYNTHETIC_NG,NO,AUTO_PASS,NO,"{""attempt"":0,""effective_seed"":183100080,""geometry"":{""rotation_deg"":-2.160637,""scale"":0.945897,""translate_x"":-7.753831,""translate_y"":11.556634},""instances_pre_transform"":[{""category"":""scratch"",""category_id"":1,""count"":1,""length_px"":[105.119],""severity"":""mild"",""surface"":""metal_tab"",""width_px"":[1.571]},{""category"":""lead_breakage"",""category_id"":5,""recipe_subtype"":""distal_lead_missing"",""removed_fraction"":0.2909,""severity"":""mild"",""surface"":""left_lead""}],""photometric"":{""blur_radius"":0.069709,""brightness"":0.9934,""channel_gain_b"":1.028081,""channel_gain_g"":1.034245,""channel_gain_r"":1.031397,""contrast"":1.053586,""noise_sigma"":2.440782,""saturation"":1.076288},""recipe"":[""scratch"",""lead_breakage""],""severity"":""mild""}"
syn-v1-450-multi_defect-0030,synthetic/v1_450/images/multi_defect/syn-v1-450-multi_defect-0030.jpg,synthetic/v1_450/masks/multi_defect/syn-v1-450-multi_defect-0030.png,synthetic_restored,train,IMGGEN-CLEAN-BACK-V1,SYNTH-BASE-KIA7809AF-BACK-001,SPEC-A,back,multi_defect,scratch;surface_spot,mild,7809250,1487785952,1.1.1,7cc6627693f1a190ee26cfdbda90e0c69510377724d9484d14996ca83b755ffc,cb5fed83f6415c3bb3f6c26fce8fee402b064f28c0ad1c03b1bdc5dfa8d1ad8a,6b3f7b8022adafa9ea4550912012b1f69636ad623b234712bf8f8172d2db9853,a02863ae582fd3182ea0329e3bc27142c8d7058444249bab14ac757385553633,512,512,316,0.0012054443,1.0000000000,18.0378551483,211,156,44,92,TRAIN_ONLY_SYNTHETIC_NG,NO,AUTO_PASS,NO,"{""attempt"":0,""effective_seed"":1487785952,""geometry"":{""rotation_deg"":1.985058,""scale"":0.991092,""translate_x"":11.0581,""translate_y"":-7.060814},""instances_pre_transform"":[{""category"":""scratch"",""category_id"":1,""count"":1,""length_px"":[67.956],""severity"":""mild"",""surface"":""metal_tab"",""width_px"":[1.383]},{""category"":""surface_spot"",""category_id"":2,""count"":1,""radii_px"":[[5.44,3.875]],""recipe_subtype"":""unknown_dark_spot"",""severity"":""mild"",""surface"":""metal_tab""}],""photometric"":{""blur_radius"":0.026584,""brightness"":0.933415,""channel_gain_b"":1.036994,""channel_gain_g"":1.037796,""channel_gain_r"":1.032223,""contrast"":1.062854,""noise_sigma"":2.408578,""saturation"":0.991114},""recipe"":[""scratch"",""surface_spot""],""severity"":""mild""}"
syn-v1-450-multi_defect-0031,synthetic/v1_450/images/multi_defect/syn-v1-450-multi_defect-0031.jpg,synthetic/v1_450/masks/multi_defect/syn-v1-450-multi_defect-0031.png,synthetic_restored,train,IMGGEN-CLEAN-BACK-V1,SYNTH-BASE-KIA7809AF-BACK-001,SPEC-A,back,multi_defect,contamination;body_crack,mild,7809250,789090914,1.1.1,7cc6627693f1a190ee26cfdbda90e0c69510377724d9484d14996ca83b755ffc,cb5fed83f6415c3bb3f6c26fce8fee402b064f28c0ad1c03b1bdc5dfa8d1ad8a,c645f77a358aa6edde7d209e4c955679776398922ca551719175d31f237c3cf9,d1fb2de9800b0743e2350a8d4e7165ef8d461343a934e14cdd5996329bce9f92,512,512,1139,0.0043449402,1.0000000000,5.6962618828,173,257,155,61,TRAIN_ONLY_SYNTHETIC_NG,NO,AUTO_PASS,NO,"{""attempt"":0,""effective_seed"":789090914,""geometry"":{""rotation_deg"":4.368922,""scale"":1.021683,""translate_x"":-10.636689,""translate_y"":-11.64625},""instances_pre_transform"":[{""category"":""contamination"",""category_id"":4,""recipe_subtype"":""smear_and_particles"",""severity"":""mild"",""speck_count"":13,""surface"":""metal_tab_or_body""},{""branches"":0,""category"":""body_crack"",""category_id"":7,""length_px"":151.796,""recipe_subtype"":""edge_started_crack"",""severity"":""mild"",""surface"":""body_visible"",""width_px"":0.884}],""photometric"":{""blur_radius"":0.66189,""brightness"":1.035419,""channel_gain_b"":1.02946,""channel_gain_g"":1.015664,""channel_gain_r"":1.009955,""contrast"":0.988139,""noise_sigma"":2.302643,""saturation"":1.034863},""recipe"":[""contamination"",""body_crack""],""severity"":""mild""}"
syn-v1-450-multi_defect-0032,synthetic/v1_450/images/multi_defect/syn-v1-450-multi_defect-0032.jpg,synthetic/v1_450/masks/multi_defect/syn-v1-450-multi_defect-0032.png,synthetic_restored,train,IMGGEN-CLEAN-BACK-V1,SYNTH-BASE-KIA7809AF-BACK-001,SPEC-A,back,multi_defect,discoloration;body_chip,mild,7809250,1216167814,1.1.1,7cc6627693f1a190ee26cfdbda90e0c69510377724d9484d14996ca83b755ffc,cb5fed83f6415c3bb3f6c26fce8fee402b064f28c0ad1c03b1bdc5dfa8d1ad8a,e89784ac60aea2649ad777daae72abd0ba1ed5655d66be3ed2e8597752d25ca6,98087f848dea0f9972c25b0a47719219fbda8940b53e25f68d8f009d417dc990,512,512,3706,0.0141372681,1.0000000000,7.6989755630,125,146,147,71,TRAIN_ONLY_SYNTHETIC_NG,NO,AUTO_PASS,NO,"{""attempt"":0,""effective_seed"":1216167814,""geometry"":{""rotation_deg"":-0.353683,""scale"":1.044593,""translate_x"":8.442783,""translate_y"":-5.947611},""instances_pre_transform"":[{""category"":""discoloration"",""category_id"":3,""recipe_subtype"":""broad_color_shift"",""severity"":""mild"",""span_px"":[46.19,54.92],""surface"":""metal_tab""},{""category"":""body_chip"",""category_id"":6,""depth_px"":12,""recipe_subtype"":""edge_material_loss"",""severity"":""mild"",""span_px"":15,""surface"":""body_left_edge""}],""photometric"":{""blur_radius"":0.632081,""brightness"":0.942972,""channel_gain_b"":1.038671,""channel_gain_g"":0.99814,""channel_gain_r"":0.962958,""contrast"":1.02244,""noise_sigma"":1.142443,""saturation"":1.010202},""recipe"":[""discoloration"",""body_chip""],""severity"":""mild""}"
syn-v1-450-multi_defect-0033,synthetic/v1_450/images/multi_defect/syn-v1-450-multi_defect-0033.jpg,synthetic/v1_450/masks/multi_defect/syn-v1-450-multi_defect-0033.png,synthetic_restored,train,IMGGEN-CLEAN-BACK-V1,SYNTH-BASE-KIA7809AF-BACK-001,SPEC-A,back,multi_defect,contamination;body_crack,mild,7809250,1406164994,1.1.1,7cc6627693f1a190ee26cfdbda90e0c69510377724d9484d14996ca83b755ffc,cb5fed83f6415c3bb3f6c26fce8fee402b064f28c0ad1c03b1bdc5dfa8d1ad8a,1b50468582ce857e2b56fc188892470132453da9231edd4f003aa0debe9c6451,c21513f3434f078747ee7ff53142a289e1a7a4e53106f231879edf8754223700,512,512,1429,0.0054512024,1.0000000000,15.0014753342,176,210,100,92,TRAIN_ONLY_SYNTHETIC_NG,NO,AUTO_PASS,NO,"{""attempt"":1,""effective_seed"":1406269723,""geometry"":{""rotation_deg"":5.445411,""scale"":1.015503,""translate_x"":1.572566,""translate_y"":-2.432587},""instances_pre_transform"":[{""category"":""contamination"",""category_id"":4,""recipe_subtype"":""smear_and_particles"",""severity"":""mild"",""speck_count"":16,""surface"":""metal_tab_or_body""},{""branches"":0,""category"":""body_crack"",""category_id"":7,""length_px"":102.552,""recipe_subtype"":""edge_started_crack"",""severity"":""mild"",""surface"":""body_visible"",""width_px"":1.287}],""photometric"":{""blur_radius"":0.12543,""brightness"":1.053218,""channel_gain_b"":0.965873,""channel_gain_g"":1.033016,""channel_gain_r"":0.971909,""contrast"":0.935588,""noise_sigma"":2.712192,""saturation"":1.018018},""recipe"":[""contamination"",""body_crack""],""severity"":""mild""}"
syn-v1-450-multi_defect-0034,synthetic/v1_450/images/multi_defect/syn-v1-450-multi_defect-0034.jpg,synthetic/v1_450/masks/multi_defect/syn-v1-450-multi_defect-0034.png,synthetic_restored,train,IMGGEN-CLEAN-BACK-V1,SYNTH-BASE-KIA7809AF-BACK-001,SPEC-A,back,multi_defect,scratch;discoloration,mild,7809250,1854600951,1.1.1,7cc6627693f1a190ee26cfdbda90e0c69510377724d9484d14996ca83b755ffc,cb5fed83f6415c3bb3f6c26fce8fee402b064f28c0ad1c03b1bdc5dfa8d1ad8a,03b88659e41d6a129ac8e45574e1467b10916be0f6fd23b94a2f80165504ef84,ee42b0c9272f8c75aef2ba6b9f3bce0cf8d9d912915e880a1832c31d53407f3c,512,512,3876,0.0147857666,1.0000000000,5.0111994743,210,155,80,84,TRAIN_ONLY_SYNTHETIC_NG,NO,AUTO_PASS,NO,"{""attempt"":0,""effective_seed"":1854600951,""geometry"":{""rotation_deg"":-4.694989,""scale"":0.950165,""translate_x"":10.183034,""translate_y"":0.592284},""instances_pre_transform"":[{""category"":""scratch"",""category_id"":1,""count"":1,""length_px"":[79.057],""severity"":""mild"",""surface"":""metal_tab"",""width_px"":[1.611]},{""category"":""discoloration"",""category_id"":3,""recipe_subtype"":""broad_color_shift"",""severity"":""mild"",""span_px"":[59.492,37.922],""surface"":""metal_tab""}],""photometric"":{""blur_radius"":0.304927,""brightness"":1.013042,""channel_gain_b"":1.032606,""channel_gain_g"":1.009322,""channel_gain_r"":1.00002,""contrast"":1.075577,""noise_sigma"":1.534898,""saturation"":0.984596},""recipe"":[""scratch"",""discoloration""],""severity"":""mild""}"
syn-v1-450-multi_defect-0035,synthetic/v1_450/images/multi_defect/syn-v1-450-multi_defect-0035.jpg,synthetic/v1_450/masks/multi_defect/syn-v1-450-multi_defect-0035.png,synthetic_restored,train,IMGGEN-CLEAN-BACK-V1,SYNTH-BASE-KIA7809AF-BACK-001,SPEC-A,back,multi_defect,contamination;body_crack,mild,7809250,493994218,1.1.1,7cc6627693f1a190ee26cfdbda90e0c69510377724d9484d14996ca83b755ffc,cb5fed83f6415c3bb3f6c26fce8fee402b064f28c0ad1c03b1bdc5dfa8d1ad8a,5e52ecc39a5030e5a4d55260670a7e33086bc46eecd2dba99148b2ae32ea5848,bd5b93e901d8adb76df74b81918cd6bad4824d326ad0b1de847673381375537d,512,512,1034,0.0039443970,1.0000000000,17.9189109802,149,159,161,118,TRAIN_ONLY_SYNTHETIC_NG,NO,AUTO_PASS,NO,"{""attempt"":0,""effective_seed"":493994218,""geometry"":{""rotation_deg"":5.929515,""scale"":0.964149,""translate_x"":-10.387845,""translate_y"":-6.70472},""instances_pre_transform"":[{""category"":""contamination"",""category_id"":4,""recipe_subtype"":""smear_and_particles"",""severity"":""mild"",""speck_count"":6,""surface"":""metal_tab_or_body""},{""branches"":0,""category"":""body_crack"",""category_id"":7,""length_px"":96.876,""recipe_subtype"":""edge_started_crack"",""severity"":""mild"",""surface"":""body_visible"",""width_px"":1.202}],""photometric"":{""blur_radius"":0.364649,""brightness"":1.015707,""channel_gain_b"":1.031013,""channel_gain_g"":1.009911,""channel_gain_r"":1.024112,""contrast"":0.911217,""noise_sigma"":1.403068,""saturation"":1.066248},""recipe"":[""contamination"",""body_crack""],""severity"":""mild""}"
syn-v1-450-multi_defect-0036,synthetic/v1_450/images/multi_defect/syn-v1-450-multi_defect-0036.jpg,synthetic/v1_450/masks/multi_defect/syn-v1-450-multi_defect-0036.png,synthetic_restored,train,IMGGEN-CLEAN-BACK-V1,SYNTH-BASE-KIA7809AF-BACK-001,SPEC-A,back,multi_defect,scratch;lead_breakage,moderate,7809250,527708315,1.1.1,7cc6627693f1a190ee26cfdbda90e0c69510377724d9484d14996ca83b755ffc,cb5fed83f6415c3bb3f6c26fce8fee402b064f28c0ad1c03b1bdc5dfa8d1ad8a,4db2d0825887097cdeb5faaf406ca6ae30f8f299604783ef18326fec3344e197,f29f91b0b988877b5641bc6980a3c88ec6ae3527b001b85290d8ad6ed79e0486,512,512,1647,0.0062828064,1.0000000000,20.3900299072,146,87,201,279,TRAIN_ONLY_SYNTHETIC_NG,NO,AUTO_PASS,NO,"{""attempt"":0,""effective_seed"":527708315,""geometry"":{""rotation_deg"":7.593557,""scale"":1.024458,""translate_x"":1.955477,""translate_y"":7.304846},""instances_pre_transform"":[{""category"":""scratch"",""category_id"":1,""count"":2,""length_px"":[81.216,127.012],""severity"":""moderate"",""surface"":""metal_tab"",""width_px"":[1.935,3.051]},{""category"":""lead_breakage"",""category_id"":5,""recipe_subtype"":""distal_lead_missing"",""removed_fraction"":0.3089,""severity"":""moderate"",""surface"":""right_lead""}],""photometric"":{""blur_radius"":0.256838,""brightness"":1.024571,""channel_gain_b"":0.984996,""channel_gain_g"":1.025636,""channel_gain_r"":0.973522,""contrast"":0.984481,""noise_sigma"":1.744666,""saturation"":1.027363},""recipe"":[""scratch"",""lead_breakage""],""severity"":""moderate""}"
syn-v1-450-multi_defect-0037,synthetic/v1_450/images/multi_defect/syn-v1-450-multi_defect-0037.jpg,synthetic/v1_450/masks/multi_defect/syn-v1-450-multi_defect-0037.png,synthetic_restored,train,IMGGEN-CLEAN-BACK-V1,SYNTH-BASE-KIA7809AF-BACK-001,SPEC-A,back,multi_defect,contamination;body_crack,severe,7809250,264551240,1.1.1,7cc6627693f1a190ee26cfdbda90e0c69510377724d9484d14996ca83b755ffc,cb5fed83f6415c3bb3f6c26fce8fee402b064f28c0ad1c03b1bdc5dfa8d1ad8a,8f7c19af254cb30cf1fad269f813cc371ab23c50a8d45cd506f33e6d58900faa,95a9e85a2e90d92470e3767f3f2b2f450fd245536f9915c3164108f8d1712e01,512,512,2922,0.0111465454,1.0000000000,13.6141538620,144,90,187,162,TRAIN_ONLY_SYNTHETIC_NG,NO,AUTO_PASS,NO,"{""attempt"":0,""effective_seed"":264551240,""geometry"":{""rotation_deg"":-6.740449,""scale"":1.053125,""translate_x"":-10.354749,""translate_y"":7.913845},""instances_pre_transform"":[{""category"":""contamination"",""category_id"":4,""recipe_subtype"":""smear_and_particles"",""severity"":""severe"",""speck_count"":26,""surface"":""metal_tab_or_body""},{""branches"":1,""category"":""body_crack"",""category_id"":7,""length_px"":180.499,""recipe_subtype"":""edge_started_crack"",""severity"":""severe"",""surface"":""body_visible"",""width_px"":2.82}],""photometric"":{""blur_radius"":0.182597,""brightness"":1.007079,""channel_gain_b"":1.037246,""channel_gain_g"":1.029334,""channel_gain_r"":1.039312,""contrast"":1.035433,""noise_sigma"":0.538045,""saturation"":0.972639},""recipe"":[""contamination"",""body_crack""],""severity"":""severe""}"
syn-v1-450-multi_defect-0038,synthetic/v1_450/images/multi_defect/syn-v1-450-multi_defect-0038.jpg,synthetic/v1_450/masks/multi_defect/syn-v1-450-multi_defect-0038.png,synthetic_restored,train,IMGGEN-CLEAN-BACK-V1,SYNTH-BASE-KIA7809AF-BACK-001,SPEC-A,back,multi_defect,scratch;surface_spot,severe,7809250,1736630022,1.1.1,7cc6627693f1a190ee26cfdbda90e0c69510377724d9484d14996ca83b755ffc,cb5fed83f6415c3bb3f6c26fce8fee402b064f28c0ad1c03b1bdc5dfa8d1ad8a,7abcef1d38282eb4bb12c6c1288395305b2373fd4a8409558ebc297ff4f15fbe,5c06f5639af427cb831743d4f63cb863be3ace695b60fc6612bcf90bd48af601,512,512,1202,0.0045852661,1.0000000000,21.2579860687,181,114,115,124,TRAIN_ONLY_SYNTHETIC_NG,NO,AUTO_PASS,NO,"{""attempt"":0,""effective_seed"":1736630022,""geometry"":{""rotation_deg"":4.694915,""scale"":0.979849,""translate_x"":-6.088034,""translate_y"":2.448422},""instances_pre_transform"":[{""category"":""scratch"",""category_id"":1,""count"":2,""length_px"":[75.472,89.359],""severity"":""severe"",""surface"":""metal_tab"",""width_px"":[3.266,4.278]},{""category"":""surface_spot"",""category_id"":2,""count"":1,""radii_px"":[[13.573,7.528]],""recipe_subtype"":""unknown_dark_spot"",""severity"":""severe"",""surface"":""metal_tab""}],""photometric"":{""blur_radius"":0.618474,""brightness"":1.016524,""channel_gain_b"":0.960269,""channel_gain_g"":0.986198,""channel_gain_r"":0.994316,""contrast"":1.027081,""noise_sigma"":0.285984,""saturation"":0.976134},""recipe"":[""scratch"",""surface_spot""],""severity"":""severe""}"
syn-v1-450-multi_defect-0039,synthetic/v1_450/images/multi_defect/syn-v1-450-multi_defect-0039.jpg,synthetic/v1_450/masks/multi_defect/syn-v1-450-multi_defect-0039.png,synthetic_restored,train,IMGGEN-CLEAN-BACK-V1,SYNTH-BASE-KIA7809AF-BACK-001,SPEC-A,back,multi_defect,discoloration;body_chip,mild,7809250,760706244,1.1.1,7cc6627693f1a190ee26cfdbda90e0c69510377724d9484d14996ca83b755ffc,cb5fed83f6415c3bb3f6c26fce8fee402b064f28c0ad1c03b1bdc5dfa8d1ad8a,6e68bc3df9e3b4137fbc9a8c999434a53ed4cc59582c63ab2edbe3523350a8b6,fc450c9faa73efcfa037dc0a5ca0f73b061d558c72b05069315d599ad3f5786e,512,512,3337,0.0127296448,1.0000000000,7.3746581078,131,93,164,64,TRAIN_ONLY_SYNTHETIC_NG,NO,AUTO_PASS,NO,"{""attempt"":0,""effective_seed"":760706244,""geometry"":{""rotation_deg"":-0.569655,""scale"":0.98233,""translate_x"":10.302349,""translate_y"":8.387154},""instances_pre_transform"":[{""category"":""discoloration"",""category_id"":3,""recipe_subtype"":""broad_color_shift"",""severity"":""mild"",""span_px"":[82.545,47.91],""surface"":""metal_tab""},{""category"":""body_chip"",""category_id"":6,""depth_px"":12,""recipe_subtype"":""edge_material_loss"",""severity"":""mild"",""span_px"":9,""surface"":""body_left_edge""}],""photometric"":{""blur_radius"":0.657148,""brightness"":0.999622,""channel_gain_b"":0.97134,""channel_gain_g"":1.002702,""channel_gain_r"":1.024708,""contrast"":1.001931,""noise_sigma"":2.327327,""saturation"":1.014884},""recipe"":[""discoloration"",""body_chip""],""severity"":""mild""}"
syn-v1-450-multi_defect-0040,synthetic/v1_450/images/multi_defect/syn-v1-450-multi_defect-0040.jpg,synthetic/v1_450/masks/multi_defect/syn-v1-450-multi_defect-0040.png,synthetic_restored,train,IMGGEN-CLEAN-BACK-V1,SYNTH-BASE-KIA7809AF-BACK-001,SPEC-A,back,multi_defect,scratch;discoloration,moderate,7809250,1885653597,1.1.1,7cc6627693f1a190ee26cfdbda90e0c69510377724d9484d14996ca83b755ffc,cb5fed83f6415c3bb3f6c26fce8fee402b064f28c0ad1c03b1bdc5dfa8d1ad8a,72060dc2920734b9b687357b4c60f2af51fbf53100cd1491d1fee856e8adfff0,76138b75129a86f4c3f18a334e5e8573c1cc15aa484509a20c87577a4a20cebe,512,512,5674,0.0216445923,1.0000000000,6.2192821503,158,119,115,109,TRAIN_ONLY_SYNTHETIC_NG,NO,AUTO_PASS,NO,"{""attempt"":0,""effective_seed"":1885653597,""geometry"":{""rotation_deg"":4.57675,""scale"":0.966693,""translate_x"":5.854941,""translate_y"":-7.158243},""instances_pre_transform"":[{""category"":""scratch"",""category_id"":1,""count"":2,""length_px"":[92.542,133.825],""severity"":""moderate"",""surface"":""metal_tab"",""width_px"":[1.325,2.082]},{""category"":""discoloration"",""category_id"":3,""recipe_subtype"":""broad_color_shift"",""severity"":""moderate"",""span_px"":[56.728,83.475],""surface"":""metal_tab""}],""photometric"":{""blur_radius"":0.058874,""brightness"":0.945583,""channel_gain_b"":0.971469,""channel_gain_g"":1.031491,""channel_gain_r"":0.993572,""contrast"":0.93399,""noise_sigma"":0.285952,""saturation"":0.968517},""recipe"":[""scratch"",""discoloration""],""severity"":""moderate""}"
syn-v1-450-multi_defect-0041,synthetic/v1_450/images/multi_defect/syn-v1-450-multi_defect-0041.jpg,synthetic/v1_450/masks/multi_defect/syn-v1-450-multi_defect-0041.png,synthetic_restored,train,IMGGEN-CLEAN-BACK-V1,SYNTH-BASE-KIA7809AF-BACK-001,SPEC-A,back,multi_defect,scratch;lead_breakage,moderate,7809250,943298935,1.1.1,7cc6627693f1a190ee26cfdbda90e0c69510377724d9484d14996ca83b755ffc,cb5fed83f6415c3bb3f6c26fce8fee402b064f28c0ad1c03b1bdc5dfa8d1ad8a,9e125c2ba07b6c35cd4dcb9506a620d3709f5a1c78e4a042d9a21b39d119be7b,e889c006a3c5c7110251061a24836808ad06b49b275b61323b7177bd24e3dea2,512,512,1919,0.0073204041,1.0000000000,19.9714241028,224,93,127,285,TRAIN_ONLY_SYNTHETIC_NG,NO,AUTO_PASS,NO,"{""attempt"":0,""effective_seed"":943298935,""geometry"":{""rotation_deg"":4.679579,""scale"":1.052046,""translate_x"":-4.355131,""translate_y"":0.977002},""instances_pre_transform"":[{""category"":""scratch"",""category_id"":1,""count"":2,""length_px"":[98.351,93.648],""severity"":""moderate"",""surface"":""metal_tab"",""width_px"":[2.964,1.7]},{""category"":""lead_breakage"",""category_id"":5,""recipe_subtype"":""distal_lead_missing"",""removed_fraction"":0.3992,""severity"":""moderate"",""surface"":""right_lead""}],""photometric"":{""blur_radius"":0.891324,""brightness"":1.038182,""channel_gain_b"":0.992136,""channel_gain_g"":0.990335,""channel_gain_r"":1.031872,""contrast"":0.926735,""noise_sigma"":1.013805,""saturation"":0.957683},""recipe"":[""scratch"",""lead_breakage""],""severity"":""moderate""}"
syn-v1-450-multi_defect-0042,synthetic/v1_450/images/multi_defect/syn-v1-450-multi_defect-0042.jpg,synthetic/v1_450/masks/multi_defect/syn-v1-450-multi_defect-0042.png,synthetic_restored,train,IMGGEN-CLEAN-BACK-V1,SYNTH-BASE-KIA7809AF-BACK-001,SPEC-A,back,multi_defect,discoloration;body_chip,mild,7809250,743502396,1.1.1,7cc6627693f1a190ee26cfdbda90e0c69510377724d9484d14996ca83b755ffc,cb5fed83f6415c3bb3f6c26fce8fee402b064f28c0ad1c03b1bdc5dfa8d1ad8a,f0b54612a495de858f8c316b05e894b46888b1679ff3f1fb8377c48041ded4d7,30ff31afd1abcc3a3058d38742ae0efa50449f2a622b44d451e826287bbaeb13,512,512,5314,0.0202713013,1.0000000000,6.6048560143,144,150,167,78,TRAIN_ONLY_SYNTHETIC_NG,NO,AUTO_PASS,NO,"{""attempt"":0,""effective_seed"":743502396,""geometry"":{""rotation_deg"":-5.641317,""scale"":0.991272,""translate_x"":-0.39557,""translate_y"":5.323795},""instances_pre_transform"":[{""category"":""discoloration"",""category_id"":3,""recipe_subtype"":""broad_color_shift"",""severity"":""mild"",""span_px"":[64.799,48.373],""surface"":""metal_tab""},{""category"":""body_chip"",""category_id"":6,""depth_px"":10,""recipe_subtype"":""edge_material_loss"",""severity"":""mild"",""span_px"":23,""surface"":""body_left_edge""}],""photometric"":{""blur_radius"":0.302681,""brightness"":0.961843,""channel_gain_b"":1.027531,""channel_gain_g"":0.995835,""channel_gain_r"":1.012465,""contrast"":1.021413,""noise_sigma"":2.098657,""saturation"":0.948817},""recipe"":[""discoloration"",""body_chip""],""severity"":""mild""}"
syn-v1-450-multi_defect-0043,synthetic/v1_450/images/multi_defect/syn-v1-450-multi_defect-0043.jpg,synthetic/v1_450/masks/multi_defect/syn-v1-450-multi_defect-0043.png,synthetic_restored,train,IMGGEN-CLEAN-BACK-V1,SYNTH-BASE-KIA7809AF-BACK-001,SPEC-A,back,multi_defect,scratch;surface_spot,mild,7809250,802543682,1.1.1,7cc6627693f1a190ee26cfdbda90e0c69510377724d9484d14996ca83b755ffc,cb5fed83f6415c3bb3f6c26fce8fee402b064f28c0ad1c03b1bdc5dfa8d1ad8a,4691af1a81e14d7c1be5aa67e50e103034d20bc9dbae003017abff8c16517767,1f1e47363336bdd0a94428b785cd3565b87e585df739a31254f5140cb23d1af3,512,512,281,0.0010719299,1.0000000000,17.1718750000,187,113,56,102,TRAIN_ONLY_SYNTHETIC_NG,NO,AUTO_PASS,NO,"{""attempt"":0,""effective_seed"":802543682,""geometry"":{""rotation_deg"":-2.459483,""scale"":1.056374,""translate_x"":-2.766247,""translate_y"":-9.99217},""instances_pre_transform"":[{""category"":""scratch"",""category_id"":1,""count"":1,""length_px"":[39.623],""severity"":""mild"",""surface"":""metal_tab"",""width_px"":[1.982]},{""category"":""surface_spot"",""category_id"":2,""count"":1,""radii_px"":[[4.255,4.709]],""recipe_subtype"":""unknown_dark_spot"",""severity"":""mild"",""surface"":""metal_tab""}],""photometric"":{""blur_radius"":0.410714,""brightness"":0.941459,""channel_gain_b"":0.988088,""channel_gain_g"":0.988946,""channel_gain_r"":0.961843,""contrast"":0.953359,""noise_sigma"":0.669008,""saturation"":1.061551},""recipe"":[""scratch"",""surface_spot""],""severity"":""mild""}"
syn-v1-450-multi_defect-0044,synthetic/v1_450/images/multi_defect/syn-v1-450-multi_defect-0044.jpg,synthetic/v1_450/masks/multi_defect/syn-v1-450-multi_defect-0044.png,synthetic_restored,train,IMGGEN-CLEAN-BACK-V1,SYNTH-BASE-KIA7809AF-BACK-001,SPEC-A,back,multi_defect,discoloration;body_chip,moderate,7809250,1614837956,1.1.1,7cc6627693f1a190ee26cfdbda90e0c69510377724d9484d14996ca83b755ffc,cb5fed83f6415c3bb3f6c26fce8fee402b064f28c0ad1c03b1bdc5dfa8d1ad8a,4f2a38c9957cbf805576d0a90ff3a6d6db843315820553770f5b32f940a0dab1,27f39f0ca8660c57c97f0d24d29c41ee18344b9522aaaebfa16ffb2f7052b79d,512,512,4092,0.0156097412,1.0000000000,13.3908042908,139,100,135,59,TRAIN_ONLY_SYNTHETIC_NG,NO,AUTO_PASS,NO,"{""attempt"":0,""effective_seed"":1614837956,""geometry"":{""rotation_deg"":0.235257,""scale"":1.030245,""translate_x"":-5.914504,""translate_y"":-4.443966},""instances_pre_transform"":[{""category"":""discoloration"",""category_id"":3,""recipe_subtype"":""broad_color_shift"",""severity"":""moderate"",""span_px"":[77.844,72.819],""surface"":""metal_tab""},{""category"":""body_chip"",""category_id"":6,""depth_px"":16,""recipe_subtype"":""edge_material_loss"",""severity"":""moderate"",""span_px"":20,""surface"":""body_left_edge""}],""photometric"":{""blur_radius"":0.364718,""brightness"":1.029814,""channel_gain_b"":1.027299,""channel_gain_g"":0.996604,""channel_gain_r"":0.988952,""contrast"":0.952591,""noise_sigma"":0.831444,""saturation"":1.063091},""recipe"":[""discoloration"",""body_chip""],""severity"":""moderate""}"
syn-v1-450-multi_defect-0045,synthetic/v1_450/images/multi_defect/syn-v1-450-multi_defect-0045.jpg,synthetic/v1_450/masks/multi_defect/syn-v1-450-multi_defect-0045.png,synthetic_restored,train,IMGGEN-CLEAN-BACK-V1,SYNTH-BASE-KIA7809AF-BACK-001,SPEC-A,back,multi_defect,scratch;surface_spot,moderate,7809250,1924039248,1.1.1,7cc6627693f1a190ee26cfdbda90e0c69510377724d9484d14996ca83b755ffc,cb5fed83f6415c3bb3f6c26fce8fee402b064f28c0ad1c03b1bdc5dfa8d1ad8a,661ec4920858ae07a1eb560788aa956309cc8d82c14893546279d93d57b8a13d,c1e2ebd6479809da038e769dec03f838ed423c3bc2b8f358e7e2bf72f2be04fd,512,512,1322,0.0050430298,1.0000000000,24.5540065765,172,85,143,99,TRAIN_ONLY_SYNTHETIC_NG,NO,AUTO_PASS,NO,"{""attempt"":0,""effective_seed"":1924039248,""geometry"":{""rotation_deg"":-5.148718,""scale"":1.075979,""translate_x"":2.782967,""translate_y"":-2.116091},""instances_pre_transform"":[{""category"":""scratch"",""category_id"":1,""count"":2,""length_px"":[91.049,127.941],""severity"":""moderate"",""surface"":""metal_tab"",""width_px"":[2.495,1.433]},{""category"":""surface_spot"",""category_id"":2,""count"":3,""radii_px"":[[5.826,6.81],[5.014,4.864],[9.331,7.215]],""recipe_subtype"":""unknown_dark_spot"",""severity"":""moderate"",""surface"":""metal_tab""}],""photometric"":{""blur_radius"":0.376455,""brightness"":0.981336,""channel_gain_b"":0.960752,""channel_gain_g"":0.979239,""channel_gain_r"":1.02085,""contrast"":1.045937,""noise_sigma"":1.9482,""saturation"":1.060629},""recipe"":[""scratch"",""surface_spot""],""severity"":""moderate""}"
syn-v1-450-multi_defect-0046,synthetic/v1_450/images/multi_defect/syn-v1-450-multi_defect-0046.jpg,synthetic/v1_450/masks/multi_defect/syn-v1-450-multi_defect-0046.png,synthetic_restored,train,IMGGEN-CLEAN-BACK-V1,SYNTH-BASE-KIA7809AF-BACK-001,SPEC-A,back,multi_defect,scratch;lead_breakage,mild,7809250,738910866,1.1.1,7cc6627693f1a190ee26cfdbda90e0c69510377724d9484d14996ca83b755ffc,cb5fed83f6415c3bb3f6c26fce8fee402b064f28c0ad1c03b1bdc5dfa8d1ad8a,03dd3b23e12f0017534ac3ef1516571708d05a3b62ca7015f8ab18582575197d,331ec8c4a4f598578c318ef1914a89065ed2a5d273d15ea37a0501e59a19d9da,512,512,765,0.0029182434,1.0000000000,22.2037467957,174,188,159,190,TRAIN_ONLY_SYNTHETIC_NG,NO,AUTO_PASS,NO,"{""attempt"":0,""effective_seed"":738910866,""geometry"":{""rotation_deg"":0.424625,""scale"":0.943111,""translate_x"":-4.486936,""translate_y"":-8.496942},""instances_pre_transform"":[{""category"":""scratch"",""category_id"":1,""count"":1,""length_px"":[56.824],""severity"":""mild"",""surface"":""metal_tab"",""width_px"":[2.024]},{""category"":""lead_breakage"",""category_id"":5,""recipe_subtype"":""distal_lead_missing"",""removed_fraction"":0.2372,""severity"":""mild"",""surface"":""right_lead""}],""photometric"":{""blur_radius"":0.64373,""brightness"":0.960232,""channel_gain_b"":0.97443,""channel_gain_g"":1.025923,""channel_gain_r"":1.004029,""contrast"":0.947386,""noise_sigma"":2.674415,""saturation"":1.020586},""recipe"":[""scratch"",""lead_breakage""],""severity"":""mild""}"
syn-v1-450-multi_defect-0047,synthetic/v1_450/images/multi_defect/syn-v1-450-multi_defect-0047.jpg,synthetic/v1_450/masks/multi_defect/syn-v1-450-multi_defect-0047.png,synthetic_restored,train,IMGGEN-CLEAN-BACK-V1,SYNTH-BASE-KIA7809AF-BACK-001,SPEC-A,back,multi_defect,discoloration;body_chip,moderate,7809250,425658559,1.1.1,7cc6627693f1a190ee26cfdbda90e0c69510377724d9484d14996ca83b755ffc,cb5fed83f6415c3bb3f6c26fce8fee402b064f28c0ad1c03b1bdc5dfa8d1ad8a,5eb122a7cfb3d719e2a1e25145311490d093a79e24df1375bb69e31b8d3b8b61,9d2e773bc15122f2a16c65e9887e650710a8e84678458b94593b7e746740f9cc,512,512,5087,0.0194053650,1.0000000000,6.8321938515,136,166,94,90,TRAIN_ONLY_SYNTHETIC_NG,NO,AUTO_PASS,NO,"{""attempt"":0,""effective_seed"":425658559,""geometry"":{""rotation_deg"":2.153449,""scale"":0.96741,""translate_x"":2.335949,""translate_y"":-5.540284},""instances_pre_transform"":[{""category"":""discoloration"",""category_id"":3,""recipe_subtype"":""broad_color_shift"",""severity"":""moderate"",""span_px"":[84.072,65.906],""surface"":""metal_tab""},{""category"":""body_chip"",""category_id"":6,""depth_px"":14,""recipe_subtype"":""edge_material_loss"",""severity"":""moderate"",""span_px"":12,""surface"":""body_left_edge""}],""photometric"":{""blur_radius"":0.827084,""brightness"":0.980101,""channel_gain_b"":1.036154,""channel_gain_g"":1.003265,""channel_gain_r"":0.97492,""contrast"":0.943136,""noise_sigma"":1.361432,""saturation"":0.936122},""recipe"":[""discoloration"",""body_chip""],""severity"":""moderate""}"
syn-v1-450-multi_defect-0048,synthetic/v1_450/images/multi_defect/syn-v1-450-multi_defect-0048.jpg,synthetic/v1_450/masks/multi_defect/syn-v1-450-multi_defect-0048.png,synthetic_restored,train,IMGGEN-CLEAN-BACK-V1,SYNTH-BASE-KIA7809AF-BACK-001,SPEC-A,back,multi_defect,scratch;surface_spot,moderate,7809250,1500472019,1.1.1,7cc6627693f1a190ee26cfdbda90e0c69510377724d9484d14996ca83b755ffc,cb5fed83f6415c3bb3f6c26fce8fee402b064f28c0ad1c03b1bdc5dfa8d1ad8a,39c3f3bc709e97d33d218189c0cc01f940b3e0ebbfcd90bca4a4b29336056bdd,a298c7c91deb895f7182934c5521416972efa1b3c7de322ab05ddef2a9b7d96a,512,512,1604,0.0061187744,1.0000000000,23.6952075958,152,121,147,87,TRAIN_ONLY_SYNTHETIC_NG,NO,AUTO_PASS,NO,"{""attempt"":0,""effective_seed"":1500472019,""geometry"":{""rotation_deg"":-1.955231,""scale"":1.001927,""translate_x"":11.691044,""translate_y"":-6.488597},""instances_pre_transform"":[{""category"":""scratch"",""category_id"":1,""count"":1,""length_px"":[89.09],""severity"":""moderate"",""surface"":""metal_tab"",""width_px"":[3.35]},{""category"":""surface_spot"",""category_id"":2,""count"":3,""radii_px"":[[10.828,7.582],[10.924,7.449],[12.197,14.993]],""recipe_subtype"":""unknown_dark_spot"",""severity"":""moderate"",""surface"":""metal_tab""}],""photometric"":{""blur_radius"":0.32542,""brightness"":0.970692,""channel_gain_b"":0.968685,""channel_gain_g"":0.973101,""channel_gain_r"":1.039656,""contrast"":1.042572,""noise_sigma"":0.067337,""saturation"":1.020654},""recipe"":[""scratch"",""surface_spot""],""severity"":""moderate""}"
syn-v1-450-multi_defect-0049,synthetic/v1_450/images/multi_defect/syn-v1-450-multi_defect-0049.jpg,synthetic/v1_450/masks/multi_defect/syn-v1-450-multi_defect-0049.png,synthetic_restored,train,IMGGEN-CLEAN-BACK-V1,SYNTH-BASE-KIA7809AF-BACK-001,SPEC-A,back,multi_defect,scratch;lead_breakage,mild,7809250,493388867,1.1.1,7cc6627693f1a190ee26cfdbda90e0c69510377724d9484d14996ca83b755ffc,cb5fed83f6415c3bb3f6c26fce8fee402b064f28c0ad1c03b1bdc5dfa8d1ad8a,5f56aa4d75e4a659be9f2abc034eb9a29e59c651075bb6c63f2d3010ce2392aa,ed9f829357ee5b2c64d61c407c5dd7324e836c908d4aef18e58937aca88c36c5,512,512,822,0.0031356812,1.0000000000,24.4394931793,184,114,140,267,TRAIN_ONLY_SYNTHETIC_NG,NO,AUTO_PASS,NO,"{""attempt"":0,""effective_seed"":493388867,""geometry"":{""rotation_deg"":0.791597,""scale"":1.032023,""translate_x"":11.588448,""translate_y"":-1.297536},""instances_pre_transform"":[{""category"":""scratch"",""category_id"":1,""count"":1,""length_px"":[47.127],""severity"":""mild"",""surface"":""metal_tab"",""width_px"":[1.188]},{""category"":""lead_breakage"",""category_id"":5,""recipe_subtype"":""distal_lead_missing"",""removed_fraction"":0.2201,""severity"":""mild"",""surface"":""right_lead""}],""photometric"":{""blur_radius"":0.561713,""brightness"":1.036313,""channel_gain_b"":1.02801,""channel_gain_g"":1.009251,""channel_gain_r"":1.009408,""contrast"":1.077969,""noise_sigma"":0.062199,""saturation"":0.990375},""recipe"":[""scratch"",""lead_breakage""],""severity"":""mild""}"
