scene_id,image_id,image_path,component_instance_mask_path,defect_semantic_mask_path,component_yolo_path,defect_yolo_path,domain,split,task_type,training_use,evaluation_eligible,classification_eligible,lighting_profile,background_asset_id,scene_seed,attempt,instance_count,distinct_class_count,component_status_labels,source_parent_ids,composition_family_id,width,height,image_sha256,component_mask_sha256,defect_mask_sha256,component_yolo_sha256,defect_yolo_sha256,background_mean_luma,background_std_luma,background_p99_luma,component_mean_luma,component_background_luma_delta,component_background_luma_ratio,component_light_spill_p99,component_light_spill_max,background_luma_reference,config_sha256,generator_version,qc_gate_version,qc_status,human_verified,background_params_json,sensor_params_json,shadow_params_json
syn-v4-conv-0000,1,synthetic/v4_conveyor/images/train/syn-v4-conv-0000.jpg,synthetic/v4_conveyor/masks/component_visible_instances/train/syn-v4-conv-0000.png,synthetic/v4_conveyor/masks/defect_semantic/train/syn-v4-conv-0000.png,synthetic/v4_conveyor/labels/yolo_component_status/train/syn-v4-conv-0000.txt,synthetic/v4_conveyor/labels/yolo_defects/train/syn-v4-conv-0000.txt,synthetic_black_conveyor_multi_instance,train,multi_instance_detection_segmentation,TRAIN_ONLY_MULTI_SCENE_SYNTHETIC,NO,NO,neutral_component_spot,IMGGEN-CONVEYOR-BLACK-V1,3979263480,0,5,5,body_chip|scratch|body_crack|surface_spot|normal_proxy,syn-v2-700-body_chip-0046|syn-v2-700-scratch-0008|syn-v2-700-body_crack-0096|syn-v2-700-surface_spot-0004|syn-v2-700-scratch-0087,syn-v4-conv-0000,1280,720,3c228c6c64ae16f95b47d13ab29f4f709e9fbcc1019c8361c2b457ee9d0924dc,a048e64e95065de51d8efbd451718b9939a2f64d146fb8750df624be1ce5ebd5,142e3af437a9f990e4bc454132686fd7b07e2b82a9aca03bc78a3a60d9eab754,cc410c2d465ac3ef43b330af6d812d2e2b061ebad26b5bb3063edf0338e7c7e5,926765635cc808077c2ef142d8da2f50b2eff6f96f3347dc3bb406b83dd04f71,33.207272,4.091755,44.144402,141.350189,108.142918,4.256604,0.000000,0.000000,SHADOWLESS_SAME_SENSOR_JPEG,fa5adb968da368a28b85a711cd7b3d0aab6829453361eb686e915af6797cf717,4.0.0,multi-instance-paired-clean-1024-v1,AUTO_PASS_MULTI_INSTANCE_PAIRED_CLEAN_1024,NO,"{""brightness"":0.94358264,""contrast"":1.00876894,""crop_x"":0,""crop_y"":305,""noise_seed"":37193176,""noise_sigma"":0.84543952,""orientation_degrees"":180,""resized_height"":1280,""resized_width"":1280}","{""blur_radius_px"":0.15537920690005583,""jpeg_quality"":94,""noise_seed"":2468087977,""noise_sigma"":1.2339044468899922}","{""blur_radius_px"":5.225556150093812,""instances"":[{""instance_index"":1,""offset_x_px"":2,""offset_y_px"":8,""opacity"":0.29694814},{""instance_index"":2,""offset_x_px"":4,""offset_y_px"":8,""opacity"":0.21419147},{""instance_index"":3,""offset_x_px"":4,""offset_y_px"":8,""opacity"":0.25524013},{""instance_index"":4,""offset_x_px"":3,""offset_y_px"":7,""opacity"":0.3159803},{""instance_index"":5,""offset_x_px"":3,""offset_y_px"":7,""opacity"":0.21590288}]}"
syn-v4-conv-0001,2,synthetic/v4_conveyor/images/train/syn-v4-conv-0001.jpg,synthetic/v4_conveyor/masks/component_visible_instances/train/syn-v4-conv-0001.png,synthetic/v4_conveyor/masks/defect_semantic/train/syn-v4-conv-0001.png,synthetic/v4_conveyor/labels/yolo_component_status/train/syn-v4-conv-0001.txt,synthetic/v4_conveyor/labels/yolo_defects/train/syn-v4-conv-0001.txt,synthetic_black_conveyor_multi_instance,train,multi_instance_detection_segmentation,TRAIN_ONLY_MULTI_SCENE_SYNTHETIC,NO,NO,warm_component_spot,IMGGEN-CONVEYOR-BLACK-V1,2913443996,0,5,5,discoloration|lead_breakage|contamination|surface_spot|normal_proxy,syn-v2-700-discoloration-0045|syn-v2-700-lead_breakage-0008|syn-v2-700-contamination-0011|syn-v2-700-surface_spot-0021|syn-v2-700-discoloration-0070,syn-v4-conv-0001,1280,720,435983d6ae7b700d12ff6789cf8db0af10fb3b2c41825fecb6b585cf1c2cf09a,5188876117c0c589c329c42c27503c0403d4752d6ec9dbd922efe95f5ede2409,6537793c29f9d6c45762df4c3816e9715daf3d3a3488fddc518efb2f2b499b95,96c90dde7a085086904d8233082692ab7f79119c264d69a7a5a033c9c54e8682,6c11c3dc16bf3c5b3878b91efce507a889cea71c2e8ced0d83d7a211599bc11c,30.506184,4.157368,41.144398,142.651428,112.145245,4.676148,0.000000,0.000000,SHADOWLESS_SAME_SENSOR_JPEG,fa5adb968da368a28b85a711cd7b3d0aab6829453361eb686e915af6797cf717,4.0.0,multi-instance-paired-clean-1024-v1,AUTO_PASS_MULTI_INSTANCE_PAIRED_CLEAN_1024,NO,"{""brightness"":0.86881267,""contrast"":1.01145235,""crop_x"":0,""crop_y"":423,""noise_seed"":439952056,""noise_sigma"":0.03050157,""orientation_degrees"":90,""resized_height"":1280,""resized_width"":1280}","{""blur_radius_px"":0.11554722670974442,""jpeg_quality"":96,""noise_seed"":4159962220,""noise_sigma"":1.177729502661925}","{""blur_radius_px"":8.176580115257934,""instances"":[{""instance_index"":1,""offset_x_px"":4,""offset_y_px"":9,""opacity"":0.20146389},{""instance_index"":2,""offset_x_px"":0,""offset_y_px"":6,""opacity"":0.26524203},{""instance_index"":3,""offset_x_px"":4,""offset_y_px"":7,""opacity"":0.3055522},{""instance_index"":4,""offset_x_px"":-1,""offset_y_px"":8,""opacity"":0.31568348},{""instance_index"":5,""offset_x_px"":0,""offset_y_px"":6,""opacity"":0.20189352}]}"
syn-v4-conv-0002,3,synthetic/v4_conveyor/images/train/syn-v4-conv-0002.jpg,synthetic/v4_conveyor/masks/component_visible_instances/train/syn-v4-conv-0002.png,synthetic/v4_conveyor/masks/defect_semantic/train/syn-v4-conv-0002.png,synthetic/v4_conveyor/labels/yolo_component_status/train/syn-v4-conv-0002.txt,synthetic/v4_conveyor/labels/yolo_defects/train/syn-v4-conv-0002.txt,synthetic_black_conveyor_multi_instance,train,multi_instance_detection_segmentation,TRAIN_ONLY_MULTI_SCENE_SYNTHETIC,NO,NO,cool_component_spot,IMGGEN-CONVEYOR-BLACK-V1,315775457,0,5,5,discoloration|body_crack|surface_spot|lead_breakage|contamination,syn-v2-700-discoloration-0025|syn-v2-700-body_crack-0079|syn-v2-700-surface_spot-0024|syn-v2-700-lead_breakage-0012|syn-v2-700-contamination-0088,syn-v4-conv-0002,1280,720,649cf4cc9b76e9ff8db101300ed145ed825e1deb515b1d63d751f5ce20cc2e4e,d65ce1d8d6442553b058148feaca166690b55f70c7b18e3e53f2ded7d48f23b6,88c1d34ee003771c90969a7f505bc860e577cf29817c901722f00c6024717f47,685aed89bba64d4a0f289cd20a70a7ed475ba602a78483687097d66e5152a9c4,e102b4959b4425d5a15d63be8f56fdcc8c9024ef3354e4615e3ee236115f21e2,27.965399,3.505105,37.000000,136.476288,108.510889,4.880184,0.000000,0.000000,SHADOWLESS_SAME_SENSOR_JPEG,fa5adb968da368a28b85a711cd7b3d0aab6829453361eb686e915af6797cf717,4.0.0,multi-instance-paired-clean-1024-v1,AUTO_PASS_MULTI_INSTANCE_PAIRED_CLEAN_1024,NO,"{""brightness"":0.82077781,""contrast"":1.05612357,""crop_x"":0,""crop_y"":476,""noise_seed"":2530603549,""noise_sigma"":0.5626595,""orientation_degrees"":0,""resized_height"":1280,""resized_width"":1280}","{""blur_radius_px"":0.24423298874575963,""jpeg_quality"":95,""noise_seed"":1472196391,""noise_sigma"":0.8110846747513221}","{""blur_radius_px"":8.523877168475282,""instances"":[{""instance_index"":1,""offset_x_px"":0,""offset_y_px"":10,""opacity"":0.31420141},{""instance_index"":2,""offset_x_px"":4,""offset_y_px"":9,""opacity"":0.28432426},{""instance_index"":3,""offset_x_px"":2,""offset_y_px"":7,""opacity"":0.23100499},{""instance_index"":4,""offset_x_px"":-3,""offset_y_px"":6,""opacity"":0.31530983},{""instance_index"":5,""offset_x_px"":0,""offset_y_px"":6,""opacity"":0.2824439}]}"
syn-v4-conv-0003,4,synthetic/v4_conveyor/images/train/syn-v4-conv-0003.jpg,synthetic/v4_conveyor/masks/component_visible_instances/train/syn-v4-conv-0003.png,synthetic/v4_conveyor/masks/defect_semantic/train/syn-v4-conv-0003.png,synthetic/v4_conveyor/labels/yolo_component_status/train/syn-v4-conv-0003.txt,synthetic/v4_conveyor/labels/yolo_defects/train/syn-v4-conv-0003.txt,synthetic_black_conveyor_multi_instance,train,multi_instance_detection_segmentation,TRAIN_ONLY_MULTI_SCENE_SYNTHETIC,NO,NO,side_component_spot,IMGGEN-CONVEYOR-BLACK-V1,2076697439,0,5,5,discoloration|surface_spot|scratch|lead_breakage|body_chip,syn-v2-700-discoloration-0047|syn-v2-700-surface_spot-0090|syn-v2-700-scratch-0094|syn-v2-700-lead_breakage-0056|syn-v2-700-body_chip-0063,syn-v4-conv-0003,1280,720,141d99ebebe85cab8d77edc512a501a771c065c34b8b667647f119ddf4ad41fc,bac3f026186f592c60cec54e794f2f0f807da65c04a3bc957a21d115fbf5aec1,01ba210fbd87f215a766ec2b5024c32f9bef136e819c20f44ba5694886ec323e,a371e6e61833c8bb9acf75f12a4652d84f5ce5924f8f776399ff962796b2db76,b82f214308085dd5afb46fb187cb9e5bd32eb8856836cb870820e5a065049717,27.360004,3.586066,36.931801,141.380371,114.020367,5.167410,0.000000,0.000000,SHADOWLESS_SAME_SENSOR_JPEG,fa5adb968da368a28b85a711cd7b3d0aab6829453361eb686e915af6797cf717,4.0.0,multi-instance-paired-clean-1024-v1,AUTO_PASS_MULTI_INSTANCE_PAIRED_CLEAN_1024,NO,"{""brightness"":0.7767275,""contrast"":1.05349521,""crop_x"":0,""crop_y"":164,""noise_seed"":4188577804,""noise_sigma"":0.81590937,""orientation_degrees"":0,""resized_height"":1280,""resized_width"":1280}","{""blur_radius_px"":0.14109343641053448,""jpeg_quality"":93,""noise_seed"":2814066212,""noise_sigma"":0.847877113363497}","{""blur_radius_px"":5.5354156999910105,""instances"":[{""instance_index"":1,""offset_x_px"":0,""offset_y_px"":5,""opacity"":0.1870351},{""instance_index"":2,""offset_x_px"":2,""offset_y_px"":10,""opacity"":0.31823691},{""instance_index"":3,""offset_x_px"":0,""offset_y_px"":7,""opacity"":0.24248237},{""instance_index"":4,""offset_x_px"":4,""offset_y_px"":10,""opacity"":0.24954373},{""instance_index"":5,""offset_x_px"":-3,""offset_y_px"":6,""opacity"":0.20766395}]}"
syn-v4-conv-0004,5,synthetic/v4_conveyor/images/train/syn-v4-conv-0004.jpg,synthetic/v4_conveyor/masks/component_visible_instances/train/syn-v4-conv-0004.png,synthetic/v4_conveyor/masks/defect_semantic/train/syn-v4-conv-0004.png,synthetic/v4_conveyor/labels/yolo_component_status/train/syn-v4-conv-0004.txt,synthetic/v4_conveyor/labels/yolo_defects/train/syn-v4-conv-0004.txt,synthetic_black_conveyor_multi_instance,train,multi_instance_detection_segmentation,TRAIN_ONLY_MULTI_SCENE_SYNTHETIC,NO,NO,neutral_component_spot,IMGGEN-CONVEYOR-BLACK-V1,4112512382,0,5,5,surface_spot|body_crack|scratch|body_chip|lead_breakage,syn-v2-700-surface_spot-0037|syn-v2-700-body_crack-0084|syn-v2-700-scratch-0023|syn-v2-700-body_chip-0035|syn-v2-700-lead_breakage-0056,syn-v4-conv-0004,1280,720,9a3f71b1e8cddf8b70b50248651a8bb04c25e8ed119ae6a591cf605eb4fe2929,479ee0fde7b869583eda0500177a5c92697ed0a37286c9682d24a8a4595baf33,4a1af43ea1447e3d01d62746fe5921daf6957fa16ff6d27146139cb023eae87a,6b2f3ee20b5e6b44059abf18223a155cbd5f66053a65de335b3d2db93e2beb0b,9c9b30d1b67941a83928bd54aac0556dc60effc7ba2241cc32908b9e65e7bf80,28.028883,3.755641,38.000000,147.556564,119.527681,5.264447,0.000000,0.000000,SHADOWLESS_SAME_SENSOR_JPEG,fa5adb968da368a28b85a711cd7b3d0aab6829453361eb686e915af6797cf717,4.0.0,multi-instance-paired-clean-1024-v1,AUTO_PASS_MULTI_INSTANCE_PAIRED_CLEAN_1024,NO,"{""brightness"":0.79967857,""contrast"":1.02726653,""crop_x"":0,""crop_y"":2,""noise_seed"":1104000370,""noise_sigma"":0.66915822,""orientation_degrees"":90,""resized_height"":1280,""resized_width"":1280}","{""blur_radius_px"":0.039235398401467204,""jpeg_quality"":93,""noise_seed"":3094891960,""noise_sigma"":0.6643001547935341}","{""blur_radius_px"":5.836959631252136,""instances"":[{""instance_index"":1,""offset_x_px"":1,""offset_y_px"":8,""opacity"":0.2967419},{""instance_index"":2,""offset_x_px"":1,""offset_y_px"":9,""opacity"":0.24194818},{""instance_index"":3,""offset_x_px"":4,""offset_y_px"":6,""opacity"":0.28684604},{""instance_index"":4,""offset_x_px"":0,""offset_y_px"":10,""opacity"":0.24212948},{""instance_index"":5,""offset_x_px"":1,""offset_y_px"":9,""opacity"":0.24472231}]}"
syn-v4-conv-0005,6,synthetic/v4_conveyor/images/train/syn-v4-conv-0005.jpg,synthetic/v4_conveyor/masks/component_visible_instances/train/syn-v4-conv-0005.png,synthetic/v4_conveyor/masks/defect_semantic/train/syn-v4-conv-0005.png,synthetic/v4_conveyor/labels/yolo_component_status/train/syn-v4-conv-0005.txt,synthetic/v4_conveyor/labels/yolo_defects/train/syn-v4-conv-0005.txt,synthetic_black_conveyor_multi_instance,train,multi_instance_detection_segmentation,TRAIN_ONLY_MULTI_SCENE_SYNTHETIC,NO,NO,warm_component_spot,IMGGEN-CONVEYOR-BLACK-V1,2153720386,0,5,5,discoloration|body_chip|scratch|surface_spot|lead_breakage,syn-v2-700-discoloration-0070|syn-v2-700-body_chip-0060|syn-v2-700-scratch-0096|syn-v2-700-surface_spot-0034|syn-v2-700-lead_breakage-0010,syn-v4-conv-0005,1280,720,d8236193938695e35472d4931b4eec76f0ee44d0c4086d1fdc160220651cee39,16a581ce51b1e35be5497f23c12f13c60953c1cc6a7453719a765dba76e4758f,5fe82598d310f29e3ccaf8b96a9acbcc3086a7c67ca3891b3b0b1bf67c6268df,ec01dc07e5c96a2864c81463efb07413d73cd66addead8ef57073ed1c258b787,e515e69437bbb868eb1296375b0e2e6ae6f1559ac088edbe49b1b8add10f54c1,31.430849,3.251791,40.502602,145.742752,114.311903,4.636933,0.000000,0.000000,SHADOWLESS_SAME_SENSOR_JPEG,fa5adb968da368a28b85a711cd7b3d0aab6829453361eb686e915af6797cf717,4.0.0,multi-instance-paired-clean-1024-v1,AUTO_PASS_MULTI_INSTANCE_PAIRED_CLEAN_1024,NO,"{""brightness"":0.9017324,""contrast"":0.95129715,""crop_x"":0,""crop_y"":211,""noise_seed"":1948738463,""noise_sigma"":0.85391917,""orientation_degrees"":180,""resized_height"":1280,""resized_width"":1280}","{""blur_radius_px"":0.03634334017121551,""jpeg_quality"":94,""noise_seed"":2342878017,""noise_sigma"":1.1903437278028763}","{""blur_radius_px"":5.720281220944048,""instances"":[{""instance_index"":1,""offset_x_px"":5,""offset_y_px"":5,""opacity"":0.24041864},{""instance_index"":2,""offset_x_px"":-1,""offset_y_px"":8,""opacity"":0.20335053},{""instance_index"":3,""offset_x_px"":3,""offset_y_px"":10,""opacity"":0.21359562},{""instance_index"":4,""offset_x_px"":-2,""offset_y_px"":10,""opacity"":0.28757709},{""instance_index"":5,""offset_x_px"":2,""offset_y_px"":7,""opacity"":0.2881855}]}"
syn-v4-conv-0006,7,synthetic/v4_conveyor/images/train/syn-v4-conv-0006.jpg,synthetic/v4_conveyor/masks/component_visible_instances/train/syn-v4-conv-0006.png,synthetic/v4_conveyor/masks/defect_semantic/train/syn-v4-conv-0006.png,synthetic/v4_conveyor/labels/yolo_component_status/train/syn-v4-conv-0006.txt,synthetic/v4_conveyor/labels/yolo_defects/train/syn-v4-conv-0006.txt,synthetic_black_conveyor_multi_instance,train,multi_instance_detection_segmentation,TRAIN_ONLY_MULTI_SCENE_SYNTHETIC,NO,NO,cool_component_spot,IMGGEN-CONVEYOR-BLACK-V1,950474220,0,5,5,normal_proxy|discoloration|lead_breakage|body_crack|contamination,syn-v2-700-scratch-0094|syn-v2-700-discoloration-0023|syn-v2-700-lead_breakage-0017|syn-v2-700-body_crack-0052|syn-v2-700-contamination-0020,syn-v4-conv-0006,1280,720,ed408077d8828bc97e3e6161e312c08d29a0af960598d9dd145b57402331f894,ba5914cd4b3da4869e526c53caea6fd4d51623a331b8deac74e6b6eaee7d291b,c17d8f76645f8ae275840d3de1800597f8a5dce9fc2cff8c07da6bc4c2a41b37,e72cc156fbf91739a07ff5a4e2a5ceaf19a0eb06aa39e87fa1c12bb0a13a58a6,5d5cf7c84692bd66977e07192ef25a2cad121b23c18b9804ac6082943927ee18,27.311127,3.577492,36.502602,135.039383,107.728256,4.944482,0.000000,0.000000,SHADOWLESS_SAME_SENSOR_JPEG,fa5adb968da368a28b85a711cd7b3d0aab6829453361eb686e915af6797cf717,4.0.0,multi-instance-paired-clean-1024-v1,AUTO_PASS_MULTI_INSTANCE_PAIRED_CLEAN_1024,NO,"{""brightness"":0.78101658,""contrast"":1.01396991,""crop_x"":0,""crop_y"":361,""noise_seed"":196465270,""noise_sigma"":1.19834841,""orientation_degrees"":180,""resized_height"":1280,""resized_width"":1280}","{""blur_radius_px"":0.16818529839649374,""jpeg_quality"":93,""noise_seed"":225765247,""noise_sigma"":0.5094026263637783}","{""blur_radius_px"":7.587694099491914,""instances"":[{""instance_index"":1,""offset_x_px"":-3,""offset_y_px"":10,""opacity"":0.23436015},{""instance_index"":2,""offset_x_px"":5,""offset_y_px"":6,""opacity"":0.302213},{""instance_index"":3,""offset_x_px"":-2,""offset_y_px"":8,""opacity"":0.1803695},{""instance_index"":4,""offset_x_px"":-2,""offset_y_px"":8,""opacity"":0.21794771},{""instance_index"":5,""offset_x_px"":1,""offset_y_px"":10,""opacity"":0.1870968}]}"
syn-v4-conv-0007,8,synthetic/v4_conveyor/images/train/syn-v4-conv-0007.jpg,synthetic/v4_conveyor/masks/component_visible_instances/train/syn-v4-conv-0007.png,synthetic/v4_conveyor/masks/defect_semantic/train/syn-v4-conv-0007.png,synthetic/v4_conveyor/labels/yolo_component_status/train/syn-v4-conv-0007.txt,synthetic/v4_conveyor/labels/yolo_defects/train/syn-v4-conv-0007.txt,synthetic_black_conveyor_multi_instance,train,multi_instance_detection_segmentation,TRAIN_ONLY_MULTI_SCENE_SYNTHETIC,NO,NO,side_component_spot,IMGGEN-CONVEYOR-BLACK-V1,1684653161,0,5,5,discoloration|contamination|lead_breakage|body_crack|body_chip,syn-v2-700-discoloration-0073|syn-v2-700-contamination-0054|syn-v2-700-lead_breakage-0017|syn-v2-700-body_crack-0078|syn-v2-700-body_chip-0074,syn-v4-conv-0007,1280,720,39def11be4f2641eca3455ef190f3830ec6ff6193f9af444615d9fb3af9ca406,09e49444fb492a0c1e6d56e409e006efa9d01fe6ecfbb1cdd8fa7e1713f9748c,f156194be53fa141a39205f4dcfc64983a58ea8322d4d422b210f1e47106b5d0,7ba108e04bd11b88a8894a371af7544a6166df4cc25df0e1998dae5d813ba0e1,8385b8ed6992402958e8ea45905f6a1a905d2d8d0614b55b6ae7199df775481a,28.643509,3.082849,37.144398,140.886978,112.243469,4.918635,0.000000,0.000000,SHADOWLESS_SAME_SENSOR_JPEG,fa5adb968da368a28b85a711cd7b3d0aab6829453361eb686e915af6797cf717,4.0.0,multi-instance-paired-clean-1024-v1,AUTO_PASS_MULTI_INSTANCE_PAIRED_CLEAN_1024,NO,"{""brightness"":0.81217622,""contrast"":0.92113693,""crop_x"":0,""crop_y"":65,""noise_seed"":2047853169,""noise_sigma"":0.94685385,""orientation_degrees"":90,""resized_height"":1280,""resized_width"":1280}","{""blur_radius_px"":0.224391624476049,""jpeg_quality"":94,""noise_seed"":951603203,""noise_sigma"":0.31938923514707046}","{""blur_radius_px"":5.272405513021878,""instances"":[{""instance_index"":1,""offset_x_px"":-3,""offset_y_px"":6,""opacity"":0.3077568},{""instance_index"":2,""offset_x_px"":3,""offset_y_px"":8,""opacity"":0.31953056},{""instance_index"":3,""offset_x_px"":-3,""offset_y_px"":9,""opacity"":0.19469241},{""instance_index"":4,""offset_x_px"":2,""offset_y_px"":10,""opacity"":0.25819335},{""instance_index"":5,""offset_x_px"":-2,""offset_y_px"":10,""opacity"":0.29629025}]}"
syn-v4-conv-0008,9,synthetic/v4_conveyor/images/train/syn-v4-conv-0008.jpg,synthetic/v4_conveyor/masks/component_visible_instances/train/syn-v4-conv-0008.png,synthetic/v4_conveyor/masks/defect_semantic/train/syn-v4-conv-0008.png,synthetic/v4_conveyor/labels/yolo_component_status/train/syn-v4-conv-0008.txt,synthetic/v4_conveyor/labels/yolo_defects/train/syn-v4-conv-0008.txt,synthetic_black_conveyor_multi_instance,train,multi_instance_detection_segmentation,TRAIN_ONLY_MULTI_SCENE_SYNTHETIC,NO,NO,neutral_component_spot,IMGGEN-CONVEYOR-BLACK-V1,1194206396,0,5,5,contamination|discoloration|lead_breakage|body_chip|scratch,syn-v2-700-contamination-0002|syn-v2-700-discoloration-0025|syn-v2-700-lead_breakage-0076|syn-v2-700-body_chip-0005|syn-v2-700-scratch-0073,syn-v4-conv-0008,1280,720,7ce0dcb65f4ab556c137d649541c199c872178825b9f26ca5c782fd53df6b1a6,cbdd63bd41c27e1db00984f7660b201ed2f2746d5996ec78dc2e8df9e4855045,2a34663a4eb117de789e7082f2381f20e583be3c5b1e7d0f34550437af4f6926,55e4facb43c7e56f9e74af70d8c668e52b5cc6147d3d1ac830de842986affc2f,29d5f085b9d4e33753cceee36e7bf048d672cd15e661f35efa12203d2b93b2df,33.418053,3.585942,43.144402,136.205124,102.787071,4.075795,0.000000,0.000000,SHADOWLESS_SAME_SENSOR_JPEG,fa5adb968da368a28b85a711cd7b3d0aab6829453361eb686e915af6797cf717,4.0.0,multi-instance-paired-clean-1024-v1,AUTO_PASS_MULTI_INSTANCE_PAIRED_CLEAN_1024,NO,"{""brightness"":0.93710293,""contrast"":0.95403156,""crop_x"":0,""crop_y"":185,""noise_seed"":2161290512,""noise_sigma"":0.08503208,""orientation_degrees"":0,""resized_height"":1280,""resized_width"":1280}","{""blur_radius_px"":0.02107522192619051,""jpeg_quality"":96,""noise_seed"":102898248,""noise_sigma"":0.7496269561490023}","{""blur_radius_px"":5.891450975443665,""instances"":[{""instance_index"":1,""offset_x_px"":-2,""offset_y_px"":6,""opacity"":0.29410137},{""instance_index"":2,""offset_x_px"":1,""offset_y_px"":6,""opacity"":0.20001223},{""instance_index"":3,""offset_x_px"":2,""offset_y_px"":6,""opacity"":0.2260861},{""instance_index"":4,""offset_x_px"":1,""offset_y_px"":5,""opacity"":0.25121665},{""instance_index"":5,""offset_x_px"":-1,""offset_y_px"":7,""opacity"":0.19335049}]}"
syn-v4-conv-0009,10,synthetic/v4_conveyor/images/train/syn-v4-conv-0009.jpg,synthetic/v4_conveyor/masks/component_visible_instances/train/syn-v4-conv-0009.png,synthetic/v4_conveyor/masks/defect_semantic/train/syn-v4-conv-0009.png,synthetic/v4_conveyor/labels/yolo_component_status/train/syn-v4-conv-0009.txt,synthetic/v4_conveyor/labels/yolo_defects/train/syn-v4-conv-0009.txt,synthetic_black_conveyor_multi_instance,train,multi_instance_detection_segmentation,TRAIN_ONLY_MULTI_SCENE_SYNTHETIC,NO,NO,warm_component_spot,IMGGEN-CONVEYOR-BLACK-V1,3910064810,0,5,5,body_crack|scratch|discoloration|body_chip|normal_proxy,syn-v2-700-body_crack-0008|syn-v2-700-scratch-0001|syn-v2-700-discoloration-0027|syn-v2-700-body_chip-0006|syn-v2-700-body_chip-0055,syn-v4-conv-0009,1280,720,6d5fdd96e16704ae9771aeef322632cc298944dcaa2ebb3031692f03003bf0a9,c4a30b42048d57229e3d16dbd0dc983fdb20f551b572bc50960f6db1bd903a5a,78f3794dc607fad1b207145d4953e1d7c971343cec51b66def3acceff8791277,6cbc7347c631dc8dbf242d22c88ec1043efc9344375cab4967f23163eab3607b,a625149766759029c7c88c655ee41ef3d0ed178f012ed6b9cf41b32a08767447,33.315311,3.491378,43.931801,145.857880,112.542568,4.378103,0.000000,0.000000,SHADOWLESS_SAME_SENSOR_JPEG,fa5adb968da368a28b85a711cd7b3d0aab6829453361eb686e915af6797cf717,4.0.0,multi-instance-paired-clean-1024-v1,AUTO_PASS_MULTI_INSTANCE_PAIRED_CLEAN_1024,NO,"{""brightness"":0.94254723,""contrast"":0.97293472,""crop_x"":0,""crop_y"":560,""noise_seed"":246512343,""noise_sigma"":0.15351322,""orientation_degrees"":270,""resized_height"":1280,""resized_width"":1280}","{""blur_radius_px"":0.2020967911726483,""jpeg_quality"":92,""noise_seed"":2357332424,""noise_sigma"":1.2275100882070966}","{""blur_radius_px"":6.897462120489053,""instances"":[{""instance_index"":1,""offset_x_px"":-1,""offset_y_px"":8,""opacity"":0.26212193},{""instance_index"":2,""offset_x_px"":4,""offset_y_px"":8,""opacity"":0.18005014},{""instance_index"":3,""offset_x_px"":5,""offset_y_px"":9,""opacity"":0.22148275},{""instance_index"":4,""offset_x_px"":-2,""offset_y_px"":10,""opacity"":0.18620236},{""instance_index"":5,""offset_x_px"":1,""offset_y_px"":8,""opacity"":0.29221676}]}"
syn-v4-conv-0010,11,synthetic/v4_conveyor/images/train/syn-v4-conv-0010.jpg,synthetic/v4_conveyor/masks/component_visible_instances/train/syn-v4-conv-0010.png,synthetic/v4_conveyor/masks/defect_semantic/train/syn-v4-conv-0010.png,synthetic/v4_conveyor/labels/yolo_component_status/train/syn-v4-conv-0010.txt,synthetic/v4_conveyor/labels/yolo_defects/train/syn-v4-conv-0010.txt,synthetic_black_conveyor_multi_instance,train,multi_instance_detection_segmentation,TRAIN_ONLY_MULTI_SCENE_SYNTHETIC,NO,NO,cool_component_spot,IMGGEN-CONVEYOR-BLACK-V1,1808634150,0,5,5,surface_spot|lead_breakage|normal_proxy|discoloration|scratch,syn-v2-700-surface_spot-0047|syn-v2-700-lead_breakage-0008|syn-v2-700-contamination-0035|syn-v2-700-discoloration-0047|syn-v2-700-scratch-0096,syn-v4-conv-0010,1280,720,9d6ee78338ec72514bc29cd60e170a74cdd39b8e2f23a9aaec22949fc428b66a,dfbab11f3c637034de033d29748a9a6b8c80fc0d8ec3c196646dd6ea0a401f49,354b35b9cd0df14d5cab1dcf4b0ea5889156c84139d64eda1f620e2bf4cb2a5f,6d83d5788b96d97beaf9cc9185a992404d0cc1768e002a414c677d56d9ea1c67,7c87abea249236004649924a408ecee682ecc33d3c7e45432cc7183b97fea2ac,31.612202,3.105668,40.573601,138.413315,106.801113,4.378478,0.000000,0.000000,SHADOWLESS_SAME_SENSOR_JPEG,fa5adb968da368a28b85a711cd7b3d0aab6829453361eb686e915af6797cf717,4.0.0,multi-instance-paired-clean-1024-v1,AUTO_PASS_MULTI_INSTANCE_PAIRED_CLEAN_1024,NO,"{""brightness"":0.91900772,""contrast"":0.97438702,""crop_x"":0,""crop_y"":478,""noise_seed"":4195226059,""noise_sigma"":1.02120853,""orientation_degrees"":0,""resized_height"":1280,""resized_width"":1280}","{""blur_radius_px"":0.2561893964280141,""jpeg_quality"":96,""noise_seed"":740629919,""noise_sigma"":0.7754587500672205}","{""blur_radius_px"":8.731867913046592,""instances"":[{""instance_index"":1,""offset_x_px"":-3,""offset_y_px"":9,""opacity"":0.2883644},{""instance_index"":2,""offset_x_px"":1,""offset_y_px"":8,""opacity"":0.27020787},{""instance_index"":3,""offset_x_px"":-3,""offset_y_px"":10,""opacity"":0.26025739},{""instance_index"":4,""offset_x_px"":1,""offset_y_px"":10,""opacity"":0.27209625},{""instance_index"":5,""offset_x_px"":-3,""offset_y_px"":5,""opacity"":0.30324734}]}"
syn-v4-conv-0011,12,synthetic/v4_conveyor/images/train/syn-v4-conv-0011.jpg,synthetic/v4_conveyor/masks/component_visible_instances/train/syn-v4-conv-0011.png,synthetic/v4_conveyor/masks/defect_semantic/train/syn-v4-conv-0011.png,synthetic/v4_conveyor/labels/yolo_component_status/train/syn-v4-conv-0011.txt,synthetic/v4_conveyor/labels/yolo_defects/train/syn-v4-conv-0011.txt,synthetic_black_conveyor_multi_instance,train,multi_instance_detection_segmentation,TRAIN_ONLY_MULTI_SCENE_SYNTHETIC,NO,NO,side_component_spot,IMGGEN-CONVEYOR-BLACK-V1,3797536697,0,5,5,lead_breakage|body_chip|scratch|discoloration|normal_proxy,syn-v2-700-lead_breakage-0012|syn-v2-700-body_chip-0063|syn-v2-700-scratch-0057|syn-v2-700-discoloration-0061|syn-v2-700-surface_spot-0071,syn-v4-conv-0011,1280,720,1d8d428c01ae5999cf32fa472bdaa2710c8ac5fc2488cf452ff2c497161663c0,4d402c5c190620c231866a75bfaab60db0a2c2067ee23db260bfa708ac22fa4f,07c1531f5f3f5ac927cb59eb641e1dcafead4717b02350c3d789faa77c08302c,08af1c49ed9d7a7badcf25d78e334ed89ae79586ed2d03d4fdd0cc9f8b7c9a13,0cf37bc0aa0f0e1a479290aeb3b39817e89e7a4b0cb8761c3c52d1df1d9ddde0,29.660419,3.868969,40.000000,149.976608,120.316189,5.056456,0.000000,0.000000,SHADOWLESS_SAME_SENSOR_JPEG,fa5adb968da368a28b85a711cd7b3d0aab6829453361eb686e915af6797cf717,4.0.0,multi-instance-paired-clean-1024-v1,AUTO_PASS_MULTI_INSTANCE_PAIRED_CLEAN_1024,NO,"{""brightness"":0.82662988,""contrast"":1.03763813,""crop_x"":0,""crop_y"":29,""noise_seed"":3945541799,""noise_sigma"":0.14954375,""orientation_degrees"":0,""resized_height"":1280,""resized_width"":1280}","{""blur_radius_px"":0.0848441235497007,""jpeg_quality"":95,""noise_seed"":884092597,""noise_sigma"":0.37918938238306904}","{""blur_radius_px"":8.408717145215311,""instances"":[{""instance_index"":1,""offset_x_px"":-3,""offset_y_px"":7,""opacity"":0.26119984},{""instance_index"":2,""offset_x_px"":1,""offset_y_px"":7,""opacity"":0.19366126},{""instance_index"":3,""offset_x_px"":2,""offset_y_px"":6,""opacity"":0.23780996},{""instance_index"":4,""offset_x_px"":3,""offset_y_px"":7,""opacity"":0.28444902},{""instance_index"":5,""offset_x_px"":0,""offset_y_px"":7,""opacity"":0.2099124}]}"
syn-v4-conv-0012,13,synthetic/v4_conveyor/images/train/syn-v4-conv-0012.jpg,synthetic/v4_conveyor/masks/component_visible_instances/train/syn-v4-conv-0012.png,synthetic/v4_conveyor/masks/defect_semantic/train/syn-v4-conv-0012.png,synthetic/v4_conveyor/labels/yolo_component_status/train/syn-v4-conv-0012.txt,synthetic/v4_conveyor/labels/yolo_defects/train/syn-v4-conv-0012.txt,synthetic_black_conveyor_multi_instance,train,multi_instance_detection_segmentation,TRAIN_ONLY_MULTI_SCENE_SYNTHETIC,NO,NO,neutral_component_spot,IMGGEN-CONVEYOR-BLACK-V1,2249037915,0,5,5,normal_proxy|body_crack|body_chip|scratch|lead_breakage,syn-v2-700-body_chip-0060|syn-v2-700-body_crack-0027|syn-v2-700-body_chip-0088|syn-v2-700-scratch-0079|syn-v2-700-lead_breakage-0068,syn-v4-conv-0012,1280,720,28577693782f9a2fb4aafdefd1f52b5ecd23d19ab1971ce387882e5050c0dfd9,50cb9582c2a5a786782c3942f09c8057ef9948101d82b13e0c7c221353a67677,207ccd6872480478cf8aa4dd578dc0995702ae6149c706af3f4985e586984b3d,a5db5d5280681e54e56bac35f86cc6021ee192e2f336a63c3e13ad90b0467c5f,b262559d82001ddb62cd54503fe05bdc4bca803d6d93eb81e9fdf961fcec05b8,30.301804,4.058178,41.144398,142.113144,111.811340,4.689924,0.000000,0.000000,SHADOWLESS_SAME_SENSOR_JPEG,fa5adb968da368a28b85a711cd7b3d0aab6829453361eb686e915af6797cf717,4.0.0,multi-instance-paired-clean-1024-v1,AUTO_PASS_MULTI_INSTANCE_PAIRED_CLEAN_1024,NO,"{""brightness"":0.86220238,""contrast"":1.04673722,""crop_x"":0,""crop_y"":107,""noise_seed"":1377828377,""noise_sigma"":0.71549277,""orientation_degrees"":270,""resized_height"":1280,""resized_width"":1280}","{""blur_radius_px"":0.29119606321408387,""jpeg_quality"":94,""noise_seed"":3612559654,""noise_sigma"":0.33699417981878693}","{""blur_radius_px"":8.429155719213458,""instances"":[{""instance_index"":1,""offset_x_px"":1,""offset_y_px"":10,""opacity"":0.25789623},{""instance_index"":2,""offset_x_px"":4,""offset_y_px"":8,""opacity"":0.20141474},{""instance_index"":3,""offset_x_px"":2,""offset_y_px"":10,""opacity"":0.24003552},{""instance_index"":4,""offset_x_px"":5,""offset_y_px"":6,""opacity"":0.29217212},{""instance_index"":5,""offset_x_px"":-3,""offset_y_px"":5,""opacity"":0.22755267}]}"
syn-v4-conv-0013,14,synthetic/v4_conveyor/images/train/syn-v4-conv-0013.jpg,synthetic/v4_conveyor/masks/component_visible_instances/train/syn-v4-conv-0013.png,synthetic/v4_conveyor/masks/defect_semantic/train/syn-v4-conv-0013.png,synthetic/v4_conveyor/labels/yolo_component_status/train/syn-v4-conv-0013.txt,synthetic/v4_conveyor/labels/yolo_defects/train/syn-v4-conv-0013.txt,synthetic_black_conveyor_multi_instance,train,multi_instance_detection_segmentation,TRAIN_ONLY_MULTI_SCENE_SYNTHETIC,NO,NO,warm_component_spot,IMGGEN-CONVEYOR-BLACK-V1,3306637922,0,5,5,contamination|normal_proxy|body_chip|body_crack|surface_spot,syn-v2-700-contamination-0088|syn-v2-700-lead_breakage-0020|syn-v2-700-body_chip-0058|syn-v2-700-body_crack-0036|syn-v2-700-surface_spot-0090,syn-v4-conv-0013,1280,720,7b2fad57671b5887c50798cf0b65de1d5c613407fc327a07d2745ab36b596a92,5d38470572dc3d7687f400fe93e193258b63b9fe4ec9dc444b06afa78b3542f2,43a0b0e127bf0aa2c969ddc8b3ae43bde5543b5bea8b58ef2ef4090539340a45,5a7731bf61b2c87b1fb2db01976bd3d3d0d6dda46e6d5b6fa6aac766a805a369,c5c432fe40f1050ae22c70d3f9aaeba6e2cabec76912368be6eb197fd2a695b7,26.988333,2.869708,35.144402,141.641632,114.653299,5.248254,0.000000,0.000000,SHADOWLESS_SAME_SENSOR_JPEG,fa5adb968da368a28b85a711cd7b3d0aab6829453361eb686e915af6797cf717,4.0.0,multi-instance-paired-clean-1024-v1,AUTO_PASS_MULTI_INSTANCE_PAIRED_CLEAN_1024,NO,"{""brightness"":0.77135781,""contrast"":0.94232332,""crop_x"":0,""crop_y"":524,""noise_seed"":3780392105,""noise_sigma"":0.98949061,""orientation_degrees"":270,""resized_height"":1280,""resized_width"":1280}","{""blur_radius_px"":0.013201300330910715,""jpeg_quality"":92,""noise_seed"":727138915,""noise_sigma"":0.3363310534187372}","{""blur_radius_px"":5.962562545734272,""instances"":[{""instance_index"":1,""offset_x_px"":-1,""offset_y_px"":10,""opacity"":0.22746241},{""instance_index"":2,""offset_x_px"":3,""offset_y_px"":6,""opacity"":0.29614506},{""instance_index"":3,""offset_x_px"":-1,""offset_y_px"":7,""opacity"":0.31431028},{""instance_index"":4,""offset_x_px"":0,""offset_y_px"":8,""opacity"":0.20951175},{""instance_index"":5,""offset_x_px"":-3,""offset_y_px"":8,""opacity"":0.30672277}]}"
syn-v4-conv-0014,15,synthetic/v4_conveyor/images/train/syn-v4-conv-0014.jpg,synthetic/v4_conveyor/masks/component_visible_instances/train/syn-v4-conv-0014.png,synthetic/v4_conveyor/masks/defect_semantic/train/syn-v4-conv-0014.png,synthetic/v4_conveyor/labels/yolo_component_status/train/syn-v4-conv-0014.txt,synthetic/v4_conveyor/labels/yolo_defects/train/syn-v4-conv-0014.txt,synthetic_black_conveyor_multi_instance,train,multi_instance_detection_segmentation,TRAIN_ONLY_MULTI_SCENE_SYNTHETIC,NO,NO,cool_component_spot,IMGGEN-CONVEYOR-BLACK-V1,1392858975,0,5,5,body_chip|contamination|scratch|lead_breakage|discoloration,syn-v2-700-body_chip-0088|syn-v2-700-contamination-0045|syn-v2-700-scratch-0090|syn-v2-700-lead_breakage-0085|syn-v2-700-discoloration-0058,syn-v4-conv-0014,1280,720,eb1578f94d37b5fbf244b065f7d824724cd409965ed6919f111448b2fde5c43a,69073d7f2f468e1d6f344369cd712e458a2f79d74dd62efc0047fb730a17317a,f72d23abf6f280dd9abb531e00123b2d9d73cbdbfd368d5f7c1fceab995b47c2,be8dbfa8b39457d119b38974f474cbc5a90bc6a3cdf4e94cf74110943649939a,91092fa65a098e22f0c92cd00239d0780862636fd2c298f722865382ecf6ac1f,31.721539,3.405811,41.144398,142.597000,110.875462,4.495274,0.000000,0.000000,SHADOWLESS_SAME_SENSOR_JPEG,fa5adb968da368a28b85a711cd7b3d0aab6829453361eb686e915af6797cf717,4.0.0,multi-instance-paired-clean-1024-v1,AUTO_PASS_MULTI_INSTANCE_PAIRED_CLEAN_1024,NO,"{""brightness"":0.89329985,""contrast"":0.96952362,""crop_x"":0,""crop_y"":546,""noise_seed"":55619625,""noise_sigma"":0.99095198,""orientation_degrees"":270,""resized_height"":1280,""resized_width"":1280}","{""blur_radius_px"":0.24262040750012084,""jpeg_quality"":94,""noise_seed"":2313658442,""noise_sigma"":0.8684586438896502}","{""blur_radius_px"":5.281403328745732,""instances"":[{""instance_index"":1,""offset_x_px"":-2,""offset_y_px"":7,""opacity"":0.25252144},{""instance_index"":2,""offset_x_px"":-1,""offset_y_px"":7,""opacity"":0.23525304},{""instance_index"":3,""offset_x_px"":-3,""offset_y_px"":6,""opacity"":0.31584026},{""instance_index"":4,""offset_x_px"":4,""offset_y_px"":9,""opacity"":0.19024381},{""instance_index"":5,""offset_x_px"":-3,""offset_y_px"":10,""opacity"":0.28470209}]}"
syn-v4-conv-0015,16,synthetic/v4_conveyor/images/train/syn-v4-conv-0015.jpg,synthetic/v4_conveyor/masks/component_visible_instances/train/syn-v4-conv-0015.png,synthetic/v4_conveyor/masks/defect_semantic/train/syn-v4-conv-0015.png,synthetic/v4_conveyor/labels/yolo_component_status/train/syn-v4-conv-0015.txt,synthetic/v4_conveyor/labels/yolo_defects/train/syn-v4-conv-0015.txt,synthetic_black_conveyor_multi_instance,train,multi_instance_detection_segmentation,TRAIN_ONLY_MULTI_SCENE_SYNTHETIC,NO,NO,side_component_spot,IMGGEN-CONVEYOR-BLACK-V1,3822082966,0,5,5,lead_breakage|contamination|body_chip|scratch|body_crack,syn-v2-700-lead_breakage-0056|syn-v2-700-contamination-0090|syn-v2-700-body_chip-0035|syn-v2-700-scratch-0073|syn-v2-700-body_crack-0027,syn-v4-conv-0015,1280,720,db3fddde55c6dd73beb131327de8bc703b128b3fd78a195fce56f21ec3309142,568f9b20795edb7fd392b41b7f95511857e16b447247d821825bf5b2da9c6e5f,8078090a07550d987f83c7e49544617dea643902f8ff0fc7e16b22c37306d9e4,6ba17e567b13a6e7608f4ca1b5783d7a44b4d6b5b53e20440cb79957605346a6,31ff586044060f82a068904800defaa80ba0f80d15ad21d7cb112a62864f3091,25.555002,2.518335,32.855602,142.899460,117.344458,5.591839,0.000000,0.000000,SHADOWLESS_SAME_SENSOR_JPEG,fa5adb968da368a28b85a711cd7b3d0aab6829453361eb686e915af6797cf717,4.0.0,multi-instance-paired-clean-1024-v1,AUTO_PASS_MULTI_INSTANCE_PAIRED_CLEAN_1024,NO,"{""brightness"":0.73531147,""contrast"":0.93622528,""crop_x"":0,""crop_y"":313,""noise_seed"":1106673375,""noise_sigma"":0.41142951,""orientation_degrees"":0,""resized_height"":1280,""resized_width"":1280}","{""blur_radius_px"":0.12746173074738118,""jpeg_quality"":94,""noise_seed"":246727727,""noise_sigma"":1.0952104807014802}","{""blur_radius_px"":5.662988104279016,""instances"":[{""instance_index"":1,""offset_x_px"":-2,""offset_y_px"":7,""opacity"":0.22773639},{""instance_index"":2,""offset_x_px"":-1,""offset_y_px"":8,""opacity"":0.18030827},{""instance_index"":3,""offset_x_px"":-3,""offset_y_px"":7,""opacity"":0.30759526},{""instance_index"":4,""offset_x_px"":2,""offset_y_px"":6,""opacity"":0.24916816},{""instance_index"":5,""offset_x_px"":3,""offset_y_px"":5,""opacity"":0.30040697}]}"
syn-v4-conv-0016,17,synthetic/v4_conveyor/images/train/syn-v4-conv-0016.jpg,synthetic/v4_conveyor/masks/component_visible_instances/train/syn-v4-conv-0016.png,synthetic/v4_conveyor/masks/defect_semantic/train/syn-v4-conv-0016.png,synthetic/v4_conveyor/labels/yolo_component_status/train/syn-v4-conv-0016.txt,synthetic/v4_conveyor/labels/yolo_defects/train/syn-v4-conv-0016.txt,synthetic_black_conveyor_multi_instance,train,multi_instance_detection_segmentation,TRAIN_ONLY_MULTI_SCENE_SYNTHETIC,NO,NO,neutral_component_spot,IMGGEN-CONVEYOR-BLACK-V1,4005788617,0,5,5,surface_spot|normal_proxy|contamination|discoloration|body_chip,syn-v2-700-surface_spot-0024|syn-v2-700-discoloration-0045|syn-v2-700-contamination-0006|syn-v2-700-discoloration-0054|syn-v2-700-body_chip-0011,syn-v4-conv-0016,1280,720,fba608c509d2cee2b2ac788114bde78ae055eb58af7e5c4781284002086f0bc6,3c373cb353942712f98dd09994a317b1d2263145f0f27210b331d8e4f07a3edb,820f32f7b0af6d91bb06bb86856bdc5685c21136ad3d8a2a382010a934dc0968,c5aef96c7ba56ab0e7486304d52da3357261870c36758ca9f33d5512c8359a91,5934d2606a242f953272673a1c1cd1ea493f39ee412074344dd4a9bf3e3041d4,32.494183,3.575026,42.502602,138.669022,106.174839,4.267503,0.000000,0.000000,SHADOWLESS_SAME_SENSOR_JPEG,fa5adb968da368a28b85a711cd7b3d0aab6829453361eb686e915af6797cf717,4.0.0,multi-instance-paired-clean-1024-v1,AUTO_PASS_MULTI_INSTANCE_PAIRED_CLEAN_1024,NO,"{""brightness"":0.90993884,""contrast"":0.93518787,""crop_x"":0,""crop_y"":214,""noise_seed"":3030764284,""noise_sigma"":0.95417518,""orientation_degrees"":90,""resized_height"":1280,""resized_width"":1280}","{""blur_radius_px"":0.0690692640457312,""jpeg_quality"":93,""noise_seed"":3624733854,""noise_sigma"":0.8749342176361858}","{""blur_radius_px"":7.499997339990582,""instances"":[{""instance_index"":1,""offset_x_px"":-1,""offset_y_px"":9,""opacity"":0.18871346},{""instance_index"":2,""offset_x_px"":4,""offset_y_px"":6,""opacity"":0.2418578},{""instance_index"":3,""offset_x_px"":1,""offset_y_px"":7,""opacity"":0.25548767},{""instance_index"":4,""offset_x_px"":1,""offset_y_px"":10,""opacity"":0.26618672},{""instance_index"":5,""offset_x_px"":2,""offset_y_px"":7,""opacity"":0.31095388}]}"
syn-v4-conv-0017,18,synthetic/v4_conveyor/images/train/syn-v4-conv-0017.jpg,synthetic/v4_conveyor/masks/component_visible_instances/train/syn-v4-conv-0017.png,synthetic/v4_conveyor/masks/defect_semantic/train/syn-v4-conv-0017.png,synthetic/v4_conveyor/labels/yolo_component_status/train/syn-v4-conv-0017.txt,synthetic/v4_conveyor/labels/yolo_defects/train/syn-v4-conv-0017.txt,synthetic_black_conveyor_multi_instance,train,multi_instance_detection_segmentation,TRAIN_ONLY_MULTI_SCENE_SYNTHETIC,NO,NO,warm_component_spot,IMGGEN-CONVEYOR-BLACK-V1,4050046095,0,5,5,normal_proxy|body_crack|contamination|body_chip|scratch,syn-v2-700-discoloration-0089|syn-v2-700-body_crack-0054|syn-v2-700-contamination-0096|syn-v2-700-body_chip-0063|syn-v2-700-scratch-0018,syn-v4-conv-0017,1280,720,7f22a9aedef4b6f92986944a71d943d0ac1eb9201304ab457ca4f36f8b2ad4d9,c7db6fafe9b1e84812581af5687c4fba7053705fb5393b8a6baa4c40bf6b5045,5ccf239b89f492487dc3292b616bed355be4efea104def12584fbf61bc857116,940260bd81ceeccd074e72103529e6c87e9bba7a0da652a985be8c92a79fa471,85696413de3c1f8e1ea65aee58b1375d9b4667f2e22e70d4be682441ee211664,27.214548,3.652192,37.000000,143.081619,115.867071,5.257542,0.000000,0.000000,SHADOWLESS_SAME_SENSOR_JPEG,fa5adb968da368a28b85a711cd7b3d0aab6829453361eb686e915af6797cf717,4.0.0,multi-instance-paired-clean-1024-v1,AUTO_PASS_MULTI_INSTANCE_PAIRED_CLEAN_1024,NO,"{""brightness"":0.77996032,""contrast"":1.01888984,""crop_x"":0,""crop_y"":547,""noise_seed"":494313175,""noise_sigma"":0.03028734,""orientation_degrees"":270,""resized_height"":1280,""resized_width"":1280}","{""blur_radius_px"":0.07271382433022436,""jpeg_quality"":94,""noise_seed"":3240920793,""noise_sigma"":0.6026761381447456}","{""blur_radius_px"":7.668409530941313,""instances"":[{""instance_index"":1,""offset_x_px"":1,""offset_y_px"":5,""opacity"":0.20821666},{""instance_index"":2,""offset_x_px"":4,""offset_y_px"":6,""opacity"":0.27169367},{""instance_index"":3,""offset_x_px"":-2,""offset_y_px"":10,""opacity"":0.26360986},{""instance_index"":4,""offset_x_px"":2,""offset_y_px"":5,""opacity"":0.23578285},{""instance_index"":5,""offset_x_px"":3,""offset_y_px"":8,""opacity"":0.24551155}]}"
syn-v4-conv-0018,19,synthetic/v4_conveyor/images/train/syn-v4-conv-0018.jpg,synthetic/v4_conveyor/masks/component_visible_instances/train/syn-v4-conv-0018.png,synthetic/v4_conveyor/masks/defect_semantic/train/syn-v4-conv-0018.png,synthetic/v4_conveyor/labels/yolo_component_status/train/syn-v4-conv-0018.txt,synthetic/v4_conveyor/labels/yolo_defects/train/syn-v4-conv-0018.txt,synthetic_black_conveyor_multi_instance,train,multi_instance_detection_segmentation,TRAIN_ONLY_MULTI_SCENE_SYNTHETIC,NO,NO,cool_component_spot,IMGGEN-CONVEYOR-BLACK-V1,1683012781,0,5,5,surface_spot|normal_proxy|lead_breakage|scratch|body_crack,syn-v2-700-surface_spot-0021|syn-v2-700-surface_spot-0060|syn-v2-700-lead_breakage-0088|syn-v2-700-scratch-0096|syn-v2-700-body_crack-0079,syn-v4-conv-0018,1280,720,cf48ec310f14a8a1d386798af334c5761d910b16b082ab5052f698e866a279f6,d69159bc090aa842a65e7bee334ff42a50e79d1ab5e09110b106cf154379cd4a,0c8588fe5f246bcc754530a54275d393eeab618aca42528d13c4e58e9e7ea1c7,9c78722999cad3341795d7e89fcc391ba757dec43cfd3fd91c6f297b11561e8a,08821850b7048279a5de44487279980a212cd82d40ef2e8ed6281a5f14bfd252,26.785725,3.583440,36.000000,139.949539,113.163815,5.224781,0.000000,0.000000,SHADOWLESS_SAME_SENSOR_JPEG,fa5adb968da368a28b85a711cd7b3d0aab6829453361eb686e915af6797cf717,4.0.0,multi-instance-paired-clean-1024-v1,AUTO_PASS_MULTI_INSTANCE_PAIRED_CLEAN_1024,NO,"{""brightness"":0.75477844,""contrast"":1.03280184,""crop_x"":0,""crop_y"":97,""noise_seed"":840247660,""noise_sigma"":0.94192754,""orientation_degrees"":0,""resized_height"":1280,""resized_width"":1280}","{""blur_radius_px"":0.07833833369919022,""jpeg_quality"":94,""noise_seed"":1573539714,""noise_sigma"":0.8693901786518958}","{""blur_radius_px"":6.737168720094153,""instances"":[{""instance_index"":1,""offset_x_px"":-3,""offset_y_px"":7,""opacity"":0.2777647},{""instance_index"":2,""offset_x_px"":-2,""offset_y_px"":8,""opacity"":0.31291779},{""instance_index"":3,""offset_x_px"":0,""offset_y_px"":5,""opacity"":0.25934622},{""instance_index"":4,""offset_x_px"":2,""offset_y_px"":10,""opacity"":0.29471339},{""instance_index"":5,""offset_x_px"":-1,""offset_y_px"":8,""opacity"":0.28449044}]}"
syn-v4-conv-0019,20,synthetic/v4_conveyor/images/train/syn-v4-conv-0019.jpg,synthetic/v4_conveyor/masks/component_visible_instances/train/syn-v4-conv-0019.png,synthetic/v4_conveyor/masks/defect_semantic/train/syn-v4-conv-0019.png,synthetic/v4_conveyor/labels/yolo_component_status/train/syn-v4-conv-0019.txt,synthetic/v4_conveyor/labels/yolo_defects/train/syn-v4-conv-0019.txt,synthetic_black_conveyor_multi_instance,train,multi_instance_detection_segmentation,TRAIN_ONLY_MULTI_SCENE_SYNTHETIC,NO,NO,side_component_spot,IMGGEN-CONVEYOR-BLACK-V1,1656032911,0,5,5,body_chip|surface_spot|discoloration|body_crack|lead_breakage,syn-v2-700-body_chip-0039|syn-v2-700-surface_spot-0047|syn-v2-700-discoloration-0045|syn-v2-700-body_crack-0084|syn-v2-700-lead_breakage-0053,syn-v4-conv-0019,1280,720,a54302672a6d72a7511ef2293b19bfae21dc73c70f8dbbfa60631f9d779c34f4,d5216908e9f6a357e31850f1d8ccdda9bec424fb1ca0ee6228afa4e4fcac0dd8,5ec9bb012217789c63de10a78dad7a6c834663d657310d8b38d2590968b6225e,2281e15855c63fcdadb76de680e3c6427e8025a146daa24db4f389b4d369111c,92ac43130be5f5accd18ab06267250f4caa6926773a4f644dc9b1fa140c7d3a3,29.992336,3.080015,38.931801,141.287521,111.295185,4.710787,0.000000,0.000000,SHADOWLESS_SAME_SENSOR_JPEG,fa5adb968da368a28b85a711cd7b3d0aab6829453361eb686e915af6797cf717,4.0.0,multi-instance-paired-clean-1024-v1,AUTO_PASS_MULTI_INSTANCE_PAIRED_CLEAN_1024,NO,"{""brightness"":0.8392546,""contrast"":0.95224137,""crop_x"":0,""crop_y"":460,""noise_seed"":3234262663,""noise_sigma"":1.07999559,""orientation_degrees"":180,""resized_height"":1280,""resized_width"":1280}","{""blur_radius_px"":0.31618387967088174,""jpeg_quality"":94,""noise_seed"":1267054461,""noise_sigma"":0.5348173762328245}","{""blur_radius_px"":5.975286985857553,""instances"":[{""instance_index"":1,""offset_x_px"":3,""offset_y_px"":10,""opacity"":0.19016725},{""instance_index"":2,""offset_x_px"":0,""offset_y_px"":10,""opacity"":0.29871437},{""instance_index"":3,""offset_x_px"":5,""offset_y_px"":9,""opacity"":0.31307342},{""instance_index"":4,""offset_x_px"":1,""offset_y_px"":8,""opacity"":0.28688424},{""instance_index"":5,""offset_x_px"":5,""offset_y_px"":8,""opacity"":0.30629531}]}"
syn-v4-conv-0020,21,synthetic/v4_conveyor/images/train/syn-v4-conv-0020.jpg,synthetic/v4_conveyor/masks/component_visible_instances/train/syn-v4-conv-0020.png,synthetic/v4_conveyor/masks/defect_semantic/train/syn-v4-conv-0020.png,synthetic/v4_conveyor/labels/yolo_component_status/train/syn-v4-conv-0020.txt,synthetic/v4_conveyor/labels/yolo_defects/train/syn-v4-conv-0020.txt,synthetic_black_conveyor_multi_instance,train,multi_instance_detection_segmentation,TRAIN_ONLY_MULTI_SCENE_SYNTHETIC,NO,NO,neutral_component_spot,IMGGEN-CONVEYOR-BLACK-V1,3961714827,0,5,5,contamination|normal_proxy|surface_spot|body_crack|scratch,syn-v2-700-contamination-0073|syn-v2-700-lead_breakage-0057|syn-v2-700-surface_spot-0064|syn-v2-700-body_crack-0044|syn-v2-700-scratch-0028,syn-v4-conv-0020,1280,720,179b86fa414b1a3949d31497af9f10176046b9e7e41ad25d0fa2370f8b607919,e3fe29564c8060b61074eeb9169d7adad1e2dded38c8b0b1c3b136605223410b,6e82f73168d31ab7c4cfd1268d64675723a724c63678b600e3c3992f84dbe1dc,56fee4fa435a3beff0f98a29b7fd0273a71bfa4b1ea7c04eb4b5bf78c348175a,3449019f5c1b3ae22f34f94151c1acbc4f231b3e331a704d623109e094eda390,26.952719,3.421914,35.931801,134.839417,107.886698,5.002813,0.000000,0.000000,SHADOWLESS_SAME_SENSOR_JPEG,fa5adb968da368a28b85a711cd7b3d0aab6829453361eb686e915af6797cf717,4.0.0,multi-instance-paired-clean-1024-v1,AUTO_PASS_MULTI_INSTANCE_PAIRED_CLEAN_1024,NO,"{""brightness"":0.79684096,""contrast"":1.0506389,""crop_x"":0,""crop_y"":481,""noise_seed"":2754209587,""noise_sigma"":1.00844432,""orientation_degrees"":0,""resized_height"":1280,""resized_width"":1280}","{""blur_radius_px"":0.2550219873429394,""jpeg_quality"":96,""noise_seed"":3250959455,""noise_sigma"":0.4201888853921592}","{""blur_radius_px"":7.423367695424153,""instances"":[{""instance_index"":1,""offset_x_px"":0,""offset_y_px"":8,""opacity"":0.18609468},{""instance_index"":2,""offset_x_px"":-2,""offset_y_px"":7,""opacity"":0.25252595},{""instance_index"":3,""offset_x_px"":4,""offset_y_px"":8,""opacity"":0.19449604},{""instance_index"":4,""offset_x_px"":5,""offset_y_px"":7,""opacity"":0.23783379},{""instance_index"":5,""offset_x_px"":0,""offset_y_px"":6,""opacity"":0.24957329}]}"
syn-v4-conv-0021,22,synthetic/v4_conveyor/images/train/syn-v4-conv-0021.jpg,synthetic/v4_conveyor/masks/component_visible_instances/train/syn-v4-conv-0021.png,synthetic/v4_conveyor/masks/defect_semantic/train/syn-v4-conv-0021.png,synthetic/v4_conveyor/labels/yolo_component_status/train/syn-v4-conv-0021.txt,synthetic/v4_conveyor/labels/yolo_defects/train/syn-v4-conv-0021.txt,synthetic_black_conveyor_multi_instance,train,multi_instance_detection_segmentation,TRAIN_ONLY_MULTI_SCENE_SYNTHETIC,NO,NO,warm_component_spot,IMGGEN-CONVEYOR-BLACK-V1,1084685493,0,5,5,scratch|lead_breakage|contamination|body_crack|surface_spot,syn-v2-700-scratch-0001|syn-v2-700-lead_breakage-0088|syn-v2-700-contamination-0062|syn-v2-700-body_crack-0081|syn-v2-700-surface_spot-0071,syn-v4-conv-0021,1280,720,55dc9bf371ce2611db327afbd7a4c9bf7ad8b2327e76841a6fb71da92ac3468e,08e065db600b70ebc5158b6e91b3d66c735136999d0bf2dd64b95217e42163b2,f7997a74e8b3649ab3680fa3cc12f191c4a5e4c256115cb659bafe2850e692cc,d239e47221e0d194dbcc20dd8937056d4f75e40c781d12dd0cf4401767325a56,6bf9da5645291a794fa97bcfee4e4b280d34fe11d844cf3f4a0e38e35d00b41f,32.223064,3.539742,42.144398,141.369522,109.146458,4.387215,0.000000,0.000000,SHADOWLESS_SAME_SENSOR_JPEG,fa5adb968da368a28b85a711cd7b3d0aab6829453361eb686e915af6797cf717,4.0.0,multi-instance-paired-clean-1024-v1,AUTO_PASS_MULTI_INSTANCE_PAIRED_CLEAN_1024,NO,"{""brightness"":0.90718643,""contrast"":0.98183582,""crop_x"":0,""crop_y"":309,""noise_seed"":3868731157,""noise_sigma"":0.93908954,""orientation_degrees"":270,""resized_height"":1280,""resized_width"":1280}","{""blur_radius_px"":0.23301900156321853,""jpeg_quality"":95,""noise_seed"":3723419634,""noise_sigma"":0.4021738906713415}","{""blur_radius_px"":8.609597289512495,""instances"":[{""instance_index"":1,""offset_x_px"":0,""offset_y_px"":6,""opacity"":0.19675074},{""instance_index"":2,""offset_x_px"":-2,""offset_y_px"":9,""opacity"":0.201048},{""instance_index"":3,""offset_x_px"":-2,""offset_y_px"":7,""opacity"":0.28261113},{""instance_index"":4,""offset_x_px"":-1,""offset_y_px"":10,""opacity"":0.26084217},{""instance_index"":5,""offset_x_px"":4,""offset_y_px"":9,""opacity"":0.237904}]}"
syn-v4-conv-0022,23,synthetic/v4_conveyor/images/train/syn-v4-conv-0022.jpg,synthetic/v4_conveyor/masks/component_visible_instances/train/syn-v4-conv-0022.png,synthetic/v4_conveyor/masks/defect_semantic/train/syn-v4-conv-0022.png,synthetic/v4_conveyor/labels/yolo_component_status/train/syn-v4-conv-0022.txt,synthetic/v4_conveyor/labels/yolo_defects/train/syn-v4-conv-0022.txt,synthetic_black_conveyor_multi_instance,train,multi_instance_detection_segmentation,TRAIN_ONLY_MULTI_SCENE_SYNTHETIC,NO,NO,cool_component_spot,IMGGEN-CONVEYOR-BLACK-V1,226469684,0,5,5,scratch|body_crack|surface_spot|body_chip|discoloration,syn-v2-700-scratch-0018|syn-v2-700-body_crack-0096|syn-v2-700-surface_spot-0070|syn-v2-700-body_chip-0046|syn-v2-700-discoloration-0072,syn-v4-conv-0022,1280,720,5f719771cbd7ad120356aa2875604f631b404af76ef00744db607836dd724ff7,1cc78a48f3527bf68cdbb4d16194c1c220f7d18fe62ef38ee257382b36b31547,374eb6ea46fb42325d1f360a11125d122a09b66d39fbcbad2a8efc0965006c86,84cfa914be833efa9e5ac67853a3408518cfa66f62f038680d8c8cb931af5e81,7555c271cc832374aa7061c88a3f87f544e73396b6c635ef8860a8883f46a94b,26.630808,2.992699,35.144402,137.890167,111.259359,5.177844,0.000000,0.000000,SHADOWLESS_SAME_SENSOR_JPEG,fa5adb968da368a28b85a711cd7b3d0aab6829453361eb686e915af6797cf717,4.0.0,multi-instance-paired-clean-1024-v1,AUTO_PASS_MULTI_INSTANCE_PAIRED_CLEAN_1024,NO,"{""brightness"":0.76854809,""contrast"":0.95806599,""crop_x"":0,""crop_y"":544,""noise_seed"":2407255790,""noise_sigma"":1.03086175,""orientation_degrees"":90,""resized_height"":1280,""resized_width"":1280}","{""blur_radius_px"":0.24231807256786392,""jpeg_quality"":93,""noise_seed"":1590346223,""noise_sigma"":1.1961145855824564}","{""blur_radius_px"":8.676960831454608,""instances"":[{""instance_index"":1,""offset_x_px"":5,""offset_y_px"":6,""opacity"":0.25619681},{""instance_index"":2,""offset_x_px"":1,""offset_y_px"":8,""opacity"":0.23711721},{""instance_index"":3,""offset_x_px"":5,""offset_y_px"":10,""opacity"":0.22841805},{""instance_index"":4,""offset_x_px"":4,""offset_y_px"":6,""opacity"":0.2812234},{""instance_index"":5,""offset_x_px"":-1,""offset_y_px"":9,""opacity"":0.26232937}]}"
syn-v4-conv-0023,24,synthetic/v4_conveyor/images/train/syn-v4-conv-0023.jpg,synthetic/v4_conveyor/masks/component_visible_instances/train/syn-v4-conv-0023.png,synthetic/v4_conveyor/masks/defect_semantic/train/syn-v4-conv-0023.png,synthetic/v4_conveyor/labels/yolo_component_status/train/syn-v4-conv-0023.txt,synthetic/v4_conveyor/labels/yolo_defects/train/syn-v4-conv-0023.txt,synthetic_black_conveyor_multi_instance,train,multi_instance_detection_segmentation,TRAIN_ONLY_MULTI_SCENE_SYNTHETIC,NO,NO,side_component_spot,IMGGEN-CONVEYOR-BLACK-V1,150978694,0,5,5,body_chip|scratch|contamination|normal_proxy|discoloration,syn-v2-700-body_chip-0011|syn-v2-700-scratch-0047|syn-v2-700-contamination-0006|syn-v2-700-discoloration-0025|syn-v2-700-discoloration-0073,syn-v4-conv-0023,1280,720,2502d74630922974ca951ab18743b9146add71c2d8bd4425e58c5ceb8b460f0c,600c5f67e0e58ae56179fa01d7e0ad71fe69cf0f90f683ac62678dd8c758266c,13140e958d57e4e9154fc724e1c05d23fcb8b7ce36a188722d131ba398e12505,508cb736482fa31c077b0cc8b49edf580e303d66985d4d209dcc80c4bfb12488,3cdadfd7f4f9e52d91eb0acf3b804000bb389f68e849af7b755811650753f067,30.497488,3.305835,40.000000,141.113037,110.615549,4.627038,0.000000,0.000000,SHADOWLESS_SAME_SENSOR_JPEG,fa5adb968da368a28b85a711cd7b3d0aab6829453361eb686e915af6797cf717,4.0.0,multi-instance-paired-clean-1024-v1,AUTO_PASS_MULTI_INSTANCE_PAIRED_CLEAN_1024,NO,"{""brightness"":0.85960869,""contrast"":0.98535426,""crop_x"":0,""crop_y"":214,""noise_seed"":1306080466,""noise_sigma"":0.85706881,""orientation_degrees"":90,""resized_height"":1280,""resized_width"":1280}","{""blur_radius_px"":0.24463975642825803,""jpeg_quality"":96,""noise_seed"":45760162,""noise_sigma"":0.4025042979880071}","{""blur_radius_px"":6.324964820946961,""instances"":[{""instance_index"":1,""offset_x_px"":3,""offset_y_px"":5,""opacity"":0.29530053},{""instance_index"":2,""offset_x_px"":-2,""offset_y_px"":8,""opacity"":0.2729067},{""instance_index"":3,""offset_x_px"":-2,""offset_y_px"":10,""opacity"":0.18354203},{""instance_index"":4,""offset_x_px"":-3,""offset_y_px"":5,""opacity"":0.30861051},{""instance_index"":5,""offset_x_px"":5,""offset_y_px"":8,""opacity"":0.2144881}]}"
syn-v4-conv-0024,25,synthetic/v4_conveyor/images/train/syn-v4-conv-0024.jpg,synthetic/v4_conveyor/masks/component_visible_instances/train/syn-v4-conv-0024.png,synthetic/v4_conveyor/masks/defect_semantic/train/syn-v4-conv-0024.png,synthetic/v4_conveyor/labels/yolo_component_status/train/syn-v4-conv-0024.txt,synthetic/v4_conveyor/labels/yolo_defects/train/syn-v4-conv-0024.txt,synthetic_black_conveyor_multi_instance,train,multi_instance_detection_segmentation,TRAIN_ONLY_MULTI_SCENE_SYNTHETIC,NO,NO,neutral_component_spot,IMGGEN-CONVEYOR-BLACK-V1,1293466950,0,5,5,contamination|normal_proxy|surface_spot|scratch|lead_breakage,syn-v2-700-contamination-0075|syn-v2-700-discoloration-0023|syn-v2-700-surface_spot-0048|syn-v2-700-scratch-0005|syn-v2-700-lead_breakage-0099,syn-v4-conv-0024,1280,720,310f2cf251f912e3f54b1166b107e23b40330c534cbc52141d36d10727a7e9a7,cb561aacfca8f39883f1a3e11c05b1e015a73b2ea440a4bc927d7eefeff1b2ef,5e51de5108275ee9e2c204c9bb308004663001c11130cb21ff1dac6ab8aa2a3d,fcf5d70a624cd7954ce711bc88eb06d05ec6992feea6216d665f4d2ad4e8f9a1,5c6225cd58705b75c00bd6cff0111b6268218cdc0d599690a3e55432b22cb5b7,30.412069,4.162117,41.144398,141.562836,111.150766,4.654824,0.000000,0.000000,SHADOWLESS_SAME_SENSOR_JPEG,fa5adb968da368a28b85a711cd7b3d0aab6829453361eb686e915af6797cf717,4.0.0,multi-instance-paired-clean-1024-v1,AUTO_PASS_MULTI_INSTANCE_PAIRED_CLEAN_1024,NO,"{""brightness"":0.86543458,""contrast"":1.00072666,""crop_x"":0,""crop_y"":490,""noise_seed"":1605307998,""noise_sigma"":1.09102066,""orientation_degrees"":90,""resized_height"":1280,""resized_width"":1280}","{""blur_radius_px"":0.21899487858107344,""jpeg_quality"":93,""noise_seed"":1744623351,""noise_sigma"":0.8998924392070395}","{""blur_radius_px"":6.264714810429323,""instances"":[{""instance_index"":1,""offset_x_px"":-2,""offset_y_px"":7,""opacity"":0.28312585},{""instance_index"":2,""offset_x_px"":5,""offset_y_px"":7,""opacity"":0.27579426},{""instance_index"":3,""offset_x_px"":0,""offset_y_px"":9,""opacity"":0.21942536},{""instance_index"":4,""offset_x_px"":0,""offset_y_px"":10,""opacity"":0.26805141},{""instance_index"":5,""offset_x_px"":-2,""offset_y_px"":10,""opacity"":0.28565437}]}"
syn-v4-conv-0025,26,synthetic/v4_conveyor/images/train/syn-v4-conv-0025.jpg,synthetic/v4_conveyor/masks/component_visible_instances/train/syn-v4-conv-0025.png,synthetic/v4_conveyor/masks/defect_semantic/train/syn-v4-conv-0025.png,synthetic/v4_conveyor/labels/yolo_component_status/train/syn-v4-conv-0025.txt,synthetic/v4_conveyor/labels/yolo_defects/train/syn-v4-conv-0025.txt,synthetic_black_conveyor_multi_instance,train,multi_instance_detection_segmentation,TRAIN_ONLY_MULTI_SCENE_SYNTHETIC,NO,NO,warm_component_spot,IMGGEN-CONVEYOR-BLACK-V1,1634647321,0,5,5,lead_breakage|body_chip|surface_spot|contamination|discoloration,syn-v2-700-lead_breakage-0057|syn-v2-700-body_chip-0050|syn-v2-700-surface_spot-0082|syn-v2-700-contamination-0045|syn-v2-700-discoloration-0053,syn-v4-conv-0025,1280,720,e716e9babcf067516377250d936bc1003c36ddca40ed44ed29a730aa8288670c,fed9a5171f95c8cdbb482dea4cef4b7e68ecbcb9f865bb605a9781e87544e63b,f16d6fd12d285ee485dc1b3cc70e0209823ea4dbcb150b0c7347383db354022d,75def8fe3aaa3407737fbe5bea1bc295803405cb1d950a1d7c687e37709b2a90,bdce0dd4370ca7a30ccaa18e751724c4796be1c5a40c43ea07330627c940ad35,30.351685,3.948595,41.000000,137.339920,106.988235,4.524952,0.000000,0.000000,SHADOWLESS_SAME_SENSOR_JPEG,fa5adb968da368a28b85a711cd7b3d0aab6829453361eb686e915af6797cf717,4.0.0,multi-instance-paired-clean-1024-v1,AUTO_PASS_MULTI_INSTANCE_PAIRED_CLEAN_1024,NO,"{""brightness"":0.86601264,""contrast"":1.00473175,""crop_x"":0,""crop_y"":38,""noise_seed"":1312811875,""noise_sigma"":0.24511177,""orientation_degrees"":90,""resized_height"":1280,""resized_width"":1280}","{""blur_radius_px"":0.14897567125236855,""jpeg_quality"":93,""noise_seed"":3226442349,""noise_sigma"":0.8464621543771194}","{""blur_radius_px"":6.0768545317826685,""instances"":[{""instance_index"":1,""offset_x_px"":-3,""offset_y_px"":8,""opacity"":0.23993492},{""instance_index"":2,""offset_x_px"":1,""offset_y_px"":5,""opacity"":0.25013444},{""instance_index"":3,""offset_x_px"":-2,""offset_y_px"":9,""opacity"":0.29215709},{""instance_index"":4,""offset_x_px"":-3,""offset_y_px"":10,""opacity"":0.21867594},{""instance_index"":5,""offset_x_px"":0,""offset_y_px"":8,""opacity"":0.22209086}]}"
syn-v4-conv-0026,27,synthetic/v4_conveyor/images/train/syn-v4-conv-0026.jpg,synthetic/v4_conveyor/masks/component_visible_instances/train/syn-v4-conv-0026.png,synthetic/v4_conveyor/masks/defect_semantic/train/syn-v4-conv-0026.png,synthetic/v4_conveyor/labels/yolo_component_status/train/syn-v4-conv-0026.txt,synthetic/v4_conveyor/labels/yolo_defects/train/syn-v4-conv-0026.txt,synthetic_black_conveyor_multi_instance,train,multi_instance_detection_segmentation,TRAIN_ONLY_MULTI_SCENE_SYNTHETIC,NO,NO,cool_component_spot,IMGGEN-CONVEYOR-BLACK-V1,248299670,0,5,5,body_crack|lead_breakage|contamination|body_chip|scratch,syn-v2-700-body_crack-0097|syn-v2-700-lead_breakage-0046|syn-v2-700-contamination-0002|syn-v2-700-body_chip-0026|syn-v2-700-scratch-0023,syn-v4-conv-0026,1280,720,642e8b6fc2c4f9e91a8e8aaedfb76f33535ffa7bfecc18e903dd7aea6f0f49e0,fde9101f24e5aa03f8f51a9c75ab62b0cccc407229ac7b6dfb0eab7bab752942,92cbbd69309f240662c2d40ca51955c45c5d0c42f822d5c09cdadb3dc4787fb3,229b26ab3784663afc3d1ff0cdce47e4124ad6c8d93a1fc616b1b133bbe3d9e5,1f1ca2130456005e0831191d72fdbacb55f1e5d3ce209ca0fdfe371c146f3617,28.951668,3.614098,38.144402,140.623779,111.672112,4.857191,0.000000,0.000000,SHADOWLESS_SAME_SENSOR_JPEG,fa5adb968da368a28b85a711cd7b3d0aab6829453361eb686e915af6797cf717,4.0.0,multi-instance-paired-clean-1024-v1,AUTO_PASS_MULTI_INSTANCE_PAIRED_CLEAN_1024,NO,"{""brightness"":0.8358983,""contrast"":1.05894702,""crop_x"":0,""crop_y"":202,""noise_seed"":1681400302,""noise_sigma"":0.91686973,""orientation_degrees"":180,""resized_height"":1280,""resized_width"":1280}","{""blur_radius_px"":0.3043399035302826,""jpeg_quality"":93,""noise_seed"":3696528531,""noise_sigma"":0.990374272230875}","{""blur_radius_px"":6.957104154317658,""instances"":[{""instance_index"":1,""offset_x_px"":0,""offset_y_px"":5,""opacity"":0.18695035},{""instance_index"":2,""offset_x_px"":4,""offset_y_px"":7,""opacity"":0.26071706},{""instance_index"":3,""offset_x_px"":5,""offset_y_px"":9,""opacity"":0.23436975},{""instance_index"":4,""offset_x_px"":-2,""offset_y_px"":7,""opacity"":0.20958891},{""instance_index"":5,""offset_x_px"":-1,""offset_y_px"":10,""opacity"":0.26697198}]}"
syn-v4-conv-0027,28,synthetic/v4_conveyor/images/train/syn-v4-conv-0027.jpg,synthetic/v4_conveyor/masks/component_visible_instances/train/syn-v4-conv-0027.png,synthetic/v4_conveyor/masks/defect_semantic/train/syn-v4-conv-0027.png,synthetic/v4_conveyor/labels/yolo_component_status/train/syn-v4-conv-0027.txt,synthetic/v4_conveyor/labels/yolo_defects/train/syn-v4-conv-0027.txt,synthetic_black_conveyor_multi_instance,train,multi_instance_detection_segmentation,TRAIN_ONLY_MULTI_SCENE_SYNTHETIC,NO,NO,side_component_spot,IMGGEN-CONVEYOR-BLACK-V1,1581831415,0,5,5,surface_spot|contamination|body_crack|normal_proxy|lead_breakage,syn-v2-700-surface_spot-0048|syn-v2-700-contamination-0050|syn-v2-700-body_crack-0078|syn-v2-700-scratch-0023|syn-v2-700-lead_breakage-0020,syn-v4-conv-0027,1280,720,7ffa6a0959787fd7fbad0d0f7c7282b6eb18ae38c498c8d6eeb34eed14a5e98d,4ff948b71441119b878b2e39f667153e04151b5cecc863e78f1311f630e31d68,7b56d56295b27aa39c207b262246b5a7efe69cd7cd07f4c89eaf2ad0e707adb1,1906fb7b0e627607c1e1f484801aa8f5a31a742b8f5da1dc214d2c1221ee883b,62f2309f0269ebbc28c8d974ce1ae75369da866b3cbe6d1274d5552bf01fd654,28.901974,3.196081,38.144402,142.191940,113.289967,4.919800,0.000000,0.000000,SHADOWLESS_SAME_SENSOR_JPEG,fa5adb968da368a28b85a711cd7b3d0aab6829453361eb686e915af6797cf717,4.0.0,multi-instance-paired-clean-1024-v1,AUTO_PASS_MULTI_INSTANCE_PAIRED_CLEAN_1024,NO,"{""brightness"":0.82432721,""contrast"":0.97498159,""crop_x"":0,""crop_y"":163,""noise_seed"":1317367464,""noise_sigma"":0.95254713,""orientation_degrees"":270,""resized_height"":1280,""resized_width"":1280}","{""blur_radius_px"":0.22757365452563977,""jpeg_quality"":94,""noise_seed"":455087867,""noise_sigma"":1.1700043991605888}","{""blur_radius_px"":6.803518688361799,""instances"":[{""instance_index"":1,""offset_x_px"":2,""offset_y_px"":8,""opacity"":0.26977452},{""instance_index"":2,""offset_x_px"":-1,""offset_y_px"":6,""opacity"":0.22346316},{""instance_index"":3,""offset_x_px"":2,""offset_y_px"":5,""opacity"":0.31120456},{""instance_index"":4,""offset_x_px"":0,""offset_y_px"":6,""opacity"":0.20474405},{""instance_index"":5,""offset_x_px"":4,""offset_y_px"":8,""opacity"":0.21435414}]}"
syn-v4-conv-0028,29,synthetic/v4_conveyor/images/train/syn-v4-conv-0028.jpg,synthetic/v4_conveyor/masks/component_visible_instances/train/syn-v4-conv-0028.png,synthetic/v4_conveyor/masks/defect_semantic/train/syn-v4-conv-0028.png,synthetic/v4_conveyor/labels/yolo_component_status/train/syn-v4-conv-0028.txt,synthetic/v4_conveyor/labels/yolo_defects/train/syn-v4-conv-0028.txt,synthetic_black_conveyor_multi_instance,train,multi_instance_detection_segmentation,TRAIN_ONLY_MULTI_SCENE_SYNTHETIC,NO,NO,neutral_component_spot,IMGGEN-CONVEYOR-BLACK-V1,3966189498,0,5,5,lead_breakage|surface_spot|contamination|discoloration|normal_proxy,syn-v2-700-lead_breakage-0056|syn-v2-700-surface_spot-0048|syn-v2-700-contamination-0007|syn-v2-700-discoloration-0045|syn-v2-700-body_chip-0088,syn-v4-conv-0028,1280,720,cc156762094cdca83d31686bc719ed4dde8577e4c8989e608f1b0bf500988ab9,0551c9d556de233222669283ca12f75f88887ad95064075e4104fe10a82dcf49,9830c36c1579dbf23b67dbffeebb66f2c924652fb5f7e95ae8430d1c2ee9a9e0,294f54a7a9b63c2f54ec7a6e52ba467bcd0d92103d55613bdfc15925ea65ce15,b92981eca23b4368adc7c1792674ff28603425879a44a392b993a6ad4b6aad96,27.741480,2.832670,35.931801,135.739380,107.997900,4.893011,0.000000,0.000000,SHADOWLESS_SAME_SENSOR_JPEG,fa5adb968da368a28b85a711cd7b3d0aab6829453361eb686e915af6797cf717,4.0.0,multi-instance-paired-clean-1024-v1,AUTO_PASS_MULTI_INSTANCE_PAIRED_CLEAN_1024,NO,"{""brightness"":0.80539734,""contrast"":0.96571717,""crop_x"":0,""crop_y"":179,""noise_seed"":1832331853,""noise_sigma"":0.13766522,""orientation_degrees"":180,""resized_height"":1280,""resized_width"":1280}","{""blur_radius_px"":0.20649189769828458,""jpeg_quality"":95,""noise_seed"":2198999227,""noise_sigma"":1.1270615044836483}","{""blur_radius_px"":7.120601113299497,""instances"":[{""instance_index"":1,""offset_x_px"":4,""offset_y_px"":8,""opacity"":0.30458089},{""instance_index"":2,""offset_x_px"":-3,""offset_y_px"":6,""opacity"":0.22437758},{""instance_index"":3,""offset_x_px"":-3,""offset_y_px"":10,""opacity"":0.18330402},{""instance_index"":4,""offset_x_px"":3,""offset_y_px"":9,""opacity"":0.26229625},{""instance_index"":5,""offset_x_px"":0,""offset_y_px"":8,""opacity"":0.2727069}]}"
syn-v4-conv-0029,30,synthetic/v4_conveyor/images/train/syn-v4-conv-0029.jpg,synthetic/v4_conveyor/masks/component_visible_instances/train/syn-v4-conv-0029.png,synthetic/v4_conveyor/masks/defect_semantic/train/syn-v4-conv-0029.png,synthetic/v4_conveyor/labels/yolo_component_status/train/syn-v4-conv-0029.txt,synthetic/v4_conveyor/labels/yolo_defects/train/syn-v4-conv-0029.txt,synthetic_black_conveyor_multi_instance,train,multi_instance_detection_segmentation,TRAIN_ONLY_MULTI_SCENE_SYNTHETIC,NO,NO,warm_component_spot,IMGGEN-CONVEYOR-BLACK-V1,3132048643,0,5,5,lead_breakage|body_chip|surface_spot|discoloration|scratch,syn-v2-700-lead_breakage-0069|syn-v2-700-body_chip-0046|syn-v2-700-surface_spot-0034|syn-v2-700-discoloration-0071|syn-v2-700-scratch-0091,syn-v4-conv-0029,1280,720,6c962ecc1cfc75567f205535a51101cf07df1e34ffc6ffb8e8ea14802f885a4a,dcc72f4970c45ee2a0552c59efadf3a08388c5178e9a5a7298941f31dd29edef,ca206488d35688c8937d5fca8f78b38b8de13899c2bb6f5094326b069be238c4,33ccbaf88360f5206a530abdd8415544ff775c871bf414f757e2e821c85270fb,b2823c90282a5de73facb0485e31ef8ed018b8ec95db7e8a7aa71bc2b516a7d6,27.240978,3.712628,37.000000,144.875580,117.634602,5.318296,0.000000,0.000000,SHADOWLESS_SAME_SENSOR_JPEG,fa5adb968da368a28b85a711cd7b3d0aab6829453361eb686e915af6797cf717,4.0.0,multi-instance-paired-clean-1024-v1,AUTO_PASS_MULTI_INSTANCE_PAIRED_CLEAN_1024,NO,"{""brightness"":0.778146,""contrast"":1.04730497,""crop_x"":0,""crop_y"":50,""noise_seed"":292758889,""noise_sigma"":0.17527618,""orientation_degrees"":90,""resized_height"":1280,""resized_width"":1280}","{""blur_radius_px"":0.3490472047332389,""jpeg_quality"":94,""noise_seed"":1193990034,""noise_sigma"":1.2850614485214091}","{""blur_radius_px"":6.599617795043866,""instances"":[{""instance_index"":1,""offset_x_px"":0,""offset_y_px"":8,""opacity"":0.22988412},{""instance_index"":2,""offset_x_px"":-1,""offset_y_px"":5,""opacity"":0.26388816},{""instance_index"":3,""offset_x_px"":3,""offset_y_px"":10,""opacity"":0.28421922},{""instance_index"":4,""offset_x_px"":5,""offset_y_px"":6,""opacity"":0.27457951},{""instance_index"":5,""offset_x_px"":5,""offset_y_px"":9,""opacity"":0.23728123}]}"
syn-v4-conv-0030,31,synthetic/v4_conveyor/images/train/syn-v4-conv-0030.jpg,synthetic/v4_conveyor/masks/component_visible_instances/train/syn-v4-conv-0030.png,synthetic/v4_conveyor/masks/defect_semantic/train/syn-v4-conv-0030.png,synthetic/v4_conveyor/labels/yolo_component_status/train/syn-v4-conv-0030.txt,synthetic/v4_conveyor/labels/yolo_defects/train/syn-v4-conv-0030.txt,synthetic_black_conveyor_multi_instance,train,multi_instance_detection_segmentation,TRAIN_ONLY_MULTI_SCENE_SYNTHETIC,NO,NO,cool_component_spot,IMGGEN-CONVEYOR-BLACK-V1,4129524574,0,5,5,body_chip|normal_proxy|discoloration|lead_breakage|body_crack,syn-v2-700-body_chip-0035|syn-v2-700-body_chip-0074|syn-v2-700-discoloration-0039|syn-v2-700-lead_breakage-0093|syn-v2-700-body_crack-0027,syn-v4-conv-0030,1280,720,5ad1afb33e91f0c9fe0c4639ee522d6971aa9526a8fdf0f079139f7345240988,f753f4a9157d29874282fa8da992ff435b633e15fa32581a101fd4459512fcdd,42a7e1c3155a17ca8624a55d88abbf3e1d306ea96dcc5623780affc9239314ec,5045fc93302146b9fdd80462e3a6aae13613da05381a6d6f0f7b89b80fdd7a70,46ec0e9194aa032df511fe7fd5a378c8e80e7e8ebd18e55fb3790bae218d1d93,27.847532,3.668951,37.502602,136.940887,109.093355,4.917523,0.000000,0.000000,SHADOWLESS_SAME_SENSOR_JPEG,fa5adb968da368a28b85a711cd7b3d0aab6829453361eb686e915af6797cf717,4.0.0,multi-instance-paired-clean-1024-v1,AUTO_PASS_MULTI_INSTANCE_PAIRED_CLEAN_1024,NO,"{""brightness"":0.78902443,""contrast"":1.04802447,""crop_x"":0,""crop_y"":215,""noise_seed"":2836169625,""noise_sigma"":0.06447744,""orientation_degrees"":90,""resized_height"":1280,""resized_width"":1280}","{""blur_radius_px"":0.1314357402277113,""jpeg_quality"":93,""noise_seed"":4246870481,""noise_sigma"":0.6567737871327479}","{""blur_radius_px"":5.794362800776419,""instances"":[{""instance_index"":1,""offset_x_px"":3,""offset_y_px"":8,""opacity"":0.20827358},{""instance_index"":2,""offset_x_px"":4,""offset_y_px"":9,""opacity"":0.21730413},{""instance_index"":3,""offset_x_px"":0,""offset_y_px"":6,""opacity"":0.21442997},{""instance_index"":4,""offset_x_px"":0,""offset_y_px"":8,""opacity"":0.27845015},{""instance_index"":5,""offset_x_px"":1,""offset_y_px"":9,""opacity"":0.24165523}]}"
syn-v4-conv-0031,32,synthetic/v4_conveyor/images/train/syn-v4-conv-0031.jpg,synthetic/v4_conveyor/masks/component_visible_instances/train/syn-v4-conv-0031.png,synthetic/v4_conveyor/masks/defect_semantic/train/syn-v4-conv-0031.png,synthetic/v4_conveyor/labels/yolo_component_status/train/syn-v4-conv-0031.txt,synthetic/v4_conveyor/labels/yolo_defects/train/syn-v4-conv-0031.txt,synthetic_black_conveyor_multi_instance,train,multi_instance_detection_segmentation,TRAIN_ONLY_MULTI_SCENE_SYNTHETIC,NO,NO,side_component_spot,IMGGEN-CONVEYOR-BLACK-V1,1540607215,0,5,5,body_crack|discoloration|surface_spot|lead_breakage|contamination,syn-v2-700-body_crack-0027|syn-v2-700-discoloration-0071|syn-v2-700-surface_spot-0088|syn-v2-700-lead_breakage-0099|syn-v2-700-contamination-0050,syn-v4-conv-0031,1280,720,8c1f5a3c7964a193563e118274b887d3cb704cc305f90fcb5021eb2c0db8f3cf,b9ecf3889c1402462bfda4f0a8c5dd0271fcc5be9cef8e1d7e811dc36b94059d,f3465cf4b5503d158ae9f5752160bc3a81e7dacff94fe985d8c72035874b927b,f3212e51103d9ce308bfa76f3f1e0746145496e0e3d0a1b47a9efaf596aea34b,76e46324a939e11d855b6e2993b9d3f40701496dd9da05285665942ed291b09e,26.773348,3.698086,36.144398,139.732086,112.958738,5.219074,0.000000,0.000000,SHADOWLESS_SAME_SENSOR_JPEG,fa5adb968da368a28b85a711cd7b3d0aab6829453361eb686e915af6797cf717,4.0.0,multi-instance-paired-clean-1024-v1,AUTO_PASS_MULTI_INSTANCE_PAIRED_CLEAN_1024,NO,"{""brightness"":0.76556484,""contrast"":1.07241436,""crop_x"":0,""crop_y"":135,""noise_seed"":999830185,""noise_sigma"":1.19122699,""orientation_degrees"":90,""resized_height"":1280,""resized_width"":1280}","{""blur_radius_px"":0.3432792482559218,""jpeg_quality"":94,""noise_seed"":3142167965,""noise_sigma"":0.8976781814379358}","{""blur_radius_px"":7.7479202777232725,""instances"":[{""instance_index"":1,""offset_x_px"":1,""offset_y_px"":6,""opacity"":0.2703558},{""instance_index"":2,""offset_x_px"":0,""offset_y_px"":10,""opacity"":0.31686337},{""instance_index"":3,""offset_x_px"":1,""offset_y_px"":7,""opacity"":0.2840119},{""instance_index"":4,""offset_x_px"":1,""offset_y_px"":5,""opacity"":0.18523469},{""instance_index"":5,""offset_x_px"":-2,""offset_y_px"":8,""opacity"":0.30725732}]}"
syn-v4-conv-0032,33,synthetic/v4_conveyor/images/train/syn-v4-conv-0032.jpg,synthetic/v4_conveyor/masks/component_visible_instances/train/syn-v4-conv-0032.png,synthetic/v4_conveyor/masks/defect_semantic/train/syn-v4-conv-0032.png,synthetic/v4_conveyor/labels/yolo_component_status/train/syn-v4-conv-0032.txt,synthetic/v4_conveyor/labels/yolo_defects/train/syn-v4-conv-0032.txt,synthetic_black_conveyor_multi_instance,train,multi_instance_detection_segmentation,TRAIN_ONLY_MULTI_SCENE_SYNTHETIC,NO,NO,neutral_component_spot,IMGGEN-CONVEYOR-BLACK-V1,3502201109,0,5,5,body_crack|lead_breakage|scratch|surface_spot|discoloration,syn-v2-700-body_crack-0031|syn-v2-700-lead_breakage-0014|syn-v2-700-scratch-0005|syn-v2-700-surface_spot-0046|syn-v2-700-discoloration-0080,syn-v4-conv-0032,1280,720,25181af8201cfc0d33f27301e2c101c814cf007ee0a26f219535db43436f9bf7,93d8540bb4bbf358059615954195c6ad8ac5689f316d8be394dceb9824b0d88f,5e7af9a8b1bab98cc9321f1be09be3a0aaccc7a90c957f54b179d5213c453572,71b09266e1ed9c46ace0247ffdcf098566f128b56fc6e61419ca0fb18be6c8a6,742b05aec561b604d2114279e8fea1826c4c7a252fad073899da3a45ea2e9939,27.792400,3.658542,37.144398,136.269363,108.476963,4.903116,0.000000,0.000000,SHADOWLESS_SAME_SENSOR_JPEG,fa5adb968da368a28b85a711cd7b3d0aab6829453361eb686e915af6797cf717,4.0.0,multi-instance-paired-clean-1024-v1,AUTO_PASS_MULTI_INSTANCE_PAIRED_CLEAN_1024,NO,"{""brightness"":0.79606104,""contrast"":1.01743524,""crop_x"":0,""crop_y"":297,""noise_seed"":49383324,""noise_sigma"":1.13885658,""orientation_degrees"":0,""resized_height"":1280,""resized_width"":1280}","{""blur_radius_px"":0.29863191565590125,""jpeg_quality"":96,""noise_seed"":559262046,""noise_sigma"":0.561512994460994}","{""blur_radius_px"":8.393949747200754,""instances"":[{""instance_index"":1,""offset_x_px"":-3,""offset_y_px"":10,""opacity"":0.30717177},{""instance_index"":2,""offset_x_px"":5,""offset_y_px"":7,""opacity"":0.23388766},{""instance_index"":3,""offset_x_px"":3,""offset_y_px"":5,""opacity"":0.21687127},{""instance_index"":4,""offset_x_px"":4,""offset_y_px"":5,""opacity"":0.24077252},{""instance_index"":5,""offset_x_px"":4,""offset_y_px"":7,""opacity"":0.3088358}]}"
syn-v4-conv-0033,34,synthetic/v4_conveyor/images/train/syn-v4-conv-0033.jpg,synthetic/v4_conveyor/masks/component_visible_instances/train/syn-v4-conv-0033.png,synthetic/v4_conveyor/masks/defect_semantic/train/syn-v4-conv-0033.png,synthetic/v4_conveyor/labels/yolo_component_status/train/syn-v4-conv-0033.txt,synthetic/v4_conveyor/labels/yolo_defects/train/syn-v4-conv-0033.txt,synthetic_black_conveyor_multi_instance,train,multi_instance_detection_segmentation,TRAIN_ONLY_MULTI_SCENE_SYNTHETIC,NO,NO,warm_component_spot,IMGGEN-CONVEYOR-BLACK-V1,270249093,0,5,5,surface_spot|body_chip|normal_proxy|discoloration|lead_breakage,syn-v2-700-surface_spot-0047|syn-v2-700-body_chip-0004|syn-v2-700-discoloration-0071|syn-v2-700-discoloration-0072|syn-v2-700-lead_breakage-0059,syn-v4-conv-0033,1280,720,1cdaf576802ea7017418154bc4560d8f3c20320ec966df26a66d6ea44847e394,baa846b12a971d48b13bbdf8fc34b127672fa937005d7fa825aa73948f00a558,152c42b20d4047e1d8ccea4519461a3b67c4d47eacee733f7cca40b9084c8594,25220b981d95c7ea5e3c56ffa5a9f89a31e44d6788e3a317011545bb4d8a7d1b,8bff91bc024cb165df7aed208847775fa8fa7dfd321f7dce80e0780160893280,28.807077,2.775138,36.502602,136.837448,108.030371,4.750133,0.000000,0.000000,SHADOWLESS_SAME_SENSOR_JPEG,fa5adb968da368a28b85a711cd7b3d0aab6829453361eb686e915af6797cf717,4.0.0,multi-instance-paired-clean-1024-v1,AUTO_PASS_MULTI_INSTANCE_PAIRED_CLEAN_1024,NO,"{""brightness"":0.83577453,""contrast"":0.96171964,""crop_x"":0,""crop_y"":125,""noise_seed"":2213034118,""noise_sigma"":0.02351396,""orientation_degrees"":180,""resized_height"":1280,""resized_width"":1280}","{""blur_radius_px"":0.10416728074517875,""jpeg_quality"":92,""noise_seed"":3145816411,""noise_sigma"":1.0034445486415071}","{""blur_radius_px"":6.954908511713327,""instances"":[{""instance_index"":1,""offset_x_px"":-3,""offset_y_px"":10,""opacity"":0.28226804},{""instance_index"":2,""offset_x_px"":-2,""offset_y_px"":7,""opacity"":0.21062513},{""instance_index"":3,""offset_x_px"":4,""offset_y_px"":7,""opacity"":0.2876184},{""instance_index"":4,""offset_x_px"":3,""offset_y_px"":6,""opacity"":0.20395533},{""instance_index"":5,""offset_x_px"":1,""offset_y_px"":7,""opacity"":0.26729359}]}"
syn-v4-conv-0034,35,synthetic/v4_conveyor/images/train/syn-v4-conv-0034.jpg,synthetic/v4_conveyor/masks/component_visible_instances/train/syn-v4-conv-0034.png,synthetic/v4_conveyor/masks/defect_semantic/train/syn-v4-conv-0034.png,synthetic/v4_conveyor/labels/yolo_component_status/train/syn-v4-conv-0034.txt,synthetic/v4_conveyor/labels/yolo_defects/train/syn-v4-conv-0034.txt,synthetic_black_conveyor_multi_instance,train,multi_instance_detection_segmentation,TRAIN_ONLY_MULTI_SCENE_SYNTHETIC,NO,NO,cool_component_spot,IMGGEN-CONVEYOR-BLACK-V1,2080507530,0,5,5,surface_spot|contamination|scratch|body_chip|lead_breakage,syn-v2-700-surface_spot-0034|syn-v2-700-contamination-0014|syn-v2-700-scratch-0008|syn-v2-700-body_chip-0011|syn-v2-700-lead_breakage-0051,syn-v4-conv-0034,1280,720,f508b95fb6a5aedb570b6632005b8bed714a27e561163e0c3267283c7994de00,4b297ac649b549b40a716904257ad5c428e1accacca8c0dd9a5273fe969068e8,0b45e90bb7967bfbc0245a1a2129a4cd5225f399e8bd30d3291b7b16f9564b75,7938cfec53b63ddc085882508c78fd251e3266186d61b7d1aea9f20f89d5a572,15748c986a8eaff7583e8f96d2b4cf6f7685413afb8cf2050d3fece0ff9767e6,33.323803,3.320135,43.000000,139.176025,105.852222,4.176475,0.000000,0.000000,SHADOWLESS_SAME_SENSOR_JPEG,fa5adb968da368a28b85a711cd7b3d0aab6829453361eb686e915af6797cf717,4.0.0,multi-instance-paired-clean-1024-v1,AUTO_PASS_MULTI_INSTANCE_PAIRED_CLEAN_1024,NO,"{""brightness"":0.92674301,""contrast"":0.92120159,""crop_x"":0,""crop_y"":454,""noise_seed"":2010775265,""noise_sigma"":0.38374834,""orientation_degrees"":180,""resized_height"":1280,""resized_width"":1280}","{""blur_radius_px"":0.3459465967854918,""jpeg_quality"":92,""noise_seed"":1833988243,""noise_sigma"":0.6356488633876103}","{""blur_radius_px"":6.505776563615321,""instances"":[{""instance_index"":1,""offset_x_px"":3,""offset_y_px"":9,""opacity"":0.24275658},{""instance_index"":2,""offset_x_px"":0,""offset_y_px"":6,""opacity"":0.24910466},{""instance_index"":3,""offset_x_px"":1,""offset_y_px"":6,""opacity"":0.31144594},{""instance_index"":4,""offset_x_px"":2,""offset_y_px"":6,""opacity"":0.29693159},{""instance_index"":5,""offset_x_px"":0,""offset_y_px"":7,""opacity"":0.28205013}]}"
syn-v4-conv-0035,36,synthetic/v4_conveyor/images/train/syn-v4-conv-0035.jpg,synthetic/v4_conveyor/masks/component_visible_instances/train/syn-v4-conv-0035.png,synthetic/v4_conveyor/masks/defect_semantic/train/syn-v4-conv-0035.png,synthetic/v4_conveyor/labels/yolo_component_status/train/syn-v4-conv-0035.txt,synthetic/v4_conveyor/labels/yolo_defects/train/syn-v4-conv-0035.txt,synthetic_black_conveyor_multi_instance,train,multi_instance_detection_segmentation,TRAIN_ONLY_MULTI_SCENE_SYNTHETIC,NO,NO,side_component_spot,IMGGEN-CONVEYOR-BLACK-V1,1117047386,0,5,5,body_chip|normal_proxy|discoloration|scratch|body_crack,syn-v2-700-body_chip-0088|syn-v2-700-lead_breakage-0099|syn-v2-700-discoloration-0023|syn-v2-700-scratch-0076|syn-v2-700-body_crack-0052,syn-v4-conv-0035,1280,720,6190d9b9c2dda20620217c9a016e08a77274ace744f8269408ded18bf85cff7b,dfeedd20cb384d0914df3a407cdad82222e4d3d3a4bdb5003a0d124bf3bd1554,c8242eacfc2ab6acb0fe7840bc1253f12ff5bf1a4cd7bbfe0224bfd30d6e43d9,b647c72a3a2cbd9714515528c04b0df99ed672731b462514226641db63bbf0fc,003d3c0a9cd4775d18838d9c98c0665c57e163fdcd3951619591c20c0c93ad5f,26.313601,2.612232,33.502602,135.171585,108.857985,5.136948,0.000000,0.000000,SHADOWLESS_SAME_SENSOR_JPEG,fa5adb968da368a28b85a711cd7b3d0aab6829453361eb686e915af6797cf717,4.0.0,multi-instance-paired-clean-1024-v1,AUTO_PASS_MULTI_INSTANCE_PAIRED_CLEAN_1024,NO,"{""brightness"":0.7860783,""contrast"":0.96522244,""crop_x"":0,""crop_y"":550,""noise_seed"":2604670288,""noise_sigma"":1.06087558,""orientation_degrees"":0,""resized_height"":1280,""resized_width"":1280}","{""blur_radius_px"":0.17641337290601938,""jpeg_quality"":94,""noise_seed"":3150642020,""noise_sigma"":1.0891360552321394}","{""blur_radius_px"":7.583682393183758,""instances"":[{""instance_index"":1,""offset_x_px"":-2,""offset_y_px"":9,""opacity"":0.26141389},{""instance_index"":2,""offset_x_px"":3,""offset_y_px"":6,""opacity"":0.23184954},{""instance_index"":3,""offset_x_px"":2,""offset_y_px"":5,""opacity"":0.24973165},{""instance_index"":4,""offset_x_px"":4,""offset_y_px"":10,""opacity"":0.20201057},{""instance_index"":5,""offset_x_px"":5,""offset_y_px"":9,""opacity"":0.18110563}]}"
syn-v4-conv-0036,37,synthetic/v4_conveyor/images/train/syn-v4-conv-0036.jpg,synthetic/v4_conveyor/masks/component_visible_instances/train/syn-v4-conv-0036.png,synthetic/v4_conveyor/masks/defect_semantic/train/syn-v4-conv-0036.png,synthetic/v4_conveyor/labels/yolo_component_status/train/syn-v4-conv-0036.txt,synthetic/v4_conveyor/labels/yolo_defects/train/syn-v4-conv-0036.txt,synthetic_black_conveyor_multi_instance,train,multi_instance_detection_segmentation,TRAIN_ONLY_MULTI_SCENE_SYNTHETIC,NO,NO,neutral_component_spot,IMGGEN-CONVEYOR-BLACK-V1,3060002618,0,5,5,body_crack|surface_spot|body_chip|lead_breakage|normal_proxy,syn-v2-700-body_crack-0089|syn-v2-700-surface_spot-0064|syn-v2-700-body_chip-0025|syn-v2-700-lead_breakage-0008|syn-v2-700-body_crack-0036,syn-v4-conv-0036,1280,720,60ddd3254fe2009f48c2ba84c561a5e4e231c4a7900ae0aaf43e97479dc5b8fa,bd218203565b2526fb6000c31bf37f73660253ec7ae797c21c5593dff35a1db3,596d6a732c430c6f91d7db92cad9cc355278da0da34b71a5ae3cb2425a3e0a3b,13895c487dca4fabbc380f686c8aa5ebe6baf0adf482a03831f22d23b4936163,9596c3608ce03247a6ddbb0f316e54a4a9d90a550a75baf1ac30c0aa34320df5,32.251678,3.470437,42.000000,142.219818,109.968140,4.409687,0.000000,0.000000,SHADOWLESS_SAME_SENSOR_JPEG,fa5adb968da368a28b85a711cd7b3d0aab6829453361eb686e915af6797cf717,4.0.0,multi-instance-paired-clean-1024-v1,AUTO_PASS_MULTI_INSTANCE_PAIRED_CLEAN_1024,NO,"{""brightness"":0.90968789,""contrast"":0.95933451,""crop_x"":0,""crop_y"":253,""noise_seed"":3934682314,""noise_sigma"":0.51513948,""orientation_degrees"":90,""resized_height"":1280,""resized_width"":1280}","{""blur_radius_px"":0.21552983813267063,""jpeg_quality"":94,""noise_seed"":3154789764,""noise_sigma"":0.5283727193216776}","{""blur_radius_px"":7.839437059880959,""instances"":[{""instance_index"":1,""offset_x_px"":0,""offset_y_px"":7,""opacity"":0.2630739},{""instance_index"":2,""offset_x_px"":5,""offset_y_px"":8,""opacity"":0.29144575},{""instance_index"":3,""offset_x_px"":-1,""offset_y_px"":7,""opacity"":0.2736301},{""instance_index"":4,""offset_x_px"":0,""offset_y_px"":9,""opacity"":0.31430711},{""instance_index"":5,""offset_x_px"":1,""offset_y_px"":5,""opacity"":0.24422733}]}"
syn-v4-conv-0037,38,synthetic/v4_conveyor/images/train/syn-v4-conv-0037.jpg,synthetic/v4_conveyor/masks/component_visible_instances/train/syn-v4-conv-0037.png,synthetic/v4_conveyor/masks/defect_semantic/train/syn-v4-conv-0037.png,synthetic/v4_conveyor/labels/yolo_component_status/train/syn-v4-conv-0037.txt,synthetic/v4_conveyor/labels/yolo_defects/train/syn-v4-conv-0037.txt,synthetic_black_conveyor_multi_instance,train,multi_instance_detection_segmentation,TRAIN_ONLY_MULTI_SCENE_SYNTHETIC,NO,NO,warm_component_spot,IMGGEN-CONVEYOR-BLACK-V1,56845555,0,5,5,body_chip|discoloration|body_crack|lead_breakage|normal_proxy,syn-v2-700-body_chip-0005|syn-v2-700-discoloration-0098|syn-v2-700-body_crack-0052|syn-v2-700-lead_breakage-0089|syn-v2-700-discoloration-0018,syn-v4-conv-0037,1280,720,8e40190758fd3be761669db173781f994fd3d2e99ae0ddf568189c67cb8493cb,b1ba5b80ff58a8ce6640a22ad8a687f8c19ccc7588491076712d8c660ecb4b01,81964d8bc816d7576679984faa2be6f7c920d7955db0314fee8d779140a2d4d6,2d2eacca77290f9990ac28dbf68698d10b329c0f13bfcee26366109031e71196,c2208aef352c60085331331fb54610530c33117fc95ff318dab8d9e0f6a3e708,29.199020,3.111079,38.000000,143.170059,113.971039,4.903249,0.000000,0.000000,SHADOWLESS_SAME_SENSOR_JPEG,fa5adb968da368a28b85a711cd7b3d0aab6829453361eb686e915af6797cf717,4.0.0,multi-instance-paired-clean-1024-v1,AUTO_PASS_MULTI_INSTANCE_PAIRED_CLEAN_1024,NO,"{""brightness"":0.82528575,""contrast"":0.98053224,""crop_x"":0,""crop_y"":487,""noise_seed"":2408255431,""noise_sigma"":0.58875875,""orientation_degrees"":270,""resized_height"":1280,""resized_width"":1280}","{""blur_radius_px"":0.19816088079998329,""jpeg_quality"":94,""noise_seed"":2459741691,""noise_sigma"":0.5203821014309982}","{""blur_radius_px"":8.385165633241858,""instances"":[{""instance_index"":1,""offset_x_px"":-2,""offset_y_px"":8,""opacity"":0.2229898},{""instance_index"":2,""offset_x_px"":2,""offset_y_px"":9,""opacity"":0.19823726},{""instance_index"":3,""offset_x_px"":-3,""offset_y_px"":9,""opacity"":0.2160279},{""instance_index"":4,""offset_x_px"":3,""offset_y_px"":9,""opacity"":0.25641005},{""instance_index"":5,""offset_x_px"":-3,""offset_y_px"":8,""opacity"":0.28583283}]}"
syn-v4-conv-0038,39,synthetic/v4_conveyor/images/train/syn-v4-conv-0038.jpg,synthetic/v4_conveyor/masks/component_visible_instances/train/syn-v4-conv-0038.png,synthetic/v4_conveyor/masks/defect_semantic/train/syn-v4-conv-0038.png,synthetic/v4_conveyor/labels/yolo_component_status/train/syn-v4-conv-0038.txt,synthetic/v4_conveyor/labels/yolo_defects/train/syn-v4-conv-0038.txt,synthetic_black_conveyor_multi_instance,train,multi_instance_detection_segmentation,TRAIN_ONLY_MULTI_SCENE_SYNTHETIC,NO,NO,cool_component_spot,IMGGEN-CONVEYOR-BLACK-V1,2483976061,0,5,5,discoloration|contamination|lead_breakage|normal_proxy|body_chip,syn-v2-700-discoloration-0082|syn-v2-700-contamination-0044|syn-v2-700-lead_breakage-0069|syn-v2-700-discoloration-0053|syn-v2-700-body_chip-0051,syn-v4-conv-0038,1280,720,b93a6606315b21b854d8b06621cac258ec457e9acd1f79712da99cdd0b58aca8,9c6d9120c2911c1970b5898e06dcf91d8d8a67767941b696400ab199663790ba,82c6482fbccd453f033249840e5291dbe10f8d0457df5b0587ad2f2623c0150e,a107d3c1593cff3d335c01625dd73b82629cff04e14f9ad6832dfda6df04b360,c9032d68229fa1428b0798e82459affd31ea78a86e081908b5701f09403e3237,29.574261,3.918815,40.000000,136.336319,106.762058,4.609965,0.000000,0.000000,SHADOWLESS_SAME_SENSOR_JPEG,fa5adb968da368a28b85a711cd7b3d0aab6829453361eb686e915af6797cf717,4.0.0,multi-instance-paired-clean-1024-v1,AUTO_PASS_MULTI_INSTANCE_PAIRED_CLEAN_1024,NO,"{""brightness"":0.84482114,""contrast"":1.03294863,""crop_x"":0,""crop_y"":4,""noise_seed"":2189725195,""noise_sigma"":1.06235849,""orientation_degrees"":90,""resized_height"":1280,""resized_width"":1280}","{""blur_radius_px"":0.25650866393656513,""jpeg_quality"":95,""noise_seed"":638048099,""noise_sigma"":0.41189180397331343}","{""blur_radius_px"":7.974745882500314,""instances"":[{""instance_index"":1,""offset_x_px"":5,""offset_y_px"":10,""opacity"":0.31993297},{""instance_index"":2,""offset_x_px"":-1,""offset_y_px"":6,""opacity"":0.2808598},{""instance_index"":3,""offset_x_px"":-2,""offset_y_px"":7,""opacity"":0.28164332},{""instance_index"":4,""offset_x_px"":0,""offset_y_px"":5,""opacity"":0.2176757},{""instance_index"":5,""offset_x_px"":-2,""offset_y_px"":10,""opacity"":0.28512829}]}"
syn-v4-conv-0039,40,synthetic/v4_conveyor/images/train/syn-v4-conv-0039.jpg,synthetic/v4_conveyor/masks/component_visible_instances/train/syn-v4-conv-0039.png,synthetic/v4_conveyor/masks/defect_semantic/train/syn-v4-conv-0039.png,synthetic/v4_conveyor/labels/yolo_component_status/train/syn-v4-conv-0039.txt,synthetic/v4_conveyor/labels/yolo_defects/train/syn-v4-conv-0039.txt,synthetic_black_conveyor_multi_instance,train,multi_instance_detection_segmentation,TRAIN_ONLY_MULTI_SCENE_SYNTHETIC,NO,NO,side_component_spot,IMGGEN-CONVEYOR-BLACK-V1,802806679,0,5,5,body_crack|lead_breakage|normal_proxy|surface_spot|discoloration,syn-v2-700-body_crack-0099|syn-v2-700-lead_breakage-0060|syn-v2-700-contamination-0085|syn-v2-700-surface_spot-0046|syn-v2-700-discoloration-0018,syn-v4-conv-0039,1280,720,2669da6949a9ab70f26e60df6a6b97332d97d7b2e3cec77cc5c5c120ff37a9bd,b16ade7c9835202d62e2a178fe5aaa185ca6eedf39225520aa191af70921f65c,42a4f38ee59647289c92d52adaf61b860c991a11a92ee40097f701bf3c71259e,1afca79550ce8631e25580b907a67ce326d52601fcb75c7fc111b2c11c50e348,2ec59c77a96a9362ef70572be50452801ac673c916b64b990283f4162e16b63d,29.329599,3.663130,39.000000,137.419678,108.090078,4.685358,0.000000,0.000000,SHADOWLESS_SAME_SENSOR_JPEG,fa5adb968da368a28b85a711cd7b3d0aab6829453361eb686e915af6797cf717,4.0.0,multi-instance-paired-clean-1024-v1,AUTO_PASS_MULTI_INSTANCE_PAIRED_CLEAN_1024,NO,"{""brightness"":0.83953444,""contrast"":1.01176078,""crop_x"":0,""crop_y"":288,""noise_seed"":4093594526,""noise_sigma"":0.29924576,""orientation_degrees"":180,""resized_height"":1280,""resized_width"":1280}","{""blur_radius_px"":0.1813537181735366,""jpeg_quality"":92,""noise_seed"":1671566157,""noise_sigma"":1.2254874225857264}","{""blur_radius_px"":7.644411109459306,""instances"":[{""instance_index"":1,""offset_x_px"":4,""offset_y_px"":10,""opacity"":0.18621633},{""instance_index"":2,""offset_x_px"":2,""offset_y_px"":5,""opacity"":0.23221777},{""instance_index"":3,""offset_x_px"":-3,""offset_y_px"":7,""opacity"":0.29443453},{""instance_index"":4,""offset_x_px"":5,""offset_y_px"":8,""opacity"":0.1880348},{""instance_index"":5,""offset_x_px"":0,""offset_y_px"":9,""opacity"":0.27541923}]}"
syn-v4-conv-0040,41,synthetic/v4_conveyor/images/train/syn-v4-conv-0040.jpg,synthetic/v4_conveyor/masks/component_visible_instances/train/syn-v4-conv-0040.png,synthetic/v4_conveyor/masks/defect_semantic/train/syn-v4-conv-0040.png,synthetic/v4_conveyor/labels/yolo_component_status/train/syn-v4-conv-0040.txt,synthetic/v4_conveyor/labels/yolo_defects/train/syn-v4-conv-0040.txt,synthetic_black_conveyor_multi_instance,train,multi_instance_detection_segmentation,TRAIN_ONLY_MULTI_SCENE_SYNTHETIC,NO,NO,neutral_component_spot,IMGGEN-CONVEYOR-BLACK-V1,2959598508,0,5,5,body_chip|lead_breakage|scratch|normal_proxy|discoloration,syn-v2-700-body_chip-0050|syn-v2-700-lead_breakage-0085|syn-v2-700-scratch-0007|syn-v2-700-surface_spot-0037|syn-v2-700-discoloration-0027,syn-v4-conv-0040,1280,720,9844911d81772e1b7c4a371ce669358a7463949ab336a320976b94ab5ae061fa,bf73965c8e1e45843caae507df7b23d38444df4f0d9dfa97df8c4033f4492879,e6d0e5f2f1c675101ef2a36437482e8e4518171cae26a07bec8a3210bed8b1ab,9e72e7944f4d7fa9834fce169a7fd975fea8bb33e0a9134138b9862e990ec9f2,d7532eb6aa98defe7ab03c026cfbfe9fb4b3935fa4e80160674f4978bc99f42b,32.126064,4.351567,43.931801,140.355194,108.229130,4.368889,0.000000,0.000000,SHADOWLESS_SAME_SENSOR_JPEG,fa5adb968da368a28b85a711cd7b3d0aab6829453361eb686e915af6797cf717,4.0.0,multi-instance-paired-clean-1024-v1,AUTO_PASS_MULTI_INSTANCE_PAIRED_CLEAN_1024,NO,"{""brightness"":0.90445769,""contrast"":1.05746745,""crop_x"":0,""crop_y"":108,""noise_seed"":3419390376,""noise_sigma"":0.46442467,""orientation_degrees"":270,""resized_height"":1280,""resized_width"":1280}","{""blur_radius_px"":0.056943082360935336,""jpeg_quality"":96,""noise_seed"":353583167,""noise_sigma"":0.3775400295905556}","{""blur_radius_px"":6.253585973454817,""instances"":[{""instance_index"":1,""offset_x_px"":-2,""offset_y_px"":7,""opacity"":0.27453813},{""instance_index"":2,""offset_x_px"":5,""offset_y_px"":5,""opacity"":0.18272778},{""instance_index"":3,""offset_x_px"":-3,""offset_y_px"":6,""opacity"":0.18645321},{""instance_index"":4,""offset_x_px"":-3,""offset_y_px"":7,""opacity"":0.27647812},{""instance_index"":5,""offset_x_px"":-3,""offset_y_px"":10,""opacity"":0.2597}]}"
syn-v4-conv-0041,42,synthetic/v4_conveyor/images/train/syn-v4-conv-0041.jpg,synthetic/v4_conveyor/masks/component_visible_instances/train/syn-v4-conv-0041.png,synthetic/v4_conveyor/masks/defect_semantic/train/syn-v4-conv-0041.png,synthetic/v4_conveyor/labels/yolo_component_status/train/syn-v4-conv-0041.txt,synthetic/v4_conveyor/labels/yolo_defects/train/syn-v4-conv-0041.txt,synthetic_black_conveyor_multi_instance,train,multi_instance_detection_segmentation,TRAIN_ONLY_MULTI_SCENE_SYNTHETIC,NO,NO,warm_component_spot,IMGGEN-CONVEYOR-BLACK-V1,1677135886,0,5,5,body_crack|body_chip|contamination|lead_breakage|discoloration,syn-v2-700-body_crack-0096|syn-v2-700-body_chip-0018|syn-v2-700-contamination-0035|syn-v2-700-lead_breakage-0051|syn-v2-700-discoloration-0023,syn-v4-conv-0041,1280,720,d416ed64919fbfec38d0f55906f1b58b88dbb955d5b4e930be0aa9f577de81e2,b26632665dfbb59a7b5e526526a45e0e9984426cefc1ae300ffd98986409d9dc,c6d35d5199904884feb73a759e4fbe06a2c7a654bedca5ddc17afd1130c36b6d,a4f9cfd7731e112b922e87eaa4a03c5bc9e0f995584521a376becd4baa4f4b52,e941473a76088cff605972f382353046c4c8e4f1e64e4ea27cb4bac92af92975,28.815582,3.224963,38.000000,144.671051,115.855469,5.020584,0.000000,0.000000,SHADOWLESS_SAME_SENSOR_JPEG,fa5adb968da368a28b85a711cd7b3d0aab6829453361eb686e915af6797cf717,4.0.0,multi-instance-paired-clean-1024-v1,AUTO_PASS_MULTI_INSTANCE_PAIRED_CLEAN_1024,NO,"{""brightness"":0.81585537,""contrast"":0.97390058,""crop_x"":0,""crop_y"":367,""noise_seed"":718401023,""noise_sigma"":0.79384177,""orientation_degrees"":90,""resized_height"":1280,""resized_width"":1280}","{""blur_radius_px"":0.006960815080936377,""jpeg_quality"":96,""noise_seed"":2127526548,""noise_sigma"":0.7129339333775488}","{""blur_radius_px"":5.1863926648476895,""instances"":[{""instance_index"":1,""offset_x_px"":-1,""offset_y_px"":10,""opacity"":0.20641089},{""instance_index"":2,""offset_x_px"":3,""offset_y_px"":8,""opacity"":0.21424368},{""instance_index"":3,""offset_x_px"":5,""offset_y_px"":6,""opacity"":0.24301035},{""instance_index"":4,""offset_x_px"":5,""offset_y_px"":10,""opacity"":0.25136462},{""instance_index"":5,""offset_x_px"":4,""offset_y_px"":6,""opacity"":0.20854328}]}"
syn-v4-conv-0042,43,synthetic/v4_conveyor/images/train/syn-v4-conv-0042.jpg,synthetic/v4_conveyor/masks/component_visible_instances/train/syn-v4-conv-0042.png,synthetic/v4_conveyor/masks/defect_semantic/train/syn-v4-conv-0042.png,synthetic/v4_conveyor/labels/yolo_component_status/train/syn-v4-conv-0042.txt,synthetic/v4_conveyor/labels/yolo_defects/train/syn-v4-conv-0042.txt,synthetic_black_conveyor_multi_instance,train,multi_instance_detection_segmentation,TRAIN_ONLY_MULTI_SCENE_SYNTHETIC,NO,NO,cool_component_spot,IMGGEN-CONVEYOR-BLACK-V1,2744127207,0,5,5,scratch|normal_proxy|surface_spot|contamination|discoloration,syn-v2-700-scratch-0023|syn-v2-700-lead_breakage-0060|syn-v2-700-surface_spot-0037|syn-v2-700-contamination-0062|syn-v2-700-discoloration-0082,syn-v4-conv-0042,1280,720,fcbada6edb7709fc2bdca28e323f1e6a24a171919b1ec9f43fd0253f80f7cfc4,cdc8a618193474de2d222428eb2bcc66cb43a7221309063aea372f6fb69a9960,c8d1966af669290cb12d96c3499fd69e1102f28dde5c087fd3b7642aa0872249,6954337573a4c9403d0a3d05ad0b9b2f0aa62a61f422dace28f5993d1ba7c2fd,89bd8039d12a14509c8a02a5aeacb12d7f38b19958d50a40d1dbff862c066944,33.177639,3.963905,44.144402,130.980621,97.802982,3.947858,0.000000,0.000000,SHADOWLESS_SAME_SENSOR_JPEG,fa5adb968da368a28b85a711cd7b3d0aab6829453361eb686e915af6797cf717,4.0.0,multi-instance-paired-clean-1024-v1,AUTO_PASS_MULTI_INSTANCE_PAIRED_CLEAN_1024,NO,"{""brightness"":0.94588909,""contrast"":1.03192335,""crop_x"":0,""crop_y"":301,""noise_seed"":94471143,""noise_sigma"":0.05878384,""orientation_degrees"":0,""resized_height"":1280,""resized_width"":1280}","{""blur_radius_px"":0.20948686122792728,""jpeg_quality"":96,""noise_seed"":3795733491,""noise_sigma"":0.680770724496885}","{""blur_radius_px"":8.532516917787213,""instances"":[{""instance_index"":1,""offset_x_px"":1,""offset_y_px"":9,""opacity"":0.28151154},{""instance_index"":2,""offset_x_px"":1,""offset_y_px"":9,""opacity"":0.24924532},{""instance_index"":3,""offset_x_px"":-1,""offset_y_px"":8,""opacity"":0.3005365},{""instance_index"":4,""offset_x_px"":-2,""offset_y_px"":9,""opacity"":0.26993275},{""instance_index"":5,""offset_x_px"":-1,""offset_y_px"":7,""opacity"":0.29357833}]}"
syn-v4-conv-0043,44,synthetic/v4_conveyor/images/train/syn-v4-conv-0043.jpg,synthetic/v4_conveyor/masks/component_visible_instances/train/syn-v4-conv-0043.png,synthetic/v4_conveyor/masks/defect_semantic/train/syn-v4-conv-0043.png,synthetic/v4_conveyor/labels/yolo_component_status/train/syn-v4-conv-0043.txt,synthetic/v4_conveyor/labels/yolo_defects/train/syn-v4-conv-0043.txt,synthetic_black_conveyor_multi_instance,train,multi_instance_detection_segmentation,TRAIN_ONLY_MULTI_SCENE_SYNTHETIC,NO,NO,side_component_spot,IMGGEN-CONVEYOR-BLACK-V1,1129586038,0,5,5,surface_spot|scratch|body_crack|normal_proxy|discoloration,syn-v2-700-surface_spot-0021|syn-v2-700-scratch-0005|syn-v2-700-body_crack-0044|syn-v2-700-scratch-0076|syn-v2-700-discoloration-0072,syn-v4-conv-0043,1280,720,4eefb1955ba5204f412c09e6cf42a47fee7be946fd64fa4b7b83511f0090ce14,7024a13a9e00add48d1a2656eeb4ed8b34f222954277a3a0e02221eb6a3786f7,479bc946814a26862bc51a9685ca732252e2058b73e79ce4fc8674244a24efee,7bc003998fad0184e884024796dc7789905b86ed05c6096843f4b960ae571561,1697f0489ae8f4f4b599e63150b6f11adeacbeb8ca8c3e024cd7db0b586f9010,32.341835,3.491094,42.144398,139.163025,106.821190,4.302880,0.000000,0.000000,SHADOWLESS_SAME_SENSOR_JPEG,fa5adb968da368a28b85a711cd7b3d0aab6829453361eb686e915af6797cf717,4.0.0,multi-instance-paired-clean-1024-v1,AUTO_PASS_MULTI_INSTANCE_PAIRED_CLEAN_1024,NO,"{""brightness"":0.88938137,""contrast"":0.96308194,""crop_x"":0,""crop_y"":34,""noise_seed"":3694876983,""noise_sigma"":0.98718106,""orientation_degrees"":0,""resized_height"":1280,""resized_width"":1280}","{""blur_radius_px"":0.2137018760123296,""jpeg_quality"":96,""noise_seed"":1305280275,""noise_sigma"":0.6805357220977974}","{""blur_radius_px"":6.601666347100211,""instances"":[{""instance_index"":1,""offset_x_px"":0,""offset_y_px"":8,""opacity"":0.27212617},{""instance_index"":2,""offset_x_px"":1,""offset_y_px"":7,""opacity"":0.26176616},{""instance_index"":3,""offset_x_px"":2,""offset_y_px"":8,""opacity"":0.27784404},{""instance_index"":4,""offset_x_px"":5,""offset_y_px"":5,""opacity"":0.25860095},{""instance_index"":5,""offset_x_px"":5,""offset_y_px"":5,""opacity"":0.22986025}]}"
syn-v4-conv-0044,45,synthetic/v4_conveyor/images/train/syn-v4-conv-0044.jpg,synthetic/v4_conveyor/masks/component_visible_instances/train/syn-v4-conv-0044.png,synthetic/v4_conveyor/masks/defect_semantic/train/syn-v4-conv-0044.png,synthetic/v4_conveyor/labels/yolo_component_status/train/syn-v4-conv-0044.txt,synthetic/v4_conveyor/labels/yolo_defects/train/syn-v4-conv-0044.txt,synthetic_black_conveyor_multi_instance,train,multi_instance_detection_segmentation,TRAIN_ONLY_MULTI_SCENE_SYNTHETIC,NO,NO,neutral_component_spot,IMGGEN-CONVEYOR-BLACK-V1,1921487745,0,5,5,surface_spot|discoloration|normal_proxy|body_crack|scratch,syn-v2-700-surface_spot-0049|syn-v2-700-discoloration-0027|syn-v2-700-body_crack-0036|syn-v2-700-body_crack-0089|syn-v2-700-scratch-0097,syn-v4-conv-0044,1280,720,e0382914721b5c72a5e62419c414e41e320a81c048491b058941ab80efe57483,e62762a1308f05e5eaa77bbb6d9ed0804c03aaf8ff7e3050d90de9b73ead0e21,a50b3133f799557109be58f2b684ffcb4f9e8a00b993d129050d3a214701cba8,0124a21e871b39ed4e0e2e45f8d0aa5ed6467b5adda930c0f5b90c11b58f1f61,d3f13cc3e80f3ef1e67a2051d77e58303c39fd523795edb087eecbc3231eac6d,32.058735,2.910427,41.000000,137.622131,105.563396,4.292812,0.000000,0.000000,SHADOWLESS_SAME_SENSOR_JPEG,fa5adb968da368a28b85a711cd7b3d0aab6829453361eb686e915af6797cf717,4.0.0,multi-instance-paired-clean-1024-v1,AUTO_PASS_MULTI_INSTANCE_PAIRED_CLEAN_1024,NO,"{""brightness"":0.94142428,""contrast"":0.95338622,""crop_x"":0,""crop_y"":17,""noise_seed"":3036085350,""noise_sigma"":0.04400419,""orientation_degrees"":180,""resized_height"":1280,""resized_width"":1280}","{""blur_radius_px"":0.28509880914413693,""jpeg_quality"":94,""noise_seed"":4020591935,""noise_sigma"":0.575717796356557}","{""blur_radius_px"":5.815652801798142,""instances"":[{""instance_index"":1,""offset_x_px"":1,""offset_y_px"":9,""opacity"":0.24124013},{""instance_index"":2,""offset_x_px"":3,""offset_y_px"":7,""opacity"":0.2373994},{""instance_index"":3,""offset_x_px"":5,""offset_y_px"":6,""opacity"":0.26960751},{""instance_index"":4,""offset_x_px"":2,""offset_y_px"":8,""opacity"":0.23471615},{""instance_index"":5,""offset_x_px"":4,""offset_y_px"":6,""opacity"":0.20098786}]}"
syn-v4-conv-0045,46,synthetic/v4_conveyor/images/train/syn-v4-conv-0045.jpg,synthetic/v4_conveyor/masks/component_visible_instances/train/syn-v4-conv-0045.png,synthetic/v4_conveyor/masks/defect_semantic/train/syn-v4-conv-0045.png,synthetic/v4_conveyor/labels/yolo_component_status/train/syn-v4-conv-0045.txt,synthetic/v4_conveyor/labels/yolo_defects/train/syn-v4-conv-0045.txt,synthetic_black_conveyor_multi_instance,train,multi_instance_detection_segmentation,TRAIN_ONLY_MULTI_SCENE_SYNTHETIC,NO,NO,warm_component_spot,IMGGEN-CONVEYOR-BLACK-V1,3465444975,0,5,5,surface_spot|normal_proxy|lead_breakage|scratch|discoloration,syn-v2-700-surface_spot-0076|syn-v2-700-contamination-0007|syn-v2-700-lead_breakage-0014|syn-v2-700-scratch-0094|syn-v2-700-discoloration-0039,syn-v4-conv-0045,1280,720,a169c3828f7f3def97253c5f9147a7c102810df83a6d4c40b7bc3d275fa12785,c7fdbe50a3005be49560cce6cf0105ad617d47bb0e7fde33bfd423cbf39a325d,95f69fa9424aebe5a22692a2ed682e60f8fc7ddfe486f0aa204284db3b349115,8610d4a22657647115ff75b4545d5d6c82a3ed95b7be96d3ec20919e545cf3a9,0cc0dc549ad7523da7990d692854e3f374064adf7f8d62f23ba6d4d96337a527,30.076071,4.088885,41.000000,141.337738,111.261667,4.699342,0.000000,0.000000,SHADOWLESS_SAME_SENSOR_JPEG,fa5adb968da368a28b85a711cd7b3d0aab6829453361eb686e915af6797cf717,4.0.0,multi-instance-paired-clean-1024-v1,AUTO_PASS_MULTI_INSTANCE_PAIRED_CLEAN_1024,NO,"{""brightness"":0.8551762,""contrast"":1.02373715,""crop_x"":0,""crop_y"":244,""noise_seed"":3973510554,""noise_sigma"":0.05325478,""orientation_degrees"":90,""resized_height"":1280,""resized_width"":1280}","{""blur_radius_px"":0.31447517673182446,""jpeg_quality"":94,""noise_seed"":1102826911,""noise_sigma"":0.9060997479742994}","{""blur_radius_px"":5.528454773737797,""instances"":[{""instance_index"":1,""offset_x_px"":3,""offset_y_px"":5,""opacity"":0.30277521},{""instance_index"":2,""offset_x_px"":2,""offset_y_px"":5,""opacity"":0.31513345},{""instance_index"":3,""offset_x_px"":-3,""offset_y_px"":5,""opacity"":0.28211145},{""instance_index"":4,""offset_x_px"":2,""offset_y_px"":8,""opacity"":0.26565346},{""instance_index"":5,""offset_x_px"":1,""offset_y_px"":8,""opacity"":0.30480314}]}"
syn-v4-conv-0046,47,synthetic/v4_conveyor/images/train/syn-v4-conv-0046.jpg,synthetic/v4_conveyor/masks/component_visible_instances/train/syn-v4-conv-0046.png,synthetic/v4_conveyor/masks/defect_semantic/train/syn-v4-conv-0046.png,synthetic/v4_conveyor/labels/yolo_component_status/train/syn-v4-conv-0046.txt,synthetic/v4_conveyor/labels/yolo_defects/train/syn-v4-conv-0046.txt,synthetic_black_conveyor_multi_instance,train,multi_instance_detection_segmentation,TRAIN_ONLY_MULTI_SCENE_SYNTHETIC,NO,NO,cool_component_spot,IMGGEN-CONVEYOR-BLACK-V1,3401825591,0,5,5,lead_breakage|discoloration|body_chip|normal_proxy|surface_spot,syn-v2-700-lead_breakage-0059|syn-v2-700-discoloration-0082|syn-v2-700-body_chip-0046|syn-v2-700-discoloration-0015|syn-v2-700-surface_spot-0027,syn-v4-conv-0046,1280,720,d0c46215d4c6f53967839a1c18ac2b5d91359ced394de6259373fa4ae7b67f97,8af29c8c1691888c04e8d623e63d902db76b0c05f1d1ab780ead7e71d6856eeb,3bf1a359249341d20e754c370bc69adb6be6207e9f8a52d6fd6cb21ffdf669fa,4c08ebad24acff29d5573565f01472ba014b692ed079a2306860f757cdca8c4c,b9dc0047198d9052be457f5191d3a2ab62e9d09451cd15db26c76c12bbe36b92,33.241600,4.256817,45.144398,142.128036,108.886436,4.275608,0.000000,0.000000,SHADOWLESS_SAME_SENSOR_JPEG,fa5adb968da368a28b85a711cd7b3d0aab6829453361eb686e915af6797cf717,4.0.0,multi-instance-paired-clean-1024-v1,AUTO_PASS_MULTI_INSTANCE_PAIRED_CLEAN_1024,NO,"{""brightness"":0.94308196,""contrast"":1.02644679,""crop_x"":0,""crop_y"":433,""noise_seed"":1869851347,""noise_sigma"":0.68341787,""orientation_degrees"":270,""resized_height"":1280,""resized_width"":1280}","{""blur_radius_px"":0.06474651806034157,""jpeg_quality"":93,""noise_seed"":950600306,""noise_sigma"":1.2337170314356865}","{""blur_radius_px"":8.735218938858257,""instances"":[{""instance_index"":1,""offset_x_px"":3,""offset_y_px"":5,""opacity"":0.20117046},{""instance_index"":2,""offset_x_px"":4,""offset_y_px"":9,""opacity"":0.30593784},{""instance_index"":3,""offset_x_px"":-3,""offset_y_px"":9,""opacity"":0.20742694},{""instance_index"":4,""offset_x_px"":2,""offset_y_px"":7,""opacity"":0.2217732},{""instance_index"":5,""offset_x_px"":-1,""offset_y_px"":9,""opacity"":0.21117306}]}"
syn-v4-conv-0047,48,synthetic/v4_conveyor/images/train/syn-v4-conv-0047.jpg,synthetic/v4_conveyor/masks/component_visible_instances/train/syn-v4-conv-0047.png,synthetic/v4_conveyor/masks/defect_semantic/train/syn-v4-conv-0047.png,synthetic/v4_conveyor/labels/yolo_component_status/train/syn-v4-conv-0047.txt,synthetic/v4_conveyor/labels/yolo_defects/train/syn-v4-conv-0047.txt,synthetic_black_conveyor_multi_instance,train,multi_instance_detection_segmentation,TRAIN_ONLY_MULTI_SCENE_SYNTHETIC,NO,NO,side_component_spot,IMGGEN-CONVEYOR-BLACK-V1,3993734200,0,5,5,normal_proxy|scratch|body_crack|contamination|discoloration,syn-v2-700-discoloration-0054|syn-v2-700-scratch-0007|syn-v2-700-body_crack-0034|syn-v2-700-contamination-0073|syn-v2-700-discoloration-0027,syn-v4-conv-0047,1280,720,a34c070143fa2494efd2e13011293ed920b154c54001ee2037483143c26d70a3,19a21415044a8935523698005d7de491995f499953dc26cba052d4f964072d34,ac122988958f68aea19647512d69abe3b6adcf5c66b78bccddf7f4ac05731752,84c0b8db9f0375722b83bcdc092e45ae0ae82b8d1bfc1acb222b35d649efa5db,7282b7eecb3b7c46704b41bb9dcbeaad729d727aacfc6db3e2bf28880c5aeac0,32.539528,3.439645,42.641800,133.681824,101.142296,4.108290,0.000000,0.000000,SHADOWLESS_SAME_SENSOR_JPEG,fa5adb968da368a28b85a711cd7b3d0aab6829453361eb686e915af6797cf717,4.0.0,multi-instance-paired-clean-1024-v1,AUTO_PASS_MULTI_INSTANCE_PAIRED_CLEAN_1024,NO,"{""brightness"":0.91671134,""contrast"":0.99864548,""crop_x"":0,""crop_y"":500,""noise_seed"":3428313059,""noise_sigma"":0.45232226,""orientation_degrees"":270,""resized_height"":1280,""resized_width"":1280}","{""blur_radius_px"":0.19448900297016333,""jpeg_quality"":93,""noise_seed"":4200054210,""noise_sigma"":1.237872251963306}","{""blur_radius_px"":5.040008485453884,""instances"":[{""instance_index"":1,""offset_x_px"":4,""offset_y_px"":10,""opacity"":0.21990519},{""instance_index"":2,""offset_x_px"":-2,""offset_y_px"":6,""opacity"":0.20731703},{""instance_index"":3,""offset_x_px"":3,""offset_y_px"":10,""opacity"":0.31226584},{""instance_index"":4,""offset_x_px"":-2,""offset_y_px"":7,""opacity"":0.19286182},{""instance_index"":5,""offset_x_px"":-3,""offset_y_px"":5,""opacity"":0.26873217}]}"
syn-v4-conv-0048,49,synthetic/v4_conveyor/images/train/syn-v4-conv-0048.jpg,synthetic/v4_conveyor/masks/component_visible_instances/train/syn-v4-conv-0048.png,synthetic/v4_conveyor/masks/defect_semantic/train/syn-v4-conv-0048.png,synthetic/v4_conveyor/labels/yolo_component_status/train/syn-v4-conv-0048.txt,synthetic/v4_conveyor/labels/yolo_defects/train/syn-v4-conv-0048.txt,synthetic_black_conveyor_multi_instance,train,multi_instance_detection_segmentation,TRAIN_ONLY_MULTI_SCENE_SYNTHETIC,NO,NO,neutral_component_spot,IMGGEN-CONVEYOR-BLACK-V1,2145965108,0,5,5,contamination|normal_proxy|lead_breakage|surface_spot|discoloration,syn-v2-700-contamination-0035|syn-v2-700-contamination-0073|syn-v2-700-lead_breakage-0020|syn-v2-700-surface_spot-0027|syn-v2-700-discoloration-0070,syn-v4-conv-0048,1280,720,537088b85629771c9178c75c82ca7ee6b59b3ccad96a91c66e207253ea89fa81,c04d9527163ed3a82d471fb4db20576bfecc4e09deca5807baa713a8be7a834d,d5a306863ea38e2981da3d7ccb79785c58b2eba03249aa7f95eefd7476c01e39,fab4f4bd8a04743534b365bc707d5492a2b449a1e4e42e3942694a2a638ec9aa,26447c2cd07cca6cda0d3ccf07a9aec7d1d14d1200338e6fc6d6d7584117c77a,25.872923,2.556882,33.000000,138.740417,112.867495,5.362379,0.000000,0.000000,SHADOWLESS_SAME_SENSOR_JPEG,fa5adb968da368a28b85a711cd7b3d0aab6829453361eb686e915af6797cf717,4.0.0,multi-instance-paired-clean-1024-v1,AUTO_PASS_MULTI_INSTANCE_PAIRED_CLEAN_1024,NO,"{""brightness"":0.75491865,""contrast"":0.95447952,""crop_x"":0,""crop_y"":381,""noise_seed"":6613764,""noise_sigma"":0.68482051,""orientation_degrees"":0,""resized_height"":1280,""resized_width"":1280}","{""blur_radius_px"":0.0378861736214756,""jpeg_quality"":92,""noise_seed"":3802865467,""noise_sigma"":1.2416433654841232}","{""blur_radius_px"":6.2446413897149196,""instances"":[{""instance_index"":1,""offset_x_px"":1,""offset_y_px"":6,""opacity"":0.19639917},{""instance_index"":2,""offset_x_px"":0,""offset_y_px"":9,""opacity"":0.28952318},{""instance_index"":3,""offset_x_px"":0,""offset_y_px"":8,""opacity"":0.26253758},{""instance_index"":4,""offset_x_px"":5,""offset_y_px"":9,""opacity"":0.24388336},{""instance_index"":5,""offset_x_px"":-2,""offset_y_px"":6,""opacity"":0.2442305}]}"
syn-v4-conv-0049,50,synthetic/v4_conveyor/images/train/syn-v4-conv-0049.jpg,synthetic/v4_conveyor/masks/component_visible_instances/train/syn-v4-conv-0049.png,synthetic/v4_conveyor/masks/defect_semantic/train/syn-v4-conv-0049.png,synthetic/v4_conveyor/labels/yolo_component_status/train/syn-v4-conv-0049.txt,synthetic/v4_conveyor/labels/yolo_defects/train/syn-v4-conv-0049.txt,synthetic_black_conveyor_multi_instance,train,multi_instance_detection_segmentation,TRAIN_ONLY_MULTI_SCENE_SYNTHETIC,NO,NO,warm_component_spot,IMGGEN-CONVEYOR-BLACK-V1,1288093287,0,5,5,scratch|lead_breakage|discoloration|contamination|body_chip,syn-v2-700-scratch-0079|syn-v2-700-lead_breakage-0068|syn-v2-700-discoloration-0089|syn-v2-700-contamination-0006|syn-v2-700-body_chip-0060,syn-v4-conv-0049,1280,720,2229164aa4caa5e362070c0e242c2e615f950e891f608931b74af2a9bd638987,d0af218b38610fdac5ec86ddbcc6940871eda44467faf06761d5f3edd3e1c092,963ab24909ee7b81f52e0c276cecfdf81105f3307b27f4746913a6494c1af92b,92def523540409b339d6cf5b134ce0da0ef107859dc0962758a1793ad8445ebf,a874814e4579dc5cfed9be29da293c1a30155b19456d0997f6e67aa07363fa97,29.767128,3.882361,40.000000,143.348984,113.581856,4.815681,0.000000,0.000000,SHADOWLESS_SAME_SENSOR_JPEG,fa5adb968da368a28b85a711cd7b3d0aab6829453361eb686e915af6797cf717,4.0.0,multi-instance-paired-clean-1024-v1,AUTO_PASS_MULTI_INSTANCE_PAIRED_CLEAN_1024,NO,"{""brightness"":0.84448018,""contrast"":1.03335233,""crop_x"":0,""crop_y"":548,""noise_seed"":2570874637,""noise_sigma"":0.97418974,""orientation_degrees"":270,""resized_height"":1280,""resized_width"":1280}","{""blur_radius_px"":0.2364164194737874,""jpeg_quality"":92,""noise_seed"":4020052531,""noise_sigma"":0.7245101549304811}","{""blur_radius_px"":6.577577922107412,""instances"":[{""instance_index"":1,""offset_x_px"":1,""offset_y_px"":7,""opacity"":0.2210775},{""instance_index"":2,""offset_x_px"":2,""offset_y_px"":7,""opacity"":0.2463941},{""instance_index"":3,""offset_x_px"":-2,""offset_y_px"":10,""opacity"":0.27913811},{""instance_index"":4,""offset_x_px"":5,""offset_y_px"":7,""opacity"":0.26907664},{""instance_index"":5,""offset_x_px"":3,""offset_y_px"":9,""opacity"":0.23151317}]}"
syn-v4-conv-0050,51,synthetic/v4_conveyor/images/train/syn-v4-conv-0050.jpg,synthetic/v4_conveyor/masks/component_visible_instances/train/syn-v4-conv-0050.png,synthetic/v4_conveyor/masks/defect_semantic/train/syn-v4-conv-0050.png,synthetic/v4_conveyor/labels/yolo_component_status/train/syn-v4-conv-0050.txt,synthetic/v4_conveyor/labels/yolo_defects/train/syn-v4-conv-0050.txt,synthetic_black_conveyor_multi_instance,train,multi_instance_detection_segmentation,TRAIN_ONLY_MULTI_SCENE_SYNTHETIC,NO,NO,cool_component_spot,IMGGEN-CONVEYOR-BLACK-V1,1093462438,0,5,5,surface_spot|scratch|contamination|lead_breakage|discoloration,syn-v2-700-surface_spot-0064|syn-v2-700-scratch-0001|syn-v2-700-contamination-0073|syn-v2-700-lead_breakage-0068|syn-v2-700-discoloration-0024,syn-v4-conv-0050,1280,720,9915bc90c88b69e434f13a0472c97d39b0e4a97e110a7399cf1d6d9d424535c3,97465d17e0f0b2770faf835dec11b3e81de3eafe4cd5dc52c9324cf60ea1437e,ee472127ee13dd3dff27ba86e38f7df2eaf5c765f9fc2b5fa388d54e9b7da25f,ef0c2432a32e53633f57fc452d9b052073bfbc9e58f0ed8af393c71688a577c8,1bc593137484a006fa90068f74e4a9476e487db13e66f93e7907e504aca50abd,26.133970,3.758224,36.000000,131.659927,105.525957,5.037885,0.000000,0.000000,SHADOWLESS_SAME_SENSOR_JPEG,fa5adb968da368a28b85a711cd7b3d0aab6829453361eb686e915af6797cf717,4.0.0,multi-instance-paired-clean-1024-v1,AUTO_PASS_MULTI_INSTANCE_PAIRED_CLEAN_1024,NO,"{""brightness"":0.75451341,""contrast"":1.02895855,""crop_x"":0,""crop_y"":178,""noise_seed"":3093800791,""noise_sigma"":0.18817523,""orientation_degrees"":270,""resized_height"":1280,""resized_width"":1280}","{""blur_radius_px"":0.015714107185656905,""jpeg_quality"":96,""noise_seed"":613843449,""noise_sigma"":1.2650099625761353}","{""blur_radius_px"":8.310481142661285,""instances"":[{""instance_index"":1,""offset_x_px"":-3,""offset_y_px"":8,""opacity"":0.18634763},{""instance_index"":2,""offset_x_px"":-2,""offset_y_px"":7,""opacity"":0.18939056},{""instance_index"":3,""offset_x_px"":0,""offset_y_px"":6,""opacity"":0.21205548},{""instance_index"":4,""offset_x_px"":-3,""offset_y_px"":5,""opacity"":0.2714065},{""instance_index"":5,""offset_x_px"":-3,""offset_y_px"":10,""opacity"":0.24422047}]}"
syn-v4-conv-0051,52,synthetic/v4_conveyor/images/train/syn-v4-conv-0051.jpg,synthetic/v4_conveyor/masks/component_visible_instances/train/syn-v4-conv-0051.png,synthetic/v4_conveyor/masks/defect_semantic/train/syn-v4-conv-0051.png,synthetic/v4_conveyor/labels/yolo_component_status/train/syn-v4-conv-0051.txt,synthetic/v4_conveyor/labels/yolo_defects/train/syn-v4-conv-0051.txt,synthetic_black_conveyor_multi_instance,train,multi_instance_detection_segmentation,TRAIN_ONLY_MULTI_SCENE_SYNTHETIC,NO,NO,side_component_spot,IMGGEN-CONVEYOR-BLACK-V1,612999728,0,5,5,normal_proxy|body_chip|body_crack|contamination|scratch,syn-v2-700-body_chip-0088|syn-v2-700-body_chip-0019|syn-v2-700-body_crack-0089|syn-v2-700-contamination-0011|syn-v2-700-scratch-0067,syn-v4-conv-0051,1280,720,2a54d8f5958d18e14b6933e3e088ade7c0d53a2659989382f910d5eb37569874,0d2b73b538a8d98532df440cc148d9c977edc53c15541fc9be80b1dbe6559147,021cc1bb0acd28b9d4247a674256e346faceb6c9113b9751925d2a5fccd73d71,2b740216ee2dd1fddda37fae6c4643402bec75b3185ec8181d1e37781f55f825,7ede12e87d0dc5ff43418f70044b18039fb895764bbb9714c38258e8b85c226a,29.012123,4.052891,39.855598,142.839294,113.827171,4.923435,0.000000,0.000000,SHADOWLESS_SAME_SENSOR_JPEG,fa5adb968da368a28b85a711cd7b3d0aab6829453361eb686e915af6797cf717,4.0.0,multi-instance-paired-clean-1024-v1,AUTO_PASS_MULTI_INSTANCE_PAIRED_CLEAN_1024,NO,"{""brightness"":0.82624778,""contrast"":1.07985559,""crop_x"":0,""crop_y"":470,""noise_seed"":609098997,""noise_sigma"":0.62273923,""orientation_degrees"":270,""resized_height"":1280,""resized_width"":1280}","{""blur_radius_px"":0.016214157520322146,""jpeg_quality"":95,""noise_seed"":2285558649,""noise_sigma"":1.2782794172384901}","{""blur_radius_px"":6.4583639905248145,""instances"":[{""instance_index"":1,""offset_x_px"":-3,""offset_y_px"":10,""opacity"":0.23822803},{""instance_index"":2,""offset_x_px"":-2,""offset_y_px"":9,""opacity"":0.2022154},{""instance_index"":3,""offset_x_px"":2,""offset_y_px"":7,""opacity"":0.25227198},{""instance_index"":4,""offset_x_px"":2,""offset_y_px"":10,""opacity"":0.31922252},{""instance_index"":5,""offset_x_px"":5,""offset_y_px"":5,""opacity"":0.24724216}]}"
syn-v4-conv-0052,53,synthetic/v4_conveyor/images/train/syn-v4-conv-0052.jpg,synthetic/v4_conveyor/masks/component_visible_instances/train/syn-v4-conv-0052.png,synthetic/v4_conveyor/masks/defect_semantic/train/syn-v4-conv-0052.png,synthetic/v4_conveyor/labels/yolo_component_status/train/syn-v4-conv-0052.txt,synthetic/v4_conveyor/labels/yolo_defects/train/syn-v4-conv-0052.txt,synthetic_black_conveyor_multi_instance,train,multi_instance_detection_segmentation,TRAIN_ONLY_MULTI_SCENE_SYNTHETIC,NO,NO,neutral_component_spot,IMGGEN-CONVEYOR-BLACK-V1,885568029,0,5,5,lead_breakage|contamination|body_crack|body_chip|surface_spot,syn-v2-700-lead_breakage-0008|syn-v2-700-contamination-0096|syn-v2-700-body_crack-0027|syn-v2-700-body_chip-0060|syn-v2-700-surface_spot-0071,syn-v4-conv-0052,1280,720,333cbd7ea59353f35ab93e6e357dcc58e4da5004410c029fea6fd4c9508f0001,c9fba3bcac34e4625b72f399ffb64466b45d09a0084377eeb0f38b5348320056,61ba3bc6ace009b78b4efd1e55e12ce2824d035f5fc4708a57fec90d804919cd,ccbc8333027ed561a7c7edb077523df38b8baa9325ff70470137779350359d58,5e8ee65cb6bc059158327e73b5cdb7d44a879bd12d5190c5df9b3ed3152debec,29.534527,3.032655,38.068203,145.439133,115.904606,4.924377,0.000000,0.000000,SHADOWLESS_SAME_SENSOR_JPEG,fa5adb968da368a28b85a711cd7b3d0aab6829453361eb686e915af6797cf717,4.0.0,multi-instance-paired-clean-1024-v1,AUTO_PASS_MULTI_INSTANCE_PAIRED_CLEAN_1024,NO,"{""brightness"":0.85292762,""contrast"":0.94869649,""crop_x"":0,""crop_y"":185,""noise_seed"":3284292594,""noise_sigma"":1.11081956,""orientation_degrees"":180,""resized_height"":1280,""resized_width"":1280}","{""blur_radius_px"":0.18275224023064307,""jpeg_quality"":95,""noise_seed"":1288860270,""noise_sigma"":0.8071271908987889}","{""blur_radius_px"":5.688166143640128,""instances"":[{""instance_index"":1,""offset_x_px"":-2,""offset_y_px"":6,""opacity"":0.28088639},{""instance_index"":2,""offset_x_px"":-1,""offset_y_px"":10,""opacity"":0.27988467},{""instance_index"":3,""offset_x_px"":-2,""offset_y_px"":8,""opacity"":0.21746656},{""instance_index"":4,""offset_x_px"":3,""offset_y_px"":6,""opacity"":0.25877358},{""instance_index"":5,""offset_x_px"":1,""offset_y_px"":8,""opacity"":0.25372604}]}"
syn-v4-conv-0053,54,synthetic/v4_conveyor/images/train/syn-v4-conv-0053.jpg,synthetic/v4_conveyor/masks/component_visible_instances/train/syn-v4-conv-0053.png,synthetic/v4_conveyor/masks/defect_semantic/train/syn-v4-conv-0053.png,synthetic/v4_conveyor/labels/yolo_component_status/train/syn-v4-conv-0053.txt,synthetic/v4_conveyor/labels/yolo_defects/train/syn-v4-conv-0053.txt,synthetic_black_conveyor_multi_instance,train,multi_instance_detection_segmentation,TRAIN_ONLY_MULTI_SCENE_SYNTHETIC,NO,NO,warm_component_spot,IMGGEN-CONVEYOR-BLACK-V1,2419917600,0,5,5,discoloration|body_chip|body_crack|normal_proxy|contamination,syn-v2-700-discoloration-0071|syn-v2-700-body_chip-0079|syn-v2-700-body_crack-0084|syn-v2-700-surface_spot-0082|syn-v2-700-contamination-0002,syn-v4-conv-0053,1280,720,89c3dfffbe0a510f71d0c73eff6cf81f1265a0a040e3ae5e9c1dbda4a75a94e8,b4376ea7de5a1d31e4911e6c134f147f00e002faa358c3c98a2386c39764c1b6,00fcdd9ffb56873a10d33ced002966fa152e36dba95c2e692966c861dcf08be3,ce2b8b04a138cffea574cdee90ed25574bca66463638f1437da4b41eb1b37373,e8fc31f011cf5e20a645314cc741484e41a81139eda58c1d207f2f76becb1b5f,27.119852,3.512414,36.000000,138.785065,111.665213,5.117471,0.000000,0.000000,SHADOWLESS_SAME_SENSOR_JPEG,fa5adb968da368a28b85a711cd7b3d0aab6829453361eb686e915af6797cf717,4.0.0,multi-instance-paired-clean-1024-v1,AUTO_PASS_MULTI_INSTANCE_PAIRED_CLEAN_1024,NO,"{""brightness"":0.7870566,""contrast"":1.07707163,""crop_x"":0,""crop_y"":147,""noise_seed"":1978479159,""noise_sigma"":1.00956899,""orientation_degrees"":180,""resized_height"":1280,""resized_width"":1280}","{""blur_radius_px"":0.0071926022139071006,""jpeg_quality"":96,""noise_seed"":1522185279,""noise_sigma"":0.414071111344724}","{""blur_radius_px"":8.087013913969448,""instances"":[{""instance_index"":1,""offset_x_px"":-1,""offset_y_px"":6,""opacity"":0.30595614},{""instance_index"":2,""offset_x_px"":4,""offset_y_px"":9,""opacity"":0.27658619},{""instance_index"":3,""offset_x_px"":5,""offset_y_px"":6,""opacity"":0.2451944},{""instance_index"":4,""offset_x_px"":-1,""offset_y_px"":9,""opacity"":0.23139142},{""instance_index"":5,""offset_x_px"":5,""offset_y_px"":6,""opacity"":0.18611472}]}"
syn-v4-conv-0054,55,synthetic/v4_conveyor/images/train/syn-v4-conv-0054.jpg,synthetic/v4_conveyor/masks/component_visible_instances/train/syn-v4-conv-0054.png,synthetic/v4_conveyor/masks/defect_semantic/train/syn-v4-conv-0054.png,synthetic/v4_conveyor/labels/yolo_component_status/train/syn-v4-conv-0054.txt,synthetic/v4_conveyor/labels/yolo_defects/train/syn-v4-conv-0054.txt,synthetic_black_conveyor_multi_instance,train,multi_instance_detection_segmentation,TRAIN_ONLY_MULTI_SCENE_SYNTHETIC,NO,NO,cool_component_spot,IMGGEN-CONVEYOR-BLACK-V1,487313873,1,5,5,discoloration|lead_breakage|normal_proxy|body_chip|surface_spot,syn-v2-700-discoloration-0089|syn-v2-700-lead_breakage-0088|syn-v2-700-lead_breakage-0051|syn-v2-700-body_chip-0039|syn-v2-700-surface_spot-0090,syn-v4-conv-0054,1280,720,b497ec49f43cc8165771b88b944a885ca1512624a073dfec248994749c39b677,e7ea51de2ec60424c4cdb0efbdbdddaaad3dd518fb1ec6dd0122f4774d5c0383,997b4974f8591d72d1889c528c680ada9a6e551caeb7bd9f1a6895aec7881334,f1ccee746340740d0545622762c75d21d923e9e57dd8838559e05700aeb7498d,0979829f6dbe0cb31084b61849e9e5c061a0cc15726be5dd8ad7490100af7881,31.450388,2.989268,40.144402,135.768906,104.318518,4.316923,0.000000,0.000000,SHADOWLESS_SAME_SENSOR_JPEG,fa5adb968da368a28b85a711cd7b3d0aab6829453361eb686e915af6797cf717,4.0.0,multi-instance-paired-clean-1024-v1,AUTO_PASS_MULTI_INSTANCE_PAIRED_CLEAN_1024,NO,"{""brightness"":0.91720737,""contrast"":0.96898744,""crop_x"":0,""crop_y"":520,""noise_seed"":1893144278,""noise_sigma"":0.28162641,""orientation_degrees"":0,""resized_height"":1280,""resized_width"":1280}","{""blur_radius_px"":0.07209376429836244,""jpeg_quality"":96,""noise_seed"":2455757145,""noise_sigma"":0.874026223907008}","{""blur_radius_px"":8.243552294652076,""instances"":[{""instance_index"":1,""offset_x_px"":2,""offset_y_px"":6,""opacity"":0.2456426},{""instance_index"":2,""offset_x_px"":1,""offset_y_px"":10,""opacity"":0.27006766},{""instance_index"":3,""offset_x_px"":2,""offset_y_px"":5,""opacity"":0.23400232},{""instance_index"":4,""offset_x_px"":2,""offset_y_px"":8,""opacity"":0.20192529},{""instance_index"":5,""offset_x_px"":-2,""offset_y_px"":6,""opacity"":0.26948897}]}"
syn-v4-conv-0055,56,synthetic/v4_conveyor/images/train/syn-v4-conv-0055.jpg,synthetic/v4_conveyor/masks/component_visible_instances/train/syn-v4-conv-0055.png,synthetic/v4_conveyor/masks/defect_semantic/train/syn-v4-conv-0055.png,synthetic/v4_conveyor/labels/yolo_component_status/train/syn-v4-conv-0055.txt,synthetic/v4_conveyor/labels/yolo_defects/train/syn-v4-conv-0055.txt,synthetic_black_conveyor_multi_instance,train,multi_instance_detection_segmentation,TRAIN_ONLY_MULTI_SCENE_SYNTHETIC,NO,NO,side_component_spot,IMGGEN-CONVEYOR-BLACK-V1,3725340367,0,5,5,contamination|lead_breakage|scratch|surface_spot|discoloration,syn-v2-700-contamination-0011|syn-v2-700-lead_breakage-0010|syn-v2-700-scratch-0076|syn-v2-700-surface_spot-0082|syn-v2-700-discoloration-0048,syn-v4-conv-0055,1280,720,c0f62bae4fcc498d6ae5f0e76efb79d0e8f3eb46d7f4bc214a7d523db901e034,b3234506c59ae9d419efb44820987432ffa1d92bb8f5dac5be89153e1799f941,ed52e961617bc3843ffe00955117aa114e38331f2ba9044967e3a7401b76fb71,f85dc04663585e538d4deacba03c042f6a97536a248c27e54c9da069455d18f9,edef74702fa8992f2ac55b102c6b4d5b66e1a7de3bfdea5c04b963b0a1a9d288,31.468056,3.246404,40.144402,133.841125,102.373070,4.253238,0.000000,0.000000,SHADOWLESS_SAME_SENSOR_JPEG,fa5adb968da368a28b85a711cd7b3d0aab6829453361eb686e915af6797cf717,4.0.0,multi-instance-paired-clean-1024-v1,AUTO_PASS_MULTI_INSTANCE_PAIRED_CLEAN_1024,NO,"{""brightness"":0.90824084,""contrast"":0.9622525,""crop_x"":0,""crop_y"":386,""noise_seed"":3675755886,""noise_sigma"":0.91335881,""orientation_degrees"":0,""resized_height"":1280,""resized_width"":1280}","{""blur_radius_px"":0.2511679161753189,""jpeg_quality"":96,""noise_seed"":718999690,""noise_sigma"":0.6951528404118035}","{""blur_radius_px"":7.5888909060706595,""instances"":[{""instance_index"":1,""offset_x_px"":-1,""offset_y_px"":9,""opacity"":0.30491879},{""instance_index"":2,""offset_x_px"":-1,""offset_y_px"":9,""opacity"":0.30120232},{""instance_index"":3,""offset_x_px"":-1,""offset_y_px"":5,""opacity"":0.30303898},{""instance_index"":4,""offset_x_px"":2,""offset_y_px"":9,""opacity"":0.20670263},{""instance_index"":5,""offset_x_px"":0,""offset_y_px"":6,""opacity"":0.23058459}]}"
syn-v4-conv-0056,57,synthetic/v4_conveyor/images/train/syn-v4-conv-0056.jpg,synthetic/v4_conveyor/masks/component_visible_instances/train/syn-v4-conv-0056.png,synthetic/v4_conveyor/masks/defect_semantic/train/syn-v4-conv-0056.png,synthetic/v4_conveyor/labels/yolo_component_status/train/syn-v4-conv-0056.txt,synthetic/v4_conveyor/labels/yolo_defects/train/syn-v4-conv-0056.txt,synthetic_black_conveyor_multi_instance,train,multi_instance_detection_segmentation,TRAIN_ONLY_MULTI_SCENE_SYNTHETIC,NO,NO,neutral_component_spot,IMGGEN-CONVEYOR-BLACK-V1,1546874524,0,5,5,body_chip|lead_breakage|scratch|normal_proxy|discoloration,syn-v2-700-body_chip-0074|syn-v2-700-lead_breakage-0012|syn-v2-700-scratch-0060|syn-v2-700-scratch-0076|syn-v2-700-discoloration-0098,syn-v4-conv-0056,1280,720,d26a816912dcd36dc21897e6ad69155f50a3a8f68ddfbc00da082c5419acdb72,592d3b52a1fb2780bb488920cff3415a3f87beb4711f61836fe707aa0ad8c6e7,737e5cb2a51f9cbf3a8d321777aa6a045ae2e99eff19d2893daaa1a0a61db10c,1f4b6d3ec672ae132dbc29ac83743c56fe375e7a49c9dfdf871e41a0f5a1623b,43ead5ca17b9ba5c77c8fcb7a949958ddb8a963dbcfc7513477d3438fb3e6801,26.785124,3.569628,36.000000,145.096619,118.311495,5.417060,0.000000,0.000000,SHADOWLESS_SAME_SENSOR_JPEG,fa5adb968da368a28b85a711cd7b3d0aab6829453361eb686e915af6797cf717,4.0.0,multi-instance-paired-clean-1024-v1,AUTO_PASS_MULTI_INSTANCE_PAIRED_CLEAN_1024,NO,"{""brightness"":0.75014992,""contrast"":1.04611391,""crop_x"":0,""crop_y"":486,""noise_seed"":2934137311,""noise_sigma"":0.82592423,""orientation_degrees"":180,""resized_height"":1280,""resized_width"":1280}","{""blur_radius_px"":0.0011709838879115973,""jpeg_quality"":95,""noise_seed"":747676720,""noise_sigma"":0.6791564670150598}","{""blur_radius_px"":8.463185335009438,""instances"":[{""instance_index"":1,""offset_x_px"":5,""offset_y_px"":7,""opacity"":0.30508134},{""instance_index"":2,""offset_x_px"":-1,""offset_y_px"":8,""opacity"":0.25999401},{""instance_index"":3,""offset_x_px"":0,""offset_y_px"":5,""opacity"":0.20288199},{""instance_index"":4,""offset_x_px"":-3,""offset_y_px"":7,""opacity"":0.22701812},{""instance_index"":5,""offset_x_px"":2,""offset_y_px"":10,""opacity"":0.18689876}]}"
syn-v4-conv-0057,58,synthetic/v4_conveyor/images/train/syn-v4-conv-0057.jpg,synthetic/v4_conveyor/masks/component_visible_instances/train/syn-v4-conv-0057.png,synthetic/v4_conveyor/masks/defect_semantic/train/syn-v4-conv-0057.png,synthetic/v4_conveyor/labels/yolo_component_status/train/syn-v4-conv-0057.txt,synthetic/v4_conveyor/labels/yolo_defects/train/syn-v4-conv-0057.txt,synthetic_black_conveyor_multi_instance,train,multi_instance_detection_segmentation,TRAIN_ONLY_MULTI_SCENE_SYNTHETIC,NO,NO,warm_component_spot,IMGGEN-CONVEYOR-BLACK-V1,4207366989,0,5,5,surface_spot|lead_breakage|body_crack|contamination|discoloration,syn-v2-700-surface_spot-0001|syn-v2-700-lead_breakage-0099|syn-v2-700-body_crack-0051|syn-v2-700-contamination-0054|syn-v2-700-discoloration-0054,syn-v4-conv-0057,1280,720,0a9e5916c5872f73152efa1b8c598df87edc186ddcc80109d06e534c97fcb7f2,782cd6f0a12684ddff0ec8c6daeebce73ef6c335ef63b1d7221b45edc0399e06,e753aeb0e992c4ec62e343c7a9fd061821485c75ab2a78c51201894ec8b7492b,33822e210a04ad835d17e9555cd6873edbbae7bc6da228ef2d24bd514beaee77,804fb692471ee94731590fba38915a9ebcee8f6a8742e0d05cccb2698293779e,33.520603,3.455235,43.144402,136.192627,102.672024,4.062953,0.000000,0.000000,SHADOWLESS_SAME_SENSOR_JPEG,fa5adb968da368a28b85a711cd7b3d0aab6829453361eb686e915af6797cf717,4.0.0,multi-instance-paired-clean-1024-v1,AUTO_PASS_MULTI_INSTANCE_PAIRED_CLEAN_1024,NO,"{""brightness"":0.92879746,""contrast"":0.95499488,""crop_x"":0,""crop_y"":74,""noise_seed"":2023805381,""noise_sigma"":0.03062655,""orientation_degrees"":0,""resized_height"":1280,""resized_width"":1280}","{""blur_radius_px"":0.1420417718266821,""jpeg_quality"":93,""noise_seed"":1111198835,""noise_sigma"":0.8250031733852086}","{""blur_radius_px"":8.023361414780691,""instances"":[{""instance_index"":1,""offset_x_px"":5,""offset_y_px"":9,""opacity"":0.31965135},{""instance_index"":2,""offset_x_px"":0,""offset_y_px"":8,""opacity"":0.23958938},{""instance_index"":3,""offset_x_px"":1,""offset_y_px"":5,""opacity"":0.24101013},{""instance_index"":4,""offset_x_px"":-1,""offset_y_px"":6,""opacity"":0.18050824},{""instance_index"":5,""offset_x_px"":3,""offset_y_px"":10,""opacity"":0.30844759}]}"
syn-v4-conv-0058,59,synthetic/v4_conveyor/images/train/syn-v4-conv-0058.jpg,synthetic/v4_conveyor/masks/component_visible_instances/train/syn-v4-conv-0058.png,synthetic/v4_conveyor/masks/defect_semantic/train/syn-v4-conv-0058.png,synthetic/v4_conveyor/labels/yolo_component_status/train/syn-v4-conv-0058.txt,synthetic/v4_conveyor/labels/yolo_defects/train/syn-v4-conv-0058.txt,synthetic_black_conveyor_multi_instance,train,multi_instance_detection_segmentation,TRAIN_ONLY_MULTI_SCENE_SYNTHETIC,NO,NO,cool_component_spot,IMGGEN-CONVEYOR-BLACK-V1,3874899519,0,5,5,scratch|body_chip|body_crack|contamination|normal_proxy,syn-v2-700-scratch-0096|syn-v2-700-body_chip-0005|syn-v2-700-body_crack-0084|syn-v2-700-contamination-0050|syn-v2-700-surface_spot-0090,syn-v4-conv-0058,1280,720,2a10ce83fa870d1323c570d3f6db2f7720349e304f766aca1100b9cbf3dbb241,6d96f4f87584bd48cd930e277dc791435e2e8741bd8c9f21dcfb08d6c629cc44,ce944c88bbe1ba309f3db8937134f3c4c360c5558c1c21dd68ae8916e37166b3,c595a07673aef35d857d15791f903b8e21fd00d2aea9c545b1ac67c25cd51242,0d41e032a9d23cdf407224da6477d7778a900af6ddeb67ccf99ce676270e25a1,27.171946,2.922519,35.502602,145.159744,117.987799,5.342265,0.000000,0.000000,SHADOWLESS_SAME_SENSOR_JPEG,fa5adb968da368a28b85a711cd7b3d0aab6829453361eb686e915af6797cf717,4.0.0,multi-instance-paired-clean-1024-v1,AUTO_PASS_MULTI_INSTANCE_PAIRED_CLEAN_1024,NO,"{""brightness"":0.78384842,""contrast"":0.97676368,""crop_x"":0,""crop_y"":541,""noise_seed"":3440213478,""noise_sigma"":0.67518475,""orientation_degrees"":90,""resized_height"":1280,""resized_width"":1280}","{""blur_radius_px"":0.17115711749514398,""jpeg_quality"":95,""noise_seed"":3979277750,""noise_sigma"":0.5354055857025131}","{""blur_radius_px"":5.4672105327872655,""instances"":[{""instance_index"":1,""offset_x_px"":-2,""offset_y_px"":6,""opacity"":0.22257714},{""instance_index"":2,""offset_x_px"":-3,""offset_y_px"":6,""opacity"":0.28858428},{""instance_index"":3,""offset_x_px"":-3,""offset_y_px"":9,""opacity"":0.19667823},{""instance_index"":4,""offset_x_px"":-2,""offset_y_px"":6,""opacity"":0.30601411},{""instance_index"":5,""offset_x_px"":5,""offset_y_px"":10,""opacity"":0.22870053}]}"
syn-v4-conv-0059,60,synthetic/v4_conveyor/images/train/syn-v4-conv-0059.jpg,synthetic/v4_conveyor/masks/component_visible_instances/train/syn-v4-conv-0059.png,synthetic/v4_conveyor/masks/defect_semantic/train/syn-v4-conv-0059.png,synthetic/v4_conveyor/labels/yolo_component_status/train/syn-v4-conv-0059.txt,synthetic/v4_conveyor/labels/yolo_defects/train/syn-v4-conv-0059.txt,synthetic_black_conveyor_multi_instance,train,multi_instance_detection_segmentation,TRAIN_ONLY_MULTI_SCENE_SYNTHETIC,NO,NO,side_component_spot,IMGGEN-CONVEYOR-BLACK-V1,1073613449,0,5,5,normal_proxy|scratch|surface_spot|body_crack|lead_breakage,syn-v2-700-body_chip-0005|syn-v2-700-scratch-0018|syn-v2-700-surface_spot-0060|syn-v2-700-body_crack-0089|syn-v2-700-lead_breakage-0060,syn-v4-conv-0059,1280,720,8fb71e6df6c5067e5af8337251e9090b2679b757da091b3e55a616e768cc3be9,80642c438f706cf3d0ae441f753678e4c0a22802f38d99417b8ebfd4e4fab746,be3a09251e82cbb3c66cdc225e8ab7aea369fa8b67fd10a812ade6878d946a03,3757636723b5e1bee48ab3c573b0902c21178bbc9701f86eef4cea29814ed878,a2ed2d796013de903da3b9fd3d65c0d2c89d321e04fcf963014b94441cc0e34e,32.117092,4.255261,43.144402,146.444366,114.327274,4.559702,0.000000,0.000000,SHADOWLESS_SAME_SENSOR_JPEG,fa5adb968da368a28b85a711cd7b3d0aab6829453361eb686e915af6797cf717,4.0.0,multi-instance-paired-clean-1024-v1,AUTO_PASS_MULTI_INSTANCE_PAIRED_CLEAN_1024,NO,"{""brightness"":0.91283249,""contrast"":1.0491058,""crop_x"":0,""crop_y"":494,""noise_seed"":2228768174,""noise_sigma"":0.84225175,""orientation_degrees"":90,""resized_height"":1280,""resized_width"":1280}","{""blur_radius_px"":0.13210173886241644,""jpeg_quality"":93,""noise_seed"":292247569,""noise_sigma"":0.7622171562242657}","{""blur_radius_px"":6.37615080110003,""instances"":[{""instance_index"":1,""offset_x_px"":4,""offset_y_px"":7,""opacity"":0.24306395},{""instance_index"":2,""offset_x_px"":2,""offset_y_px"":5,""opacity"":0.21269126},{""instance_index"":3,""offset_x_px"":3,""offset_y_px"":6,""opacity"":0.23346754},{""instance_index"":4,""offset_x_px"":-1,""offset_y_px"":8,""opacity"":0.22568022},{""instance_index"":5,""offset_x_px"":-3,""offset_y_px"":6,""opacity"":0.27702406}]}"
syn-v4-conv-0060,61,synthetic/v4_conveyor/images/train/syn-v4-conv-0060.jpg,synthetic/v4_conveyor/masks/component_visible_instances/train/syn-v4-conv-0060.png,synthetic/v4_conveyor/masks/defect_semantic/train/syn-v4-conv-0060.png,synthetic/v4_conveyor/labels/yolo_component_status/train/syn-v4-conv-0060.txt,synthetic/v4_conveyor/labels/yolo_defects/train/syn-v4-conv-0060.txt,synthetic_black_conveyor_multi_instance,train,multi_instance_detection_segmentation,TRAIN_ONLY_MULTI_SCENE_SYNTHETIC,NO,NO,neutral_component_spot,IMGGEN-CONVEYOR-BLACK-V1,1405716994,0,5,5,lead_breakage|body_crack|surface_spot|contamination|discoloration,syn-v2-700-lead_breakage-0029|syn-v2-700-body_crack-0070|syn-v2-700-surface_spot-0021|syn-v2-700-contamination-0088|syn-v2-700-discoloration-0009,syn-v4-conv-0060,1280,720,226036eae7ac4e162e3d6e8d7d667cfa86829902de180393d7821fd214247fde,7d32ce150d3d663ca9c372ad2a8d94bd8dbad670d6a93186acccef3488da6889,7d7929b1bb160bfea9b57757784bcedaabb8cf0a977f0c0132fdb9ee50589cc3,96eedcd5b6f368ea53c3b324bf36ba66621b31dee9ef1c30bdbebc1336580f8e,b226543522c8c90aa658afec6b3bcf501540b7dba93035f72fd76cb912deb0b5,26.494171,2.941349,34.922600,142.621109,116.126938,5.383113,0.000000,0.000000,SHADOWLESS_SAME_SENSOR_JPEG,fa5adb968da368a28b85a711cd7b3d0aab6829453361eb686e915af6797cf717,4.0.0,multi-instance-paired-clean-1024-v1,AUTO_PASS_MULTI_INSTANCE_PAIRED_CLEAN_1024,NO,"{""brightness"":0.74767521,""contrast"":0.94395074,""crop_x"":0,""crop_y"":471,""noise_seed"":951680830,""noise_sigma"":1.18160602,""orientation_degrees"":180,""resized_height"":1280,""resized_width"":1280}","{""blur_radius_px"":0.11983708302179856,""jpeg_quality"":96,""noise_seed"":2540811598,""noise_sigma"":1.0691560302669305}","{""blur_radius_px"":7.07275324254697,""instances"":[{""instance_index"":1,""offset_x_px"":0,""offset_y_px"":8,""opacity"":0.26499756},{""instance_index"":2,""offset_x_px"":-3,""offset_y_px"":9,""opacity"":0.29614494},{""instance_index"":3,""offset_x_px"":3,""offset_y_px"":10,""opacity"":0.30215867},{""instance_index"":4,""offset_x_px"":-2,""offset_y_px"":6,""opacity"":0.29427133},{""instance_index"":5,""offset_x_px"":-1,""offset_y_px"":6,""opacity"":0.23967322}]}"
syn-v4-conv-0061,62,synthetic/v4_conveyor/images/train/syn-v4-conv-0061.jpg,synthetic/v4_conveyor/masks/component_visible_instances/train/syn-v4-conv-0061.png,synthetic/v4_conveyor/masks/defect_semantic/train/syn-v4-conv-0061.png,synthetic/v4_conveyor/labels/yolo_component_status/train/syn-v4-conv-0061.txt,synthetic/v4_conveyor/labels/yolo_defects/train/syn-v4-conv-0061.txt,synthetic_black_conveyor_multi_instance,train,multi_instance_detection_segmentation,TRAIN_ONLY_MULTI_SCENE_SYNTHETIC,NO,NO,warm_component_spot,IMGGEN-CONVEYOR-BLACK-V1,1072933555,0,5,5,contamination|discoloration|lead_breakage|scratch|body_crack,syn-v2-700-contamination-0052|syn-v2-700-discoloration-0039|syn-v2-700-lead_breakage-0082|syn-v2-700-scratch-0087|syn-v2-700-body_crack-0057,syn-v4-conv-0061,1280,720,1358866f3d67cdc7396ebe0f34a9151d328ec5eb8e9e5216e8dbc9f02caebe25,ac2893422b0f076ba8dff8584396ad8ec2f2471680666658b589db670b6521c7,6a8ef397e999cbd3cf55a4a051a709b3e1ba435434843418fb79de1e38951f59,b9c46033542050ab7680a48b9625d0bccc57a4b07af51c34defc9662da53d831,a3438738216055d8d20624550899c32cd9bc8fe6d42cf9348f46013a4b5bc0cb,31.724096,3.437512,41.144398,150.681671,118.957575,4.749755,0.000000,0.000000,SHADOWLESS_SAME_SENSOR_JPEG,fa5adb968da368a28b85a711cd7b3d0aab6829453361eb686e915af6797cf717,4.0.0,multi-instance-paired-clean-1024-v1,AUTO_PASS_MULTI_INSTANCE_PAIRED_CLEAN_1024,NO,"{""brightness"":0.89333623,""contrast"":0.93716308,""crop_x"":0,""crop_y"":463,""noise_seed"":448713062,""noise_sigma"":0.26275419,""orientation_degrees"":90,""resized_height"":1280,""resized_width"":1280}","{""blur_radius_px"":0.3015610219218278,""jpeg_quality"":94,""noise_seed"":2167138155,""noise_sigma"":0.9989720255922367}","{""blur_radius_px"":8.50124589691058,""instances"":[{""instance_index"":1,""offset_x_px"":0,""offset_y_px"":8,""opacity"":0.20696367},{""instance_index"":2,""offset_x_px"":-2,""offset_y_px"":7,""opacity"":0.26822322},{""instance_index"":3,""offset_x_px"":3,""offset_y_px"":5,""opacity"":0.2111446},{""instance_index"":4,""offset_x_px"":3,""offset_y_px"":6,""opacity"":0.24949984},{""instance_index"":5,""offset_x_px"":0,""offset_y_px"":7,""opacity"":0.20895136}]}"
syn-v4-conv-0062,63,synthetic/v4_conveyor/images/train/syn-v4-conv-0062.jpg,synthetic/v4_conveyor/masks/component_visible_instances/train/syn-v4-conv-0062.png,synthetic/v4_conveyor/masks/defect_semantic/train/syn-v4-conv-0062.png,synthetic/v4_conveyor/labels/yolo_component_status/train/syn-v4-conv-0062.txt,synthetic/v4_conveyor/labels/yolo_defects/train/syn-v4-conv-0062.txt,synthetic_black_conveyor_multi_instance,train,multi_instance_detection_segmentation,TRAIN_ONLY_MULTI_SCENE_SYNTHETIC,NO,NO,cool_component_spot,IMGGEN-CONVEYOR-BLACK-V1,3408797056,0,5,5,surface_spot|scratch|normal_proxy|body_chip|body_crack,syn-v2-700-surface_spot-0060|syn-v2-700-scratch-0011|syn-v2-700-body_crack-0052|syn-v2-700-body_chip-0074|syn-v2-700-body_crack-0047,syn-v4-conv-0062,1280,720,8a51a481d294852f515a5ff8d275c29dd40ad9abf4c2351aa0f4af6bd3c97c4c,a5a69005ff69bc511de2553b06e38e1ded63dc14a0fa6712b9943e0af9066acf,4b91d849af2ed0b14a129120a059cb98d73a50a1daaf0ce305a6383a0b8a2a5e,9b7ca38f5de7e2bd428724038fb9d716ac8d381ba15bdb3687897ce5dcf63c5f,8f480cd01c1328ae0a72b2533670d356525f239bb79144ef63539448cd5cfa62,31.834372,4.281572,43.000000,139.170700,107.336329,4.371712,0.000000,0.000000,SHADOWLESS_SAME_SENSOR_JPEG,fa5adb968da368a28b85a711cd7b3d0aab6829453361eb686e915af6797cf717,4.0.0,multi-instance-paired-clean-1024-v1,AUTO_PASS_MULTI_INSTANCE_PAIRED_CLEAN_1024,NO,"{""brightness"":0.90540377,""contrast"":1.03354427,""crop_x"":0,""crop_y"":20,""noise_seed"":1838601519,""noise_sigma"":0.53612044,""orientation_degrees"":90,""resized_height"":1280,""resized_width"":1280}","{""blur_radius_px"":0.12796872292925116,""jpeg_quality"":94,""noise_seed"":505593391,""noise_sigma"":1.2153237537939134}","{""blur_radius_px"":8.16586285428086,""instances"":[{""instance_index"":1,""offset_x_px"":4,""offset_y_px"":5,""opacity"":0.25611746},{""instance_index"":2,""offset_x_px"":0,""offset_y_px"":6,""opacity"":0.30309246},{""instance_index"":3,""offset_x_px"":1,""offset_y_px"":5,""opacity"":0.22933289},{""instance_index"":4,""offset_x_px"":-2,""offset_y_px"":7,""opacity"":0.20084221},{""instance_index"":5,""offset_x_px"":4,""offset_y_px"":10,""opacity"":0.28697907}]}"
syn-v4-conv-0063,64,synthetic/v4_conveyor/images/train/syn-v4-conv-0063.jpg,synthetic/v4_conveyor/masks/component_visible_instances/train/syn-v4-conv-0063.png,synthetic/v4_conveyor/masks/defect_semantic/train/syn-v4-conv-0063.png,synthetic/v4_conveyor/labels/yolo_component_status/train/syn-v4-conv-0063.txt,synthetic/v4_conveyor/labels/yolo_defects/train/syn-v4-conv-0063.txt,synthetic_black_conveyor_multi_instance,train,multi_instance_detection_segmentation,TRAIN_ONLY_MULTI_SCENE_SYNTHETIC,NO,NO,side_component_spot,IMGGEN-CONVEYOR-BLACK-V1,269248478,0,5,5,body_crack|body_chip|surface_spot|scratch|contamination,syn-v2-700-body_crack-0031|syn-v2-700-body_chip-0039|syn-v2-700-surface_spot-0027|syn-v2-700-scratch-0057|syn-v2-700-contamination-0090,syn-v4-conv-0063,1280,720,011bac9ae6c6140e6fabc010954e03641a46675736c4d091b8bd5a436ef39f99,395167474c248ccf92d3788eda65c9f53340946e6f52920a98ace398c526d4d2,a552539c423c069815c28127bd2ad252e802376c21857ffcd8fa256b256bc556,a082216476a05f88e7ef1e7efdc0ab9f26b3979c9189517ac2a7b6e859561d7f,62f1eec3d54878b4c82e41a23c768442f1ad9685ce219ebd0ad924ccbbb28a26,28.778107,3.921484,39.144402,145.622650,116.844543,5.060189,0.000000,0.000000,SHADOWLESS_SAME_SENSOR_JPEG,fa5adb968da368a28b85a711cd7b3d0aab6829453361eb686e915af6797cf717,4.0.0,multi-instance-paired-clean-1024-v1,AUTO_PASS_MULTI_INSTANCE_PAIRED_CLEAN_1024,NO,"{""brightness"":0.81732632,""contrast"":1.06893738,""crop_x"":0,""crop_y"":175,""noise_seed"":2993123825,""noise_sigma"":0.21967428,""orientation_degrees"":270,""resized_height"":1280,""resized_width"":1280}","{""blur_radius_px"":0.3392042457616778,""jpeg_quality"":94,""noise_seed"":1969727137,""noise_sigma"":0.41370260145910726}","{""blur_radius_px"":5.600285030832502,""instances"":[{""instance_index"":1,""offset_x_px"":5,""offset_y_px"":8,""opacity"":0.20587631},{""instance_index"":2,""offset_x_px"":4,""offset_y_px"":9,""opacity"":0.26462733},{""instance_index"":3,""offset_x_px"":-3,""offset_y_px"":5,""opacity"":0.28576911},{""instance_index"":4,""offset_x_px"":0,""offset_y_px"":8,""opacity"":0.23795914},{""instance_index"":5,""offset_x_px"":4,""offset_y_px"":9,""opacity"":0.25052323}]}"
syn-v4-conv-0064,65,synthetic/v4_conveyor/images/train/syn-v4-conv-0064.jpg,synthetic/v4_conveyor/masks/component_visible_instances/train/syn-v4-conv-0064.png,synthetic/v4_conveyor/masks/defect_semantic/train/syn-v4-conv-0064.png,synthetic/v4_conveyor/labels/yolo_component_status/train/syn-v4-conv-0064.txt,synthetic/v4_conveyor/labels/yolo_defects/train/syn-v4-conv-0064.txt,synthetic_black_conveyor_multi_instance,train,multi_instance_detection_segmentation,TRAIN_ONLY_MULTI_SCENE_SYNTHETIC,NO,NO,neutral_component_spot,IMGGEN-CONVEYOR-BLACK-V1,2959682398,0,5,5,normal_proxy|surface_spot|contamination|body_chip|lead_breakage,syn-v2-700-body_chip-0004|syn-v2-700-surface_spot-0049|syn-v2-700-contamination-0028|syn-v2-700-body_chip-0018|syn-v2-700-lead_breakage-0085,syn-v4-conv-0064,1280,720,015e04e30c7b25befe41b09b214632d5be3f872aaf4274b8885fa8644f7f551e,cae6b5d080d5a258fff23258abd5773b7a07fc7459c7e46256a51b0b4cb7abb8,4fd6fc26570721dd63a0ef562b9391ccae7a9fa2cf6e45c6984b27bb83eb3cdb,9ae714689a0972957c837aa1c1dbfdf8f5c7a41d230363b4044e96df80a1cad1,c73b75f18e526ffcf522496a6e996746490c5c5df889dca3c6b9f7d7a000414e,33.180168,4.362704,44.144402,138.967728,105.787560,4.188277,0.000000,0.000000,SHADOWLESS_SAME_SENSOR_JPEG,fa5adb968da368a28b85a711cd7b3d0aab6829453361eb686e915af6797cf717,4.0.0,multi-instance-paired-clean-1024-v1,AUTO_PASS_MULTI_INSTANCE_PAIRED_CLEAN_1024,NO,"{""brightness"":0.93365471,""contrast"":1.01892916,""crop_x"":0,""crop_y"":211,""noise_seed"":2986811629,""noise_sigma"":0.56774258,""orientation_degrees"":0,""resized_height"":1280,""resized_width"":1280}","{""blur_radius_px"":0.09794630306904649,""jpeg_quality"":94,""noise_seed"":3353207254,""noise_sigma"":1.1469296850430508}","{""blur_radius_px"":6.327982268485428,""instances"":[{""instance_index"":1,""offset_x_px"":1,""offset_y_px"":10,""opacity"":0.25106085},{""instance_index"":2,""offset_x_px"":2,""offset_y_px"":6,""opacity"":0.30409747},{""instance_index"":3,""offset_x_px"":3,""offset_y_px"":6,""opacity"":0.19917653},{""instance_index"":4,""offset_x_px"":2,""offset_y_px"":9,""opacity"":0.30528624},{""instance_index"":5,""offset_x_px"":3,""offset_y_px"":9,""opacity"":0.21325287}]}"
syn-v4-conv-0065,66,synthetic/v4_conveyor/images/train/syn-v4-conv-0065.jpg,synthetic/v4_conveyor/masks/component_visible_instances/train/syn-v4-conv-0065.png,synthetic/v4_conveyor/masks/defect_semantic/train/syn-v4-conv-0065.png,synthetic/v4_conveyor/labels/yolo_component_status/train/syn-v4-conv-0065.txt,synthetic/v4_conveyor/labels/yolo_defects/train/syn-v4-conv-0065.txt,synthetic_black_conveyor_multi_instance,train,multi_instance_detection_segmentation,TRAIN_ONLY_MULTI_SCENE_SYNTHETIC,NO,NO,warm_component_spot,IMGGEN-CONVEYOR-BLACK-V1,1776114304,0,5,5,scratch|contamination|surface_spot|lead_breakage|normal_proxy,syn-v2-700-scratch-0034|syn-v2-700-contamination-0044|syn-v2-700-surface_spot-0048|syn-v2-700-lead_breakage-0082|syn-v2-700-body_crack-0033,syn-v4-conv-0065,1280,720,ffb2bbde15f6108e48e4d10ab0ceddbfc35f5d93f812f7738c1cc65e9914f3b5,43430fc84542375e406e012ac0a22374183040383038d82817b0266e260ca595,cea1be9799e275f2f6123b7507d61680bd9b2ac1f982402194bc1d1ef55b6b4d,34a3b37174a2b9b882077b9714706cf7a0b087b84f0b8e44748d7dd03dffbb61,c7a16e4e0eb13adcd3cec58d179d247832cad8191ed742e20270513c25f41ea6,30.157589,4.097890,41.000000,148.694046,118.536457,4.930568,0.000000,0.000000,SHADOWLESS_SAME_SENSOR_JPEG,fa5adb968da368a28b85a711cd7b3d0aab6829453361eb686e915af6797cf717,4.0.0,multi-instance-paired-clean-1024-v1,AUTO_PASS_MULTI_INSTANCE_PAIRED_CLEAN_1024,NO,"{""brightness"":0.85281878,""contrast"":1.01117954,""crop_x"":0,""crop_y"":83,""noise_seed"":342299270,""noise_sigma"":1.18820636,""orientation_degrees"":90,""resized_height"":1280,""resized_width"":1280}","{""blur_radius_px"":0.12595253394463687,""jpeg_quality"":93,""noise_seed"":1673781007,""noise_sigma"":0.6209382354482462}","{""blur_radius_px"":6.864946157734493,""instances"":[{""instance_index"":1,""offset_x_px"":-1,""offset_y_px"":6,""opacity"":0.23607354},{""instance_index"":2,""offset_x_px"":-2,""offset_y_px"":5,""opacity"":0.22513752},{""instance_index"":3,""offset_x_px"":0,""offset_y_px"":8,""opacity"":0.24715575},{""instance_index"":4,""offset_x_px"":-3,""offset_y_px"":7,""opacity"":0.27133202},{""instance_index"":5,""offset_x_px"":2,""offset_y_px"":8,""opacity"":0.21805807}]}"
syn-v4-conv-0066,67,synthetic/v4_conveyor/images/train/syn-v4-conv-0066.jpg,synthetic/v4_conveyor/masks/component_visible_instances/train/syn-v4-conv-0066.png,synthetic/v4_conveyor/masks/defect_semantic/train/syn-v4-conv-0066.png,synthetic/v4_conveyor/labels/yolo_component_status/train/syn-v4-conv-0066.txt,synthetic/v4_conveyor/labels/yolo_defects/train/syn-v4-conv-0066.txt,synthetic_black_conveyor_multi_instance,train,multi_instance_detection_segmentation,TRAIN_ONLY_MULTI_SCENE_SYNTHETIC,NO,NO,cool_component_spot,IMGGEN-CONVEYOR-BLACK-V1,2181212975,0,5,5,body_chip|contamination|scratch|normal_proxy|lead_breakage,syn-v2-700-body_chip-0006|syn-v2-700-contamination-0088|syn-v2-700-scratch-0091|syn-v2-700-lead_breakage-0046|syn-v2-700-lead_breakage-0082,syn-v4-conv-0066,1280,720,b5a7b027b738eea871066524715d207cf0c9ee4f7670d80eeaa149e563002de8,faf4d6a2db7ff2c4db2f8dcf09d820442589e7da320cfdff72aad74b2379aefe,f768698e7def491bcc7105059c968b5d28b14d1219dc42940691957fdb234aba,68a67d3db898224fb096d591a257e7ee0e57ccbe992cbb0d9d76b55f85630698,fdeed5f74cc423882ad9eca8a34f9486a048df2a8a0e771e1544f1fef66fe02a,30.800266,4.043763,41.077404,142.318970,111.518703,4.620706,0.000000,0.000000,SHADOWLESS_SAME_SENSOR_JPEG,fa5adb968da368a28b85a711cd7b3d0aab6829453361eb686e915af6797cf717,4.0.0,multi-instance-paired-clean-1024-v1,AUTO_PASS_MULTI_INSTANCE_PAIRED_CLEAN_1024,NO,"{""brightness"":0.86617513,""contrast"":1.03569748,""crop_x"":0,""crop_y"":131,""noise_seed"":2727931413,""noise_sigma"":1.10424559,""orientation_degrees"":0,""resized_height"":1280,""resized_width"":1280}","{""blur_radius_px"":0.21953110627794328,""jpeg_quality"":96,""noise_seed"":418575871,""noise_sigma"":1.1478010433848287}","{""blur_radius_px"":5.774866725053936,""instances"":[{""instance_index"":1,""offset_x_px"":5,""offset_y_px"":5,""opacity"":0.21747218},{""instance_index"":2,""offset_x_px"":0,""offset_y_px"":6,""opacity"":0.27232843},{""instance_index"":3,""offset_x_px"":-2,""offset_y_px"":9,""opacity"":0.21144112},{""instance_index"":4,""offset_x_px"":3,""offset_y_px"":7,""opacity"":0.30295163},{""instance_index"":5,""offset_x_px"":-2,""offset_y_px"":9,""opacity"":0.30189321}]}"
syn-v4-conv-0067,68,synthetic/v4_conveyor/images/train/syn-v4-conv-0067.jpg,synthetic/v4_conveyor/masks/component_visible_instances/train/syn-v4-conv-0067.png,synthetic/v4_conveyor/masks/defect_semantic/train/syn-v4-conv-0067.png,synthetic/v4_conveyor/labels/yolo_component_status/train/syn-v4-conv-0067.txt,synthetic/v4_conveyor/labels/yolo_defects/train/syn-v4-conv-0067.txt,synthetic_black_conveyor_multi_instance,train,multi_instance_detection_segmentation,TRAIN_ONLY_MULTI_SCENE_SYNTHETIC,NO,NO,side_component_spot,IMGGEN-CONVEYOR-BLACK-V1,1891331502,0,5,5,normal_proxy|surface_spot|body_chip|scratch|discoloration,syn-v2-700-surface_spot-0021|syn-v2-700-surface_spot-0027|syn-v2-700-body_chip-0060|syn-v2-700-scratch-0028|syn-v2-700-discoloration-0047,syn-v4-conv-0067,1280,720,9865ba331514913e8aa8168539ecf60d165f4e742b4413c5d60af5f3939c0fc7,a90442a272f2d28f16fa134627e6d5ac95fa56d155412c74df30322d6a1dd83a,c55ba795438c93a9e0475d56fdee70073147c51c92b60405e1a24a6285c65421,9726ba56b83ed35a5f9f5beee9e8a635506f826aecdc39eb556db28ace4529f4,67f4c73728e023e63b6815f3699fcfddd30968a955fb8c537102cac02e0c40e9,26.083990,3.487285,35.144402,139.830765,113.746775,5.360789,0.000000,0.000000,SHADOWLESS_SAME_SENSOR_JPEG,fa5adb968da368a28b85a711cd7b3d0aab6829453361eb686e915af6797cf717,4.0.0,multi-instance-paired-clean-1024-v1,AUTO_PASS_MULTI_INSTANCE_PAIRED_CLEAN_1024,NO,"{""brightness"":0.7479557,""contrast"":1.02766889,""crop_x"":0,""crop_y"":165,""noise_seed"":857612515,""noise_sigma"":0.26687671,""orientation_degrees"":0,""resized_height"":1280,""resized_width"":1280}","{""blur_radius_px"":0.04724364900091635,""jpeg_quality"":95,""noise_seed"":893012289,""noise_sigma"":1.0481062752019292}","{""blur_radius_px"":5.250470352902715,""instances"":[{""instance_index"":1,""offset_x_px"":5,""offset_y_px"":9,""opacity"":0.24835661},{""instance_index"":2,""offset_x_px"":-2,""offset_y_px"":6,""opacity"":0.29257434},{""instance_index"":3,""offset_x_px"":2,""offset_y_px"":7,""opacity"":0.27297797},{""instance_index"":4,""offset_x_px"":5,""offset_y_px"":6,""opacity"":0.21017043},{""instance_index"":5,""offset_x_px"":1,""offset_y_px"":9,""opacity"":0.2579045}]}"
syn-v4-conv-0068,69,synthetic/v4_conveyor/images/train/syn-v4-conv-0068.jpg,synthetic/v4_conveyor/masks/component_visible_instances/train/syn-v4-conv-0068.png,synthetic/v4_conveyor/masks/defect_semantic/train/syn-v4-conv-0068.png,synthetic/v4_conveyor/labels/yolo_component_status/train/syn-v4-conv-0068.txt,synthetic/v4_conveyor/labels/yolo_defects/train/syn-v4-conv-0068.txt,synthetic_black_conveyor_multi_instance,train,multi_instance_detection_segmentation,TRAIN_ONLY_MULTI_SCENE_SYNTHETIC,NO,NO,neutral_component_spot,IMGGEN-CONVEYOR-BLACK-V1,1073360120,0,5,5,contamination|body_chip|surface_spot|body_crack|normal_proxy,syn-v2-700-contamination-0096|syn-v2-700-body_chip-0099|syn-v2-700-surface_spot-0060|syn-v2-700-body_crack-0033|syn-v2-700-discoloration-0080,syn-v4-conv-0068,1280,720,d9b8a7ded3b9d800b4c23ee029e49a06ed6a847f0bfa9a74591014c1e2d7da06,050c0eae652b753b65421aa0f77c57ef4dbeccb01e35b1db4004a0e63ba2c7a5,6f94e70a5833b96befd648bdd0b97dfbf2a9e9d70e8ae5af6cc9f4882a5a560c,b86283baf714f8fd7fbfde7fbb06e4081d932a9e0f874015458538e9e605cd6b,96b983056498e6fb4af6e47ce3eddeb66302b82312ab6bf2d32ebde5a357fa03,25.742216,2.765725,34.000000,138.357864,112.615648,5.374746,0.000000,0.000000,SHADOWLESS_SAME_SENSOR_JPEG,fa5adb968da368a28b85a711cd7b3d0aab6829453361eb686e915af6797cf717,4.0.0,multi-instance-paired-clean-1024-v1,AUTO_PASS_MULTI_INSTANCE_PAIRED_CLEAN_1024,NO,"{""brightness"":0.7418567,""contrast"":0.93120415,""crop_x"":0,""crop_y"":237,""noise_seed"":4269538510,""noise_sigma"":0.3797062,""orientation_degrees"":270,""resized_height"":1280,""resized_width"":1280}","{""blur_radius_px"":0.10299528869256705,""jpeg_quality"":94,""noise_seed"":167025842,""noise_sigma"":0.35093121819787226}","{""blur_radius_px"":6.298494496792308,""instances"":[{""instance_index"":1,""offset_x_px"":-3,""offset_y_px"":8,""opacity"":0.2285443},{""instance_index"":2,""offset_x_px"":3,""offset_y_px"":10,""opacity"":0.18070022},{""instance_index"":3,""offset_x_px"":3,""offset_y_px"":8,""opacity"":0.19314244},{""instance_index"":4,""offset_x_px"":3,""offset_y_px"":5,""opacity"":0.20241211},{""instance_index"":5,""offset_x_px"":-3,""offset_y_px"":5,""opacity"":0.30480425}]}"
syn-v4-conv-0069,70,synthetic/v4_conveyor/images/train/syn-v4-conv-0069.jpg,synthetic/v4_conveyor/masks/component_visible_instances/train/syn-v4-conv-0069.png,synthetic/v4_conveyor/masks/defect_semantic/train/syn-v4-conv-0069.png,synthetic/v4_conveyor/labels/yolo_component_status/train/syn-v4-conv-0069.txt,synthetic/v4_conveyor/labels/yolo_defects/train/syn-v4-conv-0069.txt,synthetic_black_conveyor_multi_instance,train,multi_instance_detection_segmentation,TRAIN_ONLY_MULTI_SCENE_SYNTHETIC,NO,NO,warm_component_spot,IMGGEN-CONVEYOR-BLACK-V1,1658857765,0,5,5,body_crack|surface_spot|normal_proxy|body_chip|scratch,syn-v2-700-body_crack-0054|syn-v2-700-surface_spot-0053|syn-v2-700-contamination-0051|syn-v2-700-body_chip-0051|syn-v2-700-scratch-0057,syn-v4-conv-0069,1280,720,08d2af34b934337957d5b06b9953015b4a39b66376c09e192cf59cd99a6341a4,7e59b1d0d47227433b9850d29e3a2da9cbde09f69afd33b2f952a7d647fa2c7f,e3eb568e720564d51ec5dc422bbd3c317b06bd4446995451f1dd5e7c85c5ab4d,b73b56b24ec08650aee6208ff6d143bbd7c7c692e26b65b0287c4b87aa56e59c,e61e0ee03799801fa2d23b51d5755b920a45e768688377d95e89a8f237752167,32.248474,3.620258,42.502602,141.520187,109.271713,4.388430,0.000000,0.000000,SHADOWLESS_SAME_SENSOR_JPEG,fa5adb968da368a28b85a711cd7b3d0aab6829453361eb686e915af6797cf717,4.0.0,multi-instance-paired-clean-1024-v1,AUTO_PASS_MULTI_INSTANCE_PAIRED_CLEAN_1024,NO,"{""brightness"":0.90406508,""contrast"":0.94837679,""crop_x"":0,""crop_y"":251,""noise_seed"":2181675658,""noise_sigma"":1.19266874,""orientation_degrees"":90,""resized_height"":1280,""resized_width"":1280}","{""blur_radius_px"":0.2728640606846316,""jpeg_quality"":96,""noise_seed"":3515596890,""noise_sigma"":0.5566758512507253}","{""blur_radius_px"":8.52604683648809,""instances"":[{""instance_index"":1,""offset_x_px"":4,""offset_y_px"":10,""opacity"":0.29586059},{""instance_index"":2,""offset_x_px"":0,""offset_y_px"":9,""opacity"":0.21058187},{""instance_index"":3,""offset_x_px"":0,""offset_y_px"":7,""opacity"":0.21534091},{""instance_index"":4,""offset_x_px"":-3,""offset_y_px"":6,""opacity"":0.21024937},{""instance_index"":5,""offset_x_px"":5,""offset_y_px"":10,""opacity"":0.24331341}]}"
syn-v4-conv-0070,71,synthetic/v4_conveyor/images/train/syn-v4-conv-0070.jpg,synthetic/v4_conveyor/masks/component_visible_instances/train/syn-v4-conv-0070.png,synthetic/v4_conveyor/masks/defect_semantic/train/syn-v4-conv-0070.png,synthetic/v4_conveyor/labels/yolo_component_status/train/syn-v4-conv-0070.txt,synthetic/v4_conveyor/labels/yolo_defects/train/syn-v4-conv-0070.txt,synthetic_black_conveyor_multi_instance,train,multi_instance_detection_segmentation,TRAIN_ONLY_MULTI_SCENE_SYNTHETIC,NO,NO,cool_component_spot,IMGGEN-CONVEYOR-BLACK-V1,3549345386,0,5,5,body_crack|discoloration|scratch|contamination|normal_proxy,syn-v2-700-body_crack-0034|syn-v2-700-discoloration-0071|syn-v2-700-scratch-0097|syn-v2-700-contamination-0073|syn-v2-700-lead_breakage-0059,syn-v4-conv-0070,1280,720,631ad0dbd9d38eca95662300c9049367ab58437a68cedee6a4975816228955a1,b03fe1e8cf94c7f53b7bc34df8af5a09476336ee959844849238c5e79f0df6f4,5f551b785092e90167c2722dd1736424b7ff77ebe5eb09d969a996bfadc62094,973a2ba35318845c4c68dc7d73aa7d8be28da746e9d1d646b167966559c934bc,3b3050d0a2d0e74ac93b1437a17eb3dc29c8908dd38508cfaa79bc1eef92a1ea,30.531071,3.668922,40.144402,134.287140,103.756069,4.398376,0.000000,0.000000,SHADOWLESS_SAME_SENSOR_JPEG,fa5adb968da368a28b85a711cd7b3d0aab6829453361eb686e915af6797cf717,4.0.0,multi-instance-paired-clean-1024-v1,AUTO_PASS_MULTI_INSTANCE_PAIRED_CLEAN_1024,NO,"{""brightness"":0.8890143,""contrast"":1.07759737,""crop_x"":0,""crop_y"":94,""noise_seed"":3340174787,""noise_sigma"":0.1892692,""orientation_degrees"":180,""resized_height"":1280,""resized_width"":1280}","{""blur_radius_px"":0.2323670485721178,""jpeg_quality"":94,""noise_seed"":2768471187,""noise_sigma"":0.9349483659319178}","{""blur_radius_px"":6.756602563131677,""instances"":[{""instance_index"":1,""offset_x_px"":0,""offset_y_px"":7,""opacity"":0.26809953},{""instance_index"":2,""offset_x_px"":2,""offset_y_px"":7,""opacity"":0.20668936},{""instance_index"":3,""offset_x_px"":2,""offset_y_px"":10,""opacity"":0.18427029},{""instance_index"":4,""offset_x_px"":-3,""offset_y_px"":7,""opacity"":0.31612414},{""instance_index"":5,""offset_x_px"":4,""offset_y_px"":6,""opacity"":0.25353984}]}"
syn-v4-conv-0071,72,synthetic/v4_conveyor/images/train/syn-v4-conv-0071.jpg,synthetic/v4_conveyor/masks/component_visible_instances/train/syn-v4-conv-0071.png,synthetic/v4_conveyor/masks/defect_semantic/train/syn-v4-conv-0071.png,synthetic/v4_conveyor/labels/yolo_component_status/train/syn-v4-conv-0071.txt,synthetic/v4_conveyor/labels/yolo_defects/train/syn-v4-conv-0071.txt,synthetic_black_conveyor_multi_instance,train,multi_instance_detection_segmentation,TRAIN_ONLY_MULTI_SCENE_SYNTHETIC,NO,NO,side_component_spot,IMGGEN-CONVEYOR-BLACK-V1,657899058,0,5,5,surface_spot|body_crack|normal_proxy|lead_breakage|scratch,syn-v2-700-surface_spot-0092|syn-v2-700-body_crack-0096|syn-v2-700-discoloration-0013|syn-v2-700-lead_breakage-0085|syn-v2-700-scratch-0096,syn-v4-conv-0071,1280,720,4fe41cada3bc89da35d45118a089dd85ea881a50765629eb0f1867e45557d877,83a3bb0d2e7c0be9ee5f7d4466259b1c01f4abce0ef667fb03873b3e6ed88d3f,26e57b491dbff770412807112115c63cddf352d64849ff3d402facbcc3a2d913,f9d46800ebe9103317d7f8952db7eb1c0843642d5a81680daed4875db012a6cc,27d8faf9fba384fe452687bd7319be7ef261ff2e7c017513f64289c4c749c94f,29.297314,3.032252,38.000000,146.813293,117.515980,5.011152,0.000000,0.000000,SHADOWLESS_SAME_SENSOR_JPEG,fa5adb968da368a28b85a711cd7b3d0aab6829453361eb686e915af6797cf717,4.0.0,multi-instance-paired-clean-1024-v1,AUTO_PASS_MULTI_INSTANCE_PAIRED_CLEAN_1024,NO,"{""brightness"":0.82304496,""contrast"":0.98637158,""crop_x"":0,""crop_y"":436,""noise_seed"":3065129505,""noise_sigma"":0.03007715,""orientation_degrees"":180,""resized_height"":1280,""resized_width"":1280}","{""blur_radius_px"":0.16730207685246012,""jpeg_quality"":94,""noise_seed"":3089289971,""noise_sigma"":0.9772959186163983}","{""blur_radius_px"":5.219340431813636,""instances"":[{""instance_index"":1,""offset_x_px"":4,""offset_y_px"":10,""opacity"":0.31557709},{""instance_index"":2,""offset_x_px"":5,""offset_y_px"":8,""opacity"":0.27716632},{""instance_index"":3,""offset_x_px"":4,""offset_y_px"":6,""opacity"":0.25179074},{""instance_index"":4,""offset_x_px"":4,""offset_y_px"":7,""opacity"":0.18586426},{""instance_index"":5,""offset_x_px"":-3,""offset_y_px"":7,""opacity"":0.27898575}]}"
syn-v4-conv-0072,73,synthetic/v4_conveyor/images/train/syn-v4-conv-0072.jpg,synthetic/v4_conveyor/masks/component_visible_instances/train/syn-v4-conv-0072.png,synthetic/v4_conveyor/masks/defect_semantic/train/syn-v4-conv-0072.png,synthetic/v4_conveyor/labels/yolo_component_status/train/syn-v4-conv-0072.txt,synthetic/v4_conveyor/labels/yolo_defects/train/syn-v4-conv-0072.txt,synthetic_black_conveyor_multi_instance,train,multi_instance_detection_segmentation,TRAIN_ONLY_MULTI_SCENE_SYNTHETIC,NO,NO,neutral_component_spot,IMGGEN-CONVEYOR-BLACK-V1,913085158,0,5,5,lead_breakage|body_chip|discoloration|contamination|scratch,syn-v2-700-lead_breakage-0085|syn-v2-700-body_chip-0058|syn-v2-700-discoloration-0025|syn-v2-700-contamination-0075|syn-v2-700-scratch-0076,syn-v4-conv-0072,1280,720,62113a6dd70388a235e6c80f9752a911f6ea50da52964566ebe9045f90942abd,2926bfa9b19169d6c147c70f07532a6e7cc59389af03c8b6c59bf90f2c228535,9c1731c4dab86a6e332decf5e36e412c2a8a833d506600dc33d8b1ab252e27f4,ea714ea462d3b68bdd240a40f0ad9ca293ed8b77ca416f9db0cf8b169080a35e,799660ed20875288b7597be3c16338154d82940fffc9dbad15b89efdf4ff5094,28.131798,3.923033,38.144402,138.948151,110.816353,4.939185,0.000000,0.000000,SHADOWLESS_SAME_SENSOR_JPEG,fa5adb968da368a28b85a711cd7b3d0aab6829453361eb686e915af6797cf717,4.0.0,multi-instance-paired-clean-1024-v1,AUTO_PASS_MULTI_INSTANCE_PAIRED_CLEAN_1024,NO,"{""brightness"":0.79700398,""contrast"":1.05163703,""crop_x"":0,""crop_y"":387,""noise_seed"":3950250532,""noise_sigma"":0.98057833,""orientation_degrees"":270,""resized_height"":1280,""resized_width"":1280}","{""blur_radius_px"":0.3046596895841757,""jpeg_quality"":95,""noise_seed"":2880147447,""noise_sigma"":0.7917643603067126}","{""blur_radius_px"":8.315467010864129,""instances"":[{""instance_index"":1,""offset_x_px"":5,""offset_y_px"":8,""opacity"":0.22653267},{""instance_index"":2,""offset_x_px"":-3,""offset_y_px"":6,""opacity"":0.22116607},{""instance_index"":3,""offset_x_px"":-2,""offset_y_px"":10,""opacity"":0.23514577},{""instance_index"":4,""offset_x_px"":0,""offset_y_px"":5,""opacity"":0.22212441},{""instance_index"":5,""offset_x_px"":0,""offset_y_px"":5,""opacity"":0.24713388}]}"
syn-v4-conv-0073,74,synthetic/v4_conveyor/images/train/syn-v4-conv-0073.jpg,synthetic/v4_conveyor/masks/component_visible_instances/train/syn-v4-conv-0073.png,synthetic/v4_conveyor/masks/defect_semantic/train/syn-v4-conv-0073.png,synthetic/v4_conveyor/labels/yolo_component_status/train/syn-v4-conv-0073.txt,synthetic/v4_conveyor/labels/yolo_defects/train/syn-v4-conv-0073.txt,synthetic_black_conveyor_multi_instance,train,multi_instance_detection_segmentation,TRAIN_ONLY_MULTI_SCENE_SYNTHETIC,NO,NO,warm_component_spot,IMGGEN-CONVEYOR-BLACK-V1,2110877376,0,5,5,normal_proxy|contamination|lead_breakage|discoloration|scratch,syn-v2-700-discoloration-0072|syn-v2-700-contamination-0014|syn-v2-700-lead_breakage-0020|syn-v2-700-discoloration-0089|syn-v2-700-scratch-0034,syn-v4-conv-0073,1280,720,6c40a5d0350700d7256eea93c3f22d8aac468199c83d00c0ef29ddd4d3430f5b,2577c177976ee67f8ca048f08ba50396281ea19597e76ccb1f9df547470d6662,4899682c4e5c35e305963fa7d60f4b514dbabd00af87a05f46b531a217793d29,d8cd2d58fe90e467ec7add4fcd5dfae940b0e1bd03f921fee1bff8995c6658e3,8e2558cfae876d52bb93ed85b575fa6f1ea57909a6a4e4a9a9fdf7649f3646df,29.661709,3.081747,38.144402,138.407944,108.746235,4.666216,0.000000,0.000000,SHADOWLESS_SAME_SENSOR_JPEG,fa5adb968da368a28b85a711cd7b3d0aab6829453361eb686e915af6797cf717,4.0.0,multi-instance-paired-clean-1024-v1,AUTO_PASS_MULTI_INSTANCE_PAIRED_CLEAN_1024,NO,"{""brightness"":0.84345045,""contrast"":0.95465802,""crop_x"":0,""crop_y"":238,""noise_seed"":1053828813,""noise_sigma"":0.07344496,""orientation_degrees"":0,""resized_height"":1280,""resized_width"":1280}","{""blur_radius_px"":0.06790378666658697,""jpeg_quality"":95,""noise_seed"":3303515777,""noise_sigma"":1.151380258002234}","{""blur_radius_px"":7.62149350972701,""instances"":[{""instance_index"":1,""offset_x_px"":0,""offset_y_px"":10,""opacity"":0.30205305},{""instance_index"":2,""offset_x_px"":0,""offset_y_px"":6,""opacity"":0.27969552},{""instance_index"":3,""offset_x_px"":2,""offset_y_px"":7,""opacity"":0.26294674},{""instance_index"":4,""offset_x_px"":-2,""offset_y_px"":5,""opacity"":0.20965591},{""instance_index"":5,""offset_x_px"":4,""offset_y_px"":9,""opacity"":0.26048886}]}"
syn-v4-conv-0074,75,synthetic/v4_conveyor/images/train/syn-v4-conv-0074.jpg,synthetic/v4_conveyor/masks/component_visible_instances/train/syn-v4-conv-0074.png,synthetic/v4_conveyor/masks/defect_semantic/train/syn-v4-conv-0074.png,synthetic/v4_conveyor/labels/yolo_component_status/train/syn-v4-conv-0074.txt,synthetic/v4_conveyor/labels/yolo_defects/train/syn-v4-conv-0074.txt,synthetic_black_conveyor_multi_instance,train,multi_instance_detection_segmentation,TRAIN_ONLY_MULTI_SCENE_SYNTHETIC,NO,NO,cool_component_spot,IMGGEN-CONVEYOR-BLACK-V1,909693795,0,5,5,discoloration|surface_spot|contamination|scratch|lead_breakage,syn-v2-700-discoloration-0054|syn-v2-700-surface_spot-0001|syn-v2-700-contamination-0035|syn-v2-700-scratch-0054|syn-v2-700-lead_breakage-0018,syn-v4-conv-0074,1280,720,3fc4952efee5b8111dea998db7c36668c4e946e67e6c4b71d0cc77e1e0705b40,ba45c8fa4f429438344dafc322ec88d0bfc88413d6da4cb94cb62a24d7ac0645,a0324fc98f596f079f077626c2ec8e5c8c7a5fb5cb5964e9503403be6315d4f7,0d0691f24d4f85b8371ba0d677ae925dc75442ace89aca59d214aee78c77d557,b2d171a2837cc433c8de388d5740558eda8537cb33207fa15747fb30639376af,30.814301,3.399252,40.497402,132.206223,101.391922,4.290418,0.000000,0.000000,SHADOWLESS_SAME_SENSOR_JPEG,fa5adb968da368a28b85a711cd7b3d0aab6829453361eb686e915af6797cf717,4.0.0,multi-instance-paired-clean-1024-v1,AUTO_PASS_MULTI_INSTANCE_PAIRED_CLEAN_1024,NO,"{""brightness"":0.85557649,""contrast"":0.99108802,""crop_x"":0,""crop_y"":24,""noise_seed"":2463558248,""noise_sigma"":0.74879535,""orientation_degrees"":0,""resized_height"":1280,""resized_width"":1280}","{""blur_radius_px"":0.060591746016436535,""jpeg_quality"":96,""noise_seed"":3750395936,""noise_sigma"":1.2926423381666203}","{""blur_radius_px"":6.533449394131715,""instances"":[{""instance_index"":1,""offset_x_px"":0,""offset_y_px"":7,""opacity"":0.18461916},{""instance_index"":2,""offset_x_px"":5,""offset_y_px"":8,""opacity"":0.23951082},{""instance_index"":3,""offset_x_px"":2,""offset_y_px"":5,""opacity"":0.20951292},{""instance_index"":4,""offset_x_px"":3,""offset_y_px"":5,""opacity"":0.26827409},{""instance_index"":5,""offset_x_px"":5,""offset_y_px"":9,""opacity"":0.19396745}]}"
syn-v4-conv-0075,76,synthetic/v4_conveyor/images/train/syn-v4-conv-0075.jpg,synthetic/v4_conveyor/masks/component_visible_instances/train/syn-v4-conv-0075.png,synthetic/v4_conveyor/masks/defect_semantic/train/syn-v4-conv-0075.png,synthetic/v4_conveyor/labels/yolo_component_status/train/syn-v4-conv-0075.txt,synthetic/v4_conveyor/labels/yolo_defects/train/syn-v4-conv-0075.txt,synthetic_black_conveyor_multi_instance,train,multi_instance_detection_segmentation,TRAIN_ONLY_MULTI_SCENE_SYNTHETIC,NO,NO,side_component_spot,IMGGEN-CONVEYOR-BLACK-V1,2840525107,0,5,5,scratch|discoloration|normal_proxy|body_crack|body_chip,syn-v2-700-scratch-0007|syn-v2-700-discoloration-0089|syn-v2-700-lead_breakage-0088|syn-v2-700-body_crack-0031|syn-v2-700-body_chip-0088,syn-v4-conv-0075,1280,720,09bff71a8a14403744e6edb8a17a39615e4df4dabc1f2e15ffb64d6375df3818,2fd1b41fb6bfffd9aae20a44e7398831a486e119e39858670b9ca46813f44103,fd72b096bfa342bb728494eabc08b287a58a129c0e50f9c1e0c6dd1c8b8cb490,671b738e54dc97cb402faba5dd4fb53bf9ef854d8951a5073efddc4ba467c7ce,2ed5daf3649afeb41a6cf6192a31d20364b912b2bd8fb58f702b9b1936608c31,31.260290,3.461563,41.144398,136.571518,105.311228,4.368850,0.000000,0.000000,SHADOWLESS_SAME_SENSOR_JPEG,fa5adb968da368a28b85a711cd7b3d0aab6829453361eb686e915af6797cf717,4.0.0,multi-instance-paired-clean-1024-v1,AUTO_PASS_MULTI_INSTANCE_PAIRED_CLEAN_1024,NO,"{""brightness"":0.88780927,""contrast"":0.94806098,""crop_x"":0,""crop_y"":424,""noise_seed"":2641191712,""noise_sigma"":0.87517374,""orientation_degrees"":90,""resized_height"":1280,""resized_width"":1280}","{""blur_radius_px"":0.11983068454182196,""jpeg_quality"":95,""noise_seed"":1611770098,""noise_sigma"":1.0623255805912513}","{""blur_radius_px"":8.40983477162019,""instances"":[{""instance_index"":1,""offset_x_px"":1,""offset_y_px"":8,""opacity"":0.19423022},{""instance_index"":2,""offset_x_px"":-2,""offset_y_px"":10,""opacity"":0.21653188},{""instance_index"":3,""offset_x_px"":-1,""offset_y_px"":6,""opacity"":0.28309334},{""instance_index"":4,""offset_x_px"":1,""offset_y_px"":10,""opacity"":0.27628132},{""instance_index"":5,""offset_x_px"":3,""offset_y_px"":9,""opacity"":0.21639685}]}"
syn-v4-conv-0076,77,synthetic/v4_conveyor/images/train/syn-v4-conv-0076.jpg,synthetic/v4_conveyor/masks/component_visible_instances/train/syn-v4-conv-0076.png,synthetic/v4_conveyor/masks/defect_semantic/train/syn-v4-conv-0076.png,synthetic/v4_conveyor/labels/yolo_component_status/train/syn-v4-conv-0076.txt,synthetic/v4_conveyor/labels/yolo_defects/train/syn-v4-conv-0076.txt,synthetic_black_conveyor_multi_instance,train,multi_instance_detection_segmentation,TRAIN_ONLY_MULTI_SCENE_SYNTHETIC,NO,NO,neutral_component_spot,IMGGEN-CONVEYOR-BLACK-V1,857145870,0,5,5,normal_proxy|body_crack|discoloration|contamination|lead_breakage,syn-v2-700-scratch-0057|syn-v2-700-body_crack-0031|syn-v2-700-discoloration-0024|syn-v2-700-contamination-0014|syn-v2-700-lead_breakage-0014,syn-v4-conv-0076,1280,720,b62d958bbbc9244f965d8799bd6c7bd4fff578ccd37b37e707983f54aeab4470,20e9b2d06d2bab8dbdf18000935a6b9b1ac288081af4d35e84d7d6baa6b7ddd2,be696b1baf22b6c1232bc7a8bd1c0cf0735f52a0bfe85a966659c2431799fdb5,57e49feaf65d535c228d88af98512ea2f993cf21778b512aa8d3fafaddfb9b89,c25480370190067725eb6034257a41172900a75434cf1dc4ea4a35e75f83cf09,29.754894,3.295058,39.144402,137.286514,107.531620,4.613914,0.000000,0.000000,SHADOWLESS_SAME_SENSOR_JPEG,fa5adb968da368a28b85a711cd7b3d0aab6829453361eb686e915af6797cf717,4.0.0,multi-instance-paired-clean-1024-v1,AUTO_PASS_MULTI_INSTANCE_PAIRED_CLEAN_1024,NO,"{""brightness"":0.84250779,""contrast"":0.94111439,""crop_x"":0,""crop_y"":483,""noise_seed"":555852682,""noise_sigma"":0.67837267,""orientation_degrees"":270,""resized_height"":1280,""resized_width"":1280}","{""blur_radius_px"":0.19405219005908136,""jpeg_quality"":96,""noise_seed"":3904139839,""noise_sigma"":0.9543969587721488}","{""blur_radius_px"":6.816588451065945,""instances"":[{""instance_index"":1,""offset_x_px"":4,""offset_y_px"":8,""opacity"":0.25629675},{""instance_index"":2,""offset_x_px"":0,""offset_y_px"":10,""opacity"":0.25147911},{""instance_index"":3,""offset_x_px"":-1,""offset_y_px"":8,""opacity"":0.22129486},{""instance_index"":4,""offset_x_px"":0,""offset_y_px"":10,""opacity"":0.27587304},{""instance_index"":5,""offset_x_px"":-3,""offset_y_px"":9,""opacity"":0.27842118}]}"
syn-v4-conv-0077,78,synthetic/v4_conveyor/images/train/syn-v4-conv-0077.jpg,synthetic/v4_conveyor/masks/component_visible_instances/train/syn-v4-conv-0077.png,synthetic/v4_conveyor/masks/defect_semantic/train/syn-v4-conv-0077.png,synthetic/v4_conveyor/labels/yolo_component_status/train/syn-v4-conv-0077.txt,synthetic/v4_conveyor/labels/yolo_defects/train/syn-v4-conv-0077.txt,synthetic_black_conveyor_multi_instance,train,multi_instance_detection_segmentation,TRAIN_ONLY_MULTI_SCENE_SYNTHETIC,NO,NO,warm_component_spot,IMGGEN-CONVEYOR-BLACK-V1,2061773827,0,5,5,discoloration|contamination|normal_proxy|surface_spot|body_crack,syn-v2-700-discoloration-0080|syn-v2-700-contamination-0096|syn-v2-700-discoloration-0073|syn-v2-700-surface_spot-0060|syn-v2-700-body_crack-0079,syn-v4-conv-0077,1280,720,1305c52256fe85c916818275292c3a8a6e0ef73ac65cfc7317172cba3d3fd4ac,34fbf9bfc26626edb241b9b9d3f8465e0b0793b284ba9b27794af2fe3ced6f59,206ae11a9092ce7943ad4a8bcdf3ad11ae00922d1038c8fe95e76fba424512d8,cd3aca91684c547b73a3b1ba4d49623fda7361f3e1936be7d2cfafd19e45fe92,e7e4a81f83e22580cec9dbf4adb6873a63ec660ba086e0f8ba8d3eaf0b1035b6,27.492825,2.571251,35.000000,138.458237,110.965412,5.036159,0.000000,0.000000,SHADOWLESS_SAME_SENSOR_JPEG,fa5adb968da368a28b85a711cd7b3d0aab6829453361eb686e915af6797cf717,4.0.0,multi-instance-paired-clean-1024-v1,AUTO_PASS_MULTI_INSTANCE_PAIRED_CLEAN_1024,NO,"{""brightness"":0.80378386,""contrast"":0.962557,""crop_x"":0,""crop_y"":466,""noise_seed"":2445815098,""noise_sigma"":0.32419129,""orientation_degrees"":0,""resized_height"":1280,""resized_width"":1280}","{""blur_radius_px"":0.15820367094191418,""jpeg_quality"":93,""noise_seed"":1397450187,""noise_sigma"":0.42033704096968433}","{""blur_radius_px"":5.288955039437969,""instances"":[{""instance_index"":1,""offset_x_px"":1,""offset_y_px"":5,""opacity"":0.22952762},{""instance_index"":2,""offset_x_px"":-3,""offset_y_px"":6,""opacity"":0.22603705},{""instance_index"":3,""offset_x_px"":-2,""offset_y_px"":9,""opacity"":0.27919335},{""instance_index"":4,""offset_x_px"":-1,""offset_y_px"":5,""opacity"":0.22603083},{""instance_index"":5,""offset_x_px"":1,""offset_y_px"":5,""opacity"":0.29374696}]}"
syn-v4-conv-0078,79,synthetic/v4_conveyor/images/train/syn-v4-conv-0078.jpg,synthetic/v4_conveyor/masks/component_visible_instances/train/syn-v4-conv-0078.png,synthetic/v4_conveyor/masks/defect_semantic/train/syn-v4-conv-0078.png,synthetic/v4_conveyor/labels/yolo_component_status/train/syn-v4-conv-0078.txt,synthetic/v4_conveyor/labels/yolo_defects/train/syn-v4-conv-0078.txt,synthetic_black_conveyor_multi_instance,train,multi_instance_detection_segmentation,TRAIN_ONLY_MULTI_SCENE_SYNTHETIC,NO,NO,cool_component_spot,IMGGEN-CONVEYOR-BLACK-V1,3905951857,0,5,5,contamination|body_crack|scratch|discoloration|normal_proxy,syn-v2-700-contamination-0045|syn-v2-700-body_crack-0008|syn-v2-700-scratch-0076|syn-v2-700-discoloration-0058|syn-v2-700-scratch-0011,syn-v4-conv-0078,1280,720,a01f03d77ad661cb51fd256782bfc196a43dcb9f9a14b47b4202b27100280fc2,76540a45b2a49a2fe7dae6c48c003afec2a35b1de223f9adc3a67e4aa0b5ad53,545afcb833bffbf15f6e848f7cbb05f2da03ff72932e9a2881f90bbf5964759f,35dac2f31ed45e5ec69f15f5eed95e502d60b86dbbf7ea41406656adecadc408,fc0e2b05b08bd6b2cc7f81e9f03a2a400640c668fc179b8eed4de114cc0994bd,30.846560,4.173059,41.931801,140.252625,109.406065,4.546783,0.000000,0.000000,SHADOWLESS_SAME_SENSOR_JPEG,fa5adb968da368a28b85a711cd7b3d0aab6829453361eb686e915af6797cf717,4.0.0,multi-instance-paired-clean-1024-v1,AUTO_PASS_MULTI_INSTANCE_PAIRED_CLEAN_1024,NO,"{""brightness"":0.86996065,""contrast"":1.0137202,""crop_x"":0,""crop_y"":337,""noise_seed"":537581957,""noise_sigma"":1.0747794,""orientation_degrees"":90,""resized_height"":1280,""resized_width"":1280}","{""blur_radius_px"":0.19063820852469482,""jpeg_quality"":93,""noise_seed"":3296449000,""noise_sigma"":0.42678542537643566}","{""blur_radius_px"":8.126043484304049,""instances"":[{""instance_index"":1,""offset_x_px"":-1,""offset_y_px"":7,""opacity"":0.21630098},{""instance_index"":2,""offset_x_px"":0,""offset_y_px"":6,""opacity"":0.22325431},{""instance_index"":3,""offset_x_px"":5,""offset_y_px"":10,""opacity"":0.31465143},{""instance_index"":4,""offset_x_px"":0,""offset_y_px"":10,""opacity"":0.21849469},{""instance_index"":5,""offset_x_px"":-1,""offset_y_px"":9,""opacity"":0.21853102}]}"
syn-v4-conv-0079,80,synthetic/v4_conveyor/images/train/syn-v4-conv-0079.jpg,synthetic/v4_conveyor/masks/component_visible_instances/train/syn-v4-conv-0079.png,synthetic/v4_conveyor/masks/defect_semantic/train/syn-v4-conv-0079.png,synthetic/v4_conveyor/labels/yolo_component_status/train/syn-v4-conv-0079.txt,synthetic/v4_conveyor/labels/yolo_defects/train/syn-v4-conv-0079.txt,synthetic_black_conveyor_multi_instance,train,multi_instance_detection_segmentation,TRAIN_ONLY_MULTI_SCENE_SYNTHETIC,NO,NO,side_component_spot,IMGGEN-CONVEYOR-BLACK-V1,323504857,0,5,5,body_chip|surface_spot|discoloration|scratch|lead_breakage,syn-v2-700-body_chip-0099|syn-v2-700-surface_spot-0060|syn-v2-700-discoloration-0024|syn-v2-700-scratch-0011|syn-v2-700-lead_breakage-0093,syn-v4-conv-0079,1280,720,e483bade0552306aa7853aef2e8172a8f1f9d469896abdad00af2de608aff3b0,bc124ed043898930556162b389dfc6c8103c1703eeb34650f415a85ca7cd0327,b73782d6dfe3a6f60a779666f8a5cad33c84be3763079cf87355a921b353015c,548e23ccf2b12ee0320d3664effc065663ff5ff3d164402f4ff3f089ae6ab87e,536051c2881bba9786ac890a46c44fd33b1298fc146755e4fef80e745279733d,30.020023,2.958111,38.502598,139.296555,109.276531,4.640121,0.000000,0.000000,SHADOWLESS_SAME_SENSOR_JPEG,fa5adb968da368a28b85a711cd7b3d0aab6829453361eb686e915af6797cf717,4.0.0,multi-instance-paired-clean-1024-v1,AUTO_PASS_MULTI_INSTANCE_PAIRED_CLEAN_1024,NO,"{""brightness"":0.85297964,""contrast"":0.94947231,""crop_x"":0,""crop_y"":292,""noise_seed"":1899469171,""noise_sigma"":0.91258737,""orientation_degrees"":180,""resized_height"":1280,""resized_width"":1280}","{""blur_radius_px"":0.2629901098628129,""jpeg_quality"":94,""noise_seed"":2197633897,""noise_sigma"":0.5519749173626778}","{""blur_radius_px"":7.316691957901835,""instances"":[{""instance_index"":1,""offset_x_px"":2,""offset_y_px"":9,""opacity"":0.19895567},{""instance_index"":2,""offset_x_px"":1,""offset_y_px"":7,""opacity"":0.19082606},{""instance_index"":3,""offset_x_px"":-3,""offset_y_px"":9,""opacity"":0.30922293},{""instance_index"":4,""offset_x_px"":-2,""offset_y_px"":10,""opacity"":0.25615903},{""instance_index"":5,""offset_x_px"":0,""offset_y_px"":5,""opacity"":0.27701733}]}"
syn-v4-conv-0080,81,synthetic/v4_conveyor/images/train/syn-v4-conv-0080.jpg,synthetic/v4_conveyor/masks/component_visible_instances/train/syn-v4-conv-0080.png,synthetic/v4_conveyor/masks/defect_semantic/train/syn-v4-conv-0080.png,synthetic/v4_conveyor/labels/yolo_component_status/train/syn-v4-conv-0080.txt,synthetic/v4_conveyor/labels/yolo_defects/train/syn-v4-conv-0080.txt,synthetic_black_conveyor_multi_instance,train,multi_instance_detection_segmentation,TRAIN_ONLY_MULTI_SCENE_SYNTHETIC,NO,NO,neutral_component_spot,IMGGEN-CONVEYOR-BLACK-V1,3836678040,0,5,5,contamination|discoloration|surface_spot|normal_proxy|body_crack,syn-v2-700-contamination-0051|syn-v2-700-discoloration-0047|syn-v2-700-surface_spot-0034|syn-v2-700-contamination-0045|syn-v2-700-body_crack-0052,syn-v4-conv-0080,1280,720,e226e2b68408f4957db17e8f9ea81590bd0e58bcb01dedc811410650ac48d15f,dec9dcf51959c30b2ebdbc1d16bdd3ed5543f5924936609660dd20a9dca87e9f,fff049d7bdcd2f1ea8ca1530eef0ba5e7072a5ae06f5c9efd9b747a309a500e7,80a572429c41b312fb3277d7f79e9ae7730faf309d7cccd16f0eb739d4cc4b7a,e92a83d5ebaa746c49edbdd518fd68e1f5de01d925e6d8350a5623b8896d4fa2,30.160530,3.327422,39.502598,144.219116,114.058586,4.781717,0.000000,0.000000,SHADOWLESS_SAME_SENSOR_JPEG,fa5adb968da368a28b85a711cd7b3d0aab6829453361eb686e915af6797cf717,4.0.0,multi-instance-paired-clean-1024-v1,AUTO_PASS_MULTI_INSTANCE_PAIRED_CLEAN_1024,NO,"{""brightness"":0.85065159,""contrast"":0.98250986,""crop_x"":0,""crop_y"":298,""noise_seed"":2858545656,""noise_sigma"":0.33935828,""orientation_degrees"":270,""resized_height"":1280,""resized_width"":1280}","{""blur_radius_px"":0.09747945583663437,""jpeg_quality"":96,""noise_seed"":3056813600,""noise_sigma"":0.8401763966422053}","{""blur_radius_px"":7.027788871136314,""instances"":[{""instance_index"":1,""offset_x_px"":3,""offset_y_px"":6,""opacity"":0.22004299},{""instance_index"":2,""offset_x_px"":-2,""offset_y_px"":10,""opacity"":0.23200663},{""instance_index"":3,""offset_x_px"":3,""offset_y_px"":10,""opacity"":0.29368694},{""instance_index"":4,""offset_x_px"":1,""offset_y_px"":8,""opacity"":0.31296513},{""instance_index"":5,""offset_x_px"":2,""offset_y_px"":5,""opacity"":0.19214978}]}"
syn-v4-conv-0081,82,synthetic/v4_conveyor/images/train/syn-v4-conv-0081.jpg,synthetic/v4_conveyor/masks/component_visible_instances/train/syn-v4-conv-0081.png,synthetic/v4_conveyor/masks/defect_semantic/train/syn-v4-conv-0081.png,synthetic/v4_conveyor/labels/yolo_component_status/train/syn-v4-conv-0081.txt,synthetic/v4_conveyor/labels/yolo_defects/train/syn-v4-conv-0081.txt,synthetic_black_conveyor_multi_instance,train,multi_instance_detection_segmentation,TRAIN_ONLY_MULTI_SCENE_SYNTHETIC,NO,NO,warm_component_spot,IMGGEN-CONVEYOR-BLACK-V1,1490252731,0,5,5,body_crack|discoloration|contamination|surface_spot|body_chip,syn-v2-700-body_crack-0079|syn-v2-700-discoloration-0009|syn-v2-700-contamination-0007|syn-v2-700-surface_spot-0027|syn-v2-700-body_chip-0062,syn-v4-conv-0081,1280,720,1a9999df38056e7670eb211a42ead7f58ea0b116f69488baacebbaae5d08dd55,54b841fb3fba396bfc010b37fb3abc51f8086d6570f05d386d02bc05cf5d3e94,9702a62cdd03651f7d0c58f100f14fa74795e0ac1c91e93be3f910eb8b0fdf3f,d0116da4751b314c75e8c6d6c9f5ff8f0a34116b14b8eddf23c9f0fb31ef0138,4570477b9aba9a5a09e6e02787515d330f010bd04bdfa3a8ff184e697d02ab06,32.246407,3.202783,41.144398,146.686264,114.439857,4.548918,0.000000,0.000000,SHADOWLESS_SAME_SENSOR_JPEG,fa5adb968da368a28b85a711cd7b3d0aab6829453361eb686e915af6797cf717,4.0.0,multi-instance-paired-clean-1024-v1,AUTO_PASS_MULTI_INSTANCE_PAIRED_CLEAN_1024,NO,"{""brightness"":0.91484064,""contrast"":0.94734618,""crop_x"":0,""crop_y"":276,""noise_seed"":4120220861,""noise_sigma"":0.98938508,""orientation_degrees"":180,""resized_height"":1280,""resized_width"":1280}","{""blur_radius_px"":0.060172211745784916,""jpeg_quality"":95,""noise_seed"":2123500726,""noise_sigma"":0.4038251292761787}","{""blur_radius_px"":6.508130094397299,""instances"":[{""instance_index"":1,""offset_x_px"":5,""offset_y_px"":10,""opacity"":0.23635239},{""instance_index"":2,""offset_x_px"":-3,""offset_y_px"":5,""opacity"":0.24205475},{""instance_index"":3,""offset_x_px"":1,""offset_y_px"":9,""opacity"":0.26613542},{""instance_index"":4,""offset_x_px"":-2,""offset_y_px"":10,""opacity"":0.28223669},{""instance_index"":5,""offset_x_px"":1,""offset_y_px"":7,""opacity"":0.2876434}]}"
syn-v4-conv-0082,83,synthetic/v4_conveyor/images/train/syn-v4-conv-0082.jpg,synthetic/v4_conveyor/masks/component_visible_instances/train/syn-v4-conv-0082.png,synthetic/v4_conveyor/masks/defect_semantic/train/syn-v4-conv-0082.png,synthetic/v4_conveyor/labels/yolo_component_status/train/syn-v4-conv-0082.txt,synthetic/v4_conveyor/labels/yolo_defects/train/syn-v4-conv-0082.txt,synthetic_black_conveyor_multi_instance,train,multi_instance_detection_segmentation,TRAIN_ONLY_MULTI_SCENE_SYNTHETIC,NO,NO,cool_component_spot,IMGGEN-CONVEYOR-BLACK-V1,3252800656,0,5,5,normal_proxy|scratch|lead_breakage|body_chip|surface_spot,syn-v2-700-lead_breakage-0018|syn-v2-700-scratch-0018|syn-v2-700-lead_breakage-0029|syn-v2-700-body_chip-0088|syn-v2-700-surface_spot-0092,syn-v4-conv-0082,1280,720,26abf29255f567ce55572ba37a58eabb0397709fd4baf99c5f67228d21c69dd7,243f09eed3200f874cdde7e79c137759a03dabd2df1b65ba121a69e49adf76a8,5b8be86013f327860111fe122eb85392068609bf8ee9624639849f1c8924627e,0f50b5e694da062779e872fa0cf223729913867fa5140d893d6566321db290b0,f98171da65019bad982f56d7a9ec027038de2145680c70ba972e3fd243c4f364,32.673256,3.578174,43.000000,141.146057,108.472801,4.319926,0.000000,0.000000,SHADOWLESS_SAME_SENSOR_JPEG,fa5adb968da368a28b85a711cd7b3d0aab6829453361eb686e915af6797cf717,4.0.0,multi-instance-paired-clean-1024-v1,AUTO_PASS_MULTI_INSTANCE_PAIRED_CLEAN_1024,NO,"{""brightness"":0.91815265,""contrast"":0.93328355,""crop_x"":0,""crop_y"":388,""noise_seed"":2902850601,""noise_sigma"":0.79111419,""orientation_degrees"":270,""resized_height"":1280,""resized_width"":1280}","{""blur_radius_px"":0.1882594437837283,""jpeg_quality"":96,""noise_seed"":3594809792,""noise_sigma"":1.0776314982146116}","{""blur_radius_px"":5.477777830554986,""instances"":[{""instance_index"":1,""offset_x_px"":3,""offset_y_px"":7,""opacity"":0.28590807},{""instance_index"":2,""offset_x_px"":5,""offset_y_px"":10,""opacity"":0.28932899},{""instance_index"":3,""offset_x_px"":4,""offset_y_px"":7,""opacity"":0.30192765},{""instance_index"":4,""offset_x_px"":2,""offset_y_px"":6,""opacity"":0.19016883},{""instance_index"":5,""offset_x_px"":-1,""offset_y_px"":7,""opacity"":0.21756759}]}"
syn-v4-conv-0083,84,synthetic/v4_conveyor/images/train/syn-v4-conv-0083.jpg,synthetic/v4_conveyor/masks/component_visible_instances/train/syn-v4-conv-0083.png,synthetic/v4_conveyor/masks/defect_semantic/train/syn-v4-conv-0083.png,synthetic/v4_conveyor/labels/yolo_component_status/train/syn-v4-conv-0083.txt,synthetic/v4_conveyor/labels/yolo_defects/train/syn-v4-conv-0083.txt,synthetic_black_conveyor_multi_instance,train,multi_instance_detection_segmentation,TRAIN_ONLY_MULTI_SCENE_SYNTHETIC,NO,NO,side_component_spot,IMGGEN-CONVEYOR-BLACK-V1,1855251930,0,5,5,lead_breakage|discoloration|scratch|contamination|body_crack,syn-v2-700-lead_breakage-0029|syn-v2-700-discoloration-0072|syn-v2-700-scratch-0079|syn-v2-700-contamination-0081|syn-v2-700-body_crack-0097,syn-v4-conv-0083,1280,720,5c9d7866858a21067fbe91645d1b941d0d1e526cc68179e1c96bf0deec669edb,ab9322fcee14b2e0cff7033538a8a2fa0c037f168c0da82ba0c0b53aad12e231,f0420875ef14f3e25bc3f59e53cd039443f0745a8a077fc7ebf855665462a99a,ac6b813cc8e726eba0fa60ca87449334c7aeb406d861c23f26269fd10508cc8c,d667ce931342aac9914c3768644b8e5840320f158a7dbcb0cbf4f9b32f1ddda5,24.790358,3.196260,33.000000,133.676880,108.886522,5.392293,0.000000,0.000000,SHADOWLESS_SAME_SENSOR_JPEG,fa5adb968da368a28b85a711cd7b3d0aab6829453361eb686e915af6797cf717,4.0.0,multi-instance-paired-clean-1024-v1,AUTO_PASS_MULTI_INSTANCE_PAIRED_CLEAN_1024,NO,"{""brightness"":0.74209611,""contrast"":1.02199849,""crop_x"":0,""crop_y"":555,""noise_seed"":3909044993,""noise_sigma"":0.89802683,""orientation_degrees"":0,""resized_height"":1280,""resized_width"":1280}","{""blur_radius_px"":0.012959026816468211,""jpeg_quality"":96,""noise_seed"":3280954964,""noise_sigma"":0.7092900497206458}","{""blur_radius_px"":8.08066481136,""instances"":[{""instance_index"":1,""offset_x_px"":-1,""offset_y_px"":8,""opacity"":0.21605161},{""instance_index"":2,""offset_x_px"":0,""offset_y_px"":8,""opacity"":0.20627114},{""instance_index"":3,""offset_x_px"":4,""offset_y_px"":6,""opacity"":0.30271689},{""instance_index"":4,""offset_x_px"":-2,""offset_y_px"":9,""opacity"":0.25257964},{""instance_index"":5,""offset_x_px"":5,""offset_y_px"":6,""opacity"":0.22652418}]}"
syn-v4-conv-0084,85,synthetic/v4_conveyor/images/train/syn-v4-conv-0084.jpg,synthetic/v4_conveyor/masks/component_visible_instances/train/syn-v4-conv-0084.png,synthetic/v4_conveyor/masks/defect_semantic/train/syn-v4-conv-0084.png,synthetic/v4_conveyor/labels/yolo_component_status/train/syn-v4-conv-0084.txt,synthetic/v4_conveyor/labels/yolo_defects/train/syn-v4-conv-0084.txt,synthetic_black_conveyor_multi_instance,train,multi_instance_detection_segmentation,TRAIN_ONLY_MULTI_SCENE_SYNTHETIC,NO,NO,neutral_component_spot,IMGGEN-CONVEYOR-BLACK-V1,3802971373,0,5,5,normal_proxy|body_crack|lead_breakage|contamination|body_chip,syn-v2-700-scratch-0018|syn-v2-700-body_crack-0066|syn-v2-700-lead_breakage-0093|syn-v2-700-contamination-0085|syn-v2-700-body_chip-0099,syn-v4-conv-0084,1280,720,93911254617891baa444ef2e41a65927f5bb944cdb9962ae52093b46d7123558,53e7150ab138ecb28889860f06360b6cf9ff3e1e14fd01c5d7e31f13e2c9c1c0,e90e917729f035d154fc8cbdbc746a73d96e2413412c824764a44940364e2a05,97aa4f7a47833cae4a8eb9d5f2bf326e475f5a9e5f3482ec93c8dfae052d1581,8f8b70a69ac83a357795f22ea258c5ff1596623755ad913aa536e35f5f4ab427,31.743551,3.405904,41.144398,146.060226,114.316675,4.601257,0.000000,0.000000,SHADOWLESS_SAME_SENSOR_JPEG,fa5adb968da368a28b85a711cd7b3d0aab6829453361eb686e915af6797cf717,4.0.0,multi-instance-paired-clean-1024-v1,AUTO_PASS_MULTI_INSTANCE_PAIRED_CLEAN_1024,NO,"{""brightness"":0.88902994,""contrast"":0.95069934,""crop_x"":0,""crop_y"":422,""noise_seed"":365669862,""noise_sigma"":1.12000019,""orientation_degrees"":270,""resized_height"":1280,""resized_width"":1280}","{""blur_radius_px"":0.15385644082159472,""jpeg_quality"":92,""noise_seed"":3360009605,""noise_sigma"":0.8258432090629975}","{""blur_radius_px"":6.399098741307949,""instances"":[{""instance_index"":1,""offset_x_px"":4,""offset_y_px"":9,""opacity"":0.23439426},{""instance_index"":2,""offset_x_px"":4,""offset_y_px"":9,""opacity"":0.19610531},{""instance_index"":3,""offset_x_px"":-3,""offset_y_px"":6,""opacity"":0.245291},{""instance_index"":4,""offset_x_px"":3,""offset_y_px"":9,""opacity"":0.28993863},{""instance_index"":5,""offset_x_px"":1,""offset_y_px"":10,""opacity"":0.31658591}]}"
syn-v4-conv-0085,86,synthetic/v4_conveyor/images/train/syn-v4-conv-0085.jpg,synthetic/v4_conveyor/masks/component_visible_instances/train/syn-v4-conv-0085.png,synthetic/v4_conveyor/masks/defect_semantic/train/syn-v4-conv-0085.png,synthetic/v4_conveyor/labels/yolo_component_status/train/syn-v4-conv-0085.txt,synthetic/v4_conveyor/labels/yolo_defects/train/syn-v4-conv-0085.txt,synthetic_black_conveyor_multi_instance,train,multi_instance_detection_segmentation,TRAIN_ONLY_MULTI_SCENE_SYNTHETIC,NO,NO,warm_component_spot,IMGGEN-CONVEYOR-BLACK-V1,1441209681,0,5,5,discoloration|body_crack|lead_breakage|scratch|body_chip,syn-v2-700-discoloration-0023|syn-v2-700-body_crack-0033|syn-v2-700-lead_breakage-0068|syn-v2-700-scratch-0005|syn-v2-700-body_chip-0005,syn-v4-conv-0085,1280,720,7d7aae7c3ee2f9e9b10e48aafc1388681e133cde912c5b97c45a8830e156b47f,9e1a26c641721e6f8d2915916925022006800c11b8b37259ea49cbac5811804f,7c42747332605eb34a6884cd3fd91a1e5d8d6e045a512ee26c580da6f4e017c3,d2463a1d58aa82f4d2884d33531d8a42407c2dbd9617ec64e36ef8ed2a26259d,4ad72e949a3d81ce1d543d07566a3f1f4dfe5fb4afc3876059fea4359b071e1b,27.730822,3.890443,38.000000,147.335327,119.604506,5.313053,0.000000,0.000000,SHADOWLESS_SAME_SENSOR_JPEG,fa5adb968da368a28b85a711cd7b3d0aab6829453361eb686e915af6797cf717,4.0.0,multi-instance-paired-clean-1024-v1,AUTO_PASS_MULTI_INSTANCE_PAIRED_CLEAN_1024,NO,"{""brightness"":0.79996943,""contrast"":1.05148054,""crop_x"":0,""crop_y"":30,""noise_seed"":1959084653,""noise_sigma"":0.93118106,""orientation_degrees"":270,""resized_height"":1280,""resized_width"":1280}","{""blur_radius_px"":0.06603513553256789,""jpeg_quality"":96,""noise_seed"":2123999654,""noise_sigma"":0.4526577305191714}","{""blur_radius_px"":7.358322305049608,""instances"":[{""instance_index"":1,""offset_x_px"":5,""offset_y_px"":5,""opacity"":0.18930472},{""instance_index"":2,""offset_x_px"":2,""offset_y_px"":8,""opacity"":0.25511615},{""instance_index"":3,""offset_x_px"":-1,""offset_y_px"":5,""opacity"":0.29585741},{""instance_index"":4,""offset_x_px"":5,""offset_y_px"":9,""opacity"":0.2127849},{""instance_index"":5,""offset_x_px"":0,""offset_y_px"":6,""opacity"":0.22798606}]}"
syn-v4-conv-0086,87,synthetic/v4_conveyor/images/train/syn-v4-conv-0086.jpg,synthetic/v4_conveyor/masks/component_visible_instances/train/syn-v4-conv-0086.png,synthetic/v4_conveyor/masks/defect_semantic/train/syn-v4-conv-0086.png,synthetic/v4_conveyor/labels/yolo_component_status/train/syn-v4-conv-0086.txt,synthetic/v4_conveyor/labels/yolo_defects/train/syn-v4-conv-0086.txt,synthetic_black_conveyor_multi_instance,train,multi_instance_detection_segmentation,TRAIN_ONLY_MULTI_SCENE_SYNTHETIC,NO,NO,cool_component_spot,IMGGEN-CONVEYOR-BLACK-V1,3544926179,0,5,5,contamination|surface_spot|normal_proxy|discoloration|body_chip,syn-v2-700-contamination-0050|syn-v2-700-surface_spot-0025|syn-v2-700-lead_breakage-0060|syn-v2-700-discoloration-0027|syn-v2-700-body_chip-0039,syn-v4-conv-0086,1280,720,9247ab39530172144f0f62ab98e1eba033798748138f1aecc7cb1f33dec4eb30,4c2cdd46a074d666491ef845b16cf2ad1c3627aae242e8715e5a95545f0c6001,907888e7ff6dd8c2dff6c4931deb4ac8399bd423c3620b5428d6336aaeca3dc7,4f75e5c94364525e5c1961a9b4ceef0daab285332742a9950b261e591fef6d07,6c517c97a961ba8fc3a44602231596006f73785e8b435906c64fe368beadb571,25.040754,3.233972,33.144402,139.698242,114.657488,5.578835,0.000000,0.000000,SHADOWLESS_SAME_SENSOR_JPEG,fa5adb968da368a28b85a711cd7b3d0aab6829453361eb686e915af6797cf717,4.0.0,multi-instance-paired-clean-1024-v1,AUTO_PASS_MULTI_INSTANCE_PAIRED_CLEAN_1024,NO,"{""brightness"":0.72092822,""contrast"":1.04080665,""crop_x"":0,""crop_y"":329,""noise_seed"":944136824,""noise_sigma"":0.50320665,""orientation_degrees"":180,""resized_height"":1280,""resized_width"":1280}","{""blur_radius_px"":0.15120238110585574,""jpeg_quality"":94,""noise_seed"":1786626186,""noise_sigma"":0.7855293187034125}","{""blur_radius_px"":5.798336374442886,""instances"":[{""instance_index"":1,""offset_x_px"":-1,""offset_y_px"":7,""opacity"":0.20808464},{""instance_index"":2,""offset_x_px"":-3,""offset_y_px"":7,""opacity"":0.20732105},{""instance_index"":3,""offset_x_px"":-1,""offset_y_px"":10,""opacity"":0.24371973},{""instance_index"":4,""offset_x_px"":-3,""offset_y_px"":5,""opacity"":0.2576676},{""instance_index"":5,""offset_x_px"":-1,""offset_y_px"":6,""opacity"":0.22934432}]}"
syn-v4-conv-0087,88,synthetic/v4_conveyor/images/train/syn-v4-conv-0087.jpg,synthetic/v4_conveyor/masks/component_visible_instances/train/syn-v4-conv-0087.png,synthetic/v4_conveyor/masks/defect_semantic/train/syn-v4-conv-0087.png,synthetic/v4_conveyor/labels/yolo_component_status/train/syn-v4-conv-0087.txt,synthetic/v4_conveyor/labels/yolo_defects/train/syn-v4-conv-0087.txt,synthetic_black_conveyor_multi_instance,train,multi_instance_detection_segmentation,TRAIN_ONLY_MULTI_SCENE_SYNTHETIC,NO,NO,side_component_spot,IMGGEN-CONVEYOR-BLACK-V1,1242954550,0,5,5,body_crack|scratch|lead_breakage|discoloration|normal_proxy,syn-v2-700-body_crack-0070|syn-v2-700-scratch-0096|syn-v2-700-lead_breakage-0008|syn-v2-700-discoloration-0018|syn-v2-700-body_chip-0063,syn-v4-conv-0087,1280,720,8409eaebb9913cd4bf4bdd5a91dd787d63dea293da2a27407509a27c672599ca,870137fe2c3c5983b0c3dc0006737d9c5ab622626101680aa33c95370f7ca4cc,dfd18c905e621896dfc31811a4f5189c02458ff22f992dfc8ccaa31eca096b1e,b091c854f4ce532cedf66b4a61829a562a3059f74d0cde3be7df551305888b78,93540275226afa1f36fc15806e667515bf8b2358dda2691de78a9d7ae5403935,32.373348,3.509351,42.144398,146.488037,114.114689,4.524958,0.000000,0.000000,SHADOWLESS_SAME_SENSOR_JPEG,fa5adb968da368a28b85a711cd7b3d0aab6829453361eb686e915af6797cf717,4.0.0,multi-instance-paired-clean-1024-v1,AUTO_PASS_MULTI_INSTANCE_PAIRED_CLEAN_1024,NO,"{""brightness"":0.90931046,""contrast"":0.98934809,""crop_x"":0,""crop_y"":439,""noise_seed"":1121789421,""noise_sigma"":0.34285375,""orientation_degrees"":270,""resized_height"":1280,""resized_width"":1280}","{""blur_radius_px"":0.07151069377696972,""jpeg_quality"":93,""noise_seed"":1387652272,""noise_sigma"":1.142846049246589}","{""blur_radius_px"":6.8297742238140895,""instances"":[{""instance_index"":1,""offset_x_px"":-1,""offset_y_px"":5,""opacity"":0.24794389},{""instance_index"":2,""offset_x_px"":5,""offset_y_px"":7,""opacity"":0.29821782},{""instance_index"":3,""offset_x_px"":4,""offset_y_px"":10,""opacity"":0.18910752},{""instance_index"":4,""offset_x_px"":2,""offset_y_px"":8,""opacity"":0.24461325},{""instance_index"":5,""offset_x_px"":-1,""offset_y_px"":7,""opacity"":0.29141821}]}"
syn-v4-conv-0088,89,synthetic/v4_conveyor/images/train/syn-v4-conv-0088.jpg,synthetic/v4_conveyor/masks/component_visible_instances/train/syn-v4-conv-0088.png,synthetic/v4_conveyor/masks/defect_semantic/train/syn-v4-conv-0088.png,synthetic/v4_conveyor/labels/yolo_component_status/train/syn-v4-conv-0088.txt,synthetic/v4_conveyor/labels/yolo_defects/train/syn-v4-conv-0088.txt,synthetic_black_conveyor_multi_instance,train,multi_instance_detection_segmentation,TRAIN_ONLY_MULTI_SCENE_SYNTHETIC,NO,NO,neutral_component_spot,IMGGEN-CONVEYOR-BLACK-V1,1877232353,0,5,5,normal_proxy|discoloration|scratch|lead_breakage|surface_spot,syn-v2-700-lead_breakage-0014|syn-v2-700-discoloration-0018|syn-v2-700-scratch-0044|syn-v2-700-lead_breakage-0046|syn-v2-700-surface_spot-0070,syn-v4-conv-0088,1280,720,94fde6075003e2c0157ac07a9eb6ad3a0ceb736c390d6946d6ec21a3ab12801f,bbe1a99452549df206d1eaf8a68c3a79fa95b99befa28693e2e4f6ea1ba30eeb,c34f1f94c03547aa9705553802e22483a61cf0600bb43a70c7ae6d10cd0d94f6,8c584c2ceca20e2f5636429dca69c3c1389ca1416f8315b7bdba64f78b240dc7,1b4ea7f8f62411f3bb086fefb4749bc73394b1b4a46d396a2a5844774d5e153b,31.593227,3.208967,40.502602,135.913864,104.320637,4.301994,0.000000,0.000000,SHADOWLESS_SAME_SENSOR_JPEG,fa5adb968da368a28b85a711cd7b3d0aab6829453361eb686e915af6797cf717,4.0.0,multi-instance-paired-clean-1024-v1,AUTO_PASS_MULTI_INSTANCE_PAIRED_CLEAN_1024,NO,"{""brightness"":0.90691265,""contrast"":0.96697628,""crop_x"":0,""crop_y"":201,""noise_seed"":3400126126,""noise_sigma"":0.64108628,""orientation_degrees"":180,""resized_height"":1280,""resized_width"":1280}","{""blur_radius_px"":0.2096666587314484,""jpeg_quality"":96,""noise_seed"":3415557854,""noise_sigma"":0.8367487951877088}","{""blur_radius_px"":8.043079440371157,""instances"":[{""instance_index"":1,""offset_x_px"":-2,""offset_y_px"":10,""opacity"":0.19933231},{""instance_index"":2,""offset_x_px"":5,""offset_y_px"":6,""opacity"":0.24191924},{""instance_index"":3,""offset_x_px"":4,""offset_y_px"":7,""opacity"":0.30679809},{""instance_index"":4,""offset_x_px"":5,""offset_y_px"":6,""opacity"":0.31714298},{""instance_index"":5,""offset_x_px"":-1,""offset_y_px"":7,""opacity"":0.20163981}]}"
syn-v4-conv-0089,90,synthetic/v4_conveyor/images/train/syn-v4-conv-0089.jpg,synthetic/v4_conveyor/masks/component_visible_instances/train/syn-v4-conv-0089.png,synthetic/v4_conveyor/masks/defect_semantic/train/syn-v4-conv-0089.png,synthetic/v4_conveyor/labels/yolo_component_status/train/syn-v4-conv-0089.txt,synthetic/v4_conveyor/labels/yolo_defects/train/syn-v4-conv-0089.txt,synthetic_black_conveyor_multi_instance,train,multi_instance_detection_segmentation,TRAIN_ONLY_MULTI_SCENE_SYNTHETIC,NO,NO,warm_component_spot,IMGGEN-CONVEYOR-BLACK-V1,3200102057,0,5,5,body_crack|scratch|discoloration|body_chip|normal_proxy,syn-v2-700-body_crack-0034|syn-v2-700-scratch-0091|syn-v2-700-discoloration-0048|syn-v2-700-body_chip-0005|syn-v2-700-surface_spot-0053,syn-v4-conv-0089,1280,720,77155fb319b176988c6c41c003ffc4b2a4aa1b57ee6252f2d2407630098e90b1,792c091572a4372742b91a4c1290a5fd3fa82e2930b53d781cb7d41c07d6e3cb,777c1859e341e3b4bf351fae5e19260211742589027a97c91392899a71b68afe,628ff040c0cc1e292a4475acc018e4f90d344bfad57bf7860d40928ff2b47a28,c66e2d535b8fd95bf7e72215777bf807892e277e426dac87183825b5ecf5ed70,31.358879,2.928776,40.000000,142.506958,111.148079,4.544389,0.000000,0.000000,SHADOWLESS_SAME_SENSOR_JPEG,fa5adb968da368a28b85a711cd7b3d0aab6829453361eb686e915af6797cf717,4.0.0,multi-instance-paired-clean-1024-v1,AUTO_PASS_MULTI_INSTANCE_PAIRED_CLEAN_1024,NO,"{""brightness"":0.91190755,""contrast"":0.98081554,""crop_x"":0,""crop_y"":492,""noise_seed"":2390196835,""noise_sigma"":0.55406688,""orientation_degrees"":0,""resized_height"":1280,""resized_width"":1280}","{""blur_radius_px"":0.15686112602372312,""jpeg_quality"":92,""noise_seed"":2950223560,""noise_sigma"":0.4895039798413949}","{""blur_radius_px"":6.4465053498323,""instances"":[{""instance_index"":1,""offset_x_px"":-1,""offset_y_px"":9,""opacity"":0.2519419},{""instance_index"":2,""offset_x_px"":5,""offset_y_px"":7,""opacity"":0.27471542},{""instance_index"":3,""offset_x_px"":-2,""offset_y_px"":9,""opacity"":0.20248699},{""instance_index"":4,""offset_x_px"":3,""offset_y_px"":9,""opacity"":0.2873109},{""instance_index"":5,""offset_x_px"":3,""offset_y_px"":8,""opacity"":0.30826985}]}"
syn-v4-conv-0090,91,synthetic/v4_conveyor/images/train/syn-v4-conv-0090.jpg,synthetic/v4_conveyor/masks/component_visible_instances/train/syn-v4-conv-0090.png,synthetic/v4_conveyor/masks/defect_semantic/train/syn-v4-conv-0090.png,synthetic/v4_conveyor/labels/yolo_component_status/train/syn-v4-conv-0090.txt,synthetic/v4_conveyor/labels/yolo_defects/train/syn-v4-conv-0090.txt,synthetic_black_conveyor_multi_instance,train,multi_instance_detection_segmentation,TRAIN_ONLY_MULTI_SCENE_SYNTHETIC,NO,NO,cool_component_spot,IMGGEN-CONVEYOR-BLACK-V1,87601662,0,5,5,body_chip|scratch|discoloration|surface_spot|normal_proxy,syn-v2-700-body_chip-0062|syn-v2-700-scratch-0034|syn-v2-700-discoloration-0053|syn-v2-700-surface_spot-0070|syn-v2-700-lead_breakage-0008,syn-v4-conv-0090,1280,720,4847860923706c7e982642cf614d9fd68fd08e917318ad45fddb04983460014f,f3c1220fd59219127dc3fb14aeba518eaf6f31112031113fdc7adb3c431dc17c,e06badca41b2b79e47e6144e16bd583de1e6ce108b6ae18428b3e6119aba1814,6dfa45273b951de0e58fb79df6047caa01333887d3202714f71ec37f13e1ceaa,ccc932ce54ea57ddedf6f427fa5047cae53561c551b9ff70967b632ffc53497a,30.941555,4.126414,42.144398,137.367859,106.426304,4.439591,0.000000,0.000000,SHADOWLESS_SAME_SENSOR_JPEG,fa5adb968da368a28b85a711cd7b3d0aab6829453361eb686e915af6797cf717,4.0.0,multi-instance-paired-clean-1024-v1,AUTO_PASS_MULTI_INSTANCE_PAIRED_CLEAN_1024,NO,"{""brightness"":0.88034364,""contrast"":1.00296854,""crop_x"":0,""crop_y"":362,""noise_seed"":3288315396,""noise_sigma"":0.52908477,""orientation_degrees"":90,""resized_height"":1280,""resized_width"":1280}","{""blur_radius_px"":0.15728323949389392,""jpeg_quality"":94,""noise_seed"":1486064064,""noise_sigma"":0.4230797690597567}","{""blur_radius_px"":7.246029246257763,""instances"":[{""instance_index"":1,""offset_x_px"":3,""offset_y_px"":8,""opacity"":0.27226066},{""instance_index"":2,""offset_x_px"":2,""offset_y_px"":9,""opacity"":0.21887579},{""instance_index"":3,""offset_x_px"":-3,""offset_y_px"":6,""opacity"":0.24039646},{""instance_index"":4,""offset_x_px"":4,""offset_y_px"":7,""opacity"":0.21757774},{""instance_index"":5,""offset_x_px"":-1,""offset_y_px"":6,""opacity"":0.31764061}]}"
syn-v4-conv-0091,92,synthetic/v4_conveyor/images/train/syn-v4-conv-0091.jpg,synthetic/v4_conveyor/masks/component_visible_instances/train/syn-v4-conv-0091.png,synthetic/v4_conveyor/masks/defect_semantic/train/syn-v4-conv-0091.png,synthetic/v4_conveyor/labels/yolo_component_status/train/syn-v4-conv-0091.txt,synthetic/v4_conveyor/labels/yolo_defects/train/syn-v4-conv-0091.txt,synthetic_black_conveyor_multi_instance,train,multi_instance_detection_segmentation,TRAIN_ONLY_MULTI_SCENE_SYNTHETIC,NO,NO,side_component_spot,IMGGEN-CONVEYOR-BLACK-V1,2194734318,0,5,5,lead_breakage|body_chip|surface_spot|discoloration|body_crack,syn-v2-700-lead_breakage-0014|syn-v2-700-body_chip-0051|syn-v2-700-surface_spot-0047|syn-v2-700-discoloration-0073|syn-v2-700-body_crack-0084,syn-v4-conv-0091,1280,720,1abde1c68f8213bbd68952e822e483fcd06cbabef40a34085ad020f18764e61f,4e3c4e744abf62d37aaab5e5662b43258d8c1645ae7aeb47f33cd313ff459346,1034efe0f1114170e8c8b62b8ca8145282cc2e4f7dc47ec51e8e3007b6ffae50,f72ed16ad14e0b50710ea1a3f3d9948328be946d75fa9897083ef2b2d0ae2ed5,cb3257ab6bc4824050566263dac878f35d4d7a1409d5fdba9600de763d34bb81,27.347507,2.596070,34.931801,136.254349,108.906841,4.982332,0.000000,0.000000,SHADOWLESS_SAME_SENSOR_JPEG,fa5adb968da368a28b85a711cd7b3d0aab6829453361eb686e915af6797cf717,4.0.0,multi-instance-paired-clean-1024-v1,AUTO_PASS_MULTI_INSTANCE_PAIRED_CLEAN_1024,NO,"{""brightness"":0.79848963,""contrast"":0.93422752,""crop_x"":0,""crop_y"":111,""noise_seed"":4028801567,""noise_sigma"":0.0616959,""orientation_degrees"":180,""resized_height"":1280,""resized_width"":1280}","{""blur_radius_px"":0.21254880001950796,""jpeg_quality"":94,""noise_seed"":538196234,""noise_sigma"":0.4387613049661497}","{""blur_radius_px"":5.232033277936088,""instances"":[{""instance_index"":1,""offset_x_px"":-3,""offset_y_px"":6,""opacity"":0.25184762},{""instance_index"":2,""offset_x_px"":3,""offset_y_px"":7,""opacity"":0.26694051},{""instance_index"":3,""offset_x_px"":-3,""offset_y_px"":6,""opacity"":0.3056262},{""instance_index"":4,""offset_x_px"":-2,""offset_y_px"":6,""opacity"":0.27195611},{""instance_index"":5,""offset_x_px"":2,""offset_y_px"":10,""opacity"":0.30955708}]}"
syn-v4-conv-0092,93,synthetic/v4_conveyor/images/train/syn-v4-conv-0092.jpg,synthetic/v4_conveyor/masks/component_visible_instances/train/syn-v4-conv-0092.png,synthetic/v4_conveyor/masks/defect_semantic/train/syn-v4-conv-0092.png,synthetic/v4_conveyor/labels/yolo_component_status/train/syn-v4-conv-0092.txt,synthetic/v4_conveyor/labels/yolo_defects/train/syn-v4-conv-0092.txt,synthetic_black_conveyor_multi_instance,train,multi_instance_detection_segmentation,TRAIN_ONLY_MULTI_SCENE_SYNTHETIC,NO,NO,neutral_component_spot,IMGGEN-CONVEYOR-BLACK-V1,3409219925,0,5,5,scratch|normal_proxy|body_chip|discoloration|body_crack,syn-v2-700-scratch-0034|syn-v2-700-lead_breakage-0029|syn-v2-700-body_chip-0019|syn-v2-700-discoloration-0009|syn-v2-700-body_crack-0078,syn-v4-conv-0092,1280,720,524c099ff02a5fc1acf1b37a3494245efc9eb3f75bfe88d7e4567301e54bcb86,ddf2feea5d572bf4739a76b7ea2d991e1bf388492ed4eb348bbe3c9e5db167ee,9853b8190d9fa33d145dd2368b42f5a14b07ce8ad929748998738376cdfbc6ea,fdb6bd6c5d051a24f335d8fc973f6dd2968f82f6cbcf973b91dead87e15727ab,0f7770be3004b572413ad848f63003da32e7156530adf781018378145f1ed157,27.301662,3.572174,36.497398,145.102173,117.800510,5.314774,0.000000,0.000000,SHADOWLESS_SAME_SENSOR_JPEG,fa5adb968da368a28b85a711cd7b3d0aab6829453361eb686e915af6797cf717,4.0.0,multi-instance-paired-clean-1024-v1,AUTO_PASS_MULTI_INSTANCE_PAIRED_CLEAN_1024,NO,"{""brightness"":0.77540127,""contrast"":1.06377698,""crop_x"":0,""crop_y"":185,""noise_seed"":882834980,""noise_sigma"":0.21398038,""orientation_degrees"":0,""resized_height"":1280,""resized_width"":1280}","{""blur_radius_px"":0.12078008277227713,""jpeg_quality"":94,""noise_seed"":2524508768,""noise_sigma"":0.7965998369163556}","{""blur_radius_px"":5.040001345239901,""instances"":[{""instance_index"":1,""offset_x_px"":1,""offset_y_px"":7,""opacity"":0.25562958},{""instance_index"":2,""offset_x_px"":3,""offset_y_px"":10,""opacity"":0.31152908},{""instance_index"":3,""offset_x_px"":4,""offset_y_px"":5,""opacity"":0.29214773},{""instance_index"":4,""offset_x_px"":-3,""offset_y_px"":9,""opacity"":0.19847539},{""instance_index"":5,""offset_x_px"":-2,""offset_y_px"":7,""opacity"":0.31387398}]}"
syn-v4-conv-0093,94,synthetic/v4_conveyor/images/train/syn-v4-conv-0093.jpg,synthetic/v4_conveyor/masks/component_visible_instances/train/syn-v4-conv-0093.png,synthetic/v4_conveyor/masks/defect_semantic/train/syn-v4-conv-0093.png,synthetic/v4_conveyor/labels/yolo_component_status/train/syn-v4-conv-0093.txt,synthetic/v4_conveyor/labels/yolo_defects/train/syn-v4-conv-0093.txt,synthetic_black_conveyor_multi_instance,train,multi_instance_detection_segmentation,TRAIN_ONLY_MULTI_SCENE_SYNTHETIC,NO,NO,warm_component_spot,IMGGEN-CONVEYOR-BLACK-V1,1024331582,0,5,5,lead_breakage|normal_proxy|surface_spot|body_chip|contamination,syn-v2-700-lead_breakage-0008|syn-v2-700-lead_breakage-0017|syn-v2-700-surface_spot-0097|syn-v2-700-body_chip-0019|syn-v2-700-contamination-0085,syn-v4-conv-0093,1280,720,5fdd331abb9bb6a6618b2edc5a5f1f85839de3d59272ae93405674cfa425baed,ee9ac93000099fd777d371a022638b9a76a9a461ff99d219762e6ed6147b0cff,8411af8728d4b45daad310ca847048c319963cdd105a1eb2611445f177710269,a81ea56e6cb2b1b0847aff427fbb61657a294aa3977a5e431f15818cc137ed7c,1fcb80901cfb37158a74d22c4dc0766f2bddc6c320000398c1defacd47c1dcaa,26.995237,2.637767,34.144402,137.264420,110.269182,5.084764,0.000000,0.000000,SHADOWLESS_SAME_SENSOR_JPEG,fa5adb968da368a28b85a711cd7b3d0aab6829453361eb686e915af6797cf717,4.0.0,multi-instance-paired-clean-1024-v1,AUTO_PASS_MULTI_INSTANCE_PAIRED_CLEAN_1024,NO,"{""brightness"":0.79947532,""contrast"":0.9978554,""crop_x"":0,""crop_y"":531,""noise_seed"":253033546,""noise_sigma"":0.50844902,""orientation_degrees"":0,""resized_height"":1280,""resized_width"":1280}","{""blur_radius_px"":0.2906616855155326,""jpeg_quality"":96,""noise_seed"":2149240790,""noise_sigma"":0.6612992655618681}","{""blur_radius_px"":6.094668923758178,""instances"":[{""instance_index"":1,""offset_x_px"":-2,""offset_y_px"":7,""opacity"":0.27777529},{""instance_index"":2,""offset_x_px"":0,""offset_y_px"":6,""opacity"":0.29437198},{""instance_index"":3,""offset_x_px"":5,""offset_y_px"":7,""opacity"":0.25281699},{""instance_index"":4,""offset_x_px"":-3,""offset_y_px"":10,""opacity"":0.24861948},{""instance_index"":5,""offset_x_px"":3,""offset_y_px"":6,""opacity"":0.30315099}]}"
syn-v4-conv-0094,95,synthetic/v4_conveyor/images/train/syn-v4-conv-0094.jpg,synthetic/v4_conveyor/masks/component_visible_instances/train/syn-v4-conv-0094.png,synthetic/v4_conveyor/masks/defect_semantic/train/syn-v4-conv-0094.png,synthetic/v4_conveyor/labels/yolo_component_status/train/syn-v4-conv-0094.txt,synthetic/v4_conveyor/labels/yolo_defects/train/syn-v4-conv-0094.txt,synthetic_black_conveyor_multi_instance,train,multi_instance_detection_segmentation,TRAIN_ONLY_MULTI_SCENE_SYNTHETIC,NO,NO,cool_component_spot,IMGGEN-CONVEYOR-BLACK-V1,3209797723,0,5,5,body_crack|body_chip|discoloration|contamination|scratch,syn-v2-700-body_crack-0036|syn-v2-700-body_chip-0018|syn-v2-700-discoloration-0080|syn-v2-700-contamination-0011|syn-v2-700-scratch-0060,syn-v4-conv-0094,1280,720,66d5ed85c8c9d40f6d9a1c04ad360c18a5e5d794a7d4efdb27bf853f9d456e8c,0d88a50da08b18258c52c0d9f40d31b71a4140db3f75755807818d2361722bc0,24517230dccf2c6c97540092f52728d11cebad608045f4be090147d4e35ee165,fe8352522b0b27688510c3ba887549d787fa5567230150d1a79f6e7c4141e8e9,0394cbd69354ce3f7521d2ecd338c148052fa93c1897426d43bfac51f65e45fe,25.614416,3.501606,34.931801,136.125137,110.510721,5.314395,0.000000,0.000000,SHADOWLESS_SAME_SENSOR_JPEG,fa5adb968da368a28b85a711cd7b3d0aab6829453361eb686e915af6797cf717,4.0.0,multi-instance-paired-clean-1024-v1,AUTO_PASS_MULTI_INSTANCE_PAIRED_CLEAN_1024,NO,"{""brightness"":0.72204872,""contrast"":1.02183561,""crop_x"":0,""crop_y"":13,""noise_seed"":3676414553,""noise_sigma"":0.17351997,""orientation_degrees"":0,""resized_height"":1280,""resized_width"":1280}","{""blur_radius_px"":0.23368401952642598,""jpeg_quality"":94,""noise_seed"":2203779313,""noise_sigma"":1.2640529238389366}","{""blur_radius_px"":7.674297689881084,""instances"":[{""instance_index"":1,""offset_x_px"":1,""offset_y_px"":5,""opacity"":0.21370134},{""instance_index"":2,""offset_x_px"":0,""offset_y_px"":10,""opacity"":0.20309492},{""instance_index"":3,""offset_x_px"":4,""offset_y_px"":10,""opacity"":0.23598008},{""instance_index"":4,""offset_x_px"":5,""offset_y_px"":6,""opacity"":0.29248431},{""instance_index"":5,""offset_x_px"":4,""offset_y_px"":6,""opacity"":0.19474241}]}"
syn-v4-conv-0095,96,synthetic/v4_conveyor/images/train/syn-v4-conv-0095.jpg,synthetic/v4_conveyor/masks/component_visible_instances/train/syn-v4-conv-0095.png,synthetic/v4_conveyor/masks/defect_semantic/train/syn-v4-conv-0095.png,synthetic/v4_conveyor/labels/yolo_component_status/train/syn-v4-conv-0095.txt,synthetic/v4_conveyor/labels/yolo_defects/train/syn-v4-conv-0095.txt,synthetic_black_conveyor_multi_instance,train,multi_instance_detection_segmentation,TRAIN_ONLY_MULTI_SCENE_SYNTHETIC,NO,NO,side_component_spot,IMGGEN-CONVEYOR-BLACK-V1,2900784797,0,5,5,body_crack|surface_spot|discoloration|body_chip|lead_breakage,syn-v2-700-body_crack-0084|syn-v2-700-surface_spot-0034|syn-v2-700-discoloration-0080|syn-v2-700-body_chip-0079|syn-v2-700-lead_breakage-0099,syn-v4-conv-0095,1280,720,f38c44b4b753d104fc972808e5300546889e463122823f74073aacf1eb2bfd5a,80e8a6ecbc123137ecce0e487edba91df054d91e58b578fc55e3dbd02f432dc9,a19f9d21d7d1624bafd64af7047c03e80bee4e004acd84f86a4f49cc4f754752,8529db7eaa6ae7f15aae15ae75995a1140c6b7b7a1756455bb60ed054b6c3fa8,afcde14e1131004bbbda41a9dc96a795bb24627dffb381fad1fd27ee1496c77b,28.057333,3.845164,38.000000,141.315155,113.257822,5.036657,0.000000,0.000000,SHADOWLESS_SAME_SENSOR_JPEG,fa5adb968da368a28b85a711cd7b3d0aab6829453361eb686e915af6797cf717,4.0.0,multi-instance-paired-clean-1024-v1,AUTO_PASS_MULTI_INSTANCE_PAIRED_CLEAN_1024,NO,"{""brightness"":0.79178962,""contrast"":1.02566628,""crop_x"":0,""crop_y"":217,""noise_seed"":1304319909,""noise_sigma"":0.33203025,""orientation_degrees"":90,""resized_height"":1280,""resized_width"":1280}","{""blur_radius_px"":0.015259947779494559,""jpeg_quality"":94,""noise_seed"":670804176,""noise_sigma"":1.0166579416656403}","{""blur_radius_px"":5.876646878294107,""instances"":[{""instance_index"":1,""offset_x_px"":-1,""offset_y_px"":9,""opacity"":0.23724554},{""instance_index"":2,""offset_x_px"":1,""offset_y_px"":9,""opacity"":0.21869421},{""instance_index"":3,""offset_x_px"":-3,""offset_y_px"":5,""opacity"":0.24030574},{""instance_index"":4,""offset_x_px"":1,""offset_y_px"":9,""opacity"":0.20168883},{""instance_index"":5,""offset_x_px"":3,""offset_y_px"":7,""opacity"":0.3045048}]}"
syn-v4-conv-0096,97,synthetic/v4_conveyor/images/train/syn-v4-conv-0096.jpg,synthetic/v4_conveyor/masks/component_visible_instances/train/syn-v4-conv-0096.png,synthetic/v4_conveyor/masks/defect_semantic/train/syn-v4-conv-0096.png,synthetic/v4_conveyor/labels/yolo_component_status/train/syn-v4-conv-0096.txt,synthetic/v4_conveyor/labels/yolo_defects/train/syn-v4-conv-0096.txt,synthetic_black_conveyor_multi_instance,train,multi_instance_detection_segmentation,TRAIN_ONLY_MULTI_SCENE_SYNTHETIC,NO,NO,neutral_component_spot,IMGGEN-CONVEYOR-BLACK-V1,1503183994,0,5,5,normal_proxy|surface_spot|scratch|lead_breakage|body_crack,syn-v2-700-body_crack-0034|syn-v2-700-surface_spot-0024|syn-v2-700-scratch-0094|syn-v2-700-lead_breakage-0076|syn-v2-700-body_crack-0037,syn-v4-conv-0096,1280,720,8e2a49e3e04337ad53d6c4bff30ed08b00540a30d8ceccae02270c36d9eb91c7,e75f1daa0fae59485caad99f59c0f9056bbab328091e044b5e4ea25243c0f6b0,f76b944ce8581141ec00dd351d29629a02f2da3f70271a746d284d058f6c8136,6d9726e5d261dd4e46b0bf8e41505edc124473ed5ce8adfefac2d71585cb3131,42161a0bee56774d416c6cbafe152fb92c9c7c1779ecb6f25e22a324ff0eb936,29.128647,3.646778,39.000000,136.326080,107.197433,4.680138,0.000000,0.000000,SHADOWLESS_SAME_SENSOR_JPEG,fa5adb968da368a28b85a711cd7b3d0aab6829453361eb686e915af6797cf717,4.0.0,multi-instance-paired-clean-1024-v1,AUTO_PASS_MULTI_INSTANCE_PAIRED_CLEAN_1024,NO,"{""brightness"":0.81285536,""contrast"":1.05837923,""crop_x"":0,""crop_y"":82,""noise_seed"":3401157377,""noise_sigma"":0.04905304,""orientation_degrees"":0,""resized_height"":1280,""resized_width"":1280}","{""blur_radius_px"":0.34310588274683423,""jpeg_quality"":93,""noise_seed"":3643571271,""noise_sigma"":0.4826197666729591}","{""blur_radius_px"":6.95017278464082,""instances"":[{""instance_index"":1,""offset_x_px"":0,""offset_y_px"":6,""opacity"":0.20956669},{""instance_index"":2,""offset_x_px"":2,""offset_y_px"":9,""opacity"":0.29237594},{""instance_index"":3,""offset_x_px"":-3,""offset_y_px"":7,""opacity"":0.28703733},{""instance_index"":4,""offset_x_px"":1,""offset_y_px"":8,""opacity"":0.20098151},{""instance_index"":5,""offset_x_px"":-2,""offset_y_px"":9,""opacity"":0.2931568}]}"
syn-v4-conv-0097,98,synthetic/v4_conveyor/images/train/syn-v4-conv-0097.jpg,synthetic/v4_conveyor/masks/component_visible_instances/train/syn-v4-conv-0097.png,synthetic/v4_conveyor/masks/defect_semantic/train/syn-v4-conv-0097.png,synthetic/v4_conveyor/labels/yolo_component_status/train/syn-v4-conv-0097.txt,synthetic/v4_conveyor/labels/yolo_defects/train/syn-v4-conv-0097.txt,synthetic_black_conveyor_multi_instance,train,multi_instance_detection_segmentation,TRAIN_ONLY_MULTI_SCENE_SYNTHETIC,NO,NO,warm_component_spot,IMGGEN-CONVEYOR-BLACK-V1,3458752319,0,5,5,contamination|lead_breakage|normal_proxy|discoloration|body_chip,syn-v2-700-contamination-0044|syn-v2-700-lead_breakage-0069|syn-v2-700-surface_spot-0004|syn-v2-700-discoloration-0025|syn-v2-700-body_chip-0050,syn-v4-conv-0097,1280,720,808dd7c2d8d03bc19a349b64886379883f97025e7d65b116d49401d8e55ef739,c6f0581a4f0224ee9a418aa96c33626b2d202c801b6ec3d5b67b869a6228dace,95a717f18f11e06ab61a3ce8d4ac2f9cda7617ae422c624ecf85cce522b60f1b,21455d8e93b0a61a4da56904660380c7c74b6684ecd3e9ffa5c3d9ec8308134b,8fec45cd3e31d28cbc85fd895f35e98e889624fcd3f3d1e26f17388d3465d168,26.186104,2.859395,34.502598,132.990021,106.803917,5.078649,0.000000,0.000000,SHADOWLESS_SAME_SENSOR_JPEG,fa5adb968da368a28b85a711cd7b3d0aab6829453361eb686e915af6797cf717,4.0.0,multi-instance-paired-clean-1024-v1,AUTO_PASS_MULTI_INSTANCE_PAIRED_CLEAN_1024,NO,"{""brightness"":0.75390286,""contrast"":0.96353239,""crop_x"":0,""crop_y"":14,""noise_seed"":4285478585,""noise_sigma"":0.66513949,""orientation_degrees"":270,""resized_height"":1280,""resized_width"":1280}","{""blur_radius_px"":0.15818960447122585,""jpeg_quality"":94,""noise_seed"":4216676164,""noise_sigma"":0.6155489596002695}","{""blur_radius_px"":7.888269337253081,""instances"":[{""instance_index"":1,""offset_x_px"":-2,""offset_y_px"":10,""opacity"":0.26236616},{""instance_index"":2,""offset_x_px"":4,""offset_y_px"":9,""opacity"":0.23861328},{""instance_index"":3,""offset_x_px"":5,""offset_y_px"":7,""opacity"":0.29927007},{""instance_index"":4,""offset_x_px"":2,""offset_y_px"":8,""opacity"":0.2341901},{""instance_index"":5,""offset_x_px"":-2,""offset_y_px"":5,""opacity"":0.21158338}]}"
syn-v4-conv-0098,99,synthetic/v4_conveyor/images/train/syn-v4-conv-0098.jpg,synthetic/v4_conveyor/masks/component_visible_instances/train/syn-v4-conv-0098.png,synthetic/v4_conveyor/masks/defect_semantic/train/syn-v4-conv-0098.png,synthetic/v4_conveyor/labels/yolo_component_status/train/syn-v4-conv-0098.txt,synthetic/v4_conveyor/labels/yolo_defects/train/syn-v4-conv-0098.txt,synthetic_black_conveyor_multi_instance,train,multi_instance_detection_segmentation,TRAIN_ONLY_MULTI_SCENE_SYNTHETIC,NO,NO,cool_component_spot,IMGGEN-CONVEYOR-BLACK-V1,1132085460,0,5,5,body_crack|normal_proxy|surface_spot|discoloration|scratch,syn-v2-700-body_crack-0027|syn-v2-700-lead_breakage-0068|syn-v2-700-surface_spot-0049|syn-v2-700-discoloration-0089|syn-v2-700-scratch-0044,syn-v4-conv-0098,1280,720,8edfba52860522bc5a27dfd8e88a33ad10534cc985226f1d29954e96c144d354,65b6d7fe0a4287a2a2107f7aeb125fabf00129c53d5af0f3c726e3a25547dcfa,1faa00ee85e8d16f03e3274ef013ca65d3c5ffff975ec243b97f8a9fb181e9e9,6c3c24f2c14af7f3a69f08956fe017f932a9e248569da8b2ef9480924ae79a57,00d3a9c418ce282ea030b3d0887ac75c8f3d3301d94bd732c62afa385b8acd28,32.342220,3.372138,42.000000,136.421310,104.079090,4.218056,0.000000,0.000000,SHADOWLESS_SAME_SENSOR_JPEG,fa5adb968da368a28b85a711cd7b3d0aab6829453361eb686e915af6797cf717,4.0.0,multi-instance-paired-clean-1024-v1,AUTO_PASS_MULTI_INSTANCE_PAIRED_CLEAN_1024,NO,"{""brightness"":0.89630247,""contrast"":0.94702871,""crop_x"":0,""crop_y"":461,""noise_seed"":1860278778,""noise_sigma"":1.09139235,""orientation_degrees"":180,""resized_height"":1280,""resized_width"":1280}","{""blur_radius_px"":0.20374582107110648,""jpeg_quality"":94,""noise_seed"":2823688818,""noise_sigma"":0.5038168364980073}","{""blur_radius_px"":7.020849129769947,""instances"":[{""instance_index"":1,""offset_x_px"":4,""offset_y_px"":10,""opacity"":0.22784092},{""instance_index"":2,""offset_x_px"":5,""offset_y_px"":10,""opacity"":0.26237939},{""instance_index"":3,""offset_x_px"":1,""offset_y_px"":9,""opacity"":0.19140327},{""instance_index"":4,""offset_x_px"":-2,""offset_y_px"":10,""opacity"":0.21356161},{""instance_index"":5,""offset_x_px"":1,""offset_y_px"":9,""opacity"":0.26489776}]}"
syn-v4-conv-0099,100,synthetic/v4_conveyor/images/train/syn-v4-conv-0099.jpg,synthetic/v4_conveyor/masks/component_visible_instances/train/syn-v4-conv-0099.png,synthetic/v4_conveyor/masks/defect_semantic/train/syn-v4-conv-0099.png,synthetic/v4_conveyor/labels/yolo_component_status/train/syn-v4-conv-0099.txt,synthetic/v4_conveyor/labels/yolo_defects/train/syn-v4-conv-0099.txt,synthetic_black_conveyor_multi_instance,train,multi_instance_detection_segmentation,TRAIN_ONLY_MULTI_SCENE_SYNTHETIC,NO,NO,side_component_spot,IMGGEN-CONVEYOR-BLACK-V1,2754089263,0,5,5,discoloration|normal_proxy|body_crack|body_chip|contamination,syn-v2-700-discoloration-0018|syn-v2-700-lead_breakage-0012|syn-v2-700-body_crack-0033|syn-v2-700-body_chip-0004|syn-v2-700-contamination-0011,syn-v4-conv-0099,1280,720,decab05687a83cdb064f289831f5f7daa044b395c57d5bf66480d49953cc5008,fc41a4c9ccee1a5c77658bf52f54cc7ce4c487507df64de56a04a12a51fb6293,859bd55cf4c1dc7d3f504c83dc33cec58412819e88fa09dec9eeaaab30774b77,6cadc17c23c47d521ed4985dcc66e2e741155e4ef402b76b7a062e1a6e9178bb,ce400f0bbce66b6b101216684561b26b1506a2b4231a46b39cd019c601e2b23c,31.158195,4.227629,42.358200,136.856583,105.698387,4.392314,0.000000,0.000000,SHADOWLESS_SAME_SENSOR_JPEG,fa5adb968da368a28b85a711cd7b3d0aab6829453361eb686e915af6797cf717,4.0.0,multi-instance-paired-clean-1024-v1,AUTO_PASS_MULTI_INSTANCE_PAIRED_CLEAN_1024,NO,"{""brightness"":0.88524854,""contrast"":1.04674979,""crop_x"":0,""crop_y"":264,""noise_seed"":1825917726,""noise_sigma"":1.00865925,""orientation_degrees"":270,""resized_height"":1280,""resized_width"":1280}","{""blur_radius_px"":0.26128280595733044,""jpeg_quality"":93,""noise_seed"":2737343642,""noise_sigma"":0.9341082529184797}","{""blur_radius_px"":5.460366550409406,""instances"":[{""instance_index"":1,""offset_x_px"":5,""offset_y_px"":6,""opacity"":0.29926794},{""instance_index"":2,""offset_x_px"":-3,""offset_y_px"":8,""opacity"":0.24617975},{""instance_index"":3,""offset_x_px"":1,""offset_y_px"":9,""opacity"":0.20595654},{""instance_index"":4,""offset_x_px"":0,""offset_y_px"":6,""opacity"":0.23482181},{""instance_index"":5,""offset_x_px"":5,""offset_y_px"":8,""opacity"":0.26488091}]}"
syn-v4-conv-0100,101,synthetic/v4_conveyor/images/train/syn-v4-conv-0100.jpg,synthetic/v4_conveyor/masks/component_visible_instances/train/syn-v4-conv-0100.png,synthetic/v4_conveyor/masks/defect_semantic/train/syn-v4-conv-0100.png,synthetic/v4_conveyor/labels/yolo_component_status/train/syn-v4-conv-0100.txt,synthetic/v4_conveyor/labels/yolo_defects/train/syn-v4-conv-0100.txt,synthetic_black_conveyor_multi_instance,train,multi_instance_detection_segmentation,TRAIN_ONLY_MULTI_SCENE_SYNTHETIC,NO,NO,neutral_component_spot,IMGGEN-CONVEYOR-BLACK-V1,2419221636,0,5,5,body_chip|contamination|scratch|normal_proxy|surface_spot,syn-v2-700-body_chip-0033|syn-v2-700-contamination-0011|syn-v2-700-scratch-0096|syn-v2-700-body_crack-0027|syn-v2-700-surface_spot-0088,syn-v4-conv-0100,1280,720,cd99ec0999753881a99602472b819950cd8cff3d21d065e3520a4a7c2966fd27,c646dc4ff4de60e4ffd8e70c3e2410242e23853dd4d86ff25595631ffa47ebd6,7e14f83b1f8a34811948a0384f4449294a8279e725736be9fd09c84107756222,e347992da73e65ff0bd977e63f68f76129cf6269134ae27501f14378155cab44,a98c54727a370b72c004abee47b0a2bc73b99946308401175ea5587a7138b049,29.412464,3.305516,38.855598,142.381393,112.968929,4.840852,0.000000,0.000000,SHADOWLESS_SAME_SENSOR_JPEG,fa5adb968da368a28b85a711cd7b3d0aab6829453361eb686e915af6797cf717,4.0.0,multi-instance-paired-clean-1024-v1,AUTO_PASS_MULTI_INSTANCE_PAIRED_CLEAN_1024,NO,"{""brightness"":0.83499693,""contrast"":0.96966286,""crop_x"":0,""crop_y"":534,""noise_seed"":287088225,""noise_sigma"":1.09501153,""orientation_degrees"":270,""resized_height"":1280,""resized_width"":1280}","{""blur_radius_px"":0.0657001441600032,""jpeg_quality"":96,""noise_seed"":4130928773,""noise_sigma"":1.2025832778898449}","{""blur_radius_px"":8.769111678739959,""instances"":[{""instance_index"":1,""offset_x_px"":3,""offset_y_px"":5,""opacity"":0.30201255},{""instance_index"":2,""offset_x_px"":0,""offset_y_px"":10,""opacity"":0.20297299},{""instance_index"":3,""offset_x_px"":4,""offset_y_px"":7,""opacity"":0.23743938},{""instance_index"":4,""offset_x_px"":2,""offset_y_px"":7,""opacity"":0.21967559},{""instance_index"":5,""offset_x_px"":0,""offset_y_px"":8,""opacity"":0.30039714}]}"
syn-v4-conv-0101,102,synthetic/v4_conveyor/images/train/syn-v4-conv-0101.jpg,synthetic/v4_conveyor/masks/component_visible_instances/train/syn-v4-conv-0101.png,synthetic/v4_conveyor/masks/defect_semantic/train/syn-v4-conv-0101.png,synthetic/v4_conveyor/labels/yolo_component_status/train/syn-v4-conv-0101.txt,synthetic/v4_conveyor/labels/yolo_defects/train/syn-v4-conv-0101.txt,synthetic_black_conveyor_multi_instance,train,multi_instance_detection_segmentation,TRAIN_ONLY_MULTI_SCENE_SYNTHETIC,NO,NO,warm_component_spot,IMGGEN-CONVEYOR-BLACK-V1,482573074,0,5,5,scratch|discoloration|lead_breakage|contamination|body_crack,syn-v2-700-scratch-0005|syn-v2-700-discoloration-0027|syn-v2-700-lead_breakage-0056|syn-v2-700-contamination-0088|syn-v2-700-body_crack-0089,syn-v4-conv-0101,1280,720,fb78323c20869948d85264b4515dac1c05cff9b7e75d8810e3750852bc288cec,7bbba2ee1ec2e38addd044330b22e3e99c663d75b20cbed366f16949a14064c5,efb63954d84e75bfdda6b3b9b9af511469ad085124cb1c1c351aa44dbab21ef5,765eefff0fb9616801cf6eca746f3d84cd10c582f220c42d92176dfa9fbfdb89,b0c8d348de66ef49a0ec354746f32abdadeb673b8bb2c2d0ab94401507590116,27.613316,2.927161,36.000000,144.154846,116.541531,5.220483,0.000000,0.000000,SHADOWLESS_SAME_SENSOR_JPEG,fa5adb968da368a28b85a711cd7b3d0aab6829453361eb686e915af6797cf717,4.0.0,multi-instance-paired-clean-1024-v1,AUTO_PASS_MULTI_INSTANCE_PAIRED_CLEAN_1024,NO,"{""brightness"":0.79123116,""contrast"":0.94141908,""crop_x"":0,""crop_y"":50,""noise_seed"":3659056122,""noise_sigma"":0.3147664,""orientation_degrees"":90,""resized_height"":1280,""resized_width"":1280}","{""blur_radius_px"":0.12119810007901904,""jpeg_quality"":93,""noise_seed"":868004940,""noise_sigma"":1.0317909880909295}","{""blur_radius_px"":6.460593168530467,""instances"":[{""instance_index"":1,""offset_x_px"":4,""offset_y_px"":6,""opacity"":0.2854505},{""instance_index"":2,""offset_x_px"":4,""offset_y_px"":5,""opacity"":0.20748138},{""instance_index"":3,""offset_x_px"":1,""offset_y_px"":5,""opacity"":0.28180181},{""instance_index"":4,""offset_x_px"":2,""offset_y_px"":10,""opacity"":0.24691551},{""instance_index"":5,""offset_x_px"":1,""offset_y_px"":7,""opacity"":0.23184402}]}"
syn-v4-conv-0102,103,synthetic/v4_conveyor/images/train/syn-v4-conv-0102.jpg,synthetic/v4_conveyor/masks/component_visible_instances/train/syn-v4-conv-0102.png,synthetic/v4_conveyor/masks/defect_semantic/train/syn-v4-conv-0102.png,synthetic/v4_conveyor/labels/yolo_component_status/train/syn-v4-conv-0102.txt,synthetic/v4_conveyor/labels/yolo_defects/train/syn-v4-conv-0102.txt,synthetic_black_conveyor_multi_instance,train,multi_instance_detection_segmentation,TRAIN_ONLY_MULTI_SCENE_SYNTHETIC,NO,NO,cool_component_spot,IMGGEN-CONVEYOR-BLACK-V1,1560312649,0,5,5,lead_breakage|body_chip|normal_proxy|scratch|body_crack,syn-v2-700-lead_breakage-0093|syn-v2-700-body_chip-0019|syn-v2-700-body_chip-0058|syn-v2-700-scratch-0028|syn-v2-700-body_crack-0008,syn-v4-conv-0102,1280,720,7889828eb6168baf251fc4769742aacc869f1d9a577ea0564184e3bb14a8b738,4b4fd19f3a223d029989c89fd58418bf7c3b6014d13c255d2988016e43eb377d,2d5cacab60d23fd0594511643d6c909c648a46a774f73f2ce64032c7b78a36f6,3117601096be28190e3562a3225cd2939fc322433bf6dfa9a1ec5a8419163052,ea53e258d59a589a5517d93c66456665a01598ccd0293d11ae3ccb71544cd1dc,31.727638,3.577803,42.000000,139.458710,107.731071,4.395496,0.000000,0.000000,SHADOWLESS_SAME_SENSOR_JPEG,fa5adb968da368a28b85a711cd7b3d0aab6829453361eb686e915af6797cf717,4.0.0,multi-instance-paired-clean-1024-v1,AUTO_PASS_MULTI_INSTANCE_PAIRED_CLEAN_1024,NO,"{""brightness"":0.89542532,""contrast"":0.93408751,""crop_x"":0,""crop_y"":157,""noise_seed"":3260027950,""noise_sigma"":0.75449226,""orientation_degrees"":90,""resized_height"":1280,""resized_width"":1280}","{""blur_radius_px"":0.2177414523186274,""jpeg_quality"":96,""noise_seed"":847949330,""noise_sigma"":1.1347652686181198}","{""blur_radius_px"":8.974924681924538,""instances"":[{""instance_index"":1,""offset_x_px"":-3,""offset_y_px"":8,""opacity"":0.29658643},{""instance_index"":2,""offset_x_px"":1,""offset_y_px"":7,""opacity"":0.28278279},{""instance_index"":3,""offset_x_px"":1,""offset_y_px"":10,""opacity"":0.27830175},{""instance_index"":4,""offset_x_px"":4,""offset_y_px"":5,""opacity"":0.31429417},{""instance_index"":5,""offset_x_px"":4,""offset_y_px"":7,""opacity"":0.30850849}]}"
syn-v4-conv-0103,104,synthetic/v4_conveyor/images/train/syn-v4-conv-0103.jpg,synthetic/v4_conveyor/masks/component_visible_instances/train/syn-v4-conv-0103.png,synthetic/v4_conveyor/masks/defect_semantic/train/syn-v4-conv-0103.png,synthetic/v4_conveyor/labels/yolo_component_status/train/syn-v4-conv-0103.txt,synthetic/v4_conveyor/labels/yolo_defects/train/syn-v4-conv-0103.txt,synthetic_black_conveyor_multi_instance,train,multi_instance_detection_segmentation,TRAIN_ONLY_MULTI_SCENE_SYNTHETIC,NO,NO,side_component_spot,IMGGEN-CONVEYOR-BLACK-V1,469043413,0,5,5,normal_proxy|lead_breakage|body_crack|scratch|contamination,syn-v2-700-lead_breakage-0053|syn-v2-700-lead_breakage-0089|syn-v2-700-body_crack-0003|syn-v2-700-scratch-0090|syn-v2-700-contamination-0073,syn-v4-conv-0103,1280,720,5daf41eb3c2bd852ca32fb38a532528a7e34442fc86f522031ba3b676edabf6e,2d9635683e2d7674585f7efd283f2106f5981d8e15d00a6316a5f6b71e508693,d720723fa487eeb9d4c273e7ed219ab91e832a212634d6cbe649b0659ec36adb,dc782848c22193f25b06b22ebdc361840b3d7634eb93a85053abbc5105a72c73,12359e7d12ffb3ce5e667cf396185da37e256ef328033c33fb7a0de31e83d933,25.729355,2.775141,33.931801,143.627548,117.898193,5.582244,0.000000,0.000000,SHADOWLESS_SAME_SENSOR_JPEG,fa5adb968da368a28b85a711cd7b3d0aab6829453361eb686e915af6797cf717,4.0.0,multi-instance-paired-clean-1024-v1,AUTO_PASS_MULTI_INSTANCE_PAIRED_CLEAN_1024,NO,"{""brightness"":0.73637917,""contrast"":0.99027167,""crop_x"":0,""crop_y"":14,""noise_seed"":644304023,""noise_sigma"":0.55736528,""orientation_degrees"":90,""resized_height"":1280,""resized_width"":1280}","{""blur_radius_px"":0.3046405636934079,""jpeg_quality"":94,""noise_seed"":2316165401,""noise_sigma"":1.2799093757932074}","{""blur_radius_px"":5.148859425141893,""instances"":[{""instance_index"":1,""offset_x_px"":1,""offset_y_px"":6,""opacity"":0.27418898},{""instance_index"":2,""offset_x_px"":4,""offset_y_px"":10,""opacity"":0.21961479},{""instance_index"":3,""offset_x_px"":4,""offset_y_px"":5,""opacity"":0.18958184},{""instance_index"":4,""offset_x_px"":3,""offset_y_px"":7,""opacity"":0.26715927},{""instance_index"":5,""offset_x_px"":3,""offset_y_px"":8,""opacity"":0.19963088}]}"
syn-v4-conv-0104,105,synthetic/v4_conveyor/images/train/syn-v4-conv-0104.jpg,synthetic/v4_conveyor/masks/component_visible_instances/train/syn-v4-conv-0104.png,synthetic/v4_conveyor/masks/defect_semantic/train/syn-v4-conv-0104.png,synthetic/v4_conveyor/labels/yolo_component_status/train/syn-v4-conv-0104.txt,synthetic/v4_conveyor/labels/yolo_defects/train/syn-v4-conv-0104.txt,synthetic_black_conveyor_multi_instance,train,multi_instance_detection_segmentation,TRAIN_ONLY_MULTI_SCENE_SYNTHETIC,NO,NO,neutral_component_spot,IMGGEN-CONVEYOR-BLACK-V1,2202870278,0,5,5,body_chip|surface_spot|discoloration|normal_proxy|lead_breakage,syn-v2-700-body_chip-0079|syn-v2-700-surface_spot-0070|syn-v2-700-discoloration-0071|syn-v2-700-lead_breakage-0053|syn-v2-700-lead_breakage-0029,syn-v4-conv-0104,1280,720,072b23178a6022aa346dd6480adabfe7cc96248620093abedd6b4890e04f8971,b303aad38d121fb7862bea51a61ba50268783ae788266905bdca485340e19a0f,9f12159478db8619f67d7c1f7cbdaafb8177f643c181ad92e601eda91cc39ce8,7c2f5db27d474ffde320fe646d3091e1c7dd9c5d1c308c3c67c3e01682b78ce3,d589b4a9e0d3f6540e2a0f5f6377e928dc12f097c0d6fa7e79ef778705419d3c,28.511335,2.838886,36.144398,141.629623,113.118288,4.967485,0.000000,0.000000,SHADOWLESS_SAME_SENSOR_JPEG,fa5adb968da368a28b85a711cd7b3d0aab6829453361eb686e915af6797cf717,4.0.0,multi-instance-paired-clean-1024-v1,AUTO_PASS_MULTI_INSTANCE_PAIRED_CLEAN_1024,NO,"{""brightness"":0.81132983,""contrast"":0.978471,""crop_x"":0,""crop_y"":262,""noise_seed"":1259979322,""noise_sigma"":0.0791365,""orientation_degrees"":180,""resized_height"":1280,""resized_width"":1280}","{""blur_radius_px"":0.13015432367007082,""jpeg_quality"":94,""noise_seed"":344839797,""noise_sigma"":0.3020812246370917}","{""blur_radius_px"":8.203476689424715,""instances"":[{""instance_index"":1,""offset_x_px"":3,""offset_y_px"":5,""opacity"":0.18353121},{""instance_index"":2,""offset_x_px"":-1,""offset_y_px"":5,""opacity"":0.31679161},{""instance_index"":3,""offset_x_px"":1,""offset_y_px"":10,""opacity"":0.29219137},{""instance_index"":4,""offset_x_px"":5,""offset_y_px"":8,""opacity"":0.31316717},{""instance_index"":5,""offset_x_px"":4,""offset_y_px"":5,""opacity"":0.30436992}]}"
syn-v4-conv-0105,106,synthetic/v4_conveyor/images/train/syn-v4-conv-0105.jpg,synthetic/v4_conveyor/masks/component_visible_instances/train/syn-v4-conv-0105.png,synthetic/v4_conveyor/masks/defect_semantic/train/syn-v4-conv-0105.png,synthetic/v4_conveyor/labels/yolo_component_status/train/syn-v4-conv-0105.txt,synthetic/v4_conveyor/labels/yolo_defects/train/syn-v4-conv-0105.txt,synthetic_black_conveyor_multi_instance,train,multi_instance_detection_segmentation,TRAIN_ONLY_MULTI_SCENE_SYNTHETIC,NO,NO,warm_component_spot,IMGGEN-CONVEYOR-BLACK-V1,269775882,0,5,5,lead_breakage|body_chip|scratch|surface_spot|normal_proxy,syn-v2-700-lead_breakage-0018|syn-v2-700-body_chip-0026|syn-v2-700-scratch-0087|syn-v2-700-surface_spot-0004|syn-v2-700-scratch-0047,syn-v4-conv-0105,1280,720,af067781791254689ced217fc1654c679c4b23641fe496b4a2ba9c6b40953969,41636199790f93484962578640f88596e89a5271b0bce5c61931c6c538462448,2852c9977eae18cfba1b5ef0ac7803a443e7cb1c87dd5db3180d1160b3715a2f,31245db605e05369df4602106a3797cd9c229998a5438beea77bf7fd165ef791,36b54dfd1193d5fe0247b01f16f2dea22b4589aaae6cc4c03438469fd3f5b435,32.935333,4.062178,43.641804,141.590973,108.655640,4.299060,0.000000,0.000000,SHADOWLESS_SAME_SENSOR_JPEG,fa5adb968da368a28b85a711cd7b3d0aab6829453361eb686e915af6797cf717,4.0.0,multi-instance-paired-clean-1024-v1,AUTO_PASS_MULTI_INSTANCE_PAIRED_CLEAN_1024,NO,"{""brightness"":0.9248725,""contrast"":1.06032123,""crop_x"":0,""crop_y"":375,""noise_seed"":2901410818,""noise_sigma"":0.07395399,""orientation_degrees"":180,""resized_height"":1280,""resized_width"":1280}","{""blur_radius_px"":0.21952472494653055,""jpeg_quality"":93,""noise_seed"":3805813403,""noise_sigma"":1.1590566830771212}","{""blur_radius_px"":7.275775337660468,""instances"":[{""instance_index"":1,""offset_x_px"":2,""offset_y_px"":6,""opacity"":0.18387182},{""instance_index"":2,""offset_x_px"":-1,""offset_y_px"":9,""opacity"":0.21223353},{""instance_index"":3,""offset_x_px"":3,""offset_y_px"":8,""opacity"":0.23099775},{""instance_index"":4,""offset_x_px"":-1,""offset_y_px"":6,""opacity"":0.25262215},{""instance_index"":5,""offset_x_px"":3,""offset_y_px"":10,""opacity"":0.28427644}]}"
syn-v4-conv-0106,107,synthetic/v4_conveyor/images/train/syn-v4-conv-0106.jpg,synthetic/v4_conveyor/masks/component_visible_instances/train/syn-v4-conv-0106.png,synthetic/v4_conveyor/masks/defect_semantic/train/syn-v4-conv-0106.png,synthetic/v4_conveyor/labels/yolo_component_status/train/syn-v4-conv-0106.txt,synthetic/v4_conveyor/labels/yolo_defects/train/syn-v4-conv-0106.txt,synthetic_black_conveyor_multi_instance,train,multi_instance_detection_segmentation,TRAIN_ONLY_MULTI_SCENE_SYNTHETIC,NO,NO,cool_component_spot,IMGGEN-CONVEYOR-BLACK-V1,1292712698,0,5,5,lead_breakage|body_chip|discoloration|contamination|body_crack,syn-v2-700-lead_breakage-0051|syn-v2-700-body_chip-0060|syn-v2-700-discoloration-0009|syn-v2-700-contamination-0051|syn-v2-700-body_crack-0036,syn-v4-conv-0106,1280,720,6224e3737c379303db6620eca86c98a2a94b6a351900a12692fecd32918ae560,3c576683deddd5806e06b68f8df70076ef6dab87d5b11b73748655272e121002,f525458c18c9cf72826dde656d2d5957f0d94d388275a56393f349abd180e17e,01d8f9b09cbf38479f73ba44a41ab33b7d19f42adee9332347fb31e315190a01,d5ca045fb00f53abd343b0038d89f5667d3466e6581425d04f96231a7d2c6b56,25.879606,2.916683,34.144402,145.126419,119.246813,5.607752,0.000000,0.000000,SHADOWLESS_SAME_SENSOR_JPEG,fa5adb968da368a28b85a711cd7b3d0aab6829453361eb686e915af6797cf717,4.0.0,multi-instance-paired-clean-1024-v1,AUTO_PASS_MULTI_INSTANCE_PAIRED_CLEAN_1024,NO,"{""brightness"":0.73702214,""contrast"":0.92494818,""crop_x"":0,""crop_y"":317,""noise_seed"":533435619,""noise_sigma"":0.69917152,""orientation_degrees"":90,""resized_height"":1280,""resized_width"":1280}","{""blur_radius_px"":0.3073538691419934,""jpeg_quality"":96,""noise_seed"":418419298,""noise_sigma"":1.1917353973304676}","{""blur_radius_px"":6.632747197013144,""instances"":[{""instance_index"":1,""offset_x_px"":0,""offset_y_px"":5,""opacity"":0.30939599},{""instance_index"":2,""offset_x_px"":1,""offset_y_px"":10,""opacity"":0.25129583},{""instance_index"":3,""offset_x_px"":2,""offset_y_px"":8,""opacity"":0.25891811},{""instance_index"":4,""offset_x_px"":5,""offset_y_px"":9,""opacity"":0.20589713},{""instance_index"":5,""offset_x_px"":0,""offset_y_px"":9,""opacity"":0.28422707}]}"
syn-v4-conv-0107,108,synthetic/v4_conveyor/images/train/syn-v4-conv-0107.jpg,synthetic/v4_conveyor/masks/component_visible_instances/train/syn-v4-conv-0107.png,synthetic/v4_conveyor/masks/defect_semantic/train/syn-v4-conv-0107.png,synthetic/v4_conveyor/labels/yolo_component_status/train/syn-v4-conv-0107.txt,synthetic/v4_conveyor/labels/yolo_defects/train/syn-v4-conv-0107.txt,synthetic_black_conveyor_multi_instance,train,multi_instance_detection_segmentation,TRAIN_ONLY_MULTI_SCENE_SYNTHETIC,NO,NO,side_component_spot,IMGGEN-CONVEYOR-BLACK-V1,2260008368,0,5,5,contamination|discoloration|normal_proxy|surface_spot|body_chip,syn-v2-700-contamination-0073|syn-v2-700-discoloration-0047|syn-v2-700-lead_breakage-0082|syn-v2-700-surface_spot-0024|syn-v2-700-body_chip-0026,syn-v4-conv-0107,1280,720,70452549be66bb09776d767a513248b82f37b686b11c9959979d73f16d751542,ffff3863eee29561f99ef63233aea3e8ff8ac4bc91d7b429ccfebed1b8341842,cf2654d378337d459b5c2ebd7bc12ad34330a710b3bf0242961b6af16a57e080,ae753eca642a385d18ca9fe16b0ee6235669854bbea311f77e4dba665dc6880a,cedd5ef468aa1b72865c5ad82f2bd8feeb3d25d109c33df9389d53f7a3da52d6,26.979628,3.621154,36.144398,141.071381,114.091753,5.228811,0.000000,0.000000,SHADOWLESS_SAME_SENSOR_JPEG,fa5adb968da368a28b85a711cd7b3d0aab6829453361eb686e915af6797cf717,4.0.0,multi-instance-paired-clean-1024-v1,AUTO_PASS_MULTI_INSTANCE_PAIRED_CLEAN_1024,NO,"{""brightness"":0.75353382,""contrast"":1.07499048,""crop_x"":0,""crop_y"":5,""noise_seed"":4199558064,""noise_sigma"":1.188419,""orientation_degrees"":0,""resized_height"":1280,""resized_width"":1280}","{""blur_radius_px"":0.15288269348351397,""jpeg_quality"":94,""noise_seed"":1942623844,""noise_sigma"":0.6898635359821912}","{""blur_radius_px"":6.62289880095056,""instances"":[{""instance_index"":1,""offset_x_px"":4,""offset_y_px"":5,""opacity"":0.31883881},{""instance_index"":2,""offset_x_px"":2,""offset_y_px"":6,""opacity"":0.26660546},{""instance_index"":3,""offset_x_px"":-3,""offset_y_px"":5,""opacity"":0.31146243},{""instance_index"":4,""offset_x_px"":2,""offset_y_px"":10,""opacity"":0.29690578},{""instance_index"":5,""offset_x_px"":1,""offset_y_px"":5,""opacity"":0.20662186}]}"
syn-v4-conv-0108,109,synthetic/v4_conveyor/images/train/syn-v4-conv-0108.jpg,synthetic/v4_conveyor/masks/component_visible_instances/train/syn-v4-conv-0108.png,synthetic/v4_conveyor/masks/defect_semantic/train/syn-v4-conv-0108.png,synthetic/v4_conveyor/labels/yolo_component_status/train/syn-v4-conv-0108.txt,synthetic/v4_conveyor/labels/yolo_defects/train/syn-v4-conv-0108.txt,synthetic_black_conveyor_multi_instance,train,multi_instance_detection_segmentation,TRAIN_ONLY_MULTI_SCENE_SYNTHETIC,NO,NO,neutral_component_spot,IMGGEN-CONVEYOR-BLACK-V1,3886505296,0,5,5,normal_proxy|body_crack|discoloration|surface_spot|body_chip,syn-v2-700-body_crack-0008|syn-v2-700-body_crack-0097|syn-v2-700-discoloration-0082|syn-v2-700-surface_spot-0001|syn-v2-700-body_chip-0033,syn-v4-conv-0108,1280,720,8c0a4291f9daab25f69098cfd6adbccadbc7d5baf5518bc4000c85e2569147aa,ae6639f696a184c4cc305b53d99268e50983fe028d8288e8a244176e8ccc5427,1ae8cae7a92c1affe582ac5d1a921621fd5f7a13c9b9f625a0e37286ba934161,333041d975fe0f1346571fab38c67f0342bf7dce0a19f1bf992a007716f57658,733d03cc778c93e74dbb55cf7658f6d0bfff3a619e30d6ec91e3d1479f4a90af,29.846979,3.256258,39.144402,140.532120,110.685141,4.708420,0.000000,0.000000,SHADOWLESS_SAME_SENSOR_JPEG,fa5adb968da368a28b85a711cd7b3d0aab6829453361eb686e915af6797cf717,4.0.0,multi-instance-paired-clean-1024-v1,AUTO_PASS_MULTI_INSTANCE_PAIRED_CLEAN_1024,NO,"{""brightness"":0.84870596,""contrast"":0.99776198,""crop_x"":0,""crop_y"":497,""noise_seed"":3858949261,""noise_sigma"":0.83094853,""orientation_degrees"":90,""resized_height"":1280,""resized_width"":1280}","{""blur_radius_px"":0.163354375670891,""jpeg_quality"":95,""noise_seed"":3261826110,""noise_sigma"":0.4810032983656343}","{""blur_radius_px"":8.124824098956346,""instances"":[{""instance_index"":1,""offset_x_px"":5,""offset_y_px"":5,""opacity"":0.27229206},{""instance_index"":2,""offset_x_px"":0,""offset_y_px"":8,""opacity"":0.28165074},{""instance_index"":3,""offset_x_px"":4,""offset_y_px"":6,""opacity"":0.1937955},{""instance_index"":4,""offset_x_px"":0,""offset_y_px"":7,""opacity"":0.30753991},{""instance_index"":5,""offset_x_px"":5,""offset_y_px"":5,""opacity"":0.25217831}]}"
syn-v4-conv-0109,110,synthetic/v4_conveyor/images/train/syn-v4-conv-0109.jpg,synthetic/v4_conveyor/masks/component_visible_instances/train/syn-v4-conv-0109.png,synthetic/v4_conveyor/masks/defect_semantic/train/syn-v4-conv-0109.png,synthetic/v4_conveyor/labels/yolo_component_status/train/syn-v4-conv-0109.txt,synthetic/v4_conveyor/labels/yolo_defects/train/syn-v4-conv-0109.txt,synthetic_black_conveyor_multi_instance,train,multi_instance_detection_segmentation,TRAIN_ONLY_MULTI_SCENE_SYNTHETIC,NO,NO,warm_component_spot,IMGGEN-CONVEYOR-BLACK-V1,753913294,0,5,5,contamination|scratch|discoloration|surface_spot|normal_proxy,syn-v2-700-contamination-0075|syn-v2-700-scratch-0057|syn-v2-700-discoloration-0072|syn-v2-700-surface_spot-0047|syn-v2-700-discoloration-0098,syn-v4-conv-0109,1280,720,02229b3c1e1bda70d7e99fd4cc9f594cf7e6665c439e5739ef399fcdeff79193,54d0449a58ed14e37dc5aa5cc00d97490b903840a17dddb9e5f42db7ea72fd07,3accf2c19008073f1d9bd0807809152190ce663613815d552c9126fc6a78a0c4,8bafdf28b92ea771d790a3187cd2b2e29b4ffe674ca17bc68f817286fff66ad5,239f9e231a4e10c429619c526e8d4201b49f9bc8fc02cbf72d5e3858731bb5d7,26.802408,3.685490,36.502602,140.718323,113.915915,5.250212,0.000000,0.000000,SHADOWLESS_SAME_SENSOR_JPEG,fa5adb968da368a28b85a711cd7b3d0aab6829453361eb686e915af6797cf717,4.0.0,multi-instance-paired-clean-1024-v1,AUTO_PASS_MULTI_INSTANCE_PAIRED_CLEAN_1024,NO,"{""brightness"":0.76804716,""contrast"":1.04957478,""crop_x"":0,""crop_y"":494,""noise_seed"":3450741318,""noise_sigma"":1.13350905,""orientation_degrees"":270,""resized_height"":1280,""resized_width"":1280}","{""blur_radius_px"":0.20996462160574692,""jpeg_quality"":93,""noise_seed"":3411020404,""noise_sigma"":1.1141624335338045}","{""blur_radius_px"":5.851747614617553,""instances"":[{""instance_index"":1,""offset_x_px"":-3,""offset_y_px"":9,""opacity"":0.31976268},{""instance_index"":2,""offset_x_px"":1,""offset_y_px"":6,""opacity"":0.24182015},{""instance_index"":3,""offset_x_px"":4,""offset_y_px"":8,""opacity"":0.20937443},{""instance_index"":4,""offset_x_px"":1,""offset_y_px"":7,""opacity"":0.19482527},{""instance_index"":5,""offset_x_px"":3,""offset_y_px"":7,""opacity"":0.22933622}]}"
syn-v4-conv-0110,111,synthetic/v4_conveyor/images/train/syn-v4-conv-0110.jpg,synthetic/v4_conveyor/masks/component_visible_instances/train/syn-v4-conv-0110.png,synthetic/v4_conveyor/masks/defect_semantic/train/syn-v4-conv-0110.png,synthetic/v4_conveyor/labels/yolo_component_status/train/syn-v4-conv-0110.txt,synthetic/v4_conveyor/labels/yolo_defects/train/syn-v4-conv-0110.txt,synthetic_black_conveyor_multi_instance,train,multi_instance_detection_segmentation,TRAIN_ONLY_MULTI_SCENE_SYNTHETIC,NO,NO,cool_component_spot,IMGGEN-CONVEYOR-BLACK-V1,3292744148,0,5,5,discoloration|body_crack|lead_breakage|scratch|normal_proxy,syn-v2-700-discoloration-0072|syn-v2-700-body_crack-0047|syn-v2-700-lead_breakage-0099|syn-v2-700-scratch-0087|syn-v2-700-body_crack-0096,syn-v4-conv-0110,1280,720,bec4bbeabcea8eb6f2eaed3b44270f5bd1b3a19446e319a13e24d4dd8fe8d5bf,c1bcfa66ad115c05739e365129af8fe840cac619b3b979fa1e0fd24d0092c55f,dde0cfd4cc9494c77df5fc9afdcde9fb6f91e8c2247fd268e202a45e6f829caf,28e85cd2576a19517f6be6899ed54b4c41fb6ecdc1457650ddf4bdfb191af4a0,7d421db16e9a23ac711e4ff536d1afe8cb69e7306e29b756ce29c26bdf5d54f5,29.097486,3.876483,39.144402,140.336853,111.239367,4.822989,0.000000,0.000000,SHADOWLESS_SAME_SENSOR_JPEG,fa5adb968da368a28b85a711cd7b3d0aab6829453361eb686e915af6797cf717,4.0.0,multi-instance-paired-clean-1024-v1,AUTO_PASS_MULTI_INSTANCE_PAIRED_CLEAN_1024,NO,"{""brightness"":0.80902954,""contrast"":1.04306944,""crop_x"":0,""crop_y"":549,""noise_seed"":1492963757,""noise_sigma"":0.84881701,""orientation_degrees"":180,""resized_height"":1280,""resized_width"":1280}","{""blur_radius_px"":0.036386452390506974,""jpeg_quality"":96,""noise_seed"":1193043998,""noise_sigma"":0.4220844583815672}","{""blur_radius_px"":6.594942243470889,""instances"":[{""instance_index"":1,""offset_x_px"":1,""offset_y_px"":5,""opacity"":0.23753505},{""instance_index"":2,""offset_x_px"":0,""offset_y_px"":7,""opacity"":0.31780736},{""instance_index"":3,""offset_x_px"":2,""offset_y_px"":9,""opacity"":0.23179356},{""instance_index"":4,""offset_x_px"":1,""offset_y_px"":6,""opacity"":0.27065395},{""instance_index"":5,""offset_x_px"":-2,""offset_y_px"":5,""opacity"":0.21338401}]}"
syn-v4-conv-0111,112,synthetic/v4_conveyor/images/train/syn-v4-conv-0111.jpg,synthetic/v4_conveyor/masks/component_visible_instances/train/syn-v4-conv-0111.png,synthetic/v4_conveyor/masks/defect_semantic/train/syn-v4-conv-0111.png,synthetic/v4_conveyor/labels/yolo_component_status/train/syn-v4-conv-0111.txt,synthetic/v4_conveyor/labels/yolo_defects/train/syn-v4-conv-0111.txt,synthetic_black_conveyor_multi_instance,train,multi_instance_detection_segmentation,TRAIN_ONLY_MULTI_SCENE_SYNTHETIC,NO,NO,side_component_spot,IMGGEN-CONVEYOR-BLACK-V1,1717244709,0,5,5,contamination|surface_spot|discoloration|body_crack|lead_breakage,syn-v2-700-contamination-0078|syn-v2-700-surface_spot-0004|syn-v2-700-discoloration-0082|syn-v2-700-body_crack-0070|syn-v2-700-lead_breakage-0068,syn-v4-conv-0111,1280,720,038da52207abc6d873c38c22bc8f2b020371d5abdeb52b8ce9841fbd09b7855f,6fd1997dc85306a40b79f52155ad58595775202d99f0b15aba4b914a40566a07,f54ec5876c95dfc0dbca8128552e78c4091cb2dcfdecd332a5ba84653a599c5a,7cd4c7d6e640e90554acd6598d83e500f6240a141500657f0316cb29ae04dbeb,cd32f7b73fba8f76236c92f55678124dcbfb77fdfeb25e632f14828a5c8e8173,32.822311,4.243475,44.000000,133.804962,100.982651,4.076647,0.000000,0.000000,SHADOWLESS_SAME_SENSOR_JPEG,fa5adb968da368a28b85a711cd7b3d0aab6829453361eb686e915af6797cf717,4.0.0,multi-instance-paired-clean-1024-v1,AUTO_PASS_MULTI_INSTANCE_PAIRED_CLEAN_1024,NO,"{""brightness"":0.9082833,""contrast"":1.00889686,""crop_x"":0,""crop_y"":539,""noise_seed"":1768684838,""noise_sigma"":0.12946292,""orientation_degrees"":180,""resized_height"":1280,""resized_width"":1280}","{""blur_radius_px"":0.09446537346144157,""jpeg_quality"":94,""noise_seed"":2373533769,""noise_sigma"":0.41923993322439673}","{""blur_radius_px"":6.296440091657077,""instances"":[{""instance_index"":1,""offset_x_px"":1,""offset_y_px"":6,""opacity"":0.31313833},{""instance_index"":2,""offset_x_px"":-3,""offset_y_px"":10,""opacity"":0.19487096},{""instance_index"":3,""offset_x_px"":2,""offset_y_px"":8,""opacity"":0.2906862},{""instance_index"":4,""offset_x_px"":5,""offset_y_px"":10,""opacity"":0.28028374},{""instance_index"":5,""offset_x_px"":-1,""offset_y_px"":6,""opacity"":0.18685604}]}"
syn-v4-conv-0112,113,synthetic/v4_conveyor/images/train/syn-v4-conv-0112.jpg,synthetic/v4_conveyor/masks/component_visible_instances/train/syn-v4-conv-0112.png,synthetic/v4_conveyor/masks/defect_semantic/train/syn-v4-conv-0112.png,synthetic/v4_conveyor/labels/yolo_component_status/train/syn-v4-conv-0112.txt,synthetic/v4_conveyor/labels/yolo_defects/train/syn-v4-conv-0112.txt,synthetic_black_conveyor_multi_instance,train,multi_instance_detection_segmentation,TRAIN_ONLY_MULTI_SCENE_SYNTHETIC,NO,NO,neutral_component_spot,IMGGEN-CONVEYOR-BLACK-V1,308033692,0,5,5,scratch|lead_breakage|normal_proxy|discoloration|body_chip,syn-v2-700-scratch-0011|syn-v2-700-lead_breakage-0053|syn-v2-700-contamination-0045|syn-v2-700-discoloration-0023|syn-v2-700-body_chip-0050,syn-v4-conv-0112,1280,720,0373024d397ad4ccafbc11652c06482fe7eb6b8073568260af8ffbe86f76720b,f2d281a3351cc87b5725d9a420022cdeb2564475fb0771061806e37a7987a400,2fb8d373ffdc3f286360ed501436fef47700610473ad8871127ef4d9dd286a72,082d2243b4739855a4862e3db7b733b86e0b6f80c133c1aaa93ec28cf02d3080,ee9b7bc3000c4d92fa0c62ed3d187985409e07d69bbce1f7f834ab1f2467af29,29.522188,3.226504,39.000000,140.008484,110.486296,4.742483,0.000000,0.000000,SHADOWLESS_SAME_SENSOR_JPEG,fa5adb968da368a28b85a711cd7b3d0aab6829453361eb686e915af6797cf717,4.0.0,multi-instance-paired-clean-1024-v1,AUTO_PASS_MULTI_INSTANCE_PAIRED_CLEAN_1024,NO,"{""brightness"":0.83678934,""contrast"":0.99955487,""crop_x"":0,""crop_y"":63,""noise_seed"":3374075776,""noise_sigma"":1.09706394,""orientation_degrees"":90,""resized_height"":1280,""resized_width"":1280}","{""blur_radius_px"":0.12765478792921228,""jpeg_quality"":93,""noise_seed"":1961348464,""noise_sigma"":0.9491501329193417}","{""blur_radius_px"":6.52562004782253,""instances"":[{""instance_index"":1,""offset_x_px"":0,""offset_y_px"":9,""opacity"":0.29124},{""instance_index"":2,""offset_x_px"":3,""offset_y_px"":7,""opacity"":0.30365175},{""instance_index"":3,""offset_x_px"":5,""offset_y_px"":8,""opacity"":0.31528003},{""instance_index"":4,""offset_x_px"":1,""offset_y_px"":9,""opacity"":0.23451331},{""instance_index"":5,""offset_x_px"":-3,""offset_y_px"":7,""opacity"":0.2405031}]}"
syn-v4-conv-0113,114,synthetic/v4_conveyor/images/train/syn-v4-conv-0113.jpg,synthetic/v4_conveyor/masks/component_visible_instances/train/syn-v4-conv-0113.png,synthetic/v4_conveyor/masks/defect_semantic/train/syn-v4-conv-0113.png,synthetic/v4_conveyor/labels/yolo_component_status/train/syn-v4-conv-0113.txt,synthetic/v4_conveyor/labels/yolo_defects/train/syn-v4-conv-0113.txt,synthetic_black_conveyor_multi_instance,train,multi_instance_detection_segmentation,TRAIN_ONLY_MULTI_SCENE_SYNTHETIC,NO,NO,warm_component_spot,IMGGEN-CONVEYOR-BLACK-V1,4269261287,0,5,5,surface_spot|body_chip|lead_breakage|normal_proxy|body_crack,syn-v2-700-surface_spot-0004|syn-v2-700-body_chip-0011|syn-v2-700-lead_breakage-0029|syn-v2-700-contamination-0078|syn-v2-700-body_crack-0044,syn-v4-conv-0113,1280,720,d498f2353dc0e733c4bc5db51dad7bff662e6867ec509b89b6d1bd682fd4a567,ddf33612b07873befedcf8d35c6312423c16c3e6945e3ac0a6e034d932915f60,a928c5dc704483b21060eed9511073ace0a3a133484fbb85090a1314aaa75346,1cd183b0795c6a955bda19cd8322595286887813fdd710425a02c2fc1f7d47c0,a661bd3324f892f48ec5db272192f2d19e48dc4722606f3435010e5a0bd45a0a,26.876368,3.722495,36.641800,145.440826,118.564459,5.411476,0.000000,0.000000,SHADOWLESS_SAME_SENSOR_JPEG,fa5adb968da368a28b85a711cd7b3d0aab6829453361eb686e915af6797cf717,4.0.0,multi-instance-paired-clean-1024-v1,AUTO_PASS_MULTI_INSTANCE_PAIRED_CLEAN_1024,NO,"{""brightness"":0.76913646,""contrast"":1.04000125,""crop_x"":0,""crop_y"":141,""noise_seed"":4200703577,""noise_sigma"":0.41766787,""orientation_degrees"":270,""resized_height"":1280,""resized_width"":1280}","{""blur_radius_px"":0.07402315760732975,""jpeg_quality"":96,""noise_seed"":498342241,""noise_sigma"":0.8623906164863273}","{""blur_radius_px"":8.012750853364123,""instances"":[{""instance_index"":1,""offset_x_px"":1,""offset_y_px"":6,""opacity"":0.25531609},{""instance_index"":2,""offset_x_px"":-2,""offset_y_px"":7,""opacity"":0.28430953},{""instance_index"":3,""offset_x_px"":-2,""offset_y_px"":6,""opacity"":0.30916148},{""instance_index"":4,""offset_x_px"":4,""offset_y_px"":8,""opacity"":0.20258743},{""instance_index"":5,""offset_x_px"":5,""offset_y_px"":5,""opacity"":0.31249821}]}"
syn-v4-conv-0114,115,synthetic/v4_conveyor/images/train/syn-v4-conv-0114.jpg,synthetic/v4_conveyor/masks/component_visible_instances/train/syn-v4-conv-0114.png,synthetic/v4_conveyor/masks/defect_semantic/train/syn-v4-conv-0114.png,synthetic/v4_conveyor/labels/yolo_component_status/train/syn-v4-conv-0114.txt,synthetic/v4_conveyor/labels/yolo_defects/train/syn-v4-conv-0114.txt,synthetic_black_conveyor_multi_instance,train,multi_instance_detection_segmentation,TRAIN_ONLY_MULTI_SCENE_SYNTHETIC,NO,NO,cool_component_spot,IMGGEN-CONVEYOR-BLACK-V1,1444280706,1,5,5,body_crack|lead_breakage|surface_spot|normal_proxy|discoloration,syn-v2-700-body_crack-0057|syn-v2-700-lead_breakage-0057|syn-v2-700-surface_spot-0097|syn-v2-700-body_chip-0062|syn-v2-700-discoloration-0054,syn-v4-conv-0114,1280,720,8dd5a366d5bb8ed93b50dc60220a3a2863419c6c18a5f9b4559a80d0163b33dd,c7b0729e9c99a8aca96573b31fe920b7cee7205bf702c01fc28d10b040156f6c,6a775e65d8047a113f2709e49843407518c900dc6ebafd276d1f98c5ee193030,c92e1ce05a720e35f2db4c93fbc6bae57dffa3fe2ac4e20ffdf5c14595a567c0,6cd395f4a75d1762f9e282d7efea85d0271986ad104815ecf296d8393c16a66c,26.739866,2.940624,35.144402,138.508514,111.768648,5.179851,0.000000,0.000000,SHADOWLESS_SAME_SENSOR_JPEG,fa5adb968da368a28b85a711cd7b3d0aab6829453361eb686e915af6797cf717,4.0.0,multi-instance-paired-clean-1024-v1,AUTO_PASS_MULTI_INSTANCE_PAIRED_CLEAN_1024,NO,"{""brightness"":0.7665203,""contrast"":0.98675594,""crop_x"":0,""crop_y"":492,""noise_seed"":28108611,""noise_sigma"":0.55514206,""orientation_degrees"":90,""resized_height"":1280,""resized_width"":1280}","{""blur_radius_px"":0.20302050702899863,""jpeg_quality"":96,""noise_seed"":903348212,""noise_sigma"":0.7221736873457609}","{""blur_radius_px"":8.86732915220699,""instances"":[{""instance_index"":1,""offset_x_px"":-3,""offset_y_px"":6,""opacity"":0.23845062},{""instance_index"":2,""offset_x_px"":3,""offset_y_px"":6,""opacity"":0.3052854},{""instance_index"":3,""offset_x_px"":1,""offset_y_px"":5,""opacity"":0.23503647},{""instance_index"":4,""offset_x_px"":3,""offset_y_px"":9,""opacity"":0.18091955},{""instance_index"":5,""offset_x_px"":5,""offset_y_px"":5,""opacity"":0.18842766}]}"
syn-v4-conv-0115,116,synthetic/v4_conveyor/images/train/syn-v4-conv-0115.jpg,synthetic/v4_conveyor/masks/component_visible_instances/train/syn-v4-conv-0115.png,synthetic/v4_conveyor/masks/defect_semantic/train/syn-v4-conv-0115.png,synthetic/v4_conveyor/labels/yolo_component_status/train/syn-v4-conv-0115.txt,synthetic/v4_conveyor/labels/yolo_defects/train/syn-v4-conv-0115.txt,synthetic_black_conveyor_multi_instance,train,multi_instance_detection_segmentation,TRAIN_ONLY_MULTI_SCENE_SYNTHETIC,NO,NO,side_component_spot,IMGGEN-CONVEYOR-BLACK-V1,4181143896,0,5,5,surface_spot|body_crack|contamination|scratch|normal_proxy,syn-v2-700-surface_spot-0034|syn-v2-700-body_crack-0051|syn-v2-700-contamination-0020|syn-v2-700-scratch-0034|syn-v2-700-lead_breakage-0076,syn-v4-conv-0115,1280,720,b7724d3781965136e18a6d1d865abff0c5f6939b32bae94fa5b7fa8da90e0129,dc98835c0b7433218a103b2b7527e2770e2b31b4ccb208900e03a7127dbc7f24,743675b16ae727fb16ccdf2dba153fad7313e0f5aff1f16831dad1495cf28948,87b8954c84ef461ccee3d1c1e4b931f0d26c84793f2894c18a989533dd5a05cc,8fc02ecb79fec480c87e9b1518c4e4c826dcb47b6e421be4e28ad17840ab47f7,33.864868,4.446649,46.000004,141.833405,107.968536,4.188217,0.000000,0.000000,SHADOWLESS_SAME_SENSOR_JPEG,fa5adb968da368a28b85a711cd7b3d0aab6829453361eb686e915af6797cf717,4.0.0,multi-instance-paired-clean-1024-v1,AUTO_PASS_MULTI_INSTANCE_PAIRED_CLEAN_1024,NO,"{""brightness"":0.94696893,""contrast"":1.04075325,""crop_x"":0,""crop_y"":229,""noise_seed"":3648631721,""noise_sigma"":1.15038835,""orientation_degrees"":270,""resized_height"":1280,""resized_width"":1280}","{""blur_radius_px"":0.24890536563083682,""jpeg_quality"":96,""noise_seed"":2145340186,""noise_sigma"":0.8430953339531495}","{""blur_radius_px"":6.926185455835883,""instances"":[{""instance_index"":1,""offset_x_px"":-2,""offset_y_px"":7,""opacity"":0.25094261},{""instance_index"":2,""offset_x_px"":2,""offset_y_px"":8,""opacity"":0.24785505},{""instance_index"":3,""offset_x_px"":1,""offset_y_px"":10,""opacity"":0.23548228},{""instance_index"":4,""offset_x_px"":-1,""offset_y_px"":5,""opacity"":0.27954795},{""instance_index"":5,""offset_x_px"":1,""offset_y_px"":8,""opacity"":0.2082365}]}"
syn-v4-conv-0116,117,synthetic/v4_conveyor/images/train/syn-v4-conv-0116.jpg,synthetic/v4_conveyor/masks/component_visible_instances/train/syn-v4-conv-0116.png,synthetic/v4_conveyor/masks/defect_semantic/train/syn-v4-conv-0116.png,synthetic/v4_conveyor/labels/yolo_component_status/train/syn-v4-conv-0116.txt,synthetic/v4_conveyor/labels/yolo_defects/train/syn-v4-conv-0116.txt,synthetic_black_conveyor_multi_instance,train,multi_instance_detection_segmentation,TRAIN_ONLY_MULTI_SCENE_SYNTHETIC,NO,NO,neutral_component_spot,IMGGEN-CONVEYOR-BLACK-V1,719151438,0,5,5,scratch|normal_proxy|lead_breakage|surface_spot|contamination,syn-v2-700-scratch-0057|syn-v2-700-discoloration-0053|syn-v2-700-lead_breakage-0060|syn-v2-700-surface_spot-0088|syn-v2-700-contamination-0014,syn-v4-conv-0116,1280,720,3cdbfe0521e6ae7dcb5830f7351c2c1fbef9317abacf129e868e486e26f246b1,b174ea3b5b48198d500bdbdde9632bce1441249abb76d1a55784ce67e1c7a2b4,5ddd9827ac4548223bb508d5b277c5a1a73bf4adbc091c495c95a4fd25f99319,491083c8ca7a5d3eb712e637fea996f6f2b5b775397fb61eb85e433adb0396c4,2b1c1032ef64fe47933b7b608f868452aa8b595c9dc879dd51f6a747a0bc3a3e,29.665874,2.916305,38.000000,142.541443,112.875568,4.804896,0.000000,0.000000,SHADOWLESS_SAME_SENSOR_JPEG,fa5adb968da368a28b85a711cd7b3d0aab6829453361eb686e915af6797cf717,4.0.0,multi-instance-paired-clean-1024-v1,AUTO_PASS_MULTI_INSTANCE_PAIRED_CLEAN_1024,NO,"{""brightness"":0.85719923,""contrast"":0.9367707,""crop_x"":0,""crop_y"":137,""noise_seed"":3079605353,""noise_sigma"":0.82409451,""orientation_degrees"":180,""resized_height"":1280,""resized_width"":1280}","{""blur_radius_px"":0.3266724827681626,""jpeg_quality"":92,""noise_seed"":1889194361,""noise_sigma"":1.168461593757261}","{""blur_radius_px"":6.202412404817574,""instances"":[{""instance_index"":1,""offset_x_px"":2,""offset_y_px"":6,""opacity"":0.22682617},{""instance_index"":2,""offset_x_px"":1,""offset_y_px"":7,""opacity"":0.29839332},{""instance_index"":3,""offset_x_px"":0,""offset_y_px"":8,""opacity"":0.30806604},{""instance_index"":4,""offset_x_px"":3,""offset_y_px"":5,""opacity"":0.18118661},{""instance_index"":5,""offset_x_px"":0,""offset_y_px"":10,""opacity"":0.22776066}]}"
syn-v4-conv-0117,118,synthetic/v4_conveyor/images/train/syn-v4-conv-0117.jpg,synthetic/v4_conveyor/masks/component_visible_instances/train/syn-v4-conv-0117.png,synthetic/v4_conveyor/masks/defect_semantic/train/syn-v4-conv-0117.png,synthetic/v4_conveyor/labels/yolo_component_status/train/syn-v4-conv-0117.txt,synthetic/v4_conveyor/labels/yolo_defects/train/syn-v4-conv-0117.txt,synthetic_black_conveyor_multi_instance,train,multi_instance_detection_segmentation,TRAIN_ONLY_MULTI_SCENE_SYNTHETIC,NO,NO,warm_component_spot,IMGGEN-CONVEYOR-BLACK-V1,1733421432,0,5,5,lead_breakage|scratch|body_crack|body_chip|discoloration,syn-v2-700-lead_breakage-0088|syn-v2-700-scratch-0011|syn-v2-700-body_crack-0066|syn-v2-700-body_chip-0035|syn-v2-700-discoloration-0045,syn-v4-conv-0117,1280,720,b1b53122f033f58bb26a4a98bceb2feb38642acf424fce535109d6a4055c0713,a9f432e827fda335b59139499fd374a38edf38cf51e0bd8d6d9b62502b91a49e,d80dc380350ed519fd273ac12561e08366076c7bd07df9a859d2ce1aceebe27b,c9f5d90032a29e23443233dd33214ec91e45bb2a951521aac2ee112cbf93209f,c4530d836c7be408e725a1a5383efad1794c426ba9179f6305a194149356de2f,26.229652,3.574593,35.514671,141.138367,114.908714,5.380871,0.000000,0.000000,SHADOWLESS_SAME_SENSOR_JPEG,fa5adb968da368a28b85a711cd7b3d0aab6829453361eb686e915af6797cf717,4.0.0,multi-instance-paired-clean-1024-v1,AUTO_PASS_MULTI_INSTANCE_PAIRED_CLEAN_1024,NO,"{""brightness"":0.75913264,""contrast"":1.03631596,""crop_x"":0,""crop_y"":82,""noise_seed"":647189619,""noise_sigma"":0.91198478,""orientation_degrees"":270,""resized_height"":1280,""resized_width"":1280}","{""blur_radius_px"":0.03493264160115521,""jpeg_quality"":95,""noise_seed"":2570637252,""noise_sigma"":0.7087492576720884}","{""blur_radius_px"":7.874217215579981,""instances"":[{""instance_index"":1,""offset_x_px"":3,""offset_y_px"":10,""opacity"":0.2712947},{""instance_index"":2,""offset_x_px"":2,""offset_y_px"":9,""opacity"":0.18246182},{""instance_index"":3,""offset_x_px"":0,""offset_y_px"":9,""opacity"":0.30287709},{""instance_index"":4,""offset_x_px"":2,""offset_y_px"":9,""opacity"":0.25806052},{""instance_index"":5,""offset_x_px"":2,""offset_y_px"":10,""opacity"":0.23314186}]}"
syn-v4-conv-0118,119,synthetic/v4_conveyor/images/train/syn-v4-conv-0118.jpg,synthetic/v4_conveyor/masks/component_visible_instances/train/syn-v4-conv-0118.png,synthetic/v4_conveyor/masks/defect_semantic/train/syn-v4-conv-0118.png,synthetic/v4_conveyor/labels/yolo_component_status/train/syn-v4-conv-0118.txt,synthetic/v4_conveyor/labels/yolo_defects/train/syn-v4-conv-0118.txt,synthetic_black_conveyor_multi_instance,train,multi_instance_detection_segmentation,TRAIN_ONLY_MULTI_SCENE_SYNTHETIC,NO,NO,cool_component_spot,IMGGEN-CONVEYOR-BLACK-V1,2382179083,0,5,5,body_chip|lead_breakage|discoloration|body_crack|normal_proxy,syn-v2-700-body_chip-0055|syn-v2-700-lead_breakage-0089|syn-v2-700-discoloration-0048|syn-v2-700-body_crack-0097|syn-v2-700-contamination-0020,syn-v4-conv-0118,1280,720,fdc1c6868549d8b99c55baac8cfffbaa5e6c8e0089cae5f639a61fd62de2fa08,0d17bf71046e320581da45f8cdaaea79968c777d75eff7eeae293a1d446891ff,eeede1f0d10c1f0c45df659d185d904ee67168d0a50f464e19140d7511375b94,01e3e110105552e4d4fbf66dd1418102d339df76e8ab1eaba4ced48de8f88a41,3209b071ebb9788f7cc3e7dd31cf0cef62584747730404782f0148cf1108aa1f,26.992012,3.583654,36.144398,139.615372,112.623360,5.172470,0.000000,0.000000,SHADOWLESS_SAME_SENSOR_JPEG,fa5adb968da368a28b85a711cd7b3d0aab6829453361eb686e915af6797cf717,4.0.0,multi-instance-paired-clean-1024-v1,AUTO_PASS_MULTI_INSTANCE_PAIRED_CLEAN_1024,NO,"{""brightness"":0.77947483,""contrast"":1.04670995,""crop_x"":0,""crop_y"":271,""noise_seed"":2907754631,""noise_sigma"":0.55173837,""orientation_degrees"":0,""resized_height"":1280,""resized_width"":1280}","{""blur_radius_px"":0.19944527297682815,""jpeg_quality"":96,""noise_seed"":137008593,""noise_sigma"":1.2111768787906876}","{""blur_radius_px"":5.4774051763596425,""instances"":[{""instance_index"":1,""offset_x_px"":1,""offset_y_px"":7,""opacity"":0.30294235},{""instance_index"":2,""offset_x_px"":4,""offset_y_px"":7,""opacity"":0.21585666},{""instance_index"":3,""offset_x_px"":3,""offset_y_px"":6,""opacity"":0.18125258},{""instance_index"":4,""offset_x_px"":-2,""offset_y_px"":5,""opacity"":0.25269164},{""instance_index"":5,""offset_x_px"":0,""offset_y_px"":5,""opacity"":0.20502052}]}"
syn-v4-conv-0119,120,synthetic/v4_conveyor/images/train/syn-v4-conv-0119.jpg,synthetic/v4_conveyor/masks/component_visible_instances/train/syn-v4-conv-0119.png,synthetic/v4_conveyor/masks/defect_semantic/train/syn-v4-conv-0119.png,synthetic/v4_conveyor/labels/yolo_component_status/train/syn-v4-conv-0119.txt,synthetic/v4_conveyor/labels/yolo_defects/train/syn-v4-conv-0119.txt,synthetic_black_conveyor_multi_instance,train,multi_instance_detection_segmentation,TRAIN_ONLY_MULTI_SCENE_SYNTHETIC,NO,NO,side_component_spot,IMGGEN-CONVEYOR-BLACK-V1,2050321591,0,5,5,normal_proxy|lead_breakage|surface_spot|body_chip|discoloration,syn-v2-700-lead_breakage-0014|syn-v2-700-lead_breakage-0012|syn-v2-700-surface_spot-0025|syn-v2-700-body_chip-0099|syn-v2-700-discoloration-0061,syn-v4-conv-0119,1280,720,3065f4a7ca1ae90db8761a2b8bd39feceece09a818d6d27e3ba9f068c5b773eb,48c221e3358384bb706c665161e171a8ed06343ced63efddb2bcc9d6bbbfb9d4,efd9bd7fe653fdd2a24986a7f0deb8c44c729ff7121c11eec35074cce64d9075,cdb10ea316015c6ae3c954df01ca75d8881617bdcf8eecac48a3286dd33a343a,66542bb6af27781146aeba6858c92ee9a8d366d2805f69f7f57f792956b6c4d3,31.437487,3.176971,40.144402,138.998154,107.560667,4.421414,0.000000,0.000000,SHADOWLESS_SAME_SENSOR_JPEG,fa5adb968da368a28b85a711cd7b3d0aab6829453361eb686e915af6797cf717,4.0.0,multi-instance-paired-clean-1024-v1,AUTO_PASS_MULTI_INSTANCE_PAIRED_CLEAN_1024,NO,"{""brightness"":0.88536922,""contrast"":0.99458745,""crop_x"":0,""crop_y"":347,""noise_seed"":1646877064,""noise_sigma"":0.92261208,""orientation_degrees"":180,""resized_height"":1280,""resized_width"":1280}","{""blur_radius_px"":0.267551119939638,""jpeg_quality"":93,""noise_seed"":2573153736,""noise_sigma"":0.4027556089952489}","{""blur_radius_px"":7.119086852197773,""instances"":[{""instance_index"":1,""offset_x_px"":-1,""offset_y_px"":5,""opacity"":0.25379984},{""instance_index"":2,""offset_x_px"":2,""offset_y_px"":8,""opacity"":0.19510954},{""instance_index"":3,""offset_x_px"":5,""offset_y_px"":10,""opacity"":0.20614213},{""instance_index"":4,""offset_x_px"":1,""offset_y_px"":5,""opacity"":0.20668467},{""instance_index"":5,""offset_x_px"":1,""offset_y_px"":5,""opacity"":0.20068626}]}"
syn-v4-conv-0120,121,synthetic/v4_conveyor/images/train/syn-v4-conv-0120.jpg,synthetic/v4_conveyor/masks/component_visible_instances/train/syn-v4-conv-0120.png,synthetic/v4_conveyor/masks/defect_semantic/train/syn-v4-conv-0120.png,synthetic/v4_conveyor/labels/yolo_component_status/train/syn-v4-conv-0120.txt,synthetic/v4_conveyor/labels/yolo_defects/train/syn-v4-conv-0120.txt,synthetic_black_conveyor_multi_instance,train,multi_instance_detection_segmentation,TRAIN_ONLY_MULTI_SCENE_SYNTHETIC,NO,NO,neutral_component_spot,IMGGEN-CONVEYOR-BLACK-V1,3503076157,0,5,5,normal_proxy|scratch|body_chip|contamination|discoloration,syn-v2-700-surface_spot-0025|syn-v2-700-scratch-0054|syn-v2-700-body_chip-0051|syn-v2-700-contamination-0045|syn-v2-700-discoloration-0039,syn-v4-conv-0120,1280,720,03feff40d382ef29809712651f113d31088386ce19fb20c0cc5c1988f75e93b1,367d4445925f37a3434e99fac5a2ce5037751fb9de0f58ea8d693661c7562aed,65d7f3fa761b159b852e96a08770cc8b5132830dc1d5700a4eef0e25e2fa6531,56ebc66e4534393daed22360e5941e6d160575dec73f047923e009cf3d26ce09,75daf41d1c7ec36d9a26cfe495409834b699baa46eadf2dd719b35e3d256e27d,27.659348,2.916615,36.000000,138.279221,110.619873,4.999367,0.000000,0.000000,SHADOWLESS_SAME_SENSOR_JPEG,fa5adb968da368a28b85a711cd7b3d0aab6829453361eb686e915af6797cf717,4.0.0,multi-instance-paired-clean-1024-v1,AUTO_PASS_MULTI_INSTANCE_PAIRED_CLEAN_1024,NO,"{""brightness"":0.78881379,""contrast"":0.95920865,""crop_x"":0,""crop_y"":513,""noise_seed"":887077892,""noise_sigma"":0.02003199,""orientation_degrees"":270,""resized_height"":1280,""resized_width"":1280}","{""blur_radius_px"":0.28152610149806095,""jpeg_quality"":92,""noise_seed"":3958958616,""noise_sigma"":1.2555419636689005}","{""blur_radius_px"":6.475553420180649,""instances"":[{""instance_index"":1,""offset_x_px"":-3,""offset_y_px"":10,""opacity"":0.19780852},{""instance_index"":2,""offset_x_px"":5,""offset_y_px"":8,""opacity"":0.27674887},{""instance_index"":3,""offset_x_px"":0,""offset_y_px"":10,""opacity"":0.18097087},{""instance_index"":4,""offset_x_px"":-1,""offset_y_px"":10,""opacity"":0.20644885},{""instance_index"":5,""offset_x_px"":0,""offset_y_px"":5,""opacity"":0.30184526}]}"
syn-v4-conv-0121,122,synthetic/v4_conveyor/images/train/syn-v4-conv-0121.jpg,synthetic/v4_conveyor/masks/component_visible_instances/train/syn-v4-conv-0121.png,synthetic/v4_conveyor/masks/defect_semantic/train/syn-v4-conv-0121.png,synthetic/v4_conveyor/labels/yolo_component_status/train/syn-v4-conv-0121.txt,synthetic/v4_conveyor/labels/yolo_defects/train/syn-v4-conv-0121.txt,synthetic_black_conveyor_multi_instance,train,multi_instance_detection_segmentation,TRAIN_ONLY_MULTI_SCENE_SYNTHETIC,NO,NO,warm_component_spot,IMGGEN-CONVEYOR-BLACK-V1,519960610,0,5,5,scratch|body_chip|surface_spot|lead_breakage|discoloration,syn-v2-700-scratch-0057|syn-v2-700-body_chip-0058|syn-v2-700-surface_spot-0049|syn-v2-700-lead_breakage-0012|syn-v2-700-discoloration-0009,syn-v4-conv-0121,1280,720,1ec8d92634ab077f3d69d23cb6467e9ed9ab344fe6c06f7bc03b43811fe89e31,495f0ca198ca03c1a59fd576cea2eb85efd6eddac9bf233baba16183392e2a2a,264c3110c5d25e25aec754069b4f5fcb1723b01e0dc749810602800549bb95cd,d1cb5e6bc58f5cd73159e51041e8745fb0d5877e497c47d7b6f0836674a5001c,57cec8626f18b490ea286eba0f83f933c0571f39be114c1b324ee6fd78498f0c,26.552597,2.928275,35.000000,145.127502,118.574905,5.465661,0.000000,0.000000,SHADOWLESS_SAME_SENSOR_JPEG,fa5adb968da368a28b85a711cd7b3d0aab6829453361eb686e915af6797cf717,4.0.0,multi-instance-paired-clean-1024-v1,AUTO_PASS_MULTI_INSTANCE_PAIRED_CLEAN_1024,NO,"{""brightness"":0.75776713,""contrast"":0.94739912,""crop_x"":0,""crop_y"":328,""noise_seed"":553133403,""noise_sigma"":1.12287616,""orientation_degrees"":90,""resized_height"":1280,""resized_width"":1280}","{""blur_radius_px"":0.10227964083601358,""jpeg_quality"":96,""noise_seed"":3343036410,""noise_sigma"":0.36866690898298354}","{""blur_radius_px"":7.441599372588176,""instances"":[{""instance_index"":1,""offset_x_px"":2,""offset_y_px"":7,""opacity"":0.18585352},{""instance_index"":2,""offset_x_px"":0,""offset_y_px"":10,""opacity"":0.31297207},{""instance_index"":3,""offset_x_px"":4,""offset_y_px"":5,""opacity"":0.21244359},{""instance_index"":4,""offset_x_px"":2,""offset_y_px"":6,""opacity"":0.27908557},{""instance_index"":5,""offset_x_px"":0,""offset_y_px"":8,""opacity"":0.20918349}]}"
syn-v4-conv-0122,123,synthetic/v4_conveyor/images/train/syn-v4-conv-0122.jpg,synthetic/v4_conveyor/masks/component_visible_instances/train/syn-v4-conv-0122.png,synthetic/v4_conveyor/masks/defect_semantic/train/syn-v4-conv-0122.png,synthetic/v4_conveyor/labels/yolo_component_status/train/syn-v4-conv-0122.txt,synthetic/v4_conveyor/labels/yolo_defects/train/syn-v4-conv-0122.txt,synthetic_black_conveyor_multi_instance,train,multi_instance_detection_segmentation,TRAIN_ONLY_MULTI_SCENE_SYNTHETIC,NO,NO,cool_component_spot,IMGGEN-CONVEYOR-BLACK-V1,3571571226,0,5,5,scratch|body_crack|discoloration|surface_spot|lead_breakage,syn-v2-700-scratch-0007|syn-v2-700-body_crack-0057|syn-v2-700-discoloration-0061|syn-v2-700-surface_spot-0082|syn-v2-700-lead_breakage-0089,syn-v4-conv-0122,1280,720,19717743835753964f66c72f01729039c306b7a169e76ccc10348bdeaa0cb5fb,569bb8c2e247457b9f51e9192ea0d5a56f619950b5896a23626c0b05a5b4f400,c18b7daeea72c98a435e55c8bfac30ad518977c80e9f230c30cc9a400d1fa2af,85cec309d46412626579a2fffd44ef3f3803b36e34cf28c66f3973ea74f70bdc,d36544b6806c1f5019939e68307519137cfe824fed1584e9ea90b3436b19775c,28.441261,2.899010,36.502602,140.092712,111.651451,4.925686,0.000000,0.000000,SHADOWLESS_SAME_SENSOR_JPEG,fa5adb968da368a28b85a711cd7b3d0aab6829453361eb686e915af6797cf717,4.0.0,multi-instance-paired-clean-1024-v1,AUTO_PASS_MULTI_INSTANCE_PAIRED_CLEAN_1024,NO,"{""brightness"":0.7957753,""contrast"":0.95320941,""crop_x"":0,""crop_y"":92,""noise_seed"":2548263213,""noise_sigma"":0.12723571,""orientation_degrees"":0,""resized_height"":1280,""resized_width"":1280}","{""blur_radius_px"":0.27777876860355205,""jpeg_quality"":92,""noise_seed"":4014040240,""noise_sigma"":0.8971988699860458}","{""blur_radius_px"":8.360223923495777,""instances"":[{""instance_index"":1,""offset_x_px"":2,""offset_y_px"":5,""opacity"":0.23129315},{""instance_index"":2,""offset_x_px"":1,""offset_y_px"":8,""opacity"":0.21654238},{""instance_index"":3,""offset_x_px"":1,""offset_y_px"":10,""opacity"":0.22667857},{""instance_index"":4,""offset_x_px"":0,""offset_y_px"":6,""opacity"":0.19343057},{""instance_index"":5,""offset_x_px"":-3,""offset_y_px"":9,""opacity"":0.26740929}]}"
syn-v4-conv-0123,124,synthetic/v4_conveyor/images/train/syn-v4-conv-0123.jpg,synthetic/v4_conveyor/masks/component_visible_instances/train/syn-v4-conv-0123.png,synthetic/v4_conveyor/masks/defect_semantic/train/syn-v4-conv-0123.png,synthetic/v4_conveyor/labels/yolo_component_status/train/syn-v4-conv-0123.txt,synthetic/v4_conveyor/labels/yolo_defects/train/syn-v4-conv-0123.txt,synthetic_black_conveyor_multi_instance,train,multi_instance_detection_segmentation,TRAIN_ONLY_MULTI_SCENE_SYNTHETIC,NO,NO,side_component_spot,IMGGEN-CONVEYOR-BLACK-V1,3054124948,0,5,5,discoloration|scratch|body_chip|lead_breakage|contamination,syn-v2-700-discoloration-0058|syn-v2-700-scratch-0044|syn-v2-700-body_chip-0086|syn-v2-700-lead_breakage-0008|syn-v2-700-contamination-0051,syn-v4-conv-0123,1280,720,bb5d9782c7cb1ec562af7bc2c5b317e148e856982cecc69e168e6686c8b41cd1,a69c4e36f8ef6de436e947cb2b9584470bbd4356a16fca7539a599eaf4e4c90f,b0f09aa310ea27d9f0bf48cbcac634cec991bf78e67c888df61cf4ad72bd6671,3c51ab2418685724ffb0e21fa5dfd76eb37008ddbecfbc8bc49c10dff051ecf2,6cd19e19d697552068a0c02ceb24488956f36014b68b8ab5b404bc75d6463127,32.236061,4.147974,42.502602,146.097824,113.861763,4.532124,0.000000,0.000000,SHADOWLESS_SAME_SENSOR_JPEG,fa5adb968da368a28b85a711cd7b3d0aab6829453361eb686e915af6797cf717,4.0.0,multi-instance-paired-clean-1024-v1,AUTO_PASS_MULTI_INSTANCE_PAIRED_CLEAN_1024,NO,"{""brightness"":0.92893508,""contrast"":1.05081147,""crop_x"":0,""crop_y"":407,""noise_seed"":4290281308,""noise_sigma"":0.88692537,""orientation_degrees"":0,""resized_height"":1280,""resized_width"":1280}","{""blur_radius_px"":0.09889970556881536,""jpeg_quality"":95,""noise_seed"":2945420301,""noise_sigma"":1.1152183498534107}","{""blur_radius_px"":6.924160258716618,""instances"":[{""instance_index"":1,""offset_x_px"":1,""offset_y_px"":10,""opacity"":0.31231618},{""instance_index"":2,""offset_x_px"":2,""offset_y_px"":7,""opacity"":0.21160967},{""instance_index"":3,""offset_x_px"":4,""offset_y_px"":7,""opacity"":0.19890383},{""instance_index"":4,""offset_x_px"":-3,""offset_y_px"":9,""opacity"":0.20146298},{""instance_index"":5,""offset_x_px"":4,""offset_y_px"":5,""opacity"":0.20875807}]}"
syn-v4-conv-0124,125,synthetic/v4_conveyor/images/train/syn-v4-conv-0124.jpg,synthetic/v4_conveyor/masks/component_visible_instances/train/syn-v4-conv-0124.png,synthetic/v4_conveyor/masks/defect_semantic/train/syn-v4-conv-0124.png,synthetic/v4_conveyor/labels/yolo_component_status/train/syn-v4-conv-0124.txt,synthetic/v4_conveyor/labels/yolo_defects/train/syn-v4-conv-0124.txt,synthetic_black_conveyor_multi_instance,train,multi_instance_detection_segmentation,TRAIN_ONLY_MULTI_SCENE_SYNTHETIC,NO,NO,neutral_component_spot,IMGGEN-CONVEYOR-BLACK-V1,2756226654,0,5,5,lead_breakage|contamination|body_chip|discoloration|surface_spot,syn-v2-700-lead_breakage-0046|syn-v2-700-contamination-0007|syn-v2-700-body_chip-0055|syn-v2-700-discoloration-0013|syn-v2-700-surface_spot-0053,syn-v4-conv-0124,1280,720,f16b856d10a5f7c31c6b347791e07c42503aab74d237273adb1b49b4064798e6,9f4e55f08df87b7816e9a7f27f561231425b9c809ec6ad7cb3e0bd6f6bd2cd97,fdb351adc175d0faaeb2a6a88ae4c5503ecc9ddfb29fc87128615279bc037308,f3bd6008eae8f0a9f4ce0a0df7e822ea9c272a2c0f1ead19f3978fe4f0159195,8a46320020ee75a10abe23d428addc45f0b5b282257f3629a184ec5a7a1914fd,29.945356,3.039505,39.000000,140.464020,110.518663,4.690678,0.000000,0.000000,SHADOWLESS_SAME_SENSOR_JPEG,fa5adb968da368a28b85a711cd7b3d0aab6829453361eb686e915af6797cf717,4.0.0,multi-instance-paired-clean-1024-v1,AUTO_PASS_MULTI_INSTANCE_PAIRED_CLEAN_1024,NO,"{""brightness"":0.83700368,""contrast"":0.9360574,""crop_x"":0,""crop_y"":90,""noise_seed"":3063783577,""noise_sigma"":0.30158294,""orientation_degrees"":0,""resized_height"":1280,""resized_width"":1280}","{""blur_radius_px"":0.1758433207450405,""jpeg_quality"":92,""noise_seed"":2744326145,""noise_sigma"":0.31089707699922536}","{""blur_radius_px"":5.981343070058788,""instances"":[{""instance_index"":1,""offset_x_px"":-1,""offset_y_px"":6,""opacity"":0.25441833},{""instance_index"":2,""offset_x_px"":-3,""offset_y_px"":9,""opacity"":0.23818704},{""instance_index"":3,""offset_x_px"":-3,""offset_y_px"":7,""opacity"":0.21959864},{""instance_index"":4,""offset_x_px"":2,""offset_y_px"":10,""opacity"":0.21048436},{""instance_index"":5,""offset_x_px"":-3,""offset_y_px"":6,""opacity"":0.18847263}]}"
syn-v4-conv-0125,126,synthetic/v4_conveyor/images/train/syn-v4-conv-0125.jpg,synthetic/v4_conveyor/masks/component_visible_instances/train/syn-v4-conv-0125.png,synthetic/v4_conveyor/masks/defect_semantic/train/syn-v4-conv-0125.png,synthetic/v4_conveyor/labels/yolo_component_status/train/syn-v4-conv-0125.txt,synthetic/v4_conveyor/labels/yolo_defects/train/syn-v4-conv-0125.txt,synthetic_black_conveyor_multi_instance,train,multi_instance_detection_segmentation,TRAIN_ONLY_MULTI_SCENE_SYNTHETIC,NO,NO,warm_component_spot,IMGGEN-CONVEYOR-BLACK-V1,941272974,0,5,5,discoloration|body_crack|surface_spot|contamination|lead_breakage,syn-v2-700-discoloration-0013|syn-v2-700-body_crack-0044|syn-v2-700-surface_spot-0021|syn-v2-700-contamination-0020|syn-v2-700-lead_breakage-0051,syn-v4-conv-0125,1280,720,f3ca5d2e353ad1a8ba7cf35c1582981fd545701f92653c0e76c51c1ed35c12c3,ed01d02d43c5e28540a055b804b57e4649c769e13c2a2d3e5467d01e5c3ff909,3a6aa1fec10bcc2de59885605a89f09c5203d0e3f18f0ec26b28b5dc57027e5e,691a7cd53d5cbdf007cd0f25d7f8a49f000c104d383faf89cbd202347e8474ad,5269651098579b0f932c42033f3efc29e4ae1ea342ef606f26c1f2f5abbca4ca,27.173834,3.649884,37.000000,137.890030,110.716196,5.074368,0.000000,0.000000,SHADOWLESS_SAME_SENSOR_JPEG,fa5adb968da368a28b85a711cd7b3d0aab6829453361eb686e915af6797cf717,4.0.0,multi-instance-paired-clean-1024-v1,AUTO_PASS_MULTI_INSTANCE_PAIRED_CLEAN_1024,NO,"{""brightness"":0.77875206,""contrast"":1.02403609,""crop_x"":0,""crop_y"":385,""noise_seed"":801554288,""noise_sigma"":0.16330227,""orientation_degrees"":270,""resized_height"":1280,""resized_width"":1280}","{""blur_radius_px"":0.1895301041804125,""jpeg_quality"":93,""noise_seed"":3782319255,""noise_sigma"":0.8632006524093678}","{""blur_radius_px"":6.5452138895453755,""instances"":[{""instance_index"":1,""offset_x_px"":4,""offset_y_px"":7,""opacity"":0.26920392},{""instance_index"":2,""offset_x_px"":0,""offset_y_px"":7,""opacity"":0.23201623},{""instance_index"":3,""offset_x_px"":3,""offset_y_px"":6,""opacity"":0.31668237},{""instance_index"":4,""offset_x_px"":-3,""offset_y_px"":9,""opacity"":0.19281992},{""instance_index"":5,""offset_x_px"":1,""offset_y_px"":6,""opacity"":0.20856007}]}"
syn-v4-conv-0126,127,synthetic/v4_conveyor/images/train/syn-v4-conv-0126.jpg,synthetic/v4_conveyor/masks/component_visible_instances/train/syn-v4-conv-0126.png,synthetic/v4_conveyor/masks/defect_semantic/train/syn-v4-conv-0126.png,synthetic/v4_conveyor/labels/yolo_component_status/train/syn-v4-conv-0126.txt,synthetic/v4_conveyor/labels/yolo_defects/train/syn-v4-conv-0126.txt,synthetic_black_conveyor_multi_instance,train,multi_instance_detection_segmentation,TRAIN_ONLY_MULTI_SCENE_SYNTHETIC,NO,NO,cool_component_spot,IMGGEN-CONVEYOR-BLACK-V1,1941147297,0,5,5,normal_proxy|discoloration|body_chip|scratch|contamination,syn-v2-700-surface_spot-0027|syn-v2-700-discoloration-0045|syn-v2-700-body_chip-0026|syn-v2-700-scratch-0067|syn-v2-700-contamination-0077,syn-v4-conv-0126,1280,720,05f209f51a9cab358d8ef38ee993ca03a4551705581ee01b8746bbacbd1ee384,d6cc6f08f9deaf7098b9b18418da1aff3ddcecb8ec0cb4694eb42d365e15b729,c92a8bf2f5aef58ec9bc776f2bb33fc96317ae009227c1873db75bad69647a98,0e05c29a64680d5f7d67a3d0837bee6603edaa38ae6059ab45767a2a838ab8b4,748d26839028806f6a991e9ed1ae4adb05f9968fafff39ebe873d3f3b7bbad58,26.256334,2.799339,34.000000,140.908798,114.652464,5.366659,0.000000,0.000000,SHADOWLESS_SAME_SENSOR_JPEG,fa5adb968da368a28b85a711cd7b3d0aab6829453361eb686e915af6797cf717,4.0.0,multi-instance-paired-clean-1024-v1,AUTO_PASS_MULTI_INSTANCE_PAIRED_CLEAN_1024,NO,"{""brightness"":0.73463709,""contrast"":0.93138162,""crop_x"":0,""crop_y"":36,""noise_seed"":1854530724,""noise_sigma"":0.55201551,""orientation_degrees"":0,""resized_height"":1280,""resized_width"":1280}","{""blur_radius_px"":0.23270184095012073,""jpeg_quality"":94,""noise_seed"":3416838016,""noise_sigma"":1.0844138513885495}","{""blur_radius_px"":8.945776921279583,""instances"":[{""instance_index"":1,""offset_x_px"":1,""offset_y_px"":8,""opacity"":0.21820722},{""instance_index"":2,""offset_x_px"":2,""offset_y_px"":6,""opacity"":0.21470872},{""instance_index"":3,""offset_x_px"":5,""offset_y_px"":5,""opacity"":0.21081813},{""instance_index"":4,""offset_x_px"":1,""offset_y_px"":6,""opacity"":0.21215893},{""instance_index"":5,""offset_x_px"":-1,""offset_y_px"":7,""opacity"":0.24730821}]}"
syn-v4-conv-0127,128,synthetic/v4_conveyor/images/train/syn-v4-conv-0127.jpg,synthetic/v4_conveyor/masks/component_visible_instances/train/syn-v4-conv-0127.png,synthetic/v4_conveyor/masks/defect_semantic/train/syn-v4-conv-0127.png,synthetic/v4_conveyor/labels/yolo_component_status/train/syn-v4-conv-0127.txt,synthetic/v4_conveyor/labels/yolo_defects/train/syn-v4-conv-0127.txt,synthetic_black_conveyor_multi_instance,train,multi_instance_detection_segmentation,TRAIN_ONLY_MULTI_SCENE_SYNTHETIC,NO,NO,side_component_spot,IMGGEN-CONVEYOR-BLACK-V1,1561660806,0,5,5,lead_breakage|body_crack|normal_proxy|body_chip|surface_spot,syn-v2-700-lead_breakage-0093|syn-v2-700-body_crack-0097|syn-v2-700-discoloration-0024|syn-v2-700-body_chip-0050|syn-v2-700-surface_spot-0082,syn-v4-conv-0127,1280,720,28a22224c1b543fcf1e9a029e27da5d629fccb0b66f4f3be5412b48757b6e46b,c1656771c42d60fb9c7a4bc395a18ec53c6db13a5be967a9a5b3b195cd5076f0,844a01c744d3b94df018bfa45740ed61b16c8b5dcce9f961b89cd8e280ba9d90,31b2becc84e36739bd115f7c5b0c6e72d80c693fca0fdd51178e854e37014862,5f46ce18765ffc2156fe083671d14f17c4dc8916c39fa15f842059726d105949,27.011103,2.695999,34.502598,144.903412,117.892309,5.364587,0.000000,0.000000,SHADOWLESS_SAME_SENSOR_JPEG,fa5adb968da368a28b85a711cd7b3d0aab6829453361eb686e915af6797cf717,4.0.0,multi-instance-paired-clean-1024-v1,AUTO_PASS_MULTI_INSTANCE_PAIRED_CLEAN_1024,NO,"{""brightness"":0.78228782,""contrast"":0.95444642,""crop_x"":0,""crop_y"":366,""noise_seed"":2594848684,""noise_sigma"":0.91439126,""orientation_degrees"":0,""resized_height"":1280,""resized_width"":1280}","{""blur_radius_px"":0.05594737983023273,""jpeg_quality"":93,""noise_seed"":1828934868,""noise_sigma"":1.1283692366130873}","{""blur_radius_px"":8.604439129777468,""instances"":[{""instance_index"":1,""offset_x_px"":0,""offset_y_px"":9,""opacity"":0.26545967},{""instance_index"":2,""offset_x_px"":1,""offset_y_px"":10,""opacity"":0.23718285},{""instance_index"":3,""offset_x_px"":3,""offset_y_px"":7,""opacity"":0.26125661},{""instance_index"":4,""offset_x_px"":1,""offset_y_px"":10,""opacity"":0.20765803},{""instance_index"":5,""offset_x_px"":-1,""offset_y_px"":5,""opacity"":0.21553215}]}"
syn-v4-conv-0128,129,synthetic/v4_conveyor/images/train/syn-v4-conv-0128.jpg,synthetic/v4_conveyor/masks/component_visible_instances/train/syn-v4-conv-0128.png,synthetic/v4_conveyor/masks/defect_semantic/train/syn-v4-conv-0128.png,synthetic/v4_conveyor/labels/yolo_component_status/train/syn-v4-conv-0128.txt,synthetic/v4_conveyor/labels/yolo_defects/train/syn-v4-conv-0128.txt,synthetic_black_conveyor_multi_instance,train,multi_instance_detection_segmentation,TRAIN_ONLY_MULTI_SCENE_SYNTHETIC,NO,NO,neutral_component_spot,IMGGEN-CONVEYOR-BLACK-V1,323609363,0,5,5,body_crack|lead_breakage|discoloration|normal_proxy|body_chip,syn-v2-700-body_crack-0003|syn-v2-700-lead_breakage-0068|syn-v2-700-discoloration-0054|syn-v2-700-body_chip-0046|syn-v2-700-body_chip-0026,syn-v4-conv-0128,1280,720,f78c2d07f00e379b81fa290de72e43a97789402102f5bd79ab27f9310e2a555a,9c92163a02be08c8f41d7aaa1e11b2b5a717c0101668cf4913bb5b0152ed6f6c,cee74aff4a321bb6af8cb0d4dc85f7aab4ec63cd91c0ae50c8f991b88a38e131,90f451928cfe29704b219d1e490fbcbda40ed011761ec5ce291a4714a9b005c5,de111875af6dd0c9c3d0c313f056c56cd04afa4ff2cffed05e16c46e9512a013,29.569656,3.228205,39.000000,138.606445,109.036789,4.687455,0.000000,0.000000,SHADOWLESS_SAME_SENSOR_JPEG,fa5adb968da368a28b85a711cd7b3d0aab6829453361eb686e915af6797cf717,4.0.0,multi-instance-paired-clean-1024-v1,AUTO_PASS_MULTI_INSTANCE_PAIRED_CLEAN_1024,NO,"{""brightness"":0.8342991,""contrast"":0.95174073,""crop_x"":0,""crop_y"":75,""noise_seed"":3193044329,""noise_sigma"":1.03124717,""orientation_degrees"":90,""resized_height"":1280,""resized_width"":1280}","{""blur_radius_px"":0.21193888437608105,""jpeg_quality"":93,""noise_seed"":3883729923,""noise_sigma"":0.7265614604451174}","{""blur_radius_px"":7.845340511574278,""instances"":[{""instance_index"":1,""offset_x_px"":0,""offset_y_px"":9,""opacity"":0.23835404},{""instance_index"":2,""offset_x_px"":4,""offset_y_px"":8,""opacity"":0.19802867},{""instance_index"":3,""offset_x_px"":3,""offset_y_px"":5,""opacity"":0.26174806},{""instance_index"":4,""offset_x_px"":-2,""offset_y_px"":9,""opacity"":0.25417933},{""instance_index"":5,""offset_x_px"":-3,""offset_y_px"":9,""opacity"":0.30695567}]}"
syn-v4-conv-0129,130,synthetic/v4_conveyor/images/train/syn-v4-conv-0129.jpg,synthetic/v4_conveyor/masks/component_visible_instances/train/syn-v4-conv-0129.png,synthetic/v4_conveyor/masks/defect_semantic/train/syn-v4-conv-0129.png,synthetic/v4_conveyor/labels/yolo_component_status/train/syn-v4-conv-0129.txt,synthetic/v4_conveyor/labels/yolo_defects/train/syn-v4-conv-0129.txt,synthetic_black_conveyor_multi_instance,train,multi_instance_detection_segmentation,TRAIN_ONLY_MULTI_SCENE_SYNTHETIC,NO,NO,warm_component_spot,IMGGEN-CONVEYOR-BLACK-V1,242695289,0,5,5,normal_proxy|surface_spot|lead_breakage|body_crack|scratch,syn-v2-700-scratch-0054|syn-v2-700-surface_spot-0001|syn-v2-700-lead_breakage-0099|syn-v2-700-body_crack-0027|syn-v2-700-scratch-0005,syn-v4-conv-0129,1280,720,225b3b5bcda4763fb2df0df39f5e79610a5d481855dab629be633857b99beaee,955c2b85bb6d34f677b14b15282a7efc6324719feae0b2562f3bc024af7b3e1e,f37f0b4830daff2bc6250c3b51faead04cfa2cbc1cdb99933cd05e472b530d76,6c50dd136dbea01120696c52c91fbd9948ba1d82a1c67b937506de477fb991ce,3c340466ee56a8f7d6ad3ba32b1a9c424403437f3a54f4ff198f264491f618d0,33.742035,4.291971,45.144398,133.964340,100.222305,3.970251,0.000000,0.000000,SHADOWLESS_SAME_SENSOR_JPEG,fa5adb968da368a28b85a711cd7b3d0aab6829453361eb686e915af6797cf717,4.0.0,multi-instance-paired-clean-1024-v1,AUTO_PASS_MULTI_INSTANCE_PAIRED_CLEAN_1024,NO,"{""brightness"":0.92479303,""contrast"":1.06829208,""crop_x"":0,""crop_y"":558,""noise_seed"":1811336428,""noise_sigma"":0.19455772,""orientation_degrees"":180,""resized_height"":1280,""resized_width"":1280}","{""blur_radius_px"":0.1262799137056149,""jpeg_quality"":95,""noise_seed"":14103532,""noise_sigma"":0.8050614974965671}","{""blur_radius_px"":5.424368311892866,""instances"":[{""instance_index"":1,""offset_x_px"":0,""offset_y_px"":9,""opacity"":0.26189942},{""instance_index"":2,""offset_x_px"":2,""offset_y_px"":5,""opacity"":0.18998403},{""instance_index"":3,""offset_x_px"":2,""offset_y_px"":7,""opacity"":0.18633676},{""instance_index"":4,""offset_x_px"":1,""offset_y_px"":5,""opacity"":0.22238686},{""instance_index"":5,""offset_x_px"":-2,""offset_y_px"":6,""opacity"":0.26651962}]}"
syn-v4-conv-0130,131,synthetic/v4_conveyor/images/train/syn-v4-conv-0130.jpg,synthetic/v4_conveyor/masks/component_visible_instances/train/syn-v4-conv-0130.png,synthetic/v4_conveyor/masks/defect_semantic/train/syn-v4-conv-0130.png,synthetic/v4_conveyor/labels/yolo_component_status/train/syn-v4-conv-0130.txt,synthetic/v4_conveyor/labels/yolo_defects/train/syn-v4-conv-0130.txt,synthetic_black_conveyor_multi_instance,train,multi_instance_detection_segmentation,TRAIN_ONLY_MULTI_SCENE_SYNTHETIC,NO,NO,cool_component_spot,IMGGEN-CONVEYOR-BLACK-V1,3692763005,0,5,5,lead_breakage|surface_spot|body_crack|body_chip|contamination,syn-v2-700-lead_breakage-0010|syn-v2-700-surface_spot-0053|syn-v2-700-body_crack-0033|syn-v2-700-body_chip-0025|syn-v2-700-contamination-0090,syn-v4-conv-0130,1280,720,b49f7619bb077816df51ddc691f12bd1e5edcdd1c689d9b4187e383e1729ab12,b22ddf2a776e09d9e21e572755a0bf8425b3b41a65b2b2e46482002ee41dc188,49767d10df2a74898f296c91e6120cf5c7fbd3d795c80739f0b71ff8032b3631,e13f25db4cfc190c59e627389e6c7b282f4067ba01e73b360236a2aa4383b0c7,a2605519ae6d796143815f075863458e0c8a20ff1c32becc2f2c6499de9c4478,26.780760,2.691760,34.221802,139.335907,112.555147,5.202836,0.000000,0.000000,SHADOWLESS_SAME_SENSOR_JPEG,fa5adb968da368a28b85a711cd7b3d0aab6829453361eb686e915af6797cf717,4.0.0,multi-instance-paired-clean-1024-v1,AUTO_PASS_MULTI_INSTANCE_PAIRED_CLEAN_1024,NO,"{""brightness"":0.76172859,""contrast"":0.97265442,""crop_x"":0,""crop_y"":393,""noise_seed"":2591024112,""noise_sigma"":0.24177626,""orientation_degrees"":180,""resized_height"":1280,""resized_width"":1280}","{""blur_radius_px"":0.28966192135485863,""jpeg_quality"":94,""noise_seed"":3935273944,""noise_sigma"":0.7962409525480643}","{""blur_radius_px"":7.855381558876585,""instances"":[{""instance_index"":1,""offset_x_px"":-2,""offset_y_px"":8,""opacity"":0.24485394},{""instance_index"":2,""offset_x_px"":4,""offset_y_px"":7,""opacity"":0.31321977},{""instance_index"":3,""offset_x_px"":0,""offset_y_px"":8,""opacity"":0.28983128},{""instance_index"":4,""offset_x_px"":2,""offset_y_px"":10,""opacity"":0.29143569},{""instance_index"":5,""offset_x_px"":4,""offset_y_px"":7,""opacity"":0.27611259}]}"
syn-v4-conv-0131,132,synthetic/v4_conveyor/images/train/syn-v4-conv-0131.jpg,synthetic/v4_conveyor/masks/component_visible_instances/train/syn-v4-conv-0131.png,synthetic/v4_conveyor/masks/defect_semantic/train/syn-v4-conv-0131.png,synthetic/v4_conveyor/labels/yolo_component_status/train/syn-v4-conv-0131.txt,synthetic/v4_conveyor/labels/yolo_defects/train/syn-v4-conv-0131.txt,synthetic_black_conveyor_multi_instance,train,multi_instance_detection_segmentation,TRAIN_ONLY_MULTI_SCENE_SYNTHETIC,NO,NO,side_component_spot,IMGGEN-CONVEYOR-BLACK-V1,927197767,0,5,5,scratch|discoloration|lead_breakage|body_chip|body_crack,syn-v2-700-scratch-0054|syn-v2-700-discoloration-0054|syn-v2-700-lead_breakage-0089|syn-v2-700-body_chip-0058|syn-v2-700-body_crack-0036,syn-v4-conv-0131,1280,720,db45847399c2f7bf10389297ebcaaad580286b90d15cfdde758f26b033ca3e51,ef29466527d978336821f6fa7df1d353044d13d5264d70500cf586bfcd30bc16,65a719243874afcccff8eba2156f1c334d99a24bc8f887ea32221f4edba95cd5,97cf4e7813b11cc9ea8a7b1dbae21de610409c2ef1ba11f7e33c62c60e52f131,d5e4a3306b2d18ea036936775bad144a63da9e565ff48644e6503fce1aabe977,33.281872,4.376325,45.144398,136.464233,103.182362,4.100257,0.000000,0.000000,SHADOWLESS_SAME_SENSOR_JPEG,fa5adb968da368a28b85a711cd7b3d0aab6829453361eb686e915af6797cf717,4.0.0,multi-instance-paired-clean-1024-v1,AUTO_PASS_MULTI_INSTANCE_PAIRED_CLEAN_1024,NO,"{""brightness"":0.94206233,""contrast"":1.03251443,""crop_x"":0,""crop_y"":197,""noise_seed"":314921725,""noise_sigma"":0.70482377,""orientation_degrees"":90,""resized_height"":1280,""resized_width"":1280}","{""blur_radius_px"":0.196622603390981,""jpeg_quality"":94,""noise_seed"":2279085293,""noise_sigma"":1.2023878301721536}","{""blur_radius_px"":5.796798523886443,""instances"":[{""instance_index"":1,""offset_x_px"":-2,""offset_y_px"":7,""opacity"":0.30537456},{""instance_index"":2,""offset_x_px"":-2,""offset_y_px"":6,""opacity"":0.31456681},{""instance_index"":3,""offset_x_px"":5,""offset_y_px"":6,""opacity"":0.1818812},{""instance_index"":4,""offset_x_px"":2,""offset_y_px"":10,""opacity"":0.24540515},{""instance_index"":5,""offset_x_px"":2,""offset_y_px"":8,""opacity"":0.21679147}]}"
syn-v4-conv-0132,133,synthetic/v4_conveyor/images/train/syn-v4-conv-0132.jpg,synthetic/v4_conveyor/masks/component_visible_instances/train/syn-v4-conv-0132.png,synthetic/v4_conveyor/masks/defect_semantic/train/syn-v4-conv-0132.png,synthetic/v4_conveyor/labels/yolo_component_status/train/syn-v4-conv-0132.txt,synthetic/v4_conveyor/labels/yolo_defects/train/syn-v4-conv-0132.txt,synthetic_black_conveyor_multi_instance,train,multi_instance_detection_segmentation,TRAIN_ONLY_MULTI_SCENE_SYNTHETIC,NO,NO,neutral_component_spot,IMGGEN-CONVEYOR-BLACK-V1,1292867555,0,5,5,body_crack|scratch|lead_breakage|surface_spot|normal_proxy,syn-v2-700-body_crack-0033|syn-v2-700-scratch-0028|syn-v2-700-lead_breakage-0082|syn-v2-700-surface_spot-0025|syn-v2-700-surface_spot-0027,syn-v4-conv-0132,1280,720,0f382e28e87ba58cf8424ff251440b2f20d12256e81c818d334a398d22ba6d9f,0fd4c0efc8518b64561052fc042be4cfa1f6c090d942672f885742c584c6943e,ff8f26f3935f82327602f1870fc943b5ebafc032dac47406b29a68f57c81e535,8feab6dac274718b3fbe17b0e9291704b5bd188fd97516adedb07b35cc756488,4faeedb85dd2599ea2b31347610614d79e1c58b05322e242b23d6a279479c0ce,25.409410,3.575549,34.931801,139.146149,113.736738,5.476166,0.000000,0.000000,SHADOWLESS_SAME_SENSOR_JPEG,fa5adb968da368a28b85a711cd7b3d0aab6829453361eb686e915af6797cf717,4.0.0,multi-instance-paired-clean-1024-v1,AUTO_PASS_MULTI_INSTANCE_PAIRED_CLEAN_1024,NO,"{""brightness"":0.72640951,""contrast"":1.02044766,""crop_x"":0,""crop_y"":512,""noise_seed"":659277499,""noise_sigma"":0.31654567,""orientation_degrees"":270,""resized_height"":1280,""resized_width"":1280}","{""blur_radius_px"":0.23709506247816847,""jpeg_quality"":95,""noise_seed"":2144199086,""noise_sigma"":1.0727464792437758}","{""blur_radius_px"":8.231962241780316,""instances"":[{""instance_index"":1,""offset_x_px"":2,""offset_y_px"":6,""opacity"":0.2728241},{""instance_index"":2,""offset_x_px"":3,""offset_y_px"":9,""opacity"":0.28939119},{""instance_index"":3,""offset_x_px"":4,""offset_y_px"":10,""opacity"":0.29293851},{""instance_index"":4,""offset_x_px"":-2,""offset_y_px"":7,""opacity"":0.27170987},{""instance_index"":5,""offset_x_px"":3,""offset_y_px"":7,""opacity"":0.24064191}]}"
syn-v4-conv-0133,134,synthetic/v4_conveyor/images/train/syn-v4-conv-0133.jpg,synthetic/v4_conveyor/masks/component_visible_instances/train/syn-v4-conv-0133.png,synthetic/v4_conveyor/masks/defect_semantic/train/syn-v4-conv-0133.png,synthetic/v4_conveyor/labels/yolo_component_status/train/syn-v4-conv-0133.txt,synthetic/v4_conveyor/labels/yolo_defects/train/syn-v4-conv-0133.txt,synthetic_black_conveyor_multi_instance,train,multi_instance_detection_segmentation,TRAIN_ONLY_MULTI_SCENE_SYNTHETIC,NO,NO,warm_component_spot,IMGGEN-CONVEYOR-BLACK-V1,1765152005,0,5,5,contamination|discoloration|scratch|surface_spot|body_chip,syn-v2-700-contamination-0045|syn-v2-700-discoloration-0070|syn-v2-700-scratch-0067|syn-v2-700-surface_spot-0077|syn-v2-700-body_chip-0004,syn-v4-conv-0133,1280,720,b9e55e405312caafc17b02eeebdd1698ed4c2650ce135f1601f015b402365c3d,a8abc7006107325a70c4381da94df3c319a6409bdcb59066d510344120f0b969,978eedd83130f607b9024af197dd09f915a42448ee69a3f4c3cea5e19350b4c5,e4628511513c9d651b721426b585362c691abf57acaa5565e075915e7c27d0fe,f4ff88000b6220d1110f1b7cf801d9055e12234458d08327a27cd84dd26944e6,26.232204,2.942929,34.502598,140.503433,114.271229,5.356143,0.000000,0.000000,SHADOWLESS_SAME_SENSOR_JPEG,fa5adb968da368a28b85a711cd7b3d0aab6829453361eb686e915af6797cf717,4.0.0,multi-instance-paired-clean-1024-v1,AUTO_PASS_MULTI_INSTANCE_PAIRED_CLEAN_1024,NO,"{""brightness"":0.74476794,""contrast"":0.98237539,""crop_x"":0,""crop_y"":485,""noise_seed"":347265393,""noise_sigma"":0.86742484,""orientation_degrees"":270,""resized_height"":1280,""resized_width"":1280}","{""blur_radius_px"":0.27196180328803743,""jpeg_quality"":95,""noise_seed"":4271532372,""noise_sigma"":1.259923941634409}","{""blur_radius_px"":8.287657475547611,""instances"":[{""instance_index"":1,""offset_x_px"":2,""offset_y_px"":6,""opacity"":0.20350437},{""instance_index"":2,""offset_x_px"":-3,""offset_y_px"":6,""opacity"":0.31280233},{""instance_index"":3,""offset_x_px"":-2,""offset_y_px"":6,""opacity"":0.189044},{""instance_index"":4,""offset_x_px"":-2,""offset_y_px"":6,""opacity"":0.29942725},{""instance_index"":5,""offset_x_px"":1,""offset_y_px"":8,""opacity"":0.28767863}]}"
syn-v4-conv-0134,135,synthetic/v4_conveyor/images/train/syn-v4-conv-0134.jpg,synthetic/v4_conveyor/masks/component_visible_instances/train/syn-v4-conv-0134.png,synthetic/v4_conveyor/masks/defect_semantic/train/syn-v4-conv-0134.png,synthetic/v4_conveyor/labels/yolo_component_status/train/syn-v4-conv-0134.txt,synthetic/v4_conveyor/labels/yolo_defects/train/syn-v4-conv-0134.txt,synthetic_black_conveyor_multi_instance,train,multi_instance_detection_segmentation,TRAIN_ONLY_MULTI_SCENE_SYNTHETIC,NO,NO,cool_component_spot,IMGGEN-CONVEYOR-BLACK-V1,220399600,0,5,5,surface_spot|discoloration|scratch|body_chip|contamination,syn-v2-700-surface_spot-0027|syn-v2-700-discoloration-0080|syn-v2-700-scratch-0028|syn-v2-700-body_chip-0099|syn-v2-700-contamination-0050,syn-v4-conv-0134,1280,720,e8ce5454a09bb78954e7beed0c3ba81f605840e494259cefc450b63ef992f91e,59025c8e92b2a53b1d89cc8df7c0a0e0c76686f52759c428c8fc7fec3df409e5,94340ad0b47fb1df910e90d08b7d5ae2dc9ab2419cf2c15c62a8858cd4e06f8a,68eff702f1fb2dfa487966aad372feabaa930765f331c46cdbdcb2400cdccb4b,dc21e40cdb21ad9486b5dac7e40afe2dfb850680367b9d308f494daf7ccf7373,26.860264,3.580381,36.144398,132.933914,106.073650,4.949092,0.000000,0.000000,SHADOWLESS_SAME_SENSOR_JPEG,fa5adb968da368a28b85a711cd7b3d0aab6829453361eb686e915af6797cf717,4.0.0,multi-instance-paired-clean-1024-v1,AUTO_PASS_MULTI_INSTANCE_PAIRED_CLEAN_1024,NO,"{""brightness"":0.77160024,""contrast"":1.05644831,""crop_x"":0,""crop_y"":87,""noise_seed"":2065461224,""noise_sigma"":0.57782857,""orientation_degrees"":270,""resized_height"":1280,""resized_width"":1280}","{""blur_radius_px"":0.09558558929319003,""jpeg_quality"":93,""noise_seed"":2428133188,""noise_sigma"":0.506465433965295}","{""blur_radius_px"":6.644195856099863,""instances"":[{""instance_index"":1,""offset_x_px"":5,""offset_y_px"":8,""opacity"":0.19407135},{""instance_index"":2,""offset_x_px"":-3,""offset_y_px"":6,""opacity"":0.22211548},{""instance_index"":3,""offset_x_px"":0,""offset_y_px"":6,""opacity"":0.30405848},{""instance_index"":4,""offset_x_px"":2,""offset_y_px"":5,""opacity"":0.24223581},{""instance_index"":5,""offset_x_px"":1,""offset_y_px"":6,""opacity"":0.19962439}]}"
syn-v4-conv-0135,136,synthetic/v4_conveyor/images/train/syn-v4-conv-0135.jpg,synthetic/v4_conveyor/masks/component_visible_instances/train/syn-v4-conv-0135.png,synthetic/v4_conveyor/masks/defect_semantic/train/syn-v4-conv-0135.png,synthetic/v4_conveyor/labels/yolo_component_status/train/syn-v4-conv-0135.txt,synthetic/v4_conveyor/labels/yolo_defects/train/syn-v4-conv-0135.txt,synthetic_black_conveyor_multi_instance,train,multi_instance_detection_segmentation,TRAIN_ONLY_MULTI_SCENE_SYNTHETIC,NO,NO,side_component_spot,IMGGEN-CONVEYOR-BLACK-V1,3396547153,0,5,5,contamination|discoloration|surface_spot|body_crack|scratch,syn-v2-700-contamination-0028|syn-v2-700-discoloration-0024|syn-v2-700-surface_spot-0053|syn-v2-700-body_crack-0052|syn-v2-700-scratch-0023,syn-v4-conv-0135,1280,720,c6947cc15a5d26d552948408963ec43f2be1db20ab65cb796c300d2cc668e125,091cd703fca612c40dff29847509c65558f8ffaecf040e463a86d4d226279e18,389e6edf95168047b05eee0cbae920f5490b17c56813c3936ee236451e11a5ee,1ea592ef31a32b166883e2a44f5750e676c7122846d839ef2feb6c0feb254eb4,03897106a74353666e17ef51e6d93ed674b62391468882e9eadc0e11fc136008,25.851906,2.897546,34.144402,138.325531,112.473625,5.350690,0.000000,0.000000,SHADOWLESS_SAME_SENSOR_JPEG,fa5adb968da368a28b85a711cd7b3d0aab6829453361eb686e915af6797cf717,4.0.0,multi-instance-paired-clean-1024-v1,AUTO_PASS_MULTI_INSTANCE_PAIRED_CLEAN_1024,NO,"{""brightness"":0.7406736,""contrast"":0.96319115,""crop_x"":0,""crop_y"":186,""noise_seed"":2398221752,""noise_sigma"":0.87537302,""orientation_degrees"":270,""resized_height"":1280,""resized_width"":1280}","{""blur_radius_px"":0.2745031905654995,""jpeg_quality"":94,""noise_seed"":3306559829,""noise_sigma"":0.8419588952523576}","{""blur_radius_px"":7.560088016821359,""instances"":[{""instance_index"":1,""offset_x_px"":1,""offset_y_px"":7,""opacity"":0.19754235},{""instance_index"":2,""offset_x_px"":1,""offset_y_px"":10,""opacity"":0.25917392},{""instance_index"":3,""offset_x_px"":-3,""offset_y_px"":6,""opacity"":0.26551107},{""instance_index"":4,""offset_x_px"":-3,""offset_y_px"":5,""opacity"":0.20336271},{""instance_index"":5,""offset_x_px"":0,""offset_y_px"":8,""opacity"":0.29353498}]}"
syn-v4-conv-0136,137,synthetic/v4_conveyor/images/train/syn-v4-conv-0136.jpg,synthetic/v4_conveyor/masks/component_visible_instances/train/syn-v4-conv-0136.png,synthetic/v4_conveyor/masks/defect_semantic/train/syn-v4-conv-0136.png,synthetic/v4_conveyor/labels/yolo_component_status/train/syn-v4-conv-0136.txt,synthetic/v4_conveyor/labels/yolo_defects/train/syn-v4-conv-0136.txt,synthetic_black_conveyor_multi_instance,train,multi_instance_detection_segmentation,TRAIN_ONLY_MULTI_SCENE_SYNTHETIC,NO,NO,neutral_component_spot,IMGGEN-CONVEYOR-BLACK-V1,2063601812,0,5,5,body_crack|discoloration|normal_proxy|body_chip|surface_spot,syn-v2-700-body_crack-0099|syn-v2-700-discoloration-0015|syn-v2-700-contamination-0028|syn-v2-700-body_chip-0004|syn-v2-700-surface_spot-0024,syn-v4-conv-0136,1280,720,463548ffd7fafaa398c94b9df149e56c723ad0748d0e629326a894cd8ad528fd,a97abfa0719156fe4bc4880e4f7ece2d54a175505e42d85c0ba94a00277a4807,d7bc4b933bde7b5d94335e19213257f2ac96c470a09bbe51aac54ff36585a2e1,58b44bb0aaab27cde0a4cd4cad2071b88fb5b23528d3b6ccd86e2e18770bdeb1,ac026a82108931ec9ca8ffb5f9cf49ddb3715b481cfc8bd0c35f07933741ce7c,30.816883,3.936134,41.000000,138.044327,107.227444,4.479503,0.000000,0.000000,SHADOWLESS_SAME_SENSOR_JPEG,fa5adb968da368a28b85a711cd7b3d0aab6829453361eb686e915af6797cf717,4.0.0,multi-instance-paired-clean-1024-v1,AUTO_PASS_MULTI_INSTANCE_PAIRED_CLEAN_1024,NO,"{""brightness"":0.88572433,""contrast"":1.01190151,""crop_x"":0,""crop_y"":328,""noise_seed"":2917865181,""noise_sigma"":0.74996808,""orientation_degrees"":0,""resized_height"":1280,""resized_width"":1280}","{""blur_radius_px"":0.008342815312082962,""jpeg_quality"":96,""noise_seed"":3451734182,""noise_sigma"":1.2828045842214777}","{""blur_radius_px"":6.891988822817283,""instances"":[{""instance_index"":1,""offset_x_px"":3,""offset_y_px"":7,""opacity"":0.25796595},{""instance_index"":2,""offset_x_px"":4,""offset_y_px"":7,""opacity"":0.23534063},{""instance_index"":3,""offset_x_px"":4,""offset_y_px"":10,""opacity"":0.19500072},{""instance_index"":4,""offset_x_px"":5,""offset_y_px"":10,""opacity"":0.28031},{""instance_index"":5,""offset_x_px"":-3,""offset_y_px"":10,""opacity"":0.29559704}]}"
syn-v4-conv-0137,138,synthetic/v4_conveyor/images/train/syn-v4-conv-0137.jpg,synthetic/v4_conveyor/masks/component_visible_instances/train/syn-v4-conv-0137.png,synthetic/v4_conveyor/masks/defect_semantic/train/syn-v4-conv-0137.png,synthetic/v4_conveyor/labels/yolo_component_status/train/syn-v4-conv-0137.txt,synthetic/v4_conveyor/labels/yolo_defects/train/syn-v4-conv-0137.txt,synthetic_black_conveyor_multi_instance,train,multi_instance_detection_segmentation,TRAIN_ONLY_MULTI_SCENE_SYNTHETIC,NO,NO,warm_component_spot,IMGGEN-CONVEYOR-BLACK-V1,4284419937,0,5,5,normal_proxy|contamination|lead_breakage|discoloration|body_chip,syn-v2-700-body_chip-0051|syn-v2-700-contamination-0081|syn-v2-700-lead_breakage-0012|syn-v2-700-discoloration-0047|syn-v2-700-body_chip-0079,syn-v4-conv-0137,1280,720,a88590fea3d69765bf36fab7dbf5e4886246b70b3d47a95e67ee8d163f6129fb,431a2986dbf9924a5e8298690fb897ed3e682e887cc336f9d2a00a6ebc7898a4,6907004447edd35ffd453354ebe79f34f9b762f8b3b91aaf4bc1f8cae337d00b,23a324403d1a5b87cbbf8da2e583e32cda60e1d90f3d0d76c0493a79dc2fea25,0e35a5aaca339904f16f4d9d442fdb6b1bc68b458ae8c102320290988fd9055e,30.109846,3.934758,40.144402,134.806396,104.696550,4.477153,0.000000,0.000000,SHADOWLESS_SAME_SENSOR_JPEG,fa5adb968da368a28b85a711cd7b3d0aab6829453361eb686e915af6797cf717,4.0.0,multi-instance-paired-clean-1024-v1,AUTO_PASS_MULTI_INSTANCE_PAIRED_CLEAN_1024,NO,"{""brightness"":0.85653545,""contrast"":1.07862876,""crop_x"":0,""crop_y"":240,""noise_seed"":975782974,""noise_sigma"":1.19824237,""orientation_degrees"":0,""resized_height"":1280,""resized_width"":1280}","{""blur_radius_px"":0.31685119994667676,""jpeg_quality"":95,""noise_seed"":2047776535,""noise_sigma"":0.38244890326693043}","{""blur_radius_px"":5.43433069974796,""instances"":[{""instance_index"":1,""offset_x_px"":4,""offset_y_px"":9,""opacity"":0.23722021},{""instance_index"":2,""offset_x_px"":-2,""offset_y_px"":9,""opacity"":0.21811588},{""instance_index"":3,""offset_x_px"":-1,""offset_y_px"":8,""opacity"":0.24901393},{""instance_index"":4,""offset_x_px"":4,""offset_y_px"":5,""opacity"":0.28963923},{""instance_index"":5,""offset_x_px"":4,""offset_y_px"":9,""opacity"":0.24469184}]}"
syn-v4-conv-0138,139,synthetic/v4_conveyor/images/train/syn-v4-conv-0138.jpg,synthetic/v4_conveyor/masks/component_visible_instances/train/syn-v4-conv-0138.png,synthetic/v4_conveyor/masks/defect_semantic/train/syn-v4-conv-0138.png,synthetic/v4_conveyor/labels/yolo_component_status/train/syn-v4-conv-0138.txt,synthetic/v4_conveyor/labels/yolo_defects/train/syn-v4-conv-0138.txt,synthetic_black_conveyor_multi_instance,train,multi_instance_detection_segmentation,TRAIN_ONLY_MULTI_SCENE_SYNTHETIC,NO,NO,cool_component_spot,IMGGEN-CONVEYOR-BLACK-V1,39483085,0,5,5,contamination|discoloration|surface_spot|body_crack|lead_breakage,syn-v2-700-contamination-0028|syn-v2-700-discoloration-0024|syn-v2-700-surface_spot-0088|syn-v2-700-body_crack-0027|syn-v2-700-lead_breakage-0053,syn-v4-conv-0138,1280,720,ec4c5a196649326eba2f806e9138a78ff2a4a63d8abf551e869ecdd5308aaca2,713ef09bd0b8d83e53ce2f2cce3214e42be2ccb13ef6bbbe03033bcefe8e06b1,0e61407cebb7a1024c55ed64edebfe1fc6d1536b1bd749864f1734998968f771,a1d0b5ac7f6c1c728dc0ed3f3a8447209cd3e2780053bb25ea180142d2cb921a,b77b294cc6dd79fd73a6f3651b4c06d9879e638358977cdce94659482fc09bac,33.562992,3.409854,44.000000,129.526245,95.963253,3.859198,0.000000,0.000000,SHADOWLESS_SAME_SENSOR_JPEG,fa5adb968da368a28b85a711cd7b3d0aab6829453361eb686e915af6797cf717,4.0.0,multi-instance-paired-clean-1024-v1,AUTO_PASS_MULTI_INSTANCE_PAIRED_CLEAN_1024,NO,"{""brightness"":0.94300381,""contrast"":0.95488538,""crop_x"":0,""crop_y"":179,""noise_seed"":649566128,""noise_sigma"":0.37143369,""orientation_degrees"":90,""resized_height"":1280,""resized_width"":1280}","{""blur_radius_px"":0.18843398925627267,""jpeg_quality"":92,""noise_seed"":3352141137,""noise_sigma"":0.3402361707364418}","{""blur_radius_px"":8.595049921250281,""instances"":[{""instance_index"":1,""offset_x_px"":5,""offset_y_px"":9,""opacity"":0.22932707},{""instance_index"":2,""offset_x_px"":-2,""offset_y_px"":7,""opacity"":0.28105766},{""instance_index"":3,""offset_x_px"":2,""offset_y_px"":6,""opacity"":0.27998288},{""instance_index"":4,""offset_x_px"":-2,""offset_y_px"":8,""opacity"":0.30893749},{""instance_index"":5,""offset_x_px"":3,""offset_y_px"":8,""opacity"":0.27318505}]}"
syn-v4-conv-0139,140,synthetic/v4_conveyor/images/train/syn-v4-conv-0139.jpg,synthetic/v4_conveyor/masks/component_visible_instances/train/syn-v4-conv-0139.png,synthetic/v4_conveyor/masks/defect_semantic/train/syn-v4-conv-0139.png,synthetic/v4_conveyor/labels/yolo_component_status/train/syn-v4-conv-0139.txt,synthetic/v4_conveyor/labels/yolo_defects/train/syn-v4-conv-0139.txt,synthetic_black_conveyor_multi_instance,train,multi_instance_detection_segmentation,TRAIN_ONLY_MULTI_SCENE_SYNTHETIC,NO,NO,side_component_spot,IMGGEN-CONVEYOR-BLACK-V1,3957190464,0,5,5,body_chip|scratch|contamination|lead_breakage|normal_proxy,syn-v2-700-body_chip-0063|syn-v2-700-scratch-0087|syn-v2-700-contamination-0044|syn-v2-700-lead_breakage-0017|syn-v2-700-body_crack-0003,syn-v4-conv-0139,1280,720,030acd5c69e117060085647d386f0c68053898200748b5869a3a6f78837a2ad0,08a0d94cdef8aa4a4e1dabcd7cf425313566d1c0ff885f2b791b20f3036e42b0,0e294ea01b68e91e896c5b1088a5fe2f7514793a03eac9a51a8c6da9d11cc58f,6b8763d374fb0e409686eee012630ab3d16c0ef92092942b1710716516784c01,6c104b42d900ab183ee0c1712bf1d9f12bb0457aff0bb9c00f869cc1c71cc50b,26.129606,2.856819,34.502598,143.613556,117.483950,5.496201,0.000000,0.000000,SHADOWLESS_SAME_SENSOR_JPEG,fa5adb968da368a28b85a711cd7b3d0aab6829453361eb686e915af6797cf717,4.0.0,multi-instance-paired-clean-1024-v1,AUTO_PASS_MULTI_INSTANCE_PAIRED_CLEAN_1024,NO,"{""brightness"":0.75558124,""contrast"":0.99052725,""crop_x"":0,""crop_y"":30,""noise_seed"":2528497860,""noise_sigma"":0.88044173,""orientation_degrees"":270,""resized_height"":1280,""resized_width"":1280}","{""blur_radius_px"":0.10763993434582295,""jpeg_quality"":94,""noise_seed"":2265055900,""noise_sigma"":0.5391400098790631}","{""blur_radius_px"":5.888362502105437,""instances"":[{""instance_index"":1,""offset_x_px"":1,""offset_y_px"":8,""opacity"":0.24130676},{""instance_index"":2,""offset_x_px"":-1,""offset_y_px"":9,""opacity"":0.23076981},{""instance_index"":3,""offset_x_px"":2,""offset_y_px"":8,""opacity"":0.21991529},{""instance_index"":4,""offset_x_px"":-2,""offset_y_px"":10,""opacity"":0.28298887},{""instance_index"":5,""offset_x_px"":1,""offset_y_px"":7,""opacity"":0.20613045}]}"
syn-v4-conv-0140,141,synthetic/v4_conveyor/images/train/syn-v4-conv-0140.jpg,synthetic/v4_conveyor/masks/component_visible_instances/train/syn-v4-conv-0140.png,synthetic/v4_conveyor/masks/defect_semantic/train/syn-v4-conv-0140.png,synthetic/v4_conveyor/labels/yolo_component_status/train/syn-v4-conv-0140.txt,synthetic/v4_conveyor/labels/yolo_defects/train/syn-v4-conv-0140.txt,synthetic_black_conveyor_multi_instance,train,multi_instance_detection_segmentation,TRAIN_ONLY_MULTI_SCENE_SYNTHETIC,NO,NO,neutral_component_spot,IMGGEN-CONVEYOR-BLACK-V1,3407370960,0,5,5,contamination|body_crack|scratch|lead_breakage|normal_proxy,syn-v2-700-contamination-0052|syn-v2-700-body_crack-0052|syn-v2-700-scratch-0067|syn-v2-700-lead_breakage-0051|syn-v2-700-body_chip-0004,syn-v4-conv-0140,1280,720,9d2c9120200ba36fc9fbf4977951842ba09f69d412202491bb366b6e0b3db2cd,c3b692b4ec0f52ef61acb6fae0a070f8032733077f6b2f03dfa38bd44560920e,13e13298407b1d963e6f7f30aed075e43ff78f1cf794f4847261a2e9d2a7f4d4,9e3b5bb78ac5e4748d680b34428f453e5210093b9509a40c01b876e467c4ec17,e0a087b6b74e46edcddd869a2e28e6c3642dc2d9f60e2421ad64afe2618e3de6,32.598999,3.481272,43.000000,137.507217,104.908218,4.218142,0.000000,0.000000,SHADOWLESS_SAME_SENSOR_JPEG,fa5adb968da368a28b85a711cd7b3d0aab6829453361eb686e915af6797cf717,4.0.0,multi-instance-paired-clean-1024-v1,AUTO_PASS_MULTI_INSTANCE_PAIRED_CLEAN_1024,NO,"{""brightness"":0.91798669,""contrast"":0.96346355,""crop_x"":0,""crop_y"":86,""noise_seed"":3559215975,""noise_sigma"":0.68503077,""orientation_degrees"":270,""resized_height"":1280,""resized_width"":1280}","{""blur_radius_px"":0.3072776950443023,""jpeg_quality"":95,""noise_seed"":2786242773,""noise_sigma"":0.35309220684926385}","{""blur_radius_px"":5.339136747992114,""instances"":[{""instance_index"":1,""offset_x_px"":0,""offset_y_px"":5,""opacity"":0.19005732},{""instance_index"":2,""offset_x_px"":-3,""offset_y_px"":10,""opacity"":0.26718167},{""instance_index"":3,""offset_x_px"":-2,""offset_y_px"":6,""opacity"":0.22747336},{""instance_index"":4,""offset_x_px"":0,""offset_y_px"":10,""opacity"":0.23453713},{""instance_index"":5,""offset_x_px"":1,""offset_y_px"":10,""opacity"":0.26964792}]}"
syn-v4-conv-0141,142,synthetic/v4_conveyor/images/train/syn-v4-conv-0141.jpg,synthetic/v4_conveyor/masks/component_visible_instances/train/syn-v4-conv-0141.png,synthetic/v4_conveyor/masks/defect_semantic/train/syn-v4-conv-0141.png,synthetic/v4_conveyor/labels/yolo_component_status/train/syn-v4-conv-0141.txt,synthetic/v4_conveyor/labels/yolo_defects/train/syn-v4-conv-0141.txt,synthetic_black_conveyor_multi_instance,train,multi_instance_detection_segmentation,TRAIN_ONLY_MULTI_SCENE_SYNTHETIC,NO,NO,warm_component_spot,IMGGEN-CONVEYOR-BLACK-V1,768127413,0,5,5,normal_proxy|discoloration|body_chip|contamination|surface_spot,syn-v2-700-contamination-0077|syn-v2-700-discoloration-0073|syn-v2-700-body_chip-0006|syn-v2-700-contamination-0062|syn-v2-700-surface_spot-0047,syn-v4-conv-0141,1280,720,38cf5ba7824c24e46720a6783ab40bc631523f415ac1cc053f2dc9c3ee0a5c56,4c30681bca2dd34f822abb19806b61ad9b648e40e25a789f4462c6220402d479,846e710bf56c1917ced2a19bc205230cf9a4e7de18818d892a22f8e8216010d1,5c9931a5f89b3fc4427a58b78dc6be53a0f3d78344c892dc55bf91af69e1d09c,42e16572d31bd128afd5cf4efd419a37d7378518c68f8adb45ca4c19e045065d,33.330818,3.360250,43.144402,147.007858,113.677040,4.410569,0.000000,0.000000,SHADOWLESS_SAME_SENSOR_JPEG,fa5adb968da368a28b85a711cd7b3d0aab6829453361eb686e915af6797cf717,4.0.0,multi-instance-paired-clean-1024-v1,AUTO_PASS_MULTI_INSTANCE_PAIRED_CLEAN_1024,NO,"{""brightness"":0.94239097,""contrast"":0.95024337,""crop_x"":0,""crop_y"":312,""noise_seed"":1382113579,""noise_sigma"":0.48689538,""orientation_degrees"":180,""resized_height"":1280,""resized_width"":1280}","{""blur_radius_px"":0.008887024871630327,""jpeg_quality"":96,""noise_seed"":423787942,""noise_sigma"":0.7015961598547649}","{""blur_radius_px"":6.952099227149452,""instances"":[{""instance_index"":1,""offset_x_px"":-2,""offset_y_px"":9,""opacity"":0.20159243},{""instance_index"":2,""offset_x_px"":-2,""offset_y_px"":6,""opacity"":0.29295358},{""instance_index"":3,""offset_x_px"":-1,""offset_y_px"":5,""opacity"":0.29458468},{""instance_index"":4,""offset_x_px"":2,""offset_y_px"":7,""opacity"":0.24366377},{""instance_index"":5,""offset_x_px"":3,""offset_y_px"":10,""opacity"":0.20671222}]}"
syn-v4-conv-0142,143,synthetic/v4_conveyor/images/train/syn-v4-conv-0142.jpg,synthetic/v4_conveyor/masks/component_visible_instances/train/syn-v4-conv-0142.png,synthetic/v4_conveyor/masks/defect_semantic/train/syn-v4-conv-0142.png,synthetic/v4_conveyor/labels/yolo_component_status/train/syn-v4-conv-0142.txt,synthetic/v4_conveyor/labels/yolo_defects/train/syn-v4-conv-0142.txt,synthetic_black_conveyor_multi_instance,train,multi_instance_detection_segmentation,TRAIN_ONLY_MULTI_SCENE_SYNTHETIC,NO,NO,cool_component_spot,IMGGEN-CONVEYOR-BLACK-V1,3407767055,0,5,5,lead_breakage|scratch|normal_proxy|discoloration|surface_spot,syn-v2-700-lead_breakage-0012|syn-v2-700-scratch-0079|syn-v2-700-contamination-0062|syn-v2-700-discoloration-0025|syn-v2-700-surface_spot-0048,syn-v4-conv-0142,1280,720,20e006a33b80d201d787d6e144784bf5bb4f425dfb4dc40ed083e8c79554f15e,dc1ca5c1cd5899f9af0759957cf1f109cb8f246cfdd4d0fef8a1d89ff9a021f4,6a739cb7006139e7732b8f0833c681aae2886d328c5f7c724089d505409a57aa,c3c3bd3af177c86f18f1957c65c11fea3ff4530efbd1712492e24fdee5dfb17f,87f33ffcb5c0edec30652d9a08ba0f02d0c7b4d31681af1227c7b5557e68360e,32.617920,3.471049,43.000000,137.972595,105.354675,4.229963,0.000000,0.000000,SHADOWLESS_SAME_SENSOR_JPEG,fa5adb968da368a28b85a711cd7b3d0aab6829453361eb686e915af6797cf717,4.0.0,multi-instance-paired-clean-1024-v1,AUTO_PASS_MULTI_INSTANCE_PAIRED_CLEAN_1024,NO,"{""brightness"":0.91727029,""contrast"":0.98947417,""crop_x"":0,""crop_y"":178,""noise_seed"":2699176051,""noise_sigma"":0.14193619,""orientation_degrees"":270,""resized_height"":1280,""resized_width"":1280}","{""blur_radius_px"":0.01482602880155187,""jpeg_quality"":93,""noise_seed"":4079091791,""noise_sigma"":0.3436851107085644}","{""blur_radius_px"":6.435726105741587,""instances"":[{""instance_index"":1,""offset_x_px"":4,""offset_y_px"":9,""opacity"":0.2188646},{""instance_index"":2,""offset_x_px"":-1,""offset_y_px"":9,""opacity"":0.26197208},{""instance_index"":3,""offset_x_px"":4,""offset_y_px"":10,""opacity"":0.28394721},{""instance_index"":4,""offset_x_px"":5,""offset_y_px"":8,""opacity"":0.2714912},{""instance_index"":5,""offset_x_px"":5,""offset_y_px"":7,""opacity"":0.26199485}]}"
syn-v4-conv-0143,144,synthetic/v4_conveyor/images/train/syn-v4-conv-0143.jpg,synthetic/v4_conveyor/masks/component_visible_instances/train/syn-v4-conv-0143.png,synthetic/v4_conveyor/masks/defect_semantic/train/syn-v4-conv-0143.png,synthetic/v4_conveyor/labels/yolo_component_status/train/syn-v4-conv-0143.txt,synthetic/v4_conveyor/labels/yolo_defects/train/syn-v4-conv-0143.txt,synthetic_black_conveyor_multi_instance,train,multi_instance_detection_segmentation,TRAIN_ONLY_MULTI_SCENE_SYNTHETIC,NO,NO,side_component_spot,IMGGEN-CONVEYOR-BLACK-V1,3861119744,0,5,5,discoloration|body_chip|normal_proxy|surface_spot|scratch,syn-v2-700-discoloration-0072|syn-v2-700-body_chip-0006|syn-v2-700-discoloration-0045|syn-v2-700-surface_spot-0049|syn-v2-700-scratch-0028,syn-v4-conv-0143,1280,720,a3318fbb3166eaad7bab93467a07881d02368d48a5b0f26e5b19b1082bb253da,89dec92dfc8f1b0b6d20fd6d73f364b34dd6f1466e04801e0abdf5048a14628b,b44974793aa7dc56f7065ec3a41619764575640697b7f64f0325a813113da683,6912f0375e341241271aff9796ccabde87634074889d90c22f21c671c1d54795,153bb9caa92a909616b2389591814bc679bc73d98e2828737f25b966e6bb9a53,26.489527,3.658273,36.000000,143.486099,116.996572,5.416711,0.000000,0.000000,SHADOWLESS_SAME_SENSOR_JPEG,fa5adb968da368a28b85a711cd7b3d0aab6829453361eb686e915af6797cf717,4.0.0,multi-instance-paired-clean-1024-v1,AUTO_PASS_MULTI_INSTANCE_PAIRED_CLEAN_1024,NO,"{""brightness"":0.75270356,""contrast"":1.01887601,""crop_x"":0,""crop_y"":303,""noise_seed"":1114249996,""noise_sigma"":0.19836892,""orientation_degrees"":90,""resized_height"":1280,""resized_width"":1280}","{""blur_radius_px"":0.31182459717939365,""jpeg_quality"":95,""noise_seed"":3678912143,""noise_sigma"":0.405641915098432}","{""blur_radius_px"":6.402633224297698,""instances"":[{""instance_index"":1,""offset_x_px"":0,""offset_y_px"":5,""opacity"":0.27130578},{""instance_index"":2,""offset_x_px"":-1,""offset_y_px"":5,""opacity"":0.20390708},{""instance_index"":3,""offset_x_px"":-3,""offset_y_px"":9,""opacity"":0.19629803},{""instance_index"":4,""offset_x_px"":5,""offset_y_px"":9,""opacity"":0.30100295},{""instance_index"":5,""offset_x_px"":-1,""offset_y_px"":5,""opacity"":0.22661298}]}"
syn-v4-conv-0144,145,synthetic/v4_conveyor/images/train/syn-v4-conv-0144.jpg,synthetic/v4_conveyor/masks/component_visible_instances/train/syn-v4-conv-0144.png,synthetic/v4_conveyor/masks/defect_semantic/train/syn-v4-conv-0144.png,synthetic/v4_conveyor/labels/yolo_component_status/train/syn-v4-conv-0144.txt,synthetic/v4_conveyor/labels/yolo_defects/train/syn-v4-conv-0144.txt,synthetic_black_conveyor_multi_instance,train,multi_instance_detection_segmentation,TRAIN_ONLY_MULTI_SCENE_SYNTHETIC,NO,NO,neutral_component_spot,IMGGEN-CONVEYOR-BLACK-V1,997097443,0,5,5,discoloration|body_chip|lead_breakage|contamination|body_crack,syn-v2-700-discoloration-0053|syn-v2-700-body_chip-0011|syn-v2-700-lead_breakage-0010|syn-v2-700-contamination-0020|syn-v2-700-body_crack-0044,syn-v4-conv-0144,1280,720,dd158b4b31a176be9059004d9bfcef51af62c56f3b075ad034ca913060075b30,352bb0267bba5ec92e89c4b90dbaabc10f668554bd571e163780bacb69fec4be,b3d94b97ad22866fc29f205b24175cae5fd2fd866ce598fd3d11770a8d0252c7,1c06f3ea1c768a65b96c1eaf01f22d73c51e6e2f64711c86f1506d5ddb807bc5,5e14eec52ada933a9ae0fa3910550b803f608c38ab4fdd161e3404be81b3663c,27.224487,3.572833,36.502602,145.270767,118.046280,5.336033,0.000000,0.000000,SHADOWLESS_SAME_SENSOR_JPEG,fa5adb968da368a28b85a711cd7b3d0aab6829453361eb686e915af6797cf717,4.0.0,multi-instance-paired-clean-1024-v1,AUTO_PASS_MULTI_INSTANCE_PAIRED_CLEAN_1024,NO,"{""brightness"":0.7936467,""contrast"":1.00892538,""crop_x"":0,""crop_y"":185,""noise_seed"":2402912466,""noise_sigma"":1.00583084,""orientation_degrees"":180,""resized_height"":1280,""resized_width"":1280}","{""blur_radius_px"":0.07944086308540085,""jpeg_quality"":96,""noise_seed"":1796513593,""noise_sigma"":0.5957413939591207}","{""blur_radius_px"":6.326161873852945,""instances"":[{""instance_index"":1,""offset_x_px"":-3,""offset_y_px"":5,""opacity"":0.23737837},{""instance_index"":2,""offset_x_px"":3,""offset_y_px"":10,""opacity"":0.27629284},{""instance_index"":3,""offset_x_px"":-2,""offset_y_px"":5,""opacity"":0.28228692},{""instance_index"":4,""offset_x_px"":-2,""offset_y_px"":8,""opacity"":0.2872997},{""instance_index"":5,""offset_x_px"":-3,""offset_y_px"":5,""opacity"":0.25224265}]}"
syn-v4-conv-0145,146,synthetic/v4_conveyor/images/train/syn-v4-conv-0145.jpg,synthetic/v4_conveyor/masks/component_visible_instances/train/syn-v4-conv-0145.png,synthetic/v4_conveyor/masks/defect_semantic/train/syn-v4-conv-0145.png,synthetic/v4_conveyor/labels/yolo_component_status/train/syn-v4-conv-0145.txt,synthetic/v4_conveyor/labels/yolo_defects/train/syn-v4-conv-0145.txt,synthetic_black_conveyor_multi_instance,train,multi_instance_detection_segmentation,TRAIN_ONLY_MULTI_SCENE_SYNTHETIC,NO,NO,warm_component_spot,IMGGEN-CONVEYOR-BLACK-V1,2195213783,0,5,5,contamination|normal_proxy|body_chip|scratch|discoloration,syn-v2-700-contamination-0085|syn-v2-700-body_chip-0058|syn-v2-700-body_chip-0039|syn-v2-700-scratch-0047|syn-v2-700-discoloration-0082,syn-v4-conv-0145,1280,720,22fc7d38c2d44bb363b6bc66e4bf45920789baed699b371bc35faf57968a70d6,a5252c3512e17230af38823c77d2df05e8738bcf4d898b9586d2eda8870f1a94,9afc445f6554d5818cb5a576d9b1ffcf3c5fb3b6e1a994e8bca9dab3bf04c3db,fd1cbea54fd57c31fdfdf96a12401d1d28c86eb76ae6ac4de7796774a3c2365a,99ade94666cc78af35b17a6e01d74dbaec6c55b5aead6718fe690215f0b09f1e,32.196030,4.344341,43.855598,140.386948,108.190918,4.360381,0.000000,0.000000,SHADOWLESS_SAME_SENSOR_JPEG,fa5adb968da368a28b85a711cd7b3d0aab6829453361eb686e915af6797cf717,4.0.0,multi-instance-paired-clean-1024-v1,AUTO_PASS_MULTI_INSTANCE_PAIRED_CLEAN_1024,NO,"{""brightness"":0.9134001,""contrast"":1.07277466,""crop_x"":0,""crop_y"":139,""noise_seed"":3250535852,""noise_sigma"":0.90761468,""orientation_degrees"":90,""resized_height"":1280,""resized_width"":1280}","{""blur_radius_px"":0.12161674944242779,""jpeg_quality"":96,""noise_seed"":1620979660,""noise_sigma"":0.3204411440489843}","{""blur_radius_px"":8.429898235805926,""instances"":[{""instance_index"":1,""offset_x_px"":0,""offset_y_px"":5,""opacity"":0.28044549},{""instance_index"":2,""offset_x_px"":-3,""offset_y_px"":7,""opacity"":0.2010317},{""instance_index"":3,""offset_x_px"":-1,""offset_y_px"":8,""opacity"":0.30551493},{""instance_index"":4,""offset_x_px"":1,""offset_y_px"":9,""opacity"":0.31788283},{""instance_index"":5,""offset_x_px"":5,""offset_y_px"":9,""opacity"":0.26141504}]}"
syn-v4-conv-0146,147,synthetic/v4_conveyor/images/train/syn-v4-conv-0146.jpg,synthetic/v4_conveyor/masks/component_visible_instances/train/syn-v4-conv-0146.png,synthetic/v4_conveyor/masks/defect_semantic/train/syn-v4-conv-0146.png,synthetic/v4_conveyor/labels/yolo_component_status/train/syn-v4-conv-0146.txt,synthetic/v4_conveyor/labels/yolo_defects/train/syn-v4-conv-0146.txt,synthetic_black_conveyor_multi_instance,train,multi_instance_detection_segmentation,TRAIN_ONLY_MULTI_SCENE_SYNTHETIC,NO,NO,cool_component_spot,IMGGEN-CONVEYOR-BLACK-V1,304470707,0,5,5,lead_breakage|normal_proxy|discoloration|scratch|body_crack,syn-v2-700-lead_breakage-0076|syn-v2-700-discoloration-0027|syn-v2-700-discoloration-0023|syn-v2-700-scratch-0008|syn-v2-700-body_crack-0081,syn-v4-conv-0146,1280,720,32c178bd458864fd491e0d89e25a18a57564360d5413a1a9b2647afce0e3179d,a1526bd674a35293a38d80f0a898333409a5b6471a713e91ceaafe40126ea91c,e71e888cf558545d415b0b8ce5016e0091037dbb20728fb764b852a07322d2ea,4ab1f86cf56905d94bb7ac3a5ae9018fff424454b5acf1aaf732c5aceed9d5ff,b21dee8e8c4f795b057a26ec5f1fe77f67e264f8dc99612ffe105e783c65fe6c,30.785749,3.461344,40.502602,139.192032,108.406282,4.521314,0.000000,0.000000,SHADOWLESS_SAME_SENSOR_JPEG,fa5adb968da368a28b85a711cd7b3d0aab6829453361eb686e915af6797cf717,4.0.0,multi-instance-paired-clean-1024-v1,AUTO_PASS_MULTI_INSTANCE_PAIRED_CLEAN_1024,NO,"{""brightness"":0.87059964,""contrast"":0.98482985,""crop_x"":0,""crop_y"":374,""noise_seed"":4101023650,""noise_sigma"":0.23370655,""orientation_degrees"":90,""resized_height"":1280,""resized_width"":1280}","{""blur_radius_px"":0.03886666518002266,""jpeg_quality"":96,""noise_seed"":2526211778,""noise_sigma"":0.9719377237351134}","{""blur_radius_px"":8.714154366569135,""instances"":[{""instance_index"":1,""offset_x_px"":1,""offset_y_px"":10,""opacity"":0.31742254},{""instance_index"":2,""offset_x_px"":5,""offset_y_px"":8,""opacity"":0.1906114},{""instance_index"":3,""offset_x_px"":0,""offset_y_px"":9,""opacity"":0.29762473},{""instance_index"":4,""offset_x_px"":-1,""offset_y_px"":9,""opacity"":0.19041943},{""instance_index"":5,""offset_x_px"":-3,""offset_y_px"":9,""opacity"":0.24983883}]}"
syn-v4-conv-0147,148,synthetic/v4_conveyor/images/train/syn-v4-conv-0147.jpg,synthetic/v4_conveyor/masks/component_visible_instances/train/syn-v4-conv-0147.png,synthetic/v4_conveyor/masks/defect_semantic/train/syn-v4-conv-0147.png,synthetic/v4_conveyor/labels/yolo_component_status/train/syn-v4-conv-0147.txt,synthetic/v4_conveyor/labels/yolo_defects/train/syn-v4-conv-0147.txt,synthetic_black_conveyor_multi_instance,train,multi_instance_detection_segmentation,TRAIN_ONLY_MULTI_SCENE_SYNTHETIC,NO,NO,side_component_spot,IMGGEN-CONVEYOR-BLACK-V1,1474207375,0,5,5,lead_breakage|contamination|normal_proxy|discoloration|scratch,syn-v2-700-lead_breakage-0082|syn-v2-700-contamination-0077|syn-v2-700-lead_breakage-0012|syn-v2-700-discoloration-0080|syn-v2-700-scratch-0087,syn-v4-conv-0147,1280,720,67614d162f96ae3b3ae02882ef875d30b03f28ebb321c5f29713a44c7d854020,8f285adbe9dc0b2c9fc222d8146caf9a62e7592a4913a5c400a239efac0c587a,08fce1e7a3b1d598436b0c3555b3a14bdcb7ab0887c24bbfce3ec0b49be85e12,5c7f13a765dbd4d0dd9f2f1a30e9c875a5910a6d2aa6deb03c02afa788279700,7218381222677cec4714a293932cf9644972cd902fcf44659b73fbcadb95c6d1,27.503061,3.847902,37.502602,144.520554,117.017492,5.254708,0.000000,0.000000,SHADOWLESS_SAME_SENSOR_JPEG,fa5adb968da368a28b85a711cd7b3d0aab6829453361eb686e915af6797cf717,4.0.0,multi-instance-paired-clean-1024-v1,AUTO_PASS_MULTI_INSTANCE_PAIRED_CLEAN_1024,NO,"{""brightness"":0.78744722,""contrast"":1.05605801,""crop_x"":0,""crop_y"":492,""noise_seed"":615554048,""noise_sigma"":0.87065034,""orientation_degrees"":270,""resized_height"":1280,""resized_width"":1280}","{""blur_radius_px"":0.10506517751562075,""jpeg_quality"":95,""noise_seed"":2463974388,""noise_sigma"":1.1472094419364463}","{""blur_radius_px"":7.451732895798215,""instances"":[{""instance_index"":1,""offset_x_px"":4,""offset_y_px"":8,""opacity"":0.30680456},{""instance_index"":2,""offset_x_px"":3,""offset_y_px"":5,""opacity"":0.30289443},{""instance_index"":3,""offset_x_px"":5,""offset_y_px"":9,""opacity"":0.25689442},{""instance_index"":4,""offset_x_px"":5,""offset_y_px"":5,""opacity"":0.2748934},{""instance_index"":5,""offset_x_px"":3,""offset_y_px"":10,""opacity"":0.30175938}]}"
syn-v4-conv-0148,149,synthetic/v4_conveyor/images/train/syn-v4-conv-0148.jpg,synthetic/v4_conveyor/masks/component_visible_instances/train/syn-v4-conv-0148.png,synthetic/v4_conveyor/masks/defect_semantic/train/syn-v4-conv-0148.png,synthetic/v4_conveyor/labels/yolo_component_status/train/syn-v4-conv-0148.txt,synthetic/v4_conveyor/labels/yolo_defects/train/syn-v4-conv-0148.txt,synthetic_black_conveyor_multi_instance,train,multi_instance_detection_segmentation,TRAIN_ONLY_MULTI_SCENE_SYNTHETIC,NO,NO,neutral_component_spot,IMGGEN-CONVEYOR-BLACK-V1,313644172,0,5,5,surface_spot|normal_proxy|discoloration|scratch|contamination,syn-v2-700-surface_spot-0082|syn-v2-700-surface_spot-0064|syn-v2-700-discoloration-0047|syn-v2-700-scratch-0060|syn-v2-700-contamination-0096,syn-v4-conv-0148,1280,720,e20f6bef164bbdff59e1bcc4e8ee7c742512191370ca2f1ae11365eb7f03d0ed,04d0fc95902e661134d7d16711082eb8e32645423f0ea00e26b85a2f899917dc,aab9b3c19ccc07a42feff3df336723a0ca828c9437216316950fd0cccf6ab9f5,5fb56f6691faa0be187e2f1fea53ecb7529cd993f07b456e6daa72ce3b4043ff,c5c658f4cf7f3284f5e16ef6090cc6066592e878859ec40ba09260d9bd444612,32.353321,3.921143,43.000000,135.640381,103.287060,4.192472,0.000000,0.000000,SHADOWLESS_SAME_SENSOR_JPEG,fa5adb968da368a28b85a711cd7b3d0aab6829453361eb686e915af6797cf717,4.0.0,multi-instance-paired-clean-1024-v1,AUTO_PASS_MULTI_INSTANCE_PAIRED_CLEAN_1024,NO,"{""brightness"":0.9178443,""contrast"":1.0506126,""crop_x"":0,""crop_y"":319,""noise_seed"":1234872844,""noise_sigma"":0.07136729,""orientation_degrees"":180,""resized_height"":1280,""resized_width"":1280}","{""blur_radius_px"":0.20341262886789935,""jpeg_quality"":95,""noise_seed"":1775953105,""noise_sigma"":0.4516228058310509}","{""blur_radius_px"":8.083422798040433,""instances"":[{""instance_index"":1,""offset_x_px"":-2,""offset_y_px"":9,""opacity"":0.22226663},{""instance_index"":2,""offset_x_px"":5,""offset_y_px"":6,""opacity"":0.31112508},{""instance_index"":3,""offset_x_px"":-2,""offset_y_px"":6,""opacity"":0.25850108},{""instance_index"":4,""offset_x_px"":2,""offset_y_px"":7,""opacity"":0.30580696},{""instance_index"":5,""offset_x_px"":3,""offset_y_px"":9,""opacity"":0.19488948}]}"
syn-v4-conv-0149,150,synthetic/v4_conveyor/images/train/syn-v4-conv-0149.jpg,synthetic/v4_conveyor/masks/component_visible_instances/train/syn-v4-conv-0149.png,synthetic/v4_conveyor/masks/defect_semantic/train/syn-v4-conv-0149.png,synthetic/v4_conveyor/labels/yolo_component_status/train/syn-v4-conv-0149.txt,synthetic/v4_conveyor/labels/yolo_defects/train/syn-v4-conv-0149.txt,synthetic_black_conveyor_multi_instance,train,multi_instance_detection_segmentation,TRAIN_ONLY_MULTI_SCENE_SYNTHETIC,NO,NO,warm_component_spot,IMGGEN-CONVEYOR-BLACK-V1,2898609762,0,5,5,body_chip|normal_proxy|scratch|discoloration|lead_breakage,syn-v2-700-body_chip-0086|syn-v2-700-body_chip-0079|syn-v2-700-scratch-0047|syn-v2-700-discoloration-0013|syn-v2-700-lead_breakage-0046,syn-v4-conv-0149,1280,720,b3d75aae2a16d91397eaaf5724f8232598dbada52588294ba8ada4d1b4c40db0,afcabc373155779e494bfd90778f5feba20515db23c2d958610ccee427388144,c4acc295a2743f4bf602b304d3fb41dcd92768f5394de0122a4c7d7682e079c7,0241ac70ae61563fe383d92327a4bbe2727c8e9b9b13afac188c068ac8a557b6,1697739cc9c5e73a3a0f5ceeaa3cdba1b83b30d56f6b5282d034504881313d80,26.477333,2.655705,34.000000,136.042084,109.564751,5.138058,0.000000,0.000000,SHADOWLESS_SAME_SENSOR_JPEG,fa5adb968da368a28b85a711cd7b3d0aab6829453361eb686e915af6797cf717,4.0.0,multi-instance-paired-clean-1024-v1,AUTO_PASS_MULTI_INSTANCE_PAIRED_CLEAN_1024,NO,"{""brightness"":0.7639926,""contrast"":0.92910195,""crop_x"":0,""crop_y"":344,""noise_seed"":2563475266,""noise_sigma"":0.03908153,""orientation_degrees"":0,""resized_height"":1280,""resized_width"":1280}","{""blur_radius_px"":0.051742173904651856,""jpeg_quality"":94,""noise_seed"":1290182788,""noise_sigma"":0.8515335508672228}","{""blur_radius_px"":8.75147224501163,""instances"":[{""instance_index"":1,""offset_x_px"":-3,""offset_y_px"":8,""opacity"":0.22012037},{""instance_index"":2,""offset_x_px"":2,""offset_y_px"":9,""opacity"":0.2117463},{""instance_index"":3,""offset_x_px"":4,""offset_y_px"":5,""opacity"":0.29627056},{""instance_index"":4,""offset_x_px"":1,""offset_y_px"":5,""opacity"":0.18379372},{""instance_index"":5,""offset_x_px"":4,""offset_y_px"":5,""opacity"":0.23748869}]}"
syn-v4-conv-0150,151,synthetic/v4_conveyor/images/train/syn-v4-conv-0150.jpg,synthetic/v4_conveyor/masks/component_visible_instances/train/syn-v4-conv-0150.png,synthetic/v4_conveyor/masks/defect_semantic/train/syn-v4-conv-0150.png,synthetic/v4_conveyor/labels/yolo_component_status/train/syn-v4-conv-0150.txt,synthetic/v4_conveyor/labels/yolo_defects/train/syn-v4-conv-0150.txt,synthetic_black_conveyor_multi_instance,train,multi_instance_detection_segmentation,TRAIN_ONLY_MULTI_SCENE_SYNTHETIC,NO,NO,cool_component_spot,IMGGEN-CONVEYOR-BLACK-V1,2786060020,0,5,5,normal_proxy|discoloration|contamination|body_crack|body_chip,syn-v2-700-lead_breakage-0085|syn-v2-700-discoloration-0013|syn-v2-700-contamination-0011|syn-v2-700-body_crack-0037|syn-v2-700-body_chip-0025,syn-v4-conv-0150,1280,720,4fc20841effb10de3c58e557d77d718842672dfff320d1a0f75d3a52e787a952,b9a65509f2f61a6c459d30c71ce41d9f074b62c179618d8a4390b57d8a2a331a,e2d76816f70cac61768ad8aefbd0bb35bd4075e73eb6a9350a5b8e93e5b6b1a0,3b34433f794f5e3b36f079e561162150c05c262d900b44f6c3b0508636c8b455,f1b6ef304db7ce908a652ee1cd15aca5358a26f995a432b218172b3087aa3ff1,32.514751,3.455899,43.000000,141.879257,109.364506,4.363535,0.000000,0.000000,SHADOWLESS_SAME_SENSOR_JPEG,fa5adb968da368a28b85a711cd7b3d0aab6829453361eb686e915af6797cf717,4.0.0,multi-instance-paired-clean-1024-v1,AUTO_PASS_MULTI_INSTANCE_PAIRED_CLEAN_1024,NO,"{""brightness"":0.91801291,""contrast"":0.99060727,""crop_x"":0,""crop_y"":135,""noise_seed"":2122711971,""noise_sigma"":0.30689363,""orientation_degrees"":270,""resized_height"":1280,""resized_width"":1280}","{""blur_radius_px"":0.043641166842535745,""jpeg_quality"":93,""noise_seed"":1364587240,""noise_sigma"":0.5555394502196029}","{""blur_radius_px"":8.314336818346803,""instances"":[{""instance_index"":1,""offset_x_px"":-3,""offset_y_px"":10,""opacity"":0.22533631},{""instance_index"":2,""offset_x_px"":5,""offset_y_px"":10,""opacity"":0.19029763},{""instance_index"":3,""offset_x_px"":5,""offset_y_px"":5,""opacity"":0.21748781},{""instance_index"":4,""offset_x_px"":-3,""offset_y_px"":8,""opacity"":0.26102141},{""instance_index"":5,""offset_x_px"":4,""offset_y_px"":9,""opacity"":0.27100337}]}"
syn-v4-conv-0151,152,synthetic/v4_conveyor/images/train/syn-v4-conv-0151.jpg,synthetic/v4_conveyor/masks/component_visible_instances/train/syn-v4-conv-0151.png,synthetic/v4_conveyor/masks/defect_semantic/train/syn-v4-conv-0151.png,synthetic/v4_conveyor/labels/yolo_component_status/train/syn-v4-conv-0151.txt,synthetic/v4_conveyor/labels/yolo_defects/train/syn-v4-conv-0151.txt,synthetic_black_conveyor_multi_instance,train,multi_instance_detection_segmentation,TRAIN_ONLY_MULTI_SCENE_SYNTHETIC,NO,NO,side_component_spot,IMGGEN-CONVEYOR-BLACK-V1,4013154853,0,5,5,body_crack|lead_breakage|surface_spot|normal_proxy|contamination,syn-v2-700-body_crack-0051|syn-v2-700-lead_breakage-0051|syn-v2-700-surface_spot-0004|syn-v2-700-contamination-0050|syn-v2-700-contamination-0081,syn-v4-conv-0151,1280,720,d0c13e933d819136d2726f5fe37eafb07e5ff5daac5e561063c4685d05ecf6db,5b26be611240928cb132a4568752b7d93c60e42a29b3f14116b1ce4325d3031e,865c9dca94651a1a75a969bb596296ed9fa7f931a6bf0b49160a0bf6b583dd92,4aa95534681ec88f3548c28edcd290b7f99371b5e470cb53bc6cd481dd7e7722,c778a41817161c4b4d7a83985c39835d9565c8cdd7d527ceec2d6dbfac8283e3,32.570683,3.291694,42.000000,133.365173,100.794491,4.094639,0.000000,0.000000,SHADOWLESS_SAME_SENSOR_JPEG,fa5adb968da368a28b85a711cd7b3d0aab6829453361eb686e915af6797cf717,4.0.0,multi-instance-paired-clean-1024-v1,AUTO_PASS_MULTI_INSTANCE_PAIRED_CLEAN_1024,NO,"{""brightness"":0.91501847,""contrast"":0.95332815,""crop_x"":0,""crop_y"":376,""noise_seed"":1732173462,""noise_sigma"":0.67981498,""orientation_degrees"":180,""resized_height"":1280,""resized_width"":1280}","{""blur_radius_px"":0.16988558875875376,""jpeg_quality"":94,""noise_seed"":1651611932,""noise_sigma"":0.9489974732258228}","{""blur_radius_px"":5.797116818131393,""instances"":[{""instance_index"":1,""offset_x_px"":0,""offset_y_px"":6,""opacity"":0.1908609},{""instance_index"":2,""offset_x_px"":1,""offset_y_px"":5,""opacity"":0.22210372},{""instance_index"":3,""offset_x_px"":5,""offset_y_px"":5,""opacity"":0.27796978},{""instance_index"":4,""offset_x_px"":1,""offset_y_px"":7,""opacity"":0.18461492},{""instance_index"":5,""offset_x_px"":5,""offset_y_px"":6,""opacity"":0.26342765}]}"
syn-v4-conv-0152,153,synthetic/v4_conveyor/images/train/syn-v4-conv-0152.jpg,synthetic/v4_conveyor/masks/component_visible_instances/train/syn-v4-conv-0152.png,synthetic/v4_conveyor/masks/defect_semantic/train/syn-v4-conv-0152.png,synthetic/v4_conveyor/labels/yolo_component_status/train/syn-v4-conv-0152.txt,synthetic/v4_conveyor/labels/yolo_defects/train/syn-v4-conv-0152.txt,synthetic_black_conveyor_multi_instance,train,multi_instance_detection_segmentation,TRAIN_ONLY_MULTI_SCENE_SYNTHETIC,NO,NO,neutral_component_spot,IMGGEN-CONVEYOR-BLACK-V1,1233269877,0,5,5,normal_proxy|scratch|contamination|surface_spot|body_chip,syn-v2-700-body_chip-0019|syn-v2-700-scratch-0007|syn-v2-700-contamination-0088|syn-v2-700-surface_spot-0090|syn-v2-700-body_chip-0018,syn-v4-conv-0152,1280,720,043c01fd4d67c1ea870861531a43df2708b98a0370c97065df05c76df4d801c9,bce5963a24c7551e3f723d9831b07a1e5044a0e3aabbb5e6c71fb8fb7a2d308f,45a0b00de41024d9265098091c5422b5cd4219017e70cf773282c9c74b2f627d,b0132c568720e0777c964d48fc04c5909e1eed3d2804b3f1276981d7ffa44da6,f4ea02cdcec317ac645eb287e8daf90812e0e46c62fd888aee85b17fb01902d4,30.268747,4.026474,41.000000,142.274780,112.006033,4.700385,0.000000,0.000000,SHADOWLESS_SAME_SENSOR_JPEG,fa5adb968da368a28b85a711cd7b3d0aab6829453361eb686e915af6797cf717,4.0.0,multi-instance-paired-clean-1024-v1,AUTO_PASS_MULTI_INSTANCE_PAIRED_CLEAN_1024,NO,"{""brightness"":0.85820507,""contrast"":1.00826211,""crop_x"":0,""crop_y"":107,""noise_seed"":2817862422,""noise_sigma"":0.74269694,""orientation_degrees"":90,""resized_height"":1280,""resized_width"":1280}","{""blur_radius_px"":0.06519119373580302,""jpeg_quality"":94,""noise_seed"":3793254164,""noise_sigma"":0.3517600829756828}","{""blur_radius_px"":8.864529965069373,""instances"":[{""instance_index"":1,""offset_x_px"":-3,""offset_y_px"":10,""opacity"":0.31001082},{""instance_index"":2,""offset_x_px"":-2,""offset_y_px"":10,""opacity"":0.31809842},{""instance_index"":3,""offset_x_px"":-3,""offset_y_px"":7,""opacity"":0.26069773},{""instance_index"":4,""offset_x_px"":3,""offset_y_px"":9,""opacity"":0.27281853},{""instance_index"":5,""offset_x_px"":3,""offset_y_px"":10,""opacity"":0.25232346}]}"
syn-v4-conv-0153,154,synthetic/v4_conveyor/images/train/syn-v4-conv-0153.jpg,synthetic/v4_conveyor/masks/component_visible_instances/train/syn-v4-conv-0153.png,synthetic/v4_conveyor/masks/defect_semantic/train/syn-v4-conv-0153.png,synthetic/v4_conveyor/labels/yolo_component_status/train/syn-v4-conv-0153.txt,synthetic/v4_conveyor/labels/yolo_defects/train/syn-v4-conv-0153.txt,synthetic_black_conveyor_multi_instance,train,multi_instance_detection_segmentation,TRAIN_ONLY_MULTI_SCENE_SYNTHETIC,NO,NO,warm_component_spot,IMGGEN-CONVEYOR-BLACK-V1,3696921210,0,5,5,scratch|surface_spot|contamination|body_chip|lead_breakage,syn-v2-700-scratch-0091|syn-v2-700-surface_spot-0049|syn-v2-700-contamination-0073|syn-v2-700-body_chip-0055|syn-v2-700-lead_breakage-0076,syn-v4-conv-0153,1280,720,c2cbf5ac520cdfd05521256234f158bb8cd2e2cfbe4289e438a2b114aa4d7316,6c4f20cfa8f6e4239fed6df4851e49e684657cc6129734869d3f0c3e29706238,afcc38f4e9774f025c44fdc1f8da81ff856286d5c66ee1d11e51740289ec00e4,d38a05085151e527bcb2453481048e40f700e7fd090f2275ecfceda19b5cd6bb,8e36cf1122f5bc23363fc580f0ef1dd748dcddff573dcdf24f5433b42f8babd6,26.697220,3.560428,36.000000,142.694458,115.997238,5.344918,0.000000,0.000000,SHADOWLESS_SAME_SENSOR_JPEG,fa5adb968da368a28b85a711cd7b3d0aab6829453361eb686e915af6797cf717,4.0.0,multi-instance-paired-clean-1024-v1,AUTO_PASS_MULTI_INSTANCE_PAIRED_CLEAN_1024,NO,"{""brightness"":0.75959086,""contrast"":1.0347642,""crop_x"":0,""crop_y"":347,""noise_seed"":3071077130,""noise_sigma"":0.10238285,""orientation_degrees"":270,""resized_height"":1280,""resized_width"":1280}","{""blur_radius_px"":0.32423312220944167,""jpeg_quality"":94,""noise_seed"":3269009540,""noise_sigma"":0.3277665840110556}","{""blur_radius_px"":6.4411668379927605,""instances"":[{""instance_index"":1,""offset_x_px"":5,""offset_y_px"":10,""opacity"":0.21663519},{""instance_index"":2,""offset_x_px"":3,""offset_y_px"":5,""opacity"":0.28620406},{""instance_index"":3,""offset_x_px"":1,""offset_y_px"":5,""opacity"":0.22458242},{""instance_index"":4,""offset_x_px"":-3,""offset_y_px"":9,""opacity"":0.20314721},{""instance_index"":5,""offset_x_px"":5,""offset_y_px"":9,""opacity"":0.30294102}]}"
syn-v4-conv-0154,155,synthetic/v4_conveyor/images/train/syn-v4-conv-0154.jpg,synthetic/v4_conveyor/masks/component_visible_instances/train/syn-v4-conv-0154.png,synthetic/v4_conveyor/masks/defect_semantic/train/syn-v4-conv-0154.png,synthetic/v4_conveyor/labels/yolo_component_status/train/syn-v4-conv-0154.txt,synthetic/v4_conveyor/labels/yolo_defects/train/syn-v4-conv-0154.txt,synthetic_black_conveyor_multi_instance,train,multi_instance_detection_segmentation,TRAIN_ONLY_MULTI_SCENE_SYNTHETIC,NO,NO,cool_component_spot,IMGGEN-CONVEYOR-BLACK-V1,1910730307,0,5,5,body_crack|normal_proxy|contamination|surface_spot|lead_breakage,syn-v2-700-body_crack-0008|syn-v2-700-surface_spot-0070|syn-v2-700-contamination-0085|syn-v2-700-surface_spot-0024|syn-v2-700-lead_breakage-0093,syn-v4-conv-0154,1280,720,b251f25cbf583981d0609137b16c26d15f6fac2b2237488111c978f5228a893f,5118f11d279143236ea2748f85bd1dcee366abd4cb18849660fc945b3a0276df,c36df18f5283ad096b33ceafccd2f06a6c2c138003e598feea77eb09d0ab9435,eb52c9f3de17c6a15a7b358026f9e02ed58e2c37dc38cee4cbd406149df809d5,44cb6722d8469a89d247505180f123cc0bf0ee50b62e8ccaf9ec77cb2168eee1,29.744059,3.754578,39.502598,135.546371,105.802313,4.557091,0.000000,0.000000,SHADOWLESS_SAME_SENSOR_JPEG,fa5adb968da368a28b85a711cd7b3d0aab6829453361eb686e915af6797cf717,4.0.0,multi-instance-paired-clean-1024-v1,AUTO_PASS_MULTI_INSTANCE_PAIRED_CLEAN_1024,NO,"{""brightness"":0.84417332,""contrast"":1.01801298,""crop_x"":0,""crop_y"":346,""noise_seed"":932734126,""noise_sigma"":0.53635984,""orientation_degrees"":180,""resized_height"":1280,""resized_width"":1280}","{""blur_radius_px"":0.324977150329849,""jpeg_quality"":92,""noise_seed"":165505520,""noise_sigma"":1.229898444712326}","{""blur_radius_px"":8.311576182442185,""instances"":[{""instance_index"":1,""offset_x_px"":1,""offset_y_px"":7,""opacity"":0.31615647},{""instance_index"":2,""offset_x_px"":-1,""offset_y_px"":5,""opacity"":0.31176297},{""instance_index"":3,""offset_x_px"":3,""offset_y_px"":5,""opacity"":0.22125609},{""instance_index"":4,""offset_x_px"":3,""offset_y_px"":6,""opacity"":0.24351076},{""instance_index"":5,""offset_x_px"":-3,""offset_y_px"":10,""opacity"":0.27076434}]}"
syn-v4-conv-0155,156,synthetic/v4_conveyor/images/train/syn-v4-conv-0155.jpg,synthetic/v4_conveyor/masks/component_visible_instances/train/syn-v4-conv-0155.png,synthetic/v4_conveyor/masks/defect_semantic/train/syn-v4-conv-0155.png,synthetic/v4_conveyor/labels/yolo_component_status/train/syn-v4-conv-0155.txt,synthetic/v4_conveyor/labels/yolo_defects/train/syn-v4-conv-0155.txt,synthetic_black_conveyor_multi_instance,train,multi_instance_detection_segmentation,TRAIN_ONLY_MULTI_SCENE_SYNTHETIC,NO,NO,side_component_spot,IMGGEN-CONVEYOR-BLACK-V1,1838404267,0,5,5,contamination|surface_spot|lead_breakage|scratch|body_chip,syn-v2-700-contamination-0096|syn-v2-700-surface_spot-0048|syn-v2-700-lead_breakage-0010|syn-v2-700-scratch-0091|syn-v2-700-body_chip-0011,syn-v4-conv-0155,1280,720,6adcc4d6e59b9ec0239c09f5cf1b3688b2b18543bf4bfc75c7b4748b5239ecc5,13f47acb45afa45d6d6320a32a61fd7abead05c511082cfc8829aef1bf117a3f,5b209f12e47614925c2ebf2898a0866b12b692ea8319868aec9bf15d26f2b736,4c041050c94807d6fa74fc72cfa2054319ef47882863efba44269de5a983828a,f835870edad68f02af48341c303ef9caec64a08fe3d702fa43debb7aa2d8dba3,27.737839,3.484542,37.000000,145.695236,117.957397,5.252581,0.000000,0.000000,SHADOWLESS_SAME_SENSOR_JPEG,fa5adb968da368a28b85a711cd7b3d0aab6829453361eb686e915af6797cf717,4.0.0,multi-instance-paired-clean-1024-v1,AUTO_PASS_MULTI_INSTANCE_PAIRED_CLEAN_1024,NO,"{""brightness"":0.79858794,""contrast"":1.06857858,""crop_x"":0,""crop_y"":282,""noise_seed"":3189687499,""noise_sigma"":0.19510756,""orientation_degrees"":0,""resized_height"":1280,""resized_width"":1280}","{""blur_radius_px"":0.03812096467234337,""jpeg_quality"":94,""noise_seed"":2447940469,""noise_sigma"":0.3364214425395509}","{""blur_radius_px"":7.170725399764546,""instances"":[{""instance_index"":1,""offset_x_px"":-3,""offset_y_px"":6,""opacity"":0.26136373},{""instance_index"":2,""offset_x_px"":-2,""offset_y_px"":7,""opacity"":0.27018401},{""instance_index"":3,""offset_x_px"":-3,""offset_y_px"":10,""opacity"":0.24818932},{""instance_index"":4,""offset_x_px"":-1,""offset_y_px"":8,""opacity"":0.20072996},{""instance_index"":5,""offset_x_px"":2,""offset_y_px"":8,""opacity"":0.31757511}]}"
syn-v4-conv-0156,157,synthetic/v4_conveyor/images/train/syn-v4-conv-0156.jpg,synthetic/v4_conveyor/masks/component_visible_instances/train/syn-v4-conv-0156.png,synthetic/v4_conveyor/masks/defect_semantic/train/syn-v4-conv-0156.png,synthetic/v4_conveyor/labels/yolo_component_status/train/syn-v4-conv-0156.txt,synthetic/v4_conveyor/labels/yolo_defects/train/syn-v4-conv-0156.txt,synthetic_black_conveyor_multi_instance,train,multi_instance_detection_segmentation,TRAIN_ONLY_MULTI_SCENE_SYNTHETIC,NO,NO,neutral_component_spot,IMGGEN-CONVEYOR-BLACK-V1,3489720651,0,5,5,lead_breakage|surface_spot|normal_proxy|body_crack|body_chip,syn-v2-700-lead_breakage-0068|syn-v2-700-surface_spot-0082|syn-v2-700-body_chip-0039|syn-v2-700-body_crack-0054|syn-v2-700-body_chip-0079,syn-v4-conv-0156,1280,720,8633bac876957eb379129a088f3392de16a398a3309f2de9161d3d29ad15406d,6a852be29b2857d8b4cd0b1d884a4416a4553861c7b9cb69eb69d09b56636131,ed2e24c21627b0aa40f2bbbe7169dfd569d477f86b4229f043836c0bb2266b44,068034b7678748698a2d11f5b48c86fc23b98453e4091e0e2809973a02826e5e,50743f3c702e02cfd5dbb093a06d1271b5b902690870133591891a6456043796,31.361643,3.341975,41.000000,138.519287,107.157644,4.416838,0.000000,0.000000,SHADOWLESS_SAME_SENSOR_JPEG,fa5adb968da368a28b85a711cd7b3d0aab6829453361eb686e915af6797cf717,4.0.0,multi-instance-paired-clean-1024-v1,AUTO_PASS_MULTI_INSTANCE_PAIRED_CLEAN_1024,NO,"{""brightness"":0.89200555,""contrast"":0.96833838,""crop_x"":0,""crop_y"":56,""noise_seed"":2673181551,""noise_sigma"":0.62955506,""orientation_degrees"":270,""resized_height"":1280,""resized_width"":1280}","{""blur_radius_px"":0.07390483918580286,""jpeg_quality"":92,""noise_seed"":3012180340,""noise_sigma"":0.8124254400416535}","{""blur_radius_px"":8.935479210693671,""instances"":[{""instance_index"":1,""offset_x_px"":1,""offset_y_px"":9,""opacity"":0.18602641},{""instance_index"":2,""offset_x_px"":3,""offset_y_px"":9,""opacity"":0.1832261},{""instance_index"":3,""offset_x_px"":3,""offset_y_px"":7,""opacity"":0.22137036},{""instance_index"":4,""offset_x_px"":1,""offset_y_px"":7,""opacity"":0.19620253},{""instance_index"":5,""offset_x_px"":0,""offset_y_px"":9,""opacity"":0.29135107}]}"
syn-v4-conv-0157,158,synthetic/v4_conveyor/images/train/syn-v4-conv-0157.jpg,synthetic/v4_conveyor/masks/component_visible_instances/train/syn-v4-conv-0157.png,synthetic/v4_conveyor/masks/defect_semantic/train/syn-v4-conv-0157.png,synthetic/v4_conveyor/labels/yolo_component_status/train/syn-v4-conv-0157.txt,synthetic/v4_conveyor/labels/yolo_defects/train/syn-v4-conv-0157.txt,synthetic_black_conveyor_multi_instance,train,multi_instance_detection_segmentation,TRAIN_ONLY_MULTI_SCENE_SYNTHETIC,NO,NO,warm_component_spot,IMGGEN-CONVEYOR-BLACK-V1,628159725,0,5,5,surface_spot|discoloration|scratch|normal_proxy|contamination,syn-v2-700-surface_spot-0090|syn-v2-700-discoloration-0053|syn-v2-700-scratch-0073|syn-v2-700-surface_spot-0064|syn-v2-700-contamination-0075,syn-v4-conv-0157,1280,720,4991df78ba88ca95a11dc5b646aa423968c44fc97ac7b793b822286f5083c3ba,eebef0504ad06cc039811b299b9d7701d16e96991c3300c1e9739aa459ef23e1,d03650fd2ce51de9c7808e5c0cceeeefc73e533bc7fc7f0635f7d8e6f9c7a9be,8fc9467dbb0e6dba71d1069c6bfee17af7aa6776ace10e6dfdb30d18b5e0c283,6487b32ad416c96373ac72436d88ad40ca433937ff4f31fbd16efd7a71032338,24.633299,3.117478,32.502602,141.393463,116.760164,5.739932,0.000000,0.000000,SHADOWLESS_SAME_SENSOR_JPEG,fa5adb968da368a28b85a711cd7b3d0aab6829453361eb686e915af6797cf717,4.0.0,multi-instance-paired-clean-1024-v1,AUTO_PASS_MULTI_INSTANCE_PAIRED_CLEAN_1024,NO,"{""brightness"":0.7253472,""contrast"":1.07519356,""crop_x"":0,""crop_y"":113,""noise_seed"":1246021210,""noise_sigma"":0.86331798,""orientation_degrees"":180,""resized_height"":1280,""resized_width"":1280}","{""blur_radius_px"":0.29610488167056753,""jpeg_quality"":92,""noise_seed"":2448050194,""noise_sigma"":0.5068547109161623}","{""blur_radius_px"":7.120711050596565,""instances"":[{""instance_index"":1,""offset_x_px"":2,""offset_y_px"":6,""opacity"":0.19991237},{""instance_index"":2,""offset_x_px"":1,""offset_y_px"":8,""opacity"":0.2375608},{""instance_index"":3,""offset_x_px"":-2,""offset_y_px"":5,""opacity"":0.30785911},{""instance_index"":4,""offset_x_px"":-1,""offset_y_px"":9,""opacity"":0.28886616},{""instance_index"":5,""offset_x_px"":4,""offset_y_px"":6,""opacity"":0.2033686}]}"
syn-v4-conv-0158,159,synthetic/v4_conveyor/images/train/syn-v4-conv-0158.jpg,synthetic/v4_conveyor/masks/component_visible_instances/train/syn-v4-conv-0158.png,synthetic/v4_conveyor/masks/defect_semantic/train/syn-v4-conv-0158.png,synthetic/v4_conveyor/labels/yolo_component_status/train/syn-v4-conv-0158.txt,synthetic/v4_conveyor/labels/yolo_defects/train/syn-v4-conv-0158.txt,synthetic_black_conveyor_multi_instance,train,multi_instance_detection_segmentation,TRAIN_ONLY_MULTI_SCENE_SYNTHETIC,NO,NO,cool_component_spot,IMGGEN-CONVEYOR-BLACK-V1,2020281423,0,5,5,lead_breakage|body_chip|discoloration|normal_proxy|contamination,syn-v2-700-lead_breakage-0053|syn-v2-700-body_chip-0079|syn-v2-700-discoloration-0070|syn-v2-700-body_crack-0089|syn-v2-700-contamination-0006,syn-v4-conv-0158,1280,720,0d3aeca2881e76ee45103bfef6b8b1b324105781197d2f073436acb4381e125f,1f79c1e5e000bb0b76819e9a68a070674f5a55e5184dde9cc44b8c890fbdc8fa,e0d666e778693d3389dc6809e66b798ab4acb84333fb75a7d706637e096656e3,ca2fcab2165c596aaab5fd44459e6d058ef9ac64cc1785478262a36172083563,e3aae2bd1a1fd361e85413cf511fed1c80556bc80036847d0ca99eec8b115366,33.761005,3.534654,43.641804,141.184570,107.423565,4.181883,0.000000,0.000000,SHADOWLESS_SAME_SENSOR_JPEG,fa5adb968da368a28b85a711cd7b3d0aab6829453361eb686e915af6797cf717,4.0.0,multi-instance-paired-clean-1024-v1,AUTO_PASS_MULTI_INSTANCE_PAIRED_CLEAN_1024,NO,"{""brightness"":0.93051836,""contrast"":0.96543097,""crop_x"":0,""crop_y"":538,""noise_seed"":3834007210,""noise_sigma"":0.40132965,""orientation_degrees"":180,""resized_height"":1280,""resized_width"":1280}","{""blur_radius_px"":0.2759203753856963,""jpeg_quality"":93,""noise_seed"":2029395557,""noise_sigma"":0.3124923320358997}","{""blur_radius_px"":6.351425790394041,""instances"":[{""instance_index"":1,""offset_x_px"":1,""offset_y_px"":9,""opacity"":0.18351342},{""instance_index"":2,""offset_x_px"":0,""offset_y_px"":7,""opacity"":0.18666913},{""instance_index"":3,""offset_x_px"":2,""offset_y_px"":6,""opacity"":0.25257142},{""instance_index"":4,""offset_x_px"":1,""offset_y_px"":10,""opacity"":0.18690756},{""instance_index"":5,""offset_x_px"":-2,""offset_y_px"":8,""opacity"":0.24756956}]}"
syn-v4-conv-0159,160,synthetic/v4_conveyor/images/train/syn-v4-conv-0159.jpg,synthetic/v4_conveyor/masks/component_visible_instances/train/syn-v4-conv-0159.png,synthetic/v4_conveyor/masks/defect_semantic/train/syn-v4-conv-0159.png,synthetic/v4_conveyor/labels/yolo_component_status/train/syn-v4-conv-0159.txt,synthetic/v4_conveyor/labels/yolo_defects/train/syn-v4-conv-0159.txt,synthetic_black_conveyor_multi_instance,train,multi_instance_detection_segmentation,TRAIN_ONLY_MULTI_SCENE_SYNTHETIC,NO,NO,side_component_spot,IMGGEN-CONVEYOR-BLACK-V1,186375350,0,5,5,scratch|contamination|surface_spot|normal_proxy|body_chip,syn-v2-700-scratch-0008|syn-v2-700-contamination-0062|syn-v2-700-surface_spot-0071|syn-v2-700-lead_breakage-0085|syn-v2-700-body_chip-0058,syn-v4-conv-0159,1280,720,d84333b30a1ba5a226945c664d026042c699e4f09c855e1d4fd71fa11c45feec,3a94e6e239bbf87a7f81c647e6a98f8d1ddea38bc6d1fbf696905f0b9e002f87,8ad5309c8d3ce6eefe07719e86ff73e0104bddd54a66836d522fa14b2b9d7aec,bb1aea99414b731e6fdf012670512236822c37613c6dee19c96a1bc33611a21d,60b458d3fdf491c37e0488ca193540d2eef525edcdc320e2e8d1559850858047,30.962246,4.203530,42.144398,149.966095,119.003849,4.843515,0.000000,0.000000,SHADOWLESS_SAME_SENSOR_JPEG,fa5adb968da368a28b85a711cd7b3d0aab6829453361eb686e915af6797cf717,4.0.0,multi-instance-paired-clean-1024-v1,AUTO_PASS_MULTI_INSTANCE_PAIRED_CLEAN_1024,NO,"{""brightness"":0.88817251,""contrast"":1.00954477,""crop_x"":0,""crop_y"":126,""noise_seed"":2677014940,""noise_sigma"":0.91160995,""orientation_degrees"":270,""resized_height"":1280,""resized_width"":1280}","{""blur_radius_px"":0.3033600216216587,""jpeg_quality"":94,""noise_seed"":3475398689,""noise_sigma"":1.1102309994496815}","{""blur_radius_px"":6.82734009390004,""instances"":[{""instance_index"":1,""offset_x_px"":3,""offset_y_px"":6,""opacity"":0.25944289},{""instance_index"":2,""offset_x_px"":0,""offset_y_px"":6,""opacity"":0.25378623},{""instance_index"":3,""offset_x_px"":-1,""offset_y_px"":6,""opacity"":0.22974838},{""instance_index"":4,""offset_x_px"":1,""offset_y_px"":10,""opacity"":0.25631373},{""instance_index"":5,""offset_x_px"":1,""offset_y_px"":7,""opacity"":0.19649152}]}"
syn-v4-conv-0160,161,synthetic/v4_conveyor/images/train/syn-v4-conv-0160.jpg,synthetic/v4_conveyor/masks/component_visible_instances/train/syn-v4-conv-0160.png,synthetic/v4_conveyor/masks/defect_semantic/train/syn-v4-conv-0160.png,synthetic/v4_conveyor/labels/yolo_component_status/train/syn-v4-conv-0160.txt,synthetic/v4_conveyor/labels/yolo_defects/train/syn-v4-conv-0160.txt,synthetic_black_conveyor_multi_instance,train,multi_instance_detection_segmentation,TRAIN_ONLY_MULTI_SCENE_SYNTHETIC,NO,NO,neutral_component_spot,IMGGEN-CONVEYOR-BLACK-V1,2131718455,0,5,5,scratch|contamination|body_crack|surface_spot|discoloration,syn-v2-700-scratch-0076|syn-v2-700-contamination-0073|syn-v2-700-body_crack-0047|syn-v2-700-surface_spot-0076|syn-v2-700-discoloration-0023,syn-v4-conv-0160,1280,720,6e303660f0483ae9ec1ae472e028c7d40fa3514c71faf7fdc723527e27dd8eb8,16fc6d7be0c9dbf42badd183835498cfd6d19aee4c01cfec5ab753ea47763545,f6699b47ab34d9eaa546b8c4307592e1b180cfc71c83dcfafe8f0c50299aa89e,b8daba5c53ff3c81fab450bd0a82b6877debad49b7f647629805a39811817201,fcc818e7c729406bee9e9a7bf7acaaade973265fa7b0fb3b1be1b8802e341ec3,26.343702,2.616543,33.931801,137.334961,110.991259,5.213199,0.000000,0.000000,SHADOWLESS_SAME_SENSOR_JPEG,fa5adb968da368a28b85a711cd7b3d0aab6829453361eb686e915af6797cf717,4.0.0,multi-instance-paired-clean-1024-v1,AUTO_PASS_MULTI_INSTANCE_PAIRED_CLEAN_1024,NO,"{""brightness"":0.76111455,""contrast"":0.99798551,""crop_x"":0,""crop_y"":251,""noise_seed"":2211387839,""noise_sigma"":0.67385702,""orientation_degrees"":180,""resized_height"":1280,""resized_width"":1280}","{""blur_radius_px"":0.2643710119057792,""jpeg_quality"":94,""noise_seed"":3366679942,""noise_sigma"":0.9397849360008059}","{""blur_radius_px"":5.41719509301347,""instances"":[{""instance_index"":1,""offset_x_px"":3,""offset_y_px"":9,""opacity"":0.2125439},{""instance_index"":2,""offset_x_px"":-3,""offset_y_px"":10,""opacity"":0.29665746},{""instance_index"":3,""offset_x_px"":3,""offset_y_px"":9,""opacity"":0.22606527},{""instance_index"":4,""offset_x_px"":-3,""offset_y_px"":9,""opacity"":0.20694363},{""instance_index"":5,""offset_x_px"":-3,""offset_y_px"":10,""opacity"":0.2538127}]}"
syn-v4-conv-0161,162,synthetic/v4_conveyor/images/train/syn-v4-conv-0161.jpg,synthetic/v4_conveyor/masks/component_visible_instances/train/syn-v4-conv-0161.png,synthetic/v4_conveyor/masks/defect_semantic/train/syn-v4-conv-0161.png,synthetic/v4_conveyor/labels/yolo_component_status/train/syn-v4-conv-0161.txt,synthetic/v4_conveyor/labels/yolo_defects/train/syn-v4-conv-0161.txt,synthetic_black_conveyor_multi_instance,train,multi_instance_detection_segmentation,TRAIN_ONLY_MULTI_SCENE_SYNTHETIC,NO,NO,warm_component_spot,IMGGEN-CONVEYOR-BLACK-V1,3896755646,0,5,5,normal_proxy|body_crack|contamination|scratch|lead_breakage,syn-v2-700-scratch-0067|syn-v2-700-body_crack-0031|syn-v2-700-contamination-0028|syn-v2-700-scratch-0079|syn-v2-700-lead_breakage-0089,syn-v4-conv-0161,1280,720,07bbaa61d3993106e81db5e93cb3177d3e5702176b50d376b6cd8f6015b45dd7,20e84eab1c76e56c1643881223c73063d3d1c6f503e3ec3ae9b37596c8d8aae3,ed42886ae0678f80cf12b27ac2eaf737d14f853fee3962621731d6b449419bec,143988a19cac7f9ede9ecd5c9c11600679eb4dbfabf7aa9b0b36874509de09de,0a717ee8659cbe1df4f536722941d73a8211075fbf92488aeeced9c8fc76102e,27.476013,2.710208,35.000000,143.244324,115.768311,5.213432,0.000000,0.000000,SHADOWLESS_SAME_SENSOR_JPEG,fa5adb968da368a28b85a711cd7b3d0aab6829453361eb686e915af6797cf717,4.0.0,multi-instance-paired-clean-1024-v1,AUTO_PASS_MULTI_INSTANCE_PAIRED_CLEAN_1024,NO,"{""brightness"":0.78748918,""contrast"":0.96331408,""crop_x"":0,""crop_y"":271,""noise_seed"":2566995091,""noise_sigma"":0.24987978,""orientation_degrees"":180,""resized_height"":1280,""resized_width"":1280}","{""blur_radius_px"":0.0334950462658856,""jpeg_quality"":93,""noise_seed"":3072663254,""noise_sigma"":0.4918455513558834}","{""blur_radius_px"":5.452863462174542,""instances"":[{""instance_index"":1,""offset_x_px"":0,""offset_y_px"":9,""opacity"":0.31313473},{""instance_index"":2,""offset_x_px"":4,""offset_y_px"":8,""opacity"":0.22084874},{""instance_index"":3,""offset_x_px"":0,""offset_y_px"":9,""opacity"":0.2268325},{""instance_index"":4,""offset_x_px"":-1,""offset_y_px"":10,""opacity"":0.31240324},{""instance_index"":5,""offset_x_px"":4,""offset_y_px"":7,""opacity"":0.22472531}]}"
syn-v4-conv-0162,163,synthetic/v4_conveyor/images/train/syn-v4-conv-0162.jpg,synthetic/v4_conveyor/masks/component_visible_instances/train/syn-v4-conv-0162.png,synthetic/v4_conveyor/masks/defect_semantic/train/syn-v4-conv-0162.png,synthetic/v4_conveyor/labels/yolo_component_status/train/syn-v4-conv-0162.txt,synthetic/v4_conveyor/labels/yolo_defects/train/syn-v4-conv-0162.txt,synthetic_black_conveyor_multi_instance,train,multi_instance_detection_segmentation,TRAIN_ONLY_MULTI_SCENE_SYNTHETIC,NO,NO,cool_component_spot,IMGGEN-CONVEYOR-BLACK-V1,1712843851,0,5,5,surface_spot|body_crack|body_chip|discoloration|scratch,syn-v2-700-surface_spot-0077|syn-v2-700-body_crack-0054|syn-v2-700-body_chip-0011|syn-v2-700-discoloration-0048|syn-v2-700-scratch-0079,syn-v4-conv-0162,1280,720,55964a60aad5913c8e8ad87f0ebc9f41e04be275e951900c2e18257b1b91291c,60eb339384a71a48550828ea4be6d9013babb1ff35a50dc6aa69cb65e5303e9e,d5754a9341610be1f03e2687e92ada7afc014544e853cea38e8d2641d611cd0e,58b8f018bd1bcecabb32069897a9a1fb3b98961900b46e9010101a1e1c94893a,e1a742363deddd92792dec87e029dc9865fcb521b188a57d79d62f34d1553f05,29.025797,3.033265,37.931801,132.976425,103.950628,4.581319,0.000000,0.000000,SHADOWLESS_SAME_SENSOR_JPEG,fa5adb968da368a28b85a711cd7b3d0aab6829453361eb686e915af6797cf717,4.0.0,multi-instance-paired-clean-1024-v1,AUTO_PASS_MULTI_INSTANCE_PAIRED_CLEAN_1024,NO,"{""brightness"":0.80672811,""contrast"":0.95455887,""crop_x"":0,""crop_y"":538,""noise_seed"":258299840,""noise_sigma"":1.17193911,""orientation_degrees"":180,""resized_height"":1280,""resized_width"":1280}","{""blur_radius_px"":0.07579287730523125,""jpeg_quality"":92,""noise_seed"":2256878843,""noise_sigma"":0.7191428111696294}","{""blur_radius_px"":5.426548063146267,""instances"":[{""instance_index"":1,""offset_x_px"":0,""offset_y_px"":10,""opacity"":0.28550402},{""instance_index"":2,""offset_x_px"":5,""offset_y_px"":9,""opacity"":0.2243946},{""instance_index"":3,""offset_x_px"":5,""offset_y_px"":8,""opacity"":0.30019219},{""instance_index"":4,""offset_x_px"":4,""offset_y_px"":7,""opacity"":0.23722786},{""instance_index"":5,""offset_x_px"":-3,""offset_y_px"":7,""opacity"":0.24577644}]}"
syn-v4-conv-0163,164,synthetic/v4_conveyor/images/train/syn-v4-conv-0163.jpg,synthetic/v4_conveyor/masks/component_visible_instances/train/syn-v4-conv-0163.png,synthetic/v4_conveyor/masks/defect_semantic/train/syn-v4-conv-0163.png,synthetic/v4_conveyor/labels/yolo_component_status/train/syn-v4-conv-0163.txt,synthetic/v4_conveyor/labels/yolo_defects/train/syn-v4-conv-0163.txt,synthetic_black_conveyor_multi_instance,train,multi_instance_detection_segmentation,TRAIN_ONLY_MULTI_SCENE_SYNTHETIC,NO,NO,side_component_spot,IMGGEN-CONVEYOR-BLACK-V1,3834509553,0,5,5,body_chip|lead_breakage|scratch|discoloration|body_crack,syn-v2-700-body_chip-0055|syn-v2-700-lead_breakage-0093|syn-v2-700-scratch-0034|syn-v2-700-discoloration-0098|syn-v2-700-body_crack-0081,syn-v4-conv-0163,1280,720,d07edc8fa3df299aa11e78f7ca57e6fba2e40ad33a8a971f004cabf691c4ed19,9895df7585b67e904da910abf4551767f503545986d70b84798e04841b41f8a6,0161b2c4ea60d763ccd36327f0e085a6d3aba2faf0b24f35403b23c582603d21,6e5ca5964bd05833fa9f67af2c428c3667dc918cc0a410d592a437b26335051c,2670fcd47a2c7c916f05b1cd1c605ab19f608baf6bdcf1f1a678424dcbe954e3,30.275549,4.117270,41.144398,141.202667,110.927118,4.663918,0.000000,0.000000,SHADOWLESS_SAME_SENSOR_JPEG,fa5adb968da368a28b85a711cd7b3d0aab6829453361eb686e915af6797cf717,4.0.0,multi-instance-paired-clean-1024-v1,AUTO_PASS_MULTI_INSTANCE_PAIRED_CLEAN_1024,NO,"{""brightness"":0.85903378,""contrast"":1.02159955,""crop_x"":0,""crop_y"":310,""noise_seed"":2045559964,""noise_sigma"":0.97387461,""orientation_degrees"":90,""resized_height"":1280,""resized_width"":1280}","{""blur_radius_px"":0.05938405751339872,""jpeg_quality"":92,""noise_seed"":2934261210,""noise_sigma"":1.269271912024294}","{""blur_radius_px"":6.762765304203114,""instances"":[{""instance_index"":1,""offset_x_px"":-2,""offset_y_px"":6,""opacity"":0.23081041},{""instance_index"":2,""offset_x_px"":3,""offset_y_px"":5,""opacity"":0.24229492},{""instance_index"":3,""offset_x_px"":5,""offset_y_px"":7,""opacity"":0.23394521},{""instance_index"":4,""offset_x_px"":2,""offset_y_px"":10,""opacity"":0.26902509},{""instance_index"":5,""offset_x_px"":-2,""offset_y_px"":6,""opacity"":0.317131}]}"
syn-v4-conv-0164,165,synthetic/v4_conveyor/images/train/syn-v4-conv-0164.jpg,synthetic/v4_conveyor/masks/component_visible_instances/train/syn-v4-conv-0164.png,synthetic/v4_conveyor/masks/defect_semantic/train/syn-v4-conv-0164.png,synthetic/v4_conveyor/labels/yolo_component_status/train/syn-v4-conv-0164.txt,synthetic/v4_conveyor/labels/yolo_defects/train/syn-v4-conv-0164.txt,synthetic_black_conveyor_multi_instance,train,multi_instance_detection_segmentation,TRAIN_ONLY_MULTI_SCENE_SYNTHETIC,NO,NO,neutral_component_spot,IMGGEN-CONVEYOR-BLACK-V1,2620550364,0,5,5,lead_breakage|surface_spot|body_crack|normal_proxy|contamination,syn-v2-700-lead_breakage-0014|syn-v2-700-surface_spot-0034|syn-v2-700-body_crack-0066|syn-v2-700-contamination-0050|syn-v2-700-contamination-0035,syn-v4-conv-0164,1280,720,379c902fdc976637751f3107abd26193d8dab57ed638270736b04b5249c3f883,f6e5d70d28a3100b5c037982e8422474c4ca1d0400d9358b088af5f96b20d982,065c98cb4325e38a5c511a03759e05ed3fdbce8b62abe16315682fafb172f34c,67b950baafdc8bacfdbde28a69555ff092ba1434f3198901f3efec43bdb8597d,1bba583a68edddef1e83d92cd0ece73ed37f3dd40886e3b5474d3406a0324aa0,32.473007,3.164694,42.000000,147.835587,115.362579,4.552568,0.000000,0.000000,SHADOWLESS_SAME_SENSOR_JPEG,fa5adb968da368a28b85a711cd7b3d0aab6829453361eb686e915af6797cf717,4.0.0,multi-instance-paired-clean-1024-v1,AUTO_PASS_MULTI_INSTANCE_PAIRED_CLEAN_1024,NO,"{""brightness"":0.94078833,""contrast"":0.93319029,""crop_x"":0,""crop_y"":103,""noise_seed"":966774869,""noise_sigma"":0.07052826,""orientation_degrees"":180,""resized_height"":1280,""resized_width"":1280}","{""blur_radius_px"":0.28010307558593717,""jpeg_quality"":95,""noise_seed"":3893584738,""noise_sigma"":0.9672273631498127}","{""blur_radius_px"":6.462543439644135,""instances"":[{""instance_index"":1,""offset_x_px"":3,""offset_y_px"":9,""opacity"":0.19160622},{""instance_index"":2,""offset_x_px"":1,""offset_y_px"":8,""opacity"":0.19449074},{""instance_index"":3,""offset_x_px"":-1,""offset_y_px"":10,""opacity"":0.19501545},{""instance_index"":4,""offset_x_px"":5,""offset_y_px"":5,""opacity"":0.30984689},{""instance_index"":5,""offset_x_px"":-1,""offset_y_px"":7,""opacity"":0.19649974}]}"
syn-v4-conv-0165,166,synthetic/v4_conveyor/images/train/syn-v4-conv-0165.jpg,synthetic/v4_conveyor/masks/component_visible_instances/train/syn-v4-conv-0165.png,synthetic/v4_conveyor/masks/defect_semantic/train/syn-v4-conv-0165.png,synthetic/v4_conveyor/labels/yolo_component_status/train/syn-v4-conv-0165.txt,synthetic/v4_conveyor/labels/yolo_defects/train/syn-v4-conv-0165.txt,synthetic_black_conveyor_multi_instance,train,multi_instance_detection_segmentation,TRAIN_ONLY_MULTI_SCENE_SYNTHETIC,NO,NO,warm_component_spot,IMGGEN-CONVEYOR-BLACK-V1,703480602,0,5,5,discoloration|scratch|body_chip|normal_proxy|body_crack,syn-v2-700-discoloration-0009|syn-v2-700-scratch-0073|syn-v2-700-body_chip-0055|syn-v2-700-lead_breakage-0069|syn-v2-700-body_crack-0078,syn-v4-conv-0165,1280,720,b2edb681557769ee47413c58bdd76f92cef9abe7edfe5011e2fb31901ccc83b0,58c20d0b57b2ea5b20437ef7c28c144ed26796079a1890c76ddc9713efea906f,f155762b9b4a9f858d0efcb2c0719688874b4b1bb8796b8824958646d661dc77,e8028eef5172f9e93866c24a47aef4b5b979345371ab034fcc822114cf93fc54,3d76d2104b65fc14f44ff53a904b19876ace52bb841fee546f4082a0ed218e70,32.077339,4.436946,43.931801,139.652618,107.575279,4.353622,0.000000,0.000000,SHADOWLESS_SAME_SENSOR_JPEG,fa5adb968da368a28b85a711cd7b3d0aab6829453361eb686e915af6797cf717,4.0.0,multi-instance-paired-clean-1024-v1,AUTO_PASS_MULTI_INSTANCE_PAIRED_CLEAN_1024,NO,"{""brightness"":0.90048619,""contrast"":1.05231985,""crop_x"":0,""crop_y"":355,""noise_seed"":2805217757,""noise_sigma"":1.12493114,""orientation_degrees"":90,""resized_height"":1280,""resized_width"":1280}","{""blur_radius_px"":0.09009153145388069,""jpeg_quality"":95,""noise_seed"":2689515499,""noise_sigma"":0.8667940362914748}","{""blur_radius_px"":5.466420874593513,""instances"":[{""instance_index"":1,""offset_x_px"":1,""offset_y_px"":9,""opacity"":0.23491059},{""instance_index"":2,""offset_x_px"":4,""offset_y_px"":6,""opacity"":0.18853347},{""instance_index"":3,""offset_x_px"":0,""offset_y_px"":5,""opacity"":0.18597869},{""instance_index"":4,""offset_x_px"":2,""offset_y_px"":5,""opacity"":0.26007811},{""instance_index"":5,""offset_x_px"":1,""offset_y_px"":9,""opacity"":0.26634653}]}"
syn-v4-conv-0166,167,synthetic/v4_conveyor/images/train/syn-v4-conv-0166.jpg,synthetic/v4_conveyor/masks/component_visible_instances/train/syn-v4-conv-0166.png,synthetic/v4_conveyor/masks/defect_semantic/train/syn-v4-conv-0166.png,synthetic/v4_conveyor/labels/yolo_component_status/train/syn-v4-conv-0166.txt,synthetic/v4_conveyor/labels/yolo_defects/train/syn-v4-conv-0166.txt,synthetic_black_conveyor_multi_instance,train,multi_instance_detection_segmentation,TRAIN_ONLY_MULTI_SCENE_SYNTHETIC,NO,NO,cool_component_spot,IMGGEN-CONVEYOR-BLACK-V1,3975794913,0,5,5,body_chip|normal_proxy|discoloration|body_crack|scratch,syn-v2-700-body_chip-0005|syn-v2-700-discoloration-0082|syn-v2-700-discoloration-0027|syn-v2-700-body_crack-0099|syn-v2-700-scratch-0007,syn-v4-conv-0166,1280,720,7d3fc3c221672a931038e683ed39a6722a42e01d26c35a4287810441aceed5cb,c1f425e354b986dd29142376211c8d761059aa6034e48a97b8dd9a5102881817,14e2c4e78be95d0687a82ce6cf068650395e30dcdac8e9b55f29bb36ab3cde17,d2d36701b685bf77a873b75b2719730d3df401f734853e4437d9b5518484ee79,24cc609a5f8d22cf30f27e44662663c7b68a1e37e12ef56f8123c9c09bf4eb58,27.125784,3.437773,36.000000,134.291412,107.165628,4.950692,0.000000,0.000000,SHADOWLESS_SAME_SENSOR_JPEG,fa5adb968da368a28b85a711cd7b3d0aab6829453361eb686e915af6797cf717,4.0.0,multi-instance-paired-clean-1024-v1,AUTO_PASS_MULTI_INSTANCE_PAIRED_CLEAN_1024,NO,"{""brightness"":0.78458085,""contrast"":1.05172816,""crop_x"":0,""crop_y"":322,""noise_seed"":1706390396,""noise_sigma"":0.60022479,""orientation_degrees"":0,""resized_height"":1280,""resized_width"":1280}","{""blur_radius_px"":0.3390678218488992,""jpeg_quality"":92,""noise_seed"":264631299,""noise_sigma"":0.9392015229357198}","{""blur_radius_px"":5.60153572881827,""instances"":[{""instance_index"":1,""offset_x_px"":-1,""offset_y_px"":5,""opacity"":0.2064332},{""instance_index"":2,""offset_x_px"":3,""offset_y_px"":10,""opacity"":0.20345399},{""instance_index"":3,""offset_x_px"":-3,""offset_y_px"":8,""opacity"":0.27170587},{""instance_index"":4,""offset_x_px"":0,""offset_y_px"":10,""opacity"":0.23961712},{""instance_index"":5,""offset_x_px"":2,""offset_y_px"":10,""opacity"":0.19993784}]}"
syn-v4-conv-0167,168,synthetic/v4_conveyor/images/train/syn-v4-conv-0167.jpg,synthetic/v4_conveyor/masks/component_visible_instances/train/syn-v4-conv-0167.png,synthetic/v4_conveyor/masks/defect_semantic/train/syn-v4-conv-0167.png,synthetic/v4_conveyor/labels/yolo_component_status/train/syn-v4-conv-0167.txt,synthetic/v4_conveyor/labels/yolo_defects/train/syn-v4-conv-0167.txt,synthetic_black_conveyor_multi_instance,train,multi_instance_detection_segmentation,TRAIN_ONLY_MULTI_SCENE_SYNTHETIC,NO,NO,side_component_spot,IMGGEN-CONVEYOR-BLACK-V1,1516317501,0,5,5,lead_breakage|body_chip|contamination|surface_spot|normal_proxy,syn-v2-700-lead_breakage-0099|syn-v2-700-body_chip-0088|syn-v2-700-contamination-0085|syn-v2-700-surface_spot-0001|syn-v2-700-surface_spot-0060,syn-v4-conv-0167,1280,720,33a271b61734c3895420b45ff72cc69079e69731dd22fc4782c8443ee03c0e3b,77dad2ec34e86bd039633ed7aa6cc9c41f8b44dc0afed57e14946ce0f161599a,d59c3bc2262f3e250a214dc5a5b9689b6e192f84ae868621e278e76fb31077be,1df8ec11b993dbcf0392b68505aa68ab738b40201a28abfa7b86efb18d47bee5,8309ac4abe0b0826b602487efed546976a1cfa97f76797f19b72bdf2bbb031b3,31.996307,3.465362,42.000000,137.619858,105.623550,4.301117,0.000000,0.000000,SHADOWLESS_SAME_SENSOR_JPEG,fa5adb968da368a28b85a711cd7b3d0aab6829453361eb686e915af6797cf717,4.0.0,multi-instance-paired-clean-1024-v1,AUTO_PASS_MULTI_INSTANCE_PAIRED_CLEAN_1024,NO,"{""brightness"":0.88436796,""contrast"":0.93436802,""crop_x"":0,""crop_y"":15,""noise_seed"":3616853662,""noise_sigma"":0.06885746,""orientation_degrees"":0,""resized_height"":1280,""resized_width"":1280}","{""blur_radius_px"":0.2819775175541121,""jpeg_quality"":96,""noise_seed"":3043217236,""noise_sigma"":1.1161195883954869}","{""blur_radius_px"":6.841214712332705,""instances"":[{""instance_index"":1,""offset_x_px"":1,""offset_y_px"":10,""opacity"":0.29639634},{""instance_index"":2,""offset_x_px"":5,""offset_y_px"":5,""opacity"":0.21569839},{""instance_index"":3,""offset_x_px"":-2,""offset_y_px"":5,""opacity"":0.20804729},{""instance_index"":4,""offset_x_px"":4,""offset_y_px"":9,""opacity"":0.22367217},{""instance_index"":5,""offset_x_px"":2,""offset_y_px"":10,""opacity"":0.24918825}]}"
syn-v4-conv-0168,169,synthetic/v4_conveyor/images/train/syn-v4-conv-0168.jpg,synthetic/v4_conveyor/masks/component_visible_instances/train/syn-v4-conv-0168.png,synthetic/v4_conveyor/masks/defect_semantic/train/syn-v4-conv-0168.png,synthetic/v4_conveyor/labels/yolo_component_status/train/syn-v4-conv-0168.txt,synthetic/v4_conveyor/labels/yolo_defects/train/syn-v4-conv-0168.txt,synthetic_black_conveyor_multi_instance,train,multi_instance_detection_segmentation,TRAIN_ONLY_MULTI_SCENE_SYNTHETIC,NO,NO,neutral_component_spot,IMGGEN-CONVEYOR-BLACK-V1,366621362,1,5,5,contamination|lead_breakage|body_chip|discoloration|normal_proxy,syn-v2-700-contamination-0085|syn-v2-700-lead_breakage-0020|syn-v2-700-body_chip-0063|syn-v2-700-discoloration-0053|syn-v2-700-surface_spot-0048,syn-v4-conv-0168,1280,720,69a9c87fb91fefe77ac3e59377c6470386f74d12a1d3362d4559264e26cdef79,d3a1fc23822ca934b3f518315f595d5c206734a47dbcaa155815b43fe545d5e0,560b23780b1efbb844f855091ef6b814bd53c7acb3f9c5c04b71bf4fba15fb7f,57d2a38b9ad95b067277ba1a978efeb850283d25ffcea11cd878bf4f1825179e,b434dd5895755f87c6d3f92d6f7a5e76eda4aa36b27186797950df6616675621,29.718563,3.228939,39.000000,143.190353,113.471790,4.818213,0.000000,0.000000,SHADOWLESS_SAME_SENSOR_JPEG,fa5adb968da368a28b85a711cd7b3d0aab6829453361eb686e915af6797cf717,4.0.0,multi-instance-paired-clean-1024-v1,AUTO_PASS_MULTI_INSTANCE_PAIRED_CLEAN_1024,NO,"{""brightness"":0.84810711,""contrast"":0.96346026,""crop_x"":0,""crop_y"":263,""noise_seed"":833182196,""noise_sigma"":0.81634985,""orientation_degrees"":90,""resized_height"":1280,""resized_width"":1280}","{""blur_radius_px"":0.08699839397419751,""jpeg_quality"":95,""noise_seed"":3988978836,""noise_sigma"":0.35814471959979305}","{""blur_radius_px"":7.387444061403497,""instances"":[{""instance_index"":1,""offset_x_px"":2,""offset_y_px"":9,""opacity"":0.27254544},{""instance_index"":2,""offset_x_px"":5,""offset_y_px"":10,""opacity"":0.25847632},{""instance_index"":3,""offset_x_px"":1,""offset_y_px"":9,""opacity"":0.29045779},{""instance_index"":4,""offset_x_px"":2,""offset_y_px"":7,""opacity"":0.27573855},{""instance_index"":5,""offset_x_px"":-1,""offset_y_px"":10,""opacity"":0.27886041}]}"
syn-v4-conv-0169,170,synthetic/v4_conveyor/images/train/syn-v4-conv-0169.jpg,synthetic/v4_conveyor/masks/component_visible_instances/train/syn-v4-conv-0169.png,synthetic/v4_conveyor/masks/defect_semantic/train/syn-v4-conv-0169.png,synthetic/v4_conveyor/labels/yolo_component_status/train/syn-v4-conv-0169.txt,synthetic/v4_conveyor/labels/yolo_defects/train/syn-v4-conv-0169.txt,synthetic_black_conveyor_multi_instance,train,multi_instance_detection_segmentation,TRAIN_ONLY_MULTI_SCENE_SYNTHETIC,NO,NO,warm_component_spot,IMGGEN-CONVEYOR-BLACK-V1,671452270,0,5,5,body_chip|contamination|normal_proxy|lead_breakage|scratch,syn-v2-700-body_chip-0051|syn-v2-700-contamination-0075|syn-v2-700-body_crack-0097|syn-v2-700-lead_breakage-0018|syn-v2-700-scratch-0060,syn-v4-conv-0169,1280,720,15e54fe63044908626e144b8a69d561dfa95f21b952d761a3a09304c9568d14f,afa09b41421dfefa2f2377a59dea00b852859f14d8b8b666b06dfc6a3c38268d,5d09ae6360351b3e510b563820c6a37c97bc0234fdca0c830101f01b4de0ade5,823277b6a043002059735eb9eee3e8c69bd98796787bc2ab6d42f1bce06c5b05,ddc335f66f8f0c36c7607c86317b4c4fe82365376d532f6789d41bbbb7349572,31.190962,3.144010,40.000000,139.556992,108.366030,4.474277,0.000000,0.000000,SHADOWLESS_SAME_SENSOR_JPEG,fa5adb968da368a28b85a711cd7b3d0aab6829453361eb686e915af6797cf717,4.0.0,multi-instance-paired-clean-1024-v1,AUTO_PASS_MULTI_INSTANCE_PAIRED_CLEAN_1024,NO,"{""brightness"":0.8768039,""contrast"":0.93150087,""crop_x"":0,""crop_y"":177,""noise_seed"":1298883127,""noise_sigma"":0.19546882,""orientation_degrees"":0,""resized_height"":1280,""resized_width"":1280}","{""blur_radius_px"":0.09710699158218224,""jpeg_quality"":94,""noise_seed"":3807285173,""noise_sigma"":0.4716112661851986}","{""blur_radius_px"":7.194638700369234,""instances"":[{""instance_index"":1,""offset_x_px"":5,""offset_y_px"":9,""opacity"":0.2700188},{""instance_index"":2,""offset_x_px"":1,""offset_y_px"":9,""opacity"":0.21459179},{""instance_index"":3,""offset_x_px"":1,""offset_y_px"":6,""opacity"":0.27237762},{""instance_index"":4,""offset_x_px"":-1,""offset_y_px"":9,""opacity"":0.25551979},{""instance_index"":5,""offset_x_px"":-3,""offset_y_px"":8,""opacity"":0.24201344}]}"
syn-v4-conv-0170,171,synthetic/v4_conveyor/images/train/syn-v4-conv-0170.jpg,synthetic/v4_conveyor/masks/component_visible_instances/train/syn-v4-conv-0170.png,synthetic/v4_conveyor/masks/defect_semantic/train/syn-v4-conv-0170.png,synthetic/v4_conveyor/labels/yolo_component_status/train/syn-v4-conv-0170.txt,synthetic/v4_conveyor/labels/yolo_defects/train/syn-v4-conv-0170.txt,synthetic_black_conveyor_multi_instance,train,multi_instance_detection_segmentation,TRAIN_ONLY_MULTI_SCENE_SYNTHETIC,NO,NO,cool_component_spot,IMGGEN-CONVEYOR-BLACK-V1,3049686618,0,5,5,contamination|body_crack|body_chip|lead_breakage|surface_spot,syn-v2-700-contamination-0006|syn-v2-700-body_crack-0044|syn-v2-700-body_chip-0079|syn-v2-700-lead_breakage-0020|syn-v2-700-surface_spot-0064,syn-v4-conv-0170,1280,720,91aca9d01ff27ee41c222149d0532a70931f8f7ee89dfbb2da145d1efbd47faa,4cbda3b4b26d4996bee1dca57ac12dc33c81391f75df38c9d82d4b48cbc35e45,fe3bd04056c1bbe4f1f6f6bbe6669c013bf4a5e502b04c4d3068a6e8fa96df71,25e6afd84eb1d0cfe2e3209e4a9f6294e3a91ed8edadb0c623b0d07aef2a64ad,d9c8703fd3c6ac4887802c4d0d30f5c3c158d1c96f7c1015ecb56c67801a223f,32.741703,4.344694,44.000000,133.657822,100.916119,4.082189,0.000000,0.000000,SHADOWLESS_SAME_SENSOR_JPEG,fa5adb968da368a28b85a711cd7b3d0aab6829453361eb686e915af6797cf717,4.0.0,multi-instance-paired-clean-1024-v1,AUTO_PASS_MULTI_INSTANCE_PAIRED_CLEAN_1024,NO,"{""brightness"":0.93285883,""contrast"":1.05832924,""crop_x"":0,""crop_y"":555,""noise_seed"":1405356249,""noise_sigma"":0.30661077,""orientation_degrees"":270,""resized_height"":1280,""resized_width"":1280}","{""blur_radius_px"":0.07709218606362903,""jpeg_quality"":92,""noise_seed"":1182804885,""noise_sigma"":1.1082179776951626}","{""blur_radius_px"":8.527703914544157,""instances"":[{""instance_index"":1,""offset_x_px"":5,""offset_y_px"":8,""opacity"":0.19725633},{""instance_index"":2,""offset_x_px"":-1,""offset_y_px"":5,""opacity"":0.30783261},{""instance_index"":3,""offset_x_px"":-3,""offset_y_px"":6,""opacity"":0.18304813},{""instance_index"":4,""offset_x_px"":5,""offset_y_px"":10,""opacity"":0.1845884},{""instance_index"":5,""offset_x_px"":-2,""offset_y_px"":7,""opacity"":0.31932971}]}"
syn-v4-conv-0171,172,synthetic/v4_conveyor/images/train/syn-v4-conv-0171.jpg,synthetic/v4_conveyor/masks/component_visible_instances/train/syn-v4-conv-0171.png,synthetic/v4_conveyor/masks/defect_semantic/train/syn-v4-conv-0171.png,synthetic/v4_conveyor/labels/yolo_component_status/train/syn-v4-conv-0171.txt,synthetic/v4_conveyor/labels/yolo_defects/train/syn-v4-conv-0171.txt,synthetic_black_conveyor_multi_instance,train,multi_instance_detection_segmentation,TRAIN_ONLY_MULTI_SCENE_SYNTHETIC,NO,NO,side_component_spot,IMGGEN-CONVEYOR-BLACK-V1,2837192449,0,5,5,normal_proxy|body_chip|contamination|surface_spot|discoloration,syn-v2-700-body_crack-0003|syn-v2-700-body_chip-0062|syn-v2-700-contamination-0045|syn-v2-700-surface_spot-0088|syn-v2-700-discoloration-0089,syn-v4-conv-0171,1280,720,8506086ba16f24d40163145ddafbbf6045ba666fe18930980fa8673d080c3772,048536cc372af7357873db57f2822e3e85f14239f2531ebd749b0a826e206430,91900c1e5d90f67cd5cdaaaed28aacc0597cccc9679ef1052129b345139b63f4,7176d0c35f6ae2220a6d866d6cdd0c0512390923037f440bc664574aa89cb4b6,2b58e33e0fa8e9a589ebceb25d008b3c82665ddc85d14e858f841461423ed63f,31.001839,4.245216,42.144398,144.653854,113.652016,4.665977,0.000000,0.000000,SHADOWLESS_SAME_SENSOR_JPEG,fa5adb968da368a28b85a711cd7b3d0aab6829453361eb686e915af6797cf717,4.0.0,multi-instance-paired-clean-1024-v1,AUTO_PASS_MULTI_INSTANCE_PAIRED_CLEAN_1024,NO,"{""brightness"":0.87895047,""contrast"":1.0406452,""crop_x"":0,""crop_y"":277,""noise_seed"":2451966083,""noise_sigma"":0.42911309,""orientation_degrees"":90,""resized_height"":1280,""resized_width"":1280}","{""blur_radius_px"":0.08588850080928992,""jpeg_quality"":95,""noise_seed"":2529849523,""noise_sigma"":1.297372408810993}","{""blur_radius_px"":5.0824822576649185,""instances"":[{""instance_index"":1,""offset_x_px"":5,""offset_y_px"":5,""opacity"":0.27265445},{""instance_index"":2,""offset_x_px"":-2,""offset_y_px"":9,""opacity"":0.25117398},{""instance_index"":3,""offset_x_px"":4,""offset_y_px"":7,""opacity"":0.21130643},{""instance_index"":4,""offset_x_px"":3,""offset_y_px"":7,""opacity"":0.30255844},{""instance_index"":5,""offset_x_px"":3,""offset_y_px"":7,""opacity"":0.30527583}]}"
syn-v4-conv-0172,173,synthetic/v4_conveyor/images/train/syn-v4-conv-0172.jpg,synthetic/v4_conveyor/masks/component_visible_instances/train/syn-v4-conv-0172.png,synthetic/v4_conveyor/masks/defect_semantic/train/syn-v4-conv-0172.png,synthetic/v4_conveyor/labels/yolo_component_status/train/syn-v4-conv-0172.txt,synthetic/v4_conveyor/labels/yolo_defects/train/syn-v4-conv-0172.txt,synthetic_black_conveyor_multi_instance,train,multi_instance_detection_segmentation,TRAIN_ONLY_MULTI_SCENE_SYNTHETIC,NO,NO,neutral_component_spot,IMGGEN-CONVEYOR-BLACK-V1,2205069235,0,5,5,discoloration|body_chip|contamination|body_crack|scratch,syn-v2-700-discoloration-0027|syn-v2-700-body_chip-0039|syn-v2-700-contamination-0054|syn-v2-700-body_crack-0034|syn-v2-700-scratch-0091,syn-v4-conv-0172,1280,720,9505d9f446581b5180bc968bc285fb5969a89f8a464a7532a308ce7aa578abdb,89f5f756473dd29ea779f8fdd83ad6e2d04116eb993008b777b0576cd01cffed,64e0c34b6f44c673ddf9f74a283ba1c241102710627ad6f49a1a06393389480d,d1f07ff8fbf94b562e8a8a7989a21316404dc5308701d23ed54fd1de7570e2ef,b9b1542ec21a0247beaaa9726ce738fb9399247fa9dcd36dec12e5aefa2d690b,32.506840,3.032436,41.000000,141.094788,108.587948,4.340465,0.000000,0.000000,SHADOWLESS_SAME_SENSOR_JPEG,fa5adb968da368a28b85a711cd7b3d0aab6829453361eb686e915af6797cf717,4.0.0,multi-instance-paired-clean-1024-v1,AUTO_PASS_MULTI_INSTANCE_PAIRED_CLEAN_1024,NO,"{""brightness"":0.94749483,""contrast"":0.98727265,""crop_x"":0,""crop_y"":516,""noise_seed"":3985357592,""noise_sigma"":0.97014215,""orientation_degrees"":0,""resized_height"":1280,""resized_width"":1280}","{""blur_radius_px"":0.2079227948357884,""jpeg_quality"":95,""noise_seed"":3346706863,""noise_sigma"":0.552379368477159}","{""blur_radius_px"":7.200645887853689,""instances"":[{""instance_index"":1,""offset_x_px"":0,""offset_y_px"":6,""opacity"":0.27865877},{""instance_index"":2,""offset_x_px"":-2,""offset_y_px"":5,""opacity"":0.23407427},{""instance_index"":3,""offset_x_px"":4,""offset_y_px"":7,""opacity"":0.19995302},{""instance_index"":4,""offset_x_px"":-1,""offset_y_px"":5,""opacity"":0.2029001},{""instance_index"":5,""offset_x_px"":-2,""offset_y_px"":7,""opacity"":0.2266095}]}"
syn-v4-conv-0173,174,synthetic/v4_conveyor/images/train/syn-v4-conv-0173.jpg,synthetic/v4_conveyor/masks/component_visible_instances/train/syn-v4-conv-0173.png,synthetic/v4_conveyor/masks/defect_semantic/train/syn-v4-conv-0173.png,synthetic/v4_conveyor/labels/yolo_component_status/train/syn-v4-conv-0173.txt,synthetic/v4_conveyor/labels/yolo_defects/train/syn-v4-conv-0173.txt,synthetic_black_conveyor_multi_instance,train,multi_instance_detection_segmentation,TRAIN_ONLY_MULTI_SCENE_SYNTHETIC,NO,NO,warm_component_spot,IMGGEN-CONVEYOR-BLACK-V1,2182658128,0,5,5,body_chip|contamination|scratch|lead_breakage|body_crack,syn-v2-700-body_chip-0050|syn-v2-700-contamination-0035|syn-v2-700-scratch-0090|syn-v2-700-lead_breakage-0093|syn-v2-700-body_crack-0008,syn-v4-conv-0173,1280,720,1734e523b38847b23914b19d6ee4760d85989cbb9cb2c1161578b73e4fadeebb,e7e7e324866853caaf182e8318058a949439156001c5c6a8b6195d5a2250f592,ef3cc0ffef12ea85adff689ff732dc751cc7206e258dd4f7b00a0853bfa15265,197191dabc09f9de53db7d5963f913b61ee69b2734a299e17c3d5d83bffcd19b,85aae72100c14cd75c0c98ad794d94d6eb969fb665521936fe51aa32e3589b89,26.007601,3.656991,35.931801,149.353897,123.346296,5.742702,0.000000,0.000000,SHADOWLESS_SAME_SENSOR_JPEG,fa5adb968da368a28b85a711cd7b3d0aab6829453361eb686e915af6797cf717,4.0.0,multi-instance-paired-clean-1024-v1,AUTO_PASS_MULTI_INSTANCE_PAIRED_CLEAN_1024,NO,"{""brightness"":0.74986779,""contrast"":1.0341034,""crop_x"":0,""crop_y"":198,""noise_seed"":1146100396,""noise_sigma"":0.59150068,""orientation_degrees"":270,""resized_height"":1280,""resized_width"":1280}","{""blur_radius_px"":0.1846128881908574,""jpeg_quality"":94,""noise_seed"":1085385598,""noise_sigma"":1.0266586264285458}","{""blur_radius_px"":6.764124946705065,""instances"":[{""instance_index"":1,""offset_x_px"":5,""offset_y_px"":7,""opacity"":0.22342403},{""instance_index"":2,""offset_x_px"":-3,""offset_y_px"":7,""opacity"":0.28103601},{""instance_index"":3,""offset_x_px"":-1,""offset_y_px"":8,""opacity"":0.29004567},{""instance_index"":4,""offset_x_px"":-3,""offset_y_px"":8,""opacity"":0.30282367},{""instance_index"":5,""offset_x_px"":2,""offset_y_px"":7,""opacity"":0.23913213}]}"
syn-v4-conv-0174,175,synthetic/v4_conveyor/images/train/syn-v4-conv-0174.jpg,synthetic/v4_conveyor/masks/component_visible_instances/train/syn-v4-conv-0174.png,synthetic/v4_conveyor/masks/defect_semantic/train/syn-v4-conv-0174.png,synthetic/v4_conveyor/labels/yolo_component_status/train/syn-v4-conv-0174.txt,synthetic/v4_conveyor/labels/yolo_defects/train/syn-v4-conv-0174.txt,synthetic_black_conveyor_multi_instance,train,multi_instance_detection_segmentation,TRAIN_ONLY_MULTI_SCENE_SYNTHETIC,NO,NO,cool_component_spot,IMGGEN-CONVEYOR-BLACK-V1,2401003625,0,5,5,body_crack|body_chip|surface_spot|discoloration|normal_proxy,syn-v2-700-body_crack-0047|syn-v2-700-body_chip-0050|syn-v2-700-surface_spot-0053|syn-v2-700-discoloration-0015|syn-v2-700-discoloration-0061,syn-v4-conv-0174,1280,720,b22eeb31e58f72970fadf5c43c58711c7cc7ea9c987061fdd6203343597e2320,c58565fcc9f600c7a04b6ded64be4f9d5aaf4dd44db8213e9247fdb5c004a806,3111773dcb6f780247a423951757bf8aefa76d850894651fb72faae8a66d71ce,18dbba712af31073fa2001031e7d0e286c97ae69b9bb0a427626c09922d3903f,7bce5eea29bce83c3ebdedaf8e22775dbc867d78cbf27afd04fe612c06ac85d0,27.835316,3.608980,37.000000,140.695190,112.859875,5.054557,0.000000,0.000000,SHADOWLESS_SAME_SENSOR_JPEG,fa5adb968da368a28b85a711cd7b3d0aab6829453361eb686e915af6797cf717,4.0.0,multi-instance-paired-clean-1024-v1,AUTO_PASS_MULTI_INSTANCE_PAIRED_CLEAN_1024,NO,"{""brightness"":0.81621528,""contrast"":1.04145623,""crop_x"":0,""crop_y"":95,""noise_seed"":946961709,""noise_sigma"":0.8908903,""orientation_degrees"":180,""resized_height"":1280,""resized_width"":1280}","{""blur_radius_px"":0.0771334348580732,""jpeg_quality"":96,""noise_seed"":1663952281,""noise_sigma"":1.0072578444547453}","{""blur_radius_px"":5.852345880721964,""instances"":[{""instance_index"":1,""offset_x_px"":0,""offset_y_px"":8,""opacity"":0.28219244},{""instance_index"":2,""offset_x_px"":5,""offset_y_px"":10,""opacity"":0.20711406},{""instance_index"":3,""offset_x_px"":0,""offset_y_px"":8,""opacity"":0.29055036},{""instance_index"":4,""offset_x_px"":4,""offset_y_px"":10,""opacity"":0.18295088},{""instance_index"":5,""offset_x_px"":3,""offset_y_px"":9,""opacity"":0.22568297}]}"
syn-v4-conv-0175,176,synthetic/v4_conveyor/images/train/syn-v4-conv-0175.jpg,synthetic/v4_conveyor/masks/component_visible_instances/train/syn-v4-conv-0175.png,synthetic/v4_conveyor/masks/defect_semantic/train/syn-v4-conv-0175.png,synthetic/v4_conveyor/labels/yolo_component_status/train/syn-v4-conv-0175.txt,synthetic/v4_conveyor/labels/yolo_defects/train/syn-v4-conv-0175.txt,synthetic_black_conveyor_multi_instance,train,multi_instance_detection_segmentation,TRAIN_ONLY_MULTI_SCENE_SYNTHETIC,NO,NO,side_component_spot,IMGGEN-CONVEYOR-BLACK-V1,3171401136,0,5,5,surface_spot|normal_proxy|scratch|contamination|lead_breakage,syn-v2-700-surface_spot-0082|syn-v2-700-lead_breakage-0099|syn-v2-700-scratch-0018|syn-v2-700-contamination-0035|syn-v2-700-lead_breakage-0014,syn-v4-conv-0175,1280,720,670003a1a54f9a0741eafd14a1c17e40098234f17cbd5d87bab7aaf0a5577c20,2ffa5c34620922fb25f9d97101f1f5c1ce3f86cbc53e8720240b4e3827f2c563,9d4a5d04a8246fc308e2f40c9697cb187823360c0b2c50778836942a6fafbf8d,c9fa27081a8f6a53507ddc8f3813cbe4449082cac17e622ab92f59173f147a8d,30d50ad49e9bfb3789575aea202c4fdc7b11fb627133bd6bfb10ab5ec7e3808b,26.652412,3.574289,36.144398,139.465607,112.813194,5.232757,0.000000,0.000000,SHADOWLESS_SAME_SENSOR_JPEG,fa5adb968da368a28b85a711cd7b3d0aab6829453361eb686e915af6797cf717,4.0.0,multi-instance-paired-clean-1024-v1,AUTO_PASS_MULTI_INSTANCE_PAIRED_CLEAN_1024,NO,"{""brightness"":0.76734662,""contrast"":1.03845804,""crop_x"":0,""crop_y"":75,""noise_seed"":1718765798,""noise_sigma"":0.32723001,""orientation_degrees"":270,""resized_height"":1280,""resized_width"":1280}","{""blur_radius_px"":0.01122472399924318,""jpeg_quality"":93,""noise_seed"":1598905447,""noise_sigma"":0.9880459905013763}","{""blur_radius_px"":7.669290227631916,""instances"":[{""instance_index"":1,""offset_x_px"":-3,""offset_y_px"":6,""opacity"":0.26562201},{""instance_index"":2,""offset_x_px"":0,""offset_y_px"":6,""opacity"":0.30824441},{""instance_index"":3,""offset_x_px"":-3,""offset_y_px"":9,""opacity"":0.29462476},{""instance_index"":4,""offset_x_px"":4,""offset_y_px"":9,""opacity"":0.19084043},{""instance_index"":5,""offset_x_px"":3,""offset_y_px"":5,""opacity"":0.19283244}]}"
syn-v4-conv-0176,177,synthetic/v4_conveyor/images/train/syn-v4-conv-0176.jpg,synthetic/v4_conveyor/masks/component_visible_instances/train/syn-v4-conv-0176.png,synthetic/v4_conveyor/masks/defect_semantic/train/syn-v4-conv-0176.png,synthetic/v4_conveyor/labels/yolo_component_status/train/syn-v4-conv-0176.txt,synthetic/v4_conveyor/labels/yolo_defects/train/syn-v4-conv-0176.txt,synthetic_black_conveyor_multi_instance,train,multi_instance_detection_segmentation,TRAIN_ONLY_MULTI_SCENE_SYNTHETIC,NO,NO,neutral_component_spot,IMGGEN-CONVEYOR-BLACK-V1,2579393183,0,5,5,discoloration|body_chip|body_crack|lead_breakage|contamination,syn-v2-700-discoloration-0009|syn-v2-700-body_chip-0046|syn-v2-700-body_crack-0051|syn-v2-700-lead_breakage-0057|syn-v2-700-contamination-0044,syn-v4-conv-0176,1280,720,eb0e346b82d89878e8dccba0cbb2b6996e98b26ed26b4e9ab9a7303df4c71a0e,530ad529905803026d864ee820def1af0efae81d3384628ecd2eeb4fa1638430,ee79ba0f7969a95403bd3f9164ccabc9127611ac7e2a72a2c365854484b88c4a,6ecb17bcc11fc60323512fafcbd8e3fc3f158146bfd86f26d2d61c8ca505ac63,f5fc49be931d0796b6adb53c68c3904ef5bf0545c20deaf4e6171c279cf2d26b,32.435036,3.490741,42.144398,133.289536,100.854500,4.109431,0.000000,0.000000,SHADOWLESS_SAME_SENSOR_JPEG,fa5adb968da368a28b85a711cd7b3d0aab6829453361eb686e915af6797cf717,4.0.0,multi-instance-paired-clean-1024-v1,AUTO_PASS_MULTI_INSTANCE_PAIRED_CLEAN_1024,NO,"{""brightness"":0.90972446,""contrast"":0.98419236,""crop_x"":0,""crop_y"":406,""noise_seed"":1890822825,""noise_sigma"":1.11814041,""orientation_degrees"":270,""resized_height"":1280,""resized_width"":1280}","{""blur_radius_px"":0.13394311678323728,""jpeg_quality"":92,""noise_seed"":1741307469,""noise_sigma"":0.3217534111932329}","{""blur_radius_px"":7.608680419455847,""instances"":[{""instance_index"":1,""offset_x_px"":3,""offset_y_px"":8,""opacity"":0.1818692},{""instance_index"":2,""offset_x_px"":3,""offset_y_px"":5,""opacity"":0.2778633},{""instance_index"":3,""offset_x_px"":1,""offset_y_px"":6,""opacity"":0.31846558},{""instance_index"":4,""offset_x_px"":-2,""offset_y_px"":6,""opacity"":0.2846495},{""instance_index"":5,""offset_x_px"":3,""offset_y_px"":5,""opacity"":0.23226568}]}"
syn-v4-conv-0177,178,synthetic/v4_conveyor/images/train/syn-v4-conv-0177.jpg,synthetic/v4_conveyor/masks/component_visible_instances/train/syn-v4-conv-0177.png,synthetic/v4_conveyor/masks/defect_semantic/train/syn-v4-conv-0177.png,synthetic/v4_conveyor/labels/yolo_component_status/train/syn-v4-conv-0177.txt,synthetic/v4_conveyor/labels/yolo_defects/train/syn-v4-conv-0177.txt,synthetic_black_conveyor_multi_instance,train,multi_instance_detection_segmentation,TRAIN_ONLY_MULTI_SCENE_SYNTHETIC,NO,NO,warm_component_spot,IMGGEN-CONVEYOR-BLACK-V1,120596661,0,5,5,body_crack|normal_proxy|contamination|lead_breakage|body_chip,syn-v2-700-body_crack-0044|syn-v2-700-contamination-0088|syn-v2-700-contamination-0078|syn-v2-700-lead_breakage-0010|syn-v2-700-body_chip-0051,syn-v4-conv-0177,1280,720,4e57367ad07020c08404bf44992ff90285cd42dec292384921b8be2c11b1e9c1,12568b6e7813bd24bd8d0b7eb339057af8adf7dd112fe0f80508887a26537e87,6607d310a7e67e578732ed59ca88e9d0ee4017a030737be6b2b4f81529b66280,5232a8aec41d11a04257b2ee9605ef0990b65fef19bf9cdf0bdd5fa7b27ddd87,1c898e669087192172007d946b990efa8ed672b54f22a3050338add4aa174d0e,27.362425,3.427291,36.144398,141.349976,113.987551,5.165842,0.000000,0.000000,SHADOWLESS_SAME_SENSOR_JPEG,fa5adb968da368a28b85a711cd7b3d0aab6829453361eb686e915af6797cf717,4.0.0,multi-instance-paired-clean-1024-v1,AUTO_PASS_MULTI_INSTANCE_PAIRED_CLEAN_1024,NO,"{""brightness"":0.78792009,""contrast"":1.06446112,""crop_x"":0,""crop_y"":253,""noise_seed"":2873420710,""noise_sigma"":0.73934735,""orientation_degrees"":180,""resized_height"":1280,""resized_width"":1280}","{""blur_radius_px"":0.27018135226884665,""jpeg_quality"":94,""noise_seed"":3600136022,""noise_sigma"":0.5650466056308521}","{""blur_radius_px"":6.056358254331082,""instances"":[{""instance_index"":1,""offset_x_px"":4,""offset_y_px"":6,""opacity"":0.21557186},{""instance_index"":2,""offset_x_px"":-1,""offset_y_px"":6,""opacity"":0.28309953},{""instance_index"":3,""offset_x_px"":-2,""offset_y_px"":8,""opacity"":0.29277021},{""instance_index"":4,""offset_x_px"":1,""offset_y_px"":5,""opacity"":0.216341},{""instance_index"":5,""offset_x_px"":-2,""offset_y_px"":8,""opacity"":0.27519367}]}"
syn-v4-conv-0178,179,synthetic/v4_conveyor/images/train/syn-v4-conv-0178.jpg,synthetic/v4_conveyor/masks/component_visible_instances/train/syn-v4-conv-0178.png,synthetic/v4_conveyor/masks/defect_semantic/train/syn-v4-conv-0178.png,synthetic/v4_conveyor/labels/yolo_component_status/train/syn-v4-conv-0178.txt,synthetic/v4_conveyor/labels/yolo_defects/train/syn-v4-conv-0178.txt,synthetic_black_conveyor_multi_instance,train,multi_instance_detection_segmentation,TRAIN_ONLY_MULTI_SCENE_SYNTHETIC,NO,NO,cool_component_spot,IMGGEN-CONVEYOR-BLACK-V1,3117066679,0,5,5,contamination|body_chip|lead_breakage|body_crack|scratch,syn-v2-700-contamination-0062|syn-v2-700-body_chip-0062|syn-v2-700-lead_breakage-0056|syn-v2-700-body_crack-0081|syn-v2-700-scratch-0087,syn-v4-conv-0178,1280,720,5b2cacb4279f202ccbe761f031fa0822b90ecd163b8c103f80ec8b876eef1b6a,fb8ec5aab2140127832fcef46ee557811323639e13298700f5ae34227dabe122,c6693c3dec79f665d410527dfa8904e99a7bd6f81d17487ebd5c57fd6c3cd978,2e397a3fb91bc92c8d9481b7e5678c79e875920655ab00c75e7a2b0383fd6bf4,7a0c1cd5061c1812169aa758745fdec9878fa28ec9556f036a4f7a98a0e5a900,29.358698,3.106734,38.144402,141.806061,112.447363,4.830121,0.000000,0.000000,SHADOWLESS_SAME_SENSOR_JPEG,fa5adb968da368a28b85a711cd7b3d0aab6829453361eb686e915af6797cf717,4.0.0,multi-instance-paired-clean-1024-v1,AUTO_PASS_MULTI_INSTANCE_PAIRED_CLEAN_1024,NO,"{""brightness"":0.8365626,""contrast"":0.92603179,""crop_x"":0,""crop_y"":134,""noise_seed"":3698468196,""noise_sigma"":0.98951869,""orientation_degrees"":90,""resized_height"":1280,""resized_width"":1280}","{""blur_radius_px"":0.32440800652706636,""jpeg_quality"":92,""noise_seed"":4207654982,""noise_sigma"":0.36530330280113693}","{""blur_radius_px"":6.626034730756894,""instances"":[{""instance_index"":1,""offset_x_px"":4,""offset_y_px"":7,""opacity"":0.26790351},{""instance_index"":2,""offset_x_px"":4,""offset_y_px"":9,""opacity"":0.26012847},{""instance_index"":3,""offset_x_px"":0,""offset_y_px"":6,""opacity"":0.29616625},{""instance_index"":4,""offset_x_px"":-2,""offset_y_px"":8,""opacity"":0.30568518},{""instance_index"":5,""offset_x_px"":3,""offset_y_px"":8,""opacity"":0.20873597}]}"
syn-v4-conv-0179,180,synthetic/v4_conveyor/images/train/syn-v4-conv-0179.jpg,synthetic/v4_conveyor/masks/component_visible_instances/train/syn-v4-conv-0179.png,synthetic/v4_conveyor/masks/defect_semantic/train/syn-v4-conv-0179.png,synthetic/v4_conveyor/labels/yolo_component_status/train/syn-v4-conv-0179.txt,synthetic/v4_conveyor/labels/yolo_defects/train/syn-v4-conv-0179.txt,synthetic_black_conveyor_multi_instance,train,multi_instance_detection_segmentation,TRAIN_ONLY_MULTI_SCENE_SYNTHETIC,NO,NO,side_component_spot,IMGGEN-CONVEYOR-BLACK-V1,3401715486,0,5,5,surface_spot|discoloration|normal_proxy|contamination|body_chip,syn-v2-700-surface_spot-0077|syn-v2-700-discoloration-0015|syn-v2-700-body_chip-0062|syn-v2-700-contamination-0085|syn-v2-700-body_chip-0099,syn-v4-conv-0179,1280,720,e303adb45968d0d5d0ae37b3b5d340c29cf5de01ccccea1003067ae03c99ebb3,da0b72d368085c2593241c6e126719ce3aae66a9900ca30e1b696c749dd6f953,d2934e2dbae0a86585660b7a045e73a02966cf14316266a98224546df5efbee4,986aa219080567d1d2bc96e29d1ed1d7428d7fb38f8c45f52fca932c1b3bdb27,b2fa0d087ace24fe84dc89587b2c0d785f95b5badbf57eb5def31f34d1a75ff1,26.750078,3.661459,36.497398,135.162552,108.412474,5.052791,0.000000,0.000000,SHADOWLESS_SAME_SENSOR_JPEG,fa5adb968da368a28b85a711cd7b3d0aab6829453361eb686e915af6797cf717,4.0.0,multi-instance-paired-clean-1024-v1,AUTO_PASS_MULTI_INSTANCE_PAIRED_CLEAN_1024,NO,"{""brightness"":0.76670724,""contrast"":1.00492218,""crop_x"":0,""crop_y"":398,""noise_seed"":4256285753,""noise_sigma"":0.8868067,""orientation_degrees"":90,""resized_height"":1280,""resized_width"":1280}","{""blur_radius_px"":0.07217199159329599,""jpeg_quality"":95,""noise_seed"":1304457288,""noise_sigma"":0.6381735863395372}","{""blur_radius_px"":8.48925654588528,""instances"":[{""instance_index"":1,""offset_x_px"":1,""offset_y_px"":7,""opacity"":0.23922487},{""instance_index"":2,""offset_x_px"":-3,""offset_y_px"":7,""opacity"":0.25494395},{""instance_index"":3,""offset_x_px"":-1,""offset_y_px"":10,""opacity"":0.31290358},{""instance_index"":4,""offset_x_px"":5,""offset_y_px"":5,""opacity"":0.26838908},{""instance_index"":5,""offset_x_px"":4,""offset_y_px"":8,""opacity"":0.31355208}]}"
syn-v4-conv-0180,181,synthetic/v4_conveyor/images/train/syn-v4-conv-0180.jpg,synthetic/v4_conveyor/masks/component_visible_instances/train/syn-v4-conv-0180.png,synthetic/v4_conveyor/masks/defect_semantic/train/syn-v4-conv-0180.png,synthetic/v4_conveyor/labels/yolo_component_status/train/syn-v4-conv-0180.txt,synthetic/v4_conveyor/labels/yolo_defects/train/syn-v4-conv-0180.txt,synthetic_black_conveyor_multi_instance,train,multi_instance_detection_segmentation,TRAIN_ONLY_MULTI_SCENE_SYNTHETIC,NO,NO,neutral_component_spot,IMGGEN-CONVEYOR-BLACK-V1,1461032292,0,5,5,body_crack|contamination|discoloration|scratch|normal_proxy,syn-v2-700-body_crack-0084|syn-v2-700-contamination-0051|syn-v2-700-discoloration-0072|syn-v2-700-scratch-0018|syn-v2-700-body_crack-0054,syn-v4-conv-0180,1280,720,b38412577ad46004fdc48e599a2acffef258642baedc2ff05ded6fc1ea79a991,d17dc3d383aa5c03a8f1ff0e9fce787ac03aeb962a3e925bac9aa2f4f8f80cac,215fc9281cb089be73515f2e37190cb964683239205d922cf02a87cdfd98910a,700c2bdc1c6b27b3874eb0a69ef9ce08665fd46ca55608c981c0cdfe6d4ff5b8,2b9dccae0c239818f6e9d1eb76da0310430ee3741366d90313b87105744fec96,25.450975,2.773892,33.144402,136.527832,111.076857,5.364346,0.000000,0.000000,SHADOWLESS_SAME_SENSOR_JPEG,fa5adb968da368a28b85a711cd7b3d0aab6829453361eb686e915af6797cf717,4.0.0,multi-instance-paired-clean-1024-v1,AUTO_PASS_MULTI_INSTANCE_PAIRED_CLEAN_1024,NO,"{""brightness"":0.72380606,""contrast"":0.93104283,""crop_x"":0,""crop_y"":344,""noise_seed"":3593047211,""noise_sigma"":1.15508426,""orientation_degrees"":270,""resized_height"":1280,""resized_width"":1280}","{""blur_radius_px"":0.13838101534267355,""jpeg_quality"":92,""noise_seed"":719651208,""noise_sigma"":0.7659727676139321}","{""blur_radius_px"":5.607490309304007,""instances"":[{""instance_index"":1,""offset_x_px"":-1,""offset_y_px"":9,""opacity"":0.20254417},{""instance_index"":2,""offset_x_px"":3,""offset_y_px"":9,""opacity"":0.28793518},{""instance_index"":3,""offset_x_px"":-3,""offset_y_px"":9,""opacity"":0.24323266},{""instance_index"":4,""offset_x_px"":4,""offset_y_px"":8,""opacity"":0.22397522},{""instance_index"":5,""offset_x_px"":-1,""offset_y_px"":8,""opacity"":0.18799466}]}"
syn-v4-conv-0181,182,synthetic/v4_conveyor/images/train/syn-v4-conv-0181.jpg,synthetic/v4_conveyor/masks/component_visible_instances/train/syn-v4-conv-0181.png,synthetic/v4_conveyor/masks/defect_semantic/train/syn-v4-conv-0181.png,synthetic/v4_conveyor/labels/yolo_component_status/train/syn-v4-conv-0181.txt,synthetic/v4_conveyor/labels/yolo_defects/train/syn-v4-conv-0181.txt,synthetic_black_conveyor_multi_instance,train,multi_instance_detection_segmentation,TRAIN_ONLY_MULTI_SCENE_SYNTHETIC,NO,NO,warm_component_spot,IMGGEN-CONVEYOR-BLACK-V1,1820138109,0,5,5,normal_proxy|body_crack|body_chip|discoloration|lead_breakage,syn-v2-700-scratch-0047|syn-v2-700-body_crack-0089|syn-v2-700-body_chip-0088|syn-v2-700-discoloration-0045|syn-v2-700-lead_breakage-0017,syn-v4-conv-0181,1280,720,26d99ab2914a40e485c986ff73c1118f23b67aaf70047d8739dcc0fe5359e927,8ee64d764b4f87dffed0b8ddd5005c4429441c66a40cf68af65f804da279b5f7,0d56c08138fbae987fddbb0d524d1354bd0808266cd3479a3df7cfcbeac2e11d,178cd63d14636b17d03f08c3453a9be63f546d06ec1436674f0491b53fcc615c,c54aa71fc9ae6c5dc35e1d3c684881078f5f5bcee05a3dd3a4e5338c83041a35,28.435770,3.801669,38.502598,135.947174,107.511404,4.780851,0.000000,0.000000,SHADOWLESS_SAME_SENSOR_JPEG,fa5adb968da368a28b85a711cd7b3d0aab6829453361eb686e915af6797cf717,4.0.0,multi-instance-paired-clean-1024-v1,AUTO_PASS_MULTI_INSTANCE_PAIRED_CLEAN_1024,NO,"{""brightness"":0.80805996,""contrast"":1.07066965,""crop_x"":0,""crop_y"":438,""noise_seed"":2585013200,""noise_sigma"":0.48586331,""orientation_degrees"":270,""resized_height"":1280,""resized_width"":1280}","{""blur_radius_px"":0.2929985666901611,""jpeg_quality"":95,""noise_seed"":4161471607,""noise_sigma"":0.4123245248005977}","{""blur_radius_px"":7.217476792721552,""instances"":[{""instance_index"":1,""offset_x_px"":0,""offset_y_px"":8,""opacity"":0.23198769},{""instance_index"":2,""offset_x_px"":1,""offset_y_px"":8,""opacity"":0.29943828},{""instance_index"":3,""offset_x_px"":0,""offset_y_px"":8,""opacity"":0.25616496},{""instance_index"":4,""offset_x_px"":-1,""offset_y_px"":5,""opacity"":0.21179176},{""instance_index"":5,""offset_x_px"":-2,""offset_y_px"":10,""opacity"":0.29913536}]}"
syn-v4-conv-0182,183,synthetic/v4_conveyor/images/train/syn-v4-conv-0182.jpg,synthetic/v4_conveyor/masks/component_visible_instances/train/syn-v4-conv-0182.png,synthetic/v4_conveyor/masks/defect_semantic/train/syn-v4-conv-0182.png,synthetic/v4_conveyor/labels/yolo_component_status/train/syn-v4-conv-0182.txt,synthetic/v4_conveyor/labels/yolo_defects/train/syn-v4-conv-0182.txt,synthetic_black_conveyor_multi_instance,train,multi_instance_detection_segmentation,TRAIN_ONLY_MULTI_SCENE_SYNTHETIC,NO,NO,cool_component_spot,IMGGEN-CONVEYOR-BLACK-V1,2913394617,0,5,5,discoloration|surface_spot|body_chip|contamination|normal_proxy,syn-v2-700-discoloration-0024|syn-v2-700-surface_spot-0027|syn-v2-700-body_chip-0033|syn-v2-700-contamination-0090|syn-v2-700-surface_spot-0088,syn-v4-conv-0182,1280,720,5ad4c56eb72f6653cfd8c19609b63a9b568715e03d5a4e37c27b9bc9c2b1850b,9eaf97656716743ed74552dfc947b28142e63eb919bd1303517e79fbf5129451,608bf9cf38d497c4654f522ad706c6d3e9b96efe4356e10cdf78e4903f522a21,871284ad5c6b4a623389108510dba0a74a4599ff6f7a4c096769489938d73635,b3b4e642797ed6ad1fbcc8270f448066f60957b1ef876c1fbd3491b520b7dd25,30.440220,3.146900,39.144402,134.141556,103.701336,4.406721,0.000000,0.000000,SHADOWLESS_SAME_SENSOR_JPEG,fa5adb968da368a28b85a711cd7b3d0aab6829453361eb686e915af6797cf717,4.0.0,multi-instance-paired-clean-1024-v1,AUTO_PASS_MULTI_INSTANCE_PAIRED_CLEAN_1024,NO,"{""brightness"":0.86461456,""contrast"":0.98086218,""crop_x"":0,""crop_y"":330,""noise_seed"":3960674418,""noise_sigma"":0.81146382,""orientation_degrees"":180,""resized_height"":1280,""resized_width"":1280}","{""blur_radius_px"":0.046207385469202174,""jpeg_quality"":96,""noise_seed"":3664515831,""noise_sigma"":0.8072775202137046}","{""blur_radius_px"":5.828378707402461,""instances"":[{""instance_index"":1,""offset_x_px"":-3,""offset_y_px"":7,""opacity"":0.18480601},{""instance_index"":2,""offset_x_px"":-1,""offset_y_px"":6,""opacity"":0.22504778},{""instance_index"":3,""offset_x_px"":-3,""offset_y_px"":9,""opacity"":0.30808782},{""instance_index"":4,""offset_x_px"":5,""offset_y_px"":7,""opacity"":0.31210131},{""instance_index"":5,""offset_x_px"":-2,""offset_y_px"":10,""opacity"":0.25787132}]}"
syn-v4-conv-0183,184,synthetic/v4_conveyor/images/train/syn-v4-conv-0183.jpg,synthetic/v4_conveyor/masks/component_visible_instances/train/syn-v4-conv-0183.png,synthetic/v4_conveyor/masks/defect_semantic/train/syn-v4-conv-0183.png,synthetic/v4_conveyor/labels/yolo_component_status/train/syn-v4-conv-0183.txt,synthetic/v4_conveyor/labels/yolo_defects/train/syn-v4-conv-0183.txt,synthetic_black_conveyor_multi_instance,train,multi_instance_detection_segmentation,TRAIN_ONLY_MULTI_SCENE_SYNTHETIC,NO,NO,side_component_spot,IMGGEN-CONVEYOR-BLACK-V1,1158744439,0,5,5,scratch|contamination|lead_breakage|normal_proxy|surface_spot,syn-v2-700-scratch-0097|syn-v2-700-contamination-0007|syn-v2-700-lead_breakage-0051|syn-v2-700-body_crack-0037|syn-v2-700-surface_spot-0077,syn-v4-conv-0183,1280,720,09e0c8a7ece635f52e32a2ad6ef07f98873fcf09cea6ecaa898a2f99fd392f8f,5238730af6cb065bd7007ba685ebc6cbcd8cadb82d402afa7d8909b8cb8b5812,cb05fe4c91557e03cf554d547903f6505323e0158be6e56a289dd3c682dda3e3,c889bb3edfa182857895a13735cc6be7d781d4439b92a72d6bdd0d2b903e3d50,3af70bdbe4d66edb9d18ddf7b1dc51fbadb422fae0bf5988b2845bcaba0dfc77,30.567566,4.062840,41.144398,140.325806,109.758240,4.590676,0.000000,0.000000,SHADOWLESS_SAME_SENSOR_JPEG,fa5adb968da368a28b85a711cd7b3d0aab6829453361eb686e915af6797cf717,4.0.0,multi-instance-paired-clean-1024-v1,AUTO_PASS_MULTI_INSTANCE_PAIRED_CLEAN_1024,NO,"{""brightness"":0.86383064,""contrast"":1.07750493,""crop_x"":0,""crop_y"":292,""noise_seed"":716168684,""noise_sigma"":0.0474465,""orientation_degrees"":90,""resized_height"":1280,""resized_width"":1280}","{""blur_radius_px"":0.2853720685314689,""jpeg_quality"":93,""noise_seed"":696435118,""noise_sigma"":0.754530309666859}","{""blur_radius_px"":5.565035505889654,""instances"":[{""instance_index"":1,""offset_x_px"":5,""offset_y_px"":9,""opacity"":0.22893833},{""instance_index"":2,""offset_x_px"":-2,""offset_y_px"":9,""opacity"":0.22255276},{""instance_index"":3,""offset_x_px"":2,""offset_y_px"":7,""opacity"":0.20744082},{""instance_index"":4,""offset_x_px"":0,""offset_y_px"":7,""opacity"":0.31986237},{""instance_index"":5,""offset_x_px"":-3,""offset_y_px"":6,""opacity"":0.25276015}]}"
syn-v4-conv-0184,185,synthetic/v4_conveyor/images/train/syn-v4-conv-0184.jpg,synthetic/v4_conveyor/masks/component_visible_instances/train/syn-v4-conv-0184.png,synthetic/v4_conveyor/masks/defect_semantic/train/syn-v4-conv-0184.png,synthetic/v4_conveyor/labels/yolo_component_status/train/syn-v4-conv-0184.txt,synthetic/v4_conveyor/labels/yolo_defects/train/syn-v4-conv-0184.txt,synthetic_black_conveyor_multi_instance,train,multi_instance_detection_segmentation,TRAIN_ONLY_MULTI_SCENE_SYNTHETIC,NO,NO,neutral_component_spot,IMGGEN-CONVEYOR-BLACK-V1,3671144147,0,5,5,surface_spot|discoloration|lead_breakage|contamination|body_crack,syn-v2-700-surface_spot-0071|syn-v2-700-discoloration-0098|syn-v2-700-lead_breakage-0059|syn-v2-700-contamination-0077|syn-v2-700-body_crack-0089,syn-v4-conv-0184,1280,720,5bce0b108d5d7480d9149b8ec67b166b42cc57517e02484712f561cdbb9a1b5d,f8fd97dbf8a5c0c09bb70d5ea22781c2781102770ebc5c1fe51224faf174a75c,00837a5087dce4c82c4fa8d452eb001e16ddf2b79bce9d197fed047e91c8cc26,74163fe11ceeed1c97ce605e401ab48ed5eb46c9005385c352b80fa4fb302e40,6e806e389a55cf6243f6cc8732b610bd1081222206adc210a97c62225fb937ad,28.311737,3.459133,37.144398,139.510559,111.198822,4.927658,0.000000,0.000000,SHADOWLESS_SAME_SENSOR_JPEG,fa5adb968da368a28b85a711cd7b3d0aab6829453361eb686e915af6797cf717,4.0.0,multi-instance-paired-clean-1024-v1,AUTO_PASS_MULTI_INSTANCE_PAIRED_CLEAN_1024,NO,"{""brightness"":0.8254437,""contrast"":1.04324436,""crop_x"":0,""crop_y"":128,""noise_seed"":172426708,""noise_sigma"":0.50953615,""orientation_degrees"":180,""resized_height"":1280,""resized_width"":1280}","{""blur_radius_px"":0.19103725346119907,""jpeg_quality"":92,""noise_seed"":1267172404,""noise_sigma"":0.3927084766699514}","{""blur_radius_px"":5.175721646435585,""instances"":[{""instance_index"":1,""offset_x_px"":2,""offset_y_px"":7,""opacity"":0.29591922},{""instance_index"":2,""offset_x_px"":3,""offset_y_px"":9,""opacity"":0.30632216},{""instance_index"":3,""offset_x_px"":5,""offset_y_px"":7,""opacity"":0.27675697},{""instance_index"":4,""offset_x_px"":-3,""offset_y_px"":9,""opacity"":0.2473918},{""instance_index"":5,""offset_x_px"":-1,""offset_y_px"":7,""opacity"":0.27792639}]}"
syn-v4-conv-0185,186,synthetic/v4_conveyor/images/train/syn-v4-conv-0185.jpg,synthetic/v4_conveyor/masks/component_visible_instances/train/syn-v4-conv-0185.png,synthetic/v4_conveyor/masks/defect_semantic/train/syn-v4-conv-0185.png,synthetic/v4_conveyor/labels/yolo_component_status/train/syn-v4-conv-0185.txt,synthetic/v4_conveyor/labels/yolo_defects/train/syn-v4-conv-0185.txt,synthetic_black_conveyor_multi_instance,train,multi_instance_detection_segmentation,TRAIN_ONLY_MULTI_SCENE_SYNTHETIC,NO,NO,warm_component_spot,IMGGEN-CONVEYOR-BLACK-V1,2768597816,0,5,5,lead_breakage|discoloration|contamination|body_crack|surface_spot,syn-v2-700-lead_breakage-0051|syn-v2-700-discoloration-0048|syn-v2-700-contamination-0050|syn-v2-700-body_crack-0051|syn-v2-700-surface_spot-0060,syn-v4-conv-0185,1280,720,fa7ff8b8df8730312e2f44e174ad847951b728cfeec41908136c8cbba0bc670f,1aaf191cc6d73d7dfbf54c251484c562003afed450eb1592e158066bdf4f63ee,c3ba3cff8b624b0479a805a877471feb0c50a296e0c88a2a1911d3952a919ab2,f5394784f4e3c0a074d0f62464c53497ed821124c87e11524dfee2264b21bbb5,cbd8e115c378290dbcef0679c560fa8192c6f45330c489fe5ce503881e37ffea,32.891376,3.600099,43.144402,140.379852,107.488476,4.267984,0.000000,0.000000,SHADOWLESS_SAME_SENSOR_JPEG,fa5adb968da368a28b85a711cd7b3d0aab6829453361eb686e915af6797cf717,4.0.0,multi-instance-paired-clean-1024-v1,AUTO_PASS_MULTI_INSTANCE_PAIRED_CLEAN_1024,NO,"{""brightness"":0.92497893,""contrast"":0.9206702,""crop_x"":0,""crop_y"":409,""noise_seed"":313713042,""noise_sigma"":0.19295733,""orientation_degrees"":90,""resized_height"":1280,""resized_width"":1280}","{""blur_radius_px"":0.09751165003230856,""jpeg_quality"":94,""noise_seed"":4268043412,""noise_sigma"":1.2271466949061287}","{""blur_radius_px"":8.284762646207618,""instances"":[{""instance_index"":1,""offset_x_px"":4,""offset_y_px"":9,""opacity"":0.25100415},{""instance_index"":2,""offset_x_px"":2,""offset_y_px"":7,""opacity"":0.28612056},{""instance_index"":3,""offset_x_px"":5,""offset_y_px"":7,""opacity"":0.1815033},{""instance_index"":4,""offset_x_px"":-2,""offset_y_px"":6,""opacity"":0.2818244},{""instance_index"":5,""offset_x_px"":5,""offset_y_px"":7,""opacity"":0.27107154}]}"
syn-v4-conv-0186,187,synthetic/v4_conveyor/images/train/syn-v4-conv-0186.jpg,synthetic/v4_conveyor/masks/component_visible_instances/train/syn-v4-conv-0186.png,synthetic/v4_conveyor/masks/defect_semantic/train/syn-v4-conv-0186.png,synthetic/v4_conveyor/labels/yolo_component_status/train/syn-v4-conv-0186.txt,synthetic/v4_conveyor/labels/yolo_defects/train/syn-v4-conv-0186.txt,synthetic_black_conveyor_multi_instance,train,multi_instance_detection_segmentation,TRAIN_ONLY_MULTI_SCENE_SYNTHETIC,NO,NO,cool_component_spot,IMGGEN-CONVEYOR-BLACK-V1,225283419,0,5,5,body_chip|discoloration|normal_proxy|surface_spot|contamination,syn-v2-700-body_chip-0051|syn-v2-700-discoloration-0039|syn-v2-700-contamination-0044|syn-v2-700-surface_spot-0021|syn-v2-700-contamination-0062,syn-v4-conv-0186,1280,720,ccfc0c8045d2a36c25b4780f2e1dc24a9dc8692de46a1501f9f48ebf288d5662,bc065afe642151108cc0f8f282747d842d0a2ee360e4388c428f495ff6c8f8d0,cfbf41c1412aaaadd70ba8ad29cc3cea8e6aaa0a4446f73b27d3b42fe9522cb6,ad261f5fbf0ed2d27364561e64547932443e31dcaee717ae0781c734a4a84efb,03a8c87e2c0f9b8c67284b2e1ab072055c426ae0e7b54703799283c9f0d1a52d,30.762873,4.118061,41.855598,137.786575,107.023703,4.478989,0.000000,0.000000,SHADOWLESS_SAME_SENSOR_JPEG,fa5adb968da368a28b85a711cd7b3d0aab6829453361eb686e915af6797cf717,4.0.0,multi-instance-paired-clean-1024-v1,AUTO_PASS_MULTI_INSTANCE_PAIRED_CLEAN_1024,NO,"{""brightness"":0.86773314,""contrast"":1.007941,""crop_x"":0,""crop_y"":247,""noise_seed"":3358062969,""noise_sigma"":0.21745449,""orientation_degrees"":90,""resized_height"":1280,""resized_width"":1280}","{""blur_radius_px"":0.30160949084003363,""jpeg_quality"":95,""noise_seed"":836776500,""noise_sigma"":0.7427065845406167}","{""blur_radius_px"":5.680914080184905,""instances"":[{""instance_index"":1,""offset_x_px"":-3,""offset_y_px"":7,""opacity"":0.2604049},{""instance_index"":2,""offset_x_px"":4,""offset_y_px"":6,""opacity"":0.30510705},{""instance_index"":3,""offset_x_px"":2,""offset_y_px"":8,""opacity"":0.212929},{""instance_index"":4,""offset_x_px"":4,""offset_y_px"":8,""opacity"":0.28793745},{""instance_index"":5,""offset_x_px"":-2,""offset_y_px"":6,""opacity"":0.21041378}]}"
syn-v4-conv-0187,188,synthetic/v4_conveyor/images/train/syn-v4-conv-0187.jpg,synthetic/v4_conveyor/masks/component_visible_instances/train/syn-v4-conv-0187.png,synthetic/v4_conveyor/masks/defect_semantic/train/syn-v4-conv-0187.png,synthetic/v4_conveyor/labels/yolo_component_status/train/syn-v4-conv-0187.txt,synthetic/v4_conveyor/labels/yolo_defects/train/syn-v4-conv-0187.txt,synthetic_black_conveyor_multi_instance,train,multi_instance_detection_segmentation,TRAIN_ONLY_MULTI_SCENE_SYNTHETIC,NO,NO,side_component_spot,IMGGEN-CONVEYOR-BLACK-V1,3933439807,0,5,5,body_chip|contamination|scratch|body_crack|surface_spot,syn-v2-700-body_chip-0025|syn-v2-700-contamination-0088|syn-v2-700-scratch-0060|syn-v2-700-body_crack-0033|syn-v2-700-surface_spot-0024,syn-v4-conv-0187,1280,720,e71b00dfd5d15ecd54bd3a2a55196a65854de1a1d35e94b43ecb84616ff4b12a,bb61a41207434277dfbf285a93f7f74f67ae7a2814a5745eecf986cd112f100a,0717a401b5f0ef578adafc030b4add39e1e3713084ff2867294594a66d154124,f5537be54c97e5e03e765adf4f8ca45cc205c4c5f208213598440b6348c6cbb4,523c538759c058256a7e376453af1d14ee5bec942a882e027f5f59101c8d7c94,32.050243,3.862298,42.144398,146.412186,114.361942,4.568208,0.000000,0.000000,SHADOWLESS_SAME_SENSOR_JPEG,fa5adb968da368a28b85a711cd7b3d0aab6829453361eb686e915af6797cf717,4.0.0,multi-instance-paired-clean-1024-v1,AUTO_PASS_MULTI_INSTANCE_PAIRED_CLEAN_1024,NO,"{""brightness"":0.93798429,""contrast"":1.04727133,""crop_x"":0,""crop_y"":74,""noise_seed"":984404766,""noise_sigma"":1.01600739,""orientation_degrees"":180,""resized_height"":1280,""resized_width"":1280}","{""blur_radius_px"":0.10389804145269166,""jpeg_quality"":92,""noise_seed"":1427711620,""noise_sigma"":0.40218785770847393}","{""blur_radius_px"":8.022361485087924,""instances"":[{""instance_index"":1,""offset_x_px"":1,""offset_y_px"":10,""opacity"":0.22250687},{""instance_index"":2,""offset_x_px"":5,""offset_y_px"":10,""opacity"":0.27948159},{""instance_index"":3,""offset_x_px"":1,""offset_y_px"":5,""opacity"":0.19127552},{""instance_index"":4,""offset_x_px"":4,""offset_y_px"":6,""opacity"":0.26256925},{""instance_index"":5,""offset_x_px"":-3,""offset_y_px"":10,""opacity"":0.25872417}]}"
syn-v4-conv-0188,189,synthetic/v4_conveyor/images/train/syn-v4-conv-0188.jpg,synthetic/v4_conveyor/masks/component_visible_instances/train/syn-v4-conv-0188.png,synthetic/v4_conveyor/masks/defect_semantic/train/syn-v4-conv-0188.png,synthetic/v4_conveyor/labels/yolo_component_status/train/syn-v4-conv-0188.txt,synthetic/v4_conveyor/labels/yolo_defects/train/syn-v4-conv-0188.txt,synthetic_black_conveyor_multi_instance,train,multi_instance_detection_segmentation,TRAIN_ONLY_MULTI_SCENE_SYNTHETIC,NO,NO,neutral_component_spot,IMGGEN-CONVEYOR-BLACK-V1,4060029380,0,5,5,surface_spot|scratch|normal_proxy|body_chip|contamination,syn-v2-700-surface_spot-0070|syn-v2-700-scratch-0087|syn-v2-700-scratch-0054|syn-v2-700-body_chip-0051|syn-v2-700-contamination-0073,syn-v4-conv-0188,1280,720,7e7c8a8b8fc55ac886d6ead2749862508d996ad4d7a8a0bdf241c6e75a226f37,b4c51cbc44bee131a813612e9ebbc1327c3d729c238de5538b56ca4c46f9f172,b51ee1ab588551bdda8159327dea3d39b24c69b121040ee5e311b9ca78f08d85,a09c6cbe1c192802cde210138a576635ad4526702f8e6d79176d96cd482fd40c,3f33eb9b5dfd8e2a8f29160ce690707fc8fa18849ccf4453e9852d43268c804c,30.442091,2.949487,39.000000,137.272430,106.830339,4.509297,0.000000,0.000000,SHADOWLESS_SAME_SENSOR_JPEG,fa5adb968da368a28b85a711cd7b3d0aab6829453361eb686e915af6797cf717,4.0.0,multi-instance-paired-clean-1024-v1,AUTO_PASS_MULTI_INSTANCE_PAIRED_CLEAN_1024,NO,"{""brightness"":0.87680024,""contrast"":0.9530634,""crop_x"":0,""crop_y"":149,""noise_seed"":2603045042,""noise_sigma"":0.8249554,""orientation_degrees"":180,""resized_height"":1280,""resized_width"":1280}","{""blur_radius_px"":0.149475852232885,""jpeg_quality"":93,""noise_seed"":351597564,""noise_sigma"":0.5138487595986696}","{""blur_radius_px"":8.264548349565999,""instances"":[{""instance_index"":1,""offset_x_px"":1,""offset_y_px"":10,""opacity"":0.20390585},{""instance_index"":2,""offset_x_px"":3,""offset_y_px"":8,""opacity"":0.18008436},{""instance_index"":3,""offset_x_px"":-2,""offset_y_px"":10,""opacity"":0.21018962},{""instance_index"":4,""offset_x_px"":4,""offset_y_px"":10,""opacity"":0.18512794},{""instance_index"":5,""offset_x_px"":1,""offset_y_px"":8,""opacity"":0.24732482}]}"
syn-v4-conv-0189,190,synthetic/v4_conveyor/images/train/syn-v4-conv-0189.jpg,synthetic/v4_conveyor/masks/component_visible_instances/train/syn-v4-conv-0189.png,synthetic/v4_conveyor/masks/defect_semantic/train/syn-v4-conv-0189.png,synthetic/v4_conveyor/labels/yolo_component_status/train/syn-v4-conv-0189.txt,synthetic/v4_conveyor/labels/yolo_defects/train/syn-v4-conv-0189.txt,synthetic_black_conveyor_multi_instance,train,multi_instance_detection_segmentation,TRAIN_ONLY_MULTI_SCENE_SYNTHETIC,NO,NO,warm_component_spot,IMGGEN-CONVEYOR-BLACK-V1,2356983193,0,5,5,scratch|normal_proxy|surface_spot|body_chip|lead_breakage,syn-v2-700-scratch-0011|syn-v2-700-lead_breakage-0076|syn-v2-700-surface_spot-0077|syn-v2-700-body_chip-0088|syn-v2-700-lead_breakage-0008,syn-v4-conv-0189,1280,720,d4e685553b8b56a5c54c8cf1e97c51a4439b2e1b5357a0d6dd044037ea3c26aa,a9d3e075ff1716baaae8ab6ba8c46db1e9fd5e118a72763d99499816609fd0c6,301e125c4091653b06817b28fe389b7713968b97f4a33d5b16ba6b19198444ae,2a7efa563c335adbf76795cf72f9cc3ba80d535eee40ad066cf0a8dbae161316,a44a70ca28b61a0ae5be0fa669cd0463a3c21bc89b6d35afde099b6ba55405f9,31.444710,3.283360,40.931801,138.104996,106.660286,4.391995,0.000000,0.000000,SHADOWLESS_SAME_SENSOR_JPEG,fa5adb968da368a28b85a711cd7b3d0aab6829453361eb686e915af6797cf717,4.0.0,multi-instance-paired-clean-1024-v1,AUTO_PASS_MULTI_INSTANCE_PAIRED_CLEAN_1024,NO,"{""brightness"":0.87268146,""contrast"":0.95879489,""crop_x"":0,""crop_y"":480,""noise_seed"":2853096783,""noise_sigma"":0.19046487,""orientation_degrees"":180,""resized_height"":1280,""resized_width"":1280}","{""blur_radius_px"":0.2374787095073508,""jpeg_quality"":95,""noise_seed"":486993032,""noise_sigma"":0.6612302155399716}","{""blur_radius_px"":8.04951864963694,""instances"":[{""instance_index"":1,""offset_x_px"":2,""offset_y_px"":10,""opacity"":0.21552793},{""instance_index"":2,""offset_x_px"":0,""offset_y_px"":10,""opacity"":0.18051532},{""instance_index"":3,""offset_x_px"":2,""offset_y_px"":5,""opacity"":0.29288051},{""instance_index"":4,""offset_x_px"":5,""offset_y_px"":10,""opacity"":0.18695263},{""instance_index"":5,""offset_x_px"":-3,""offset_y_px"":6,""opacity"":0.25796443}]}"
syn-v4-conv-0190,191,synthetic/v4_conveyor/images/train/syn-v4-conv-0190.jpg,synthetic/v4_conveyor/masks/component_visible_instances/train/syn-v4-conv-0190.png,synthetic/v4_conveyor/masks/defect_semantic/train/syn-v4-conv-0190.png,synthetic/v4_conveyor/labels/yolo_component_status/train/syn-v4-conv-0190.txt,synthetic/v4_conveyor/labels/yolo_defects/train/syn-v4-conv-0190.txt,synthetic_black_conveyor_multi_instance,train,multi_instance_detection_segmentation,TRAIN_ONLY_MULTI_SCENE_SYNTHETIC,NO,NO,cool_component_spot,IMGGEN-CONVEYOR-BLACK-V1,80594065,0,5,5,contamination|body_crack|discoloration|body_chip|surface_spot,syn-v2-700-contamination-0007|syn-v2-700-body_crack-0034|syn-v2-700-discoloration-0018|syn-v2-700-body_chip-0058|syn-v2-700-surface_spot-0060,syn-v4-conv-0190,1280,720,452619863a81c0ab2a92312a34f2be3ac6407f0f22fa8ee19ef729cddae383b8,ab326d0c9041d584fc710140da61174fe8733d71500493ccfd04db78902945bd,1a443c6ce09e8657bc2f689372017d6dd80bba80095e51c3e26378abf64bcef3,e46bc338d19bab3cf009baf7fd99bf8b469277d7872a0e2f5133137fb9ab702a,43763da4016a745b90709623cd8b61f160410a284ed84d02fc5e13f8cb0ca49f,25.417061,3.235771,34.000000,136.950638,111.533577,5.388138,0.000000,0.000000,SHADOWLESS_SAME_SENSOR_JPEG,fa5adb968da368a28b85a711cd7b3d0aab6829453361eb686e915af6797cf717,4.0.0,multi-instance-paired-clean-1024-v1,AUTO_PASS_MULTI_INSTANCE_PAIRED_CLEAN_1024,NO,"{""brightness"":0.73082033,""contrast"":1.0649163,""crop_x"":0,""crop_y"":266,""noise_seed"":3321825328,""noise_sigma"":0.65635755,""orientation_degrees"":0,""resized_height"":1280,""resized_width"":1280}","{""blur_radius_px"":0.08414723977659358,""jpeg_quality"":93,""noise_seed"":2884315163,""noise_sigma"":0.7915888845848329}","{""blur_radius_px"":5.523334389945619,""instances"":[{""instance_index"":1,""offset_x_px"":0,""offset_y_px"":7,""opacity"":0.2341451},{""instance_index"":2,""offset_x_px"":4,""offset_y_px"":5,""opacity"":0.24382246},{""instance_index"":3,""offset_x_px"":-2,""offset_y_px"":5,""opacity"":0.27377947},{""instance_index"":4,""offset_x_px"":1,""offset_y_px"":9,""opacity"":0.21694143},{""instance_index"":5,""offset_x_px"":2,""offset_y_px"":6,""opacity"":0.21864272}]}"
syn-v4-conv-0191,192,synthetic/v4_conveyor/images/train/syn-v4-conv-0191.jpg,synthetic/v4_conveyor/masks/component_visible_instances/train/syn-v4-conv-0191.png,synthetic/v4_conveyor/masks/defect_semantic/train/syn-v4-conv-0191.png,synthetic/v4_conveyor/labels/yolo_component_status/train/syn-v4-conv-0191.txt,synthetic/v4_conveyor/labels/yolo_defects/train/syn-v4-conv-0191.txt,synthetic_black_conveyor_multi_instance,train,multi_instance_detection_segmentation,TRAIN_ONLY_MULTI_SCENE_SYNTHETIC,NO,NO,side_component_spot,IMGGEN-CONVEYOR-BLACK-V1,3179730690,0,5,5,lead_breakage|body_chip|normal_proxy|contamination|discoloration,syn-v2-700-lead_breakage-0053|syn-v2-700-body_chip-0025|syn-v2-700-contamination-0028|syn-v2-700-contamination-0044|syn-v2-700-discoloration-0058,syn-v4-conv-0191,1280,720,043770ac620cea304958f81b615bb9f50dde9b11f2884c103aed45ec735add8d,413b33cd05170eb90cc9a4e0927cd182bf27ed404f6347589d0a92f2745af290,e5f397012e511ad3a1330a0f311ea2b94dd143bbb605ef6092e0f8735ded3e9e,f96a1def1f854f108a945c2309238856f6b6268ae02ab10b3e01e408b1a2c1ea,11c29c3af0bc16ab7868f3d9cb224a3b2be207db175ac9ba863b2548fa696e29,29.696726,2.870056,38.000000,144.968857,115.272131,4.881644,0.000000,0.000000,SHADOWLESS_SAME_SENSOR_JPEG,fa5adb968da368a28b85a711cd7b3d0aab6829453361eb686e915af6797cf717,4.0.0,multi-instance-paired-clean-1024-v1,AUTO_PASS_MULTI_INSTANCE_PAIRED_CLEAN_1024,NO,"{""brightness"":0.86965957,""contrast"":0.92876923,""crop_x"":0,""crop_y"":496,""noise_seed"":1351148092,""noise_sigma"":0.41520927,""orientation_degrees"":0,""resized_height"":1280,""resized_width"":1280}","{""blur_radius_px"":0.3470299264487245,""jpeg_quality"":93,""noise_seed"":1602721129,""noise_sigma"":0.9719315208202215}","{""blur_radius_px"":5.023019619995038,""instances"":[{""instance_index"":1,""offset_x_px"":4,""offset_y_px"":6,""opacity"":0.19463572},{""instance_index"":2,""offset_x_px"":4,""offset_y_px"":10,""opacity"":0.2875688},{""instance_index"":3,""offset_x_px"":4,""offset_y_px"":6,""opacity"":0.24662788},{""instance_index"":4,""offset_x_px"":2,""offset_y_px"":10,""opacity"":0.31710707},{""instance_index"":5,""offset_x_px"":3,""offset_y_px"":6,""opacity"":0.2899663}]}"
syn-v4-conv-0192,193,synthetic/v4_conveyor/images/train/syn-v4-conv-0192.jpg,synthetic/v4_conveyor/masks/component_visible_instances/train/syn-v4-conv-0192.png,synthetic/v4_conveyor/masks/defect_semantic/train/syn-v4-conv-0192.png,synthetic/v4_conveyor/labels/yolo_component_status/train/syn-v4-conv-0192.txt,synthetic/v4_conveyor/labels/yolo_defects/train/syn-v4-conv-0192.txt,synthetic_black_conveyor_multi_instance,train,multi_instance_detection_segmentation,TRAIN_ONLY_MULTI_SCENE_SYNTHETIC,NO,NO,neutral_component_spot,IMGGEN-CONVEYOR-BLACK-V1,2605680962,0,5,5,scratch|surface_spot|discoloration|contamination|lead_breakage,syn-v2-700-scratch-0054|syn-v2-700-surface_spot-0092|syn-v2-700-discoloration-0015|syn-v2-700-contamination-0052|syn-v2-700-lead_breakage-0017,syn-v4-conv-0192,1280,720,37d36aeb4cd5770d047768f27c753e6a133e9ceff85eb9ff02f55e92232d2963,9622aed8c85c64159248596e5406469d1b2ba41a6703dfc7af352b6bd4a3e87d,762fc96c25a3549df172d739c3ac25355ef9935c6ff07d0ce349fccdc4cd8bf7,3c69572dd74f920143717c50492787d9b454faa2755d6b4876795fdcead223a8,231efb744ccb8a3978e40944a2d2efbd7741cedfadc6b6f253ffadf4925157b0,29.403854,2.968361,38.000000,138.369186,108.965332,4.705818,0.000000,0.000000,SHADOWLESS_SAME_SENSOR_JPEG,fa5adb968da368a28b85a711cd7b3d0aab6829453361eb686e915af6797cf717,4.0.0,multi-instance-paired-clean-1024-v1,AUTO_PASS_MULTI_INSTANCE_PAIRED_CLEAN_1024,NO,"{""brightness"":0.82686359,""contrast"":0.96364706,""crop_x"":0,""crop_y"":380,""noise_seed"":3490868575,""noise_sigma"":0.42730592,""orientation_degrees"":180,""resized_height"":1280,""resized_width"":1280}","{""blur_radius_px"":0.30880915959720995,""jpeg_quality"":93,""noise_seed"":4109222200,""noise_sigma"":0.48187724996898446}","{""blur_radius_px"":7.6145985811454135,""instances"":[{""instance_index"":1,""offset_x_px"":2,""offset_y_px"":7,""opacity"":0.26564655},{""instance_index"":2,""offset_x_px"":3,""offset_y_px"":5,""opacity"":0.22726135},{""instance_index"":3,""offset_x_px"":0,""offset_y_px"":9,""opacity"":0.28061247},{""instance_index"":4,""offset_x_px"":2,""offset_y_px"":10,""opacity"":0.26700588},{""instance_index"":5,""offset_x_px"":1,""offset_y_px"":9,""opacity"":0.20340454}]}"
syn-v4-conv-0193,194,synthetic/v4_conveyor/images/train/syn-v4-conv-0193.jpg,synthetic/v4_conveyor/masks/component_visible_instances/train/syn-v4-conv-0193.png,synthetic/v4_conveyor/masks/defect_semantic/train/syn-v4-conv-0193.png,synthetic/v4_conveyor/labels/yolo_component_status/train/syn-v4-conv-0193.txt,synthetic/v4_conveyor/labels/yolo_defects/train/syn-v4-conv-0193.txt,synthetic_black_conveyor_multi_instance,train,multi_instance_detection_segmentation,TRAIN_ONLY_MULTI_SCENE_SYNTHETIC,NO,NO,warm_component_spot,IMGGEN-CONVEYOR-BLACK-V1,1962202020,0,5,5,surface_spot|normal_proxy|body_chip|contamination|discoloration,syn-v2-700-surface_spot-0060|syn-v2-700-discoloration-0009|syn-v2-700-body_chip-0063|syn-v2-700-contamination-0077|syn-v2-700-discoloration-0071,syn-v4-conv-0193,1280,720,c161c4adcb0016a893ece6d4baafe73f248d018ef3228362c4eadc9cd025dc0a,1db5cca8e3552f8ef3080ad4d37d7a20ac72ffc9ce7f52aaf505cf729fccbf21,b49d77caa7fb44b5235f15d442d849a238e840fdcd6f51158a855fa6ebff4d6f,09f023bbc3437e765c9229dce141afc91635fba50aa71b3c4ab72657e5ac0119,0d293dbdcd29d827fb78a028a349ef99c1e1956beae6eb62ff13fbae7caf8ad5,28.120136,3.232584,37.502602,142.053665,113.933529,5.051671,0.000000,0.000000,SHADOWLESS_SAME_SENSOR_JPEG,fa5adb968da368a28b85a711cd7b3d0aab6829453361eb686e915af6797cf717,4.0.0,multi-instance-paired-clean-1024-v1,AUTO_PASS_MULTI_INSTANCE_PAIRED_CLEAN_1024,NO,"{""brightness"":0.80486089,""contrast"":0.96010071,""crop_x"":0,""crop_y"":101,""noise_seed"":367484839,""noise_sigma"":1.09727036,""orientation_degrees"":270,""resized_height"":1280,""resized_width"":1280}","{""blur_radius_px"":0.10747763944176969,""jpeg_quality"":95,""noise_seed"":4189182791,""noise_sigma"":1.228427873386722}","{""blur_radius_px"":6.069092586267371,""instances"":[{""instance_index"":1,""offset_x_px"":3,""offset_y_px"":10,""opacity"":0.31731065},{""instance_index"":2,""offset_x_px"":5,""offset_y_px"":9,""opacity"":0.29530012},{""instance_index"":3,""offset_x_px"":-3,""offset_y_px"":5,""opacity"":0.28317593},{""instance_index"":4,""offset_x_px"":2,""offset_y_px"":10,""opacity"":0.31133389},{""instance_index"":5,""offset_x_px"":1,""offset_y_px"":8,""opacity"":0.20743943}]}"
syn-v4-conv-0194,195,synthetic/v4_conveyor/images/train/syn-v4-conv-0194.jpg,synthetic/v4_conveyor/masks/component_visible_instances/train/syn-v4-conv-0194.png,synthetic/v4_conveyor/masks/defect_semantic/train/syn-v4-conv-0194.png,synthetic/v4_conveyor/labels/yolo_component_status/train/syn-v4-conv-0194.txt,synthetic/v4_conveyor/labels/yolo_defects/train/syn-v4-conv-0194.txt,synthetic_black_conveyor_multi_instance,train,multi_instance_detection_segmentation,TRAIN_ONLY_MULTI_SCENE_SYNTHETIC,NO,NO,cool_component_spot,IMGGEN-CONVEYOR-BLACK-V1,430191844,0,5,5,scratch|surface_spot|lead_breakage|body_crack|contamination,syn-v2-700-scratch-0087|syn-v2-700-surface_spot-0088|syn-v2-700-lead_breakage-0068|syn-v2-700-body_crack-0070|syn-v2-700-contamination-0045,syn-v4-conv-0194,1280,720,44cea8c3d766bf19cb9376585ec2c227d9f6cf99c56d145d68e7b88d5497ba6f,72656db7a9ca8855be491ceb0cfef756f21a6c28a37a4d06f01d58d6a32294c2,2090117e2b4ad21aee2830cfa21dbb04ebc4c1d90611c754df6a4986b710709d,b20aaedb065cdaea943a2a2a0a56b39e18b8b68fe3da70f9202d9cc4cc6b5708,055baf4005410ef0e583a6f902c9d686979be784166a53ecb7b484a6a7e7b9d3,33.170391,3.516224,43.000000,142.919769,109.749378,4.308655,0.000000,0.000000,SHADOWLESS_SAME_SENSOR_JPEG,fa5adb968da368a28b85a711cd7b3d0aab6829453361eb686e915af6797cf717,4.0.0,multi-instance-paired-clean-1024-v1,AUTO_PASS_MULTI_INSTANCE_PAIRED_CLEAN_1024,NO,"{""brightness"":0.93279999,""contrast"":0.98219525,""crop_x"":0,""crop_y"":321,""noise_seed"":4155506036,""noise_sigma"":0.1906412,""orientation_degrees"":180,""resized_height"":1280,""resized_width"":1280}","{""blur_radius_px"":0.1805421719303088,""jpeg_quality"":96,""noise_seed"":3196833126,""noise_sigma"":0.41298185039172847}","{""blur_radius_px"":6.620801175703935,""instances"":[{""instance_index"":1,""offset_x_px"":3,""offset_y_px"":9,""opacity"":0.22416902},{""instance_index"":2,""offset_x_px"":5,""offset_y_px"":10,""opacity"":0.26989767},{""instance_index"":3,""offset_x_px"":-3,""offset_y_px"":5,""opacity"":0.30317335},{""instance_index"":4,""offset_x_px"":0,""offset_y_px"":8,""opacity"":0.26405179},{""instance_index"":5,""offset_x_px"":1,""offset_y_px"":7,""opacity"":0.26619924}]}"
syn-v4-conv-0195,196,synthetic/v4_conveyor/images/train/syn-v4-conv-0195.jpg,synthetic/v4_conveyor/masks/component_visible_instances/train/syn-v4-conv-0195.png,synthetic/v4_conveyor/masks/defect_semantic/train/syn-v4-conv-0195.png,synthetic/v4_conveyor/labels/yolo_component_status/train/syn-v4-conv-0195.txt,synthetic/v4_conveyor/labels/yolo_defects/train/syn-v4-conv-0195.txt,synthetic_black_conveyor_multi_instance,train,multi_instance_detection_segmentation,TRAIN_ONLY_MULTI_SCENE_SYNTHETIC,NO,NO,side_component_spot,IMGGEN-CONVEYOR-BLACK-V1,525089581,0,5,5,body_crack|normal_proxy|body_chip|contamination|discoloration,syn-v2-700-body_crack-0052|syn-v2-700-body_chip-0086|syn-v2-700-body_chip-0033|syn-v2-700-contamination-0014|syn-v2-700-discoloration-0015,syn-v4-conv-0195,1280,720,69c623709ada31f3d1bd26a10fcfe5e0eb7380ae9374b8415053614dc33cafbc,b7200205e7f37ff018cfe2e1e634d0d4ef9728477f0b9488b75454430ec52d88,fd7f8d66151138bcd98bd373cf3e48566620f809c3a57de69133bbc3f42fcce3,9b9dd4f74c4d8e5ffa2215611e01a2101f1047f0e8b1fef81d3ee3757c121a86,d945526fe65317dbcc7478f40ade493de2f3b2a96efb3b7f3b635d4cb4da0b06,32.816872,4.222719,44.144402,145.933060,113.116188,4.446891,0.000000,0.000000,SHADOWLESS_SAME_SENSOR_JPEG,fa5adb968da368a28b85a711cd7b3d0aab6829453361eb686e915af6797cf717,4.0.0,multi-instance-paired-clean-1024-v1,AUTO_PASS_MULTI_INSTANCE_PAIRED_CLEAN_1024,NO,"{""brightness"":0.92045506,""contrast"":1.07936901,""crop_x"":0,""crop_y"":503,""noise_seed"":3328701743,""noise_sigma"":0.44909503,""orientation_degrees"":270,""resized_height"":1280,""resized_width"":1280}","{""blur_radius_px"":0.17004055408340038,""jpeg_quality"":95,""noise_seed"":2945118852,""noise_sigma"":0.43490897970278825}","{""blur_radius_px"":7.333371283335904,""instances"":[{""instance_index"":1,""offset_x_px"":-3,""offset_y_px"":9,""opacity"":0.26998686},{""instance_index"":2,""offset_x_px"":1,""offset_y_px"":9,""opacity"":0.30635941},{""instance_index"":3,""offset_x_px"":-1,""offset_y_px"":7,""opacity"":0.23294065},{""instance_index"":4,""offset_x_px"":5,""offset_y_px"":5,""opacity"":0.27598448},{""instance_index"":5,""offset_x_px"":4,""offset_y_px"":7,""opacity"":0.18445948}]}"
syn-v4-conv-0196,197,synthetic/v4_conveyor/images/train/syn-v4-conv-0196.jpg,synthetic/v4_conveyor/masks/component_visible_instances/train/syn-v4-conv-0196.png,synthetic/v4_conveyor/masks/defect_semantic/train/syn-v4-conv-0196.png,synthetic/v4_conveyor/labels/yolo_component_status/train/syn-v4-conv-0196.txt,synthetic/v4_conveyor/labels/yolo_defects/train/syn-v4-conv-0196.txt,synthetic_black_conveyor_multi_instance,train,multi_instance_detection_segmentation,TRAIN_ONLY_MULTI_SCENE_SYNTHETIC,NO,NO,neutral_component_spot,IMGGEN-CONVEYOR-BLACK-V1,3201194632,0,5,5,body_chip|lead_breakage|scratch|discoloration|body_crack,syn-v2-700-body_chip-0099|syn-v2-700-lead_breakage-0056|syn-v2-700-scratch-0087|syn-v2-700-discoloration-0071|syn-v2-700-body_crack-0003,syn-v4-conv-0196,1280,720,c40df92f3d1d663b859205851fd3e6de0a5696412964ca2151f25684ecff09dd,2b964489d45f41623212608019959e46052e1ea6da2347d0b8f01924a6cc9409,b375edecdcc0ddca6437720b111b1e36ca4bdecbe6434a6a5c0511e22b454a0e,7cb4b9909a0020c4f86f16488b10e33edeba2f26f53b8458c12d5d717a21b806,c8ac128e4a9eaf2c8b0e5d76dd991dcbd72df1227cbe961c694fffe532539102,32.611755,3.554697,43.000000,146.833267,114.221512,4.502464,0.000000,0.000000,SHADOWLESS_SAME_SENSOR_JPEG,fa5adb968da368a28b85a711cd7b3d0aab6829453361eb686e915af6797cf717,4.0.0,multi-instance-paired-clean-1024-v1,AUTO_PASS_MULTI_INSTANCE_PAIRED_CLEAN_1024,NO,"{""brightness"":0.91630015,""contrast"":0.94250181,""crop_x"":0,""crop_y"":469,""noise_seed"":57668105,""noise_sigma"":1.14773273,""orientation_degrees"":270,""resized_height"":1280,""resized_width"":1280}","{""blur_radius_px"":0.14469389976797223,""jpeg_quality"":94,""noise_seed"":148726918,""noise_sigma"":0.8479600103329485}","{""blur_radius_px"":7.142316236938548,""instances"":[{""instance_index"":1,""offset_x_px"":-1,""offset_y_px"":6,""opacity"":0.24326682},{""instance_index"":2,""offset_x_px"":3,""offset_y_px"":10,""opacity"":0.26062159},{""instance_index"":3,""offset_x_px"":-3,""offset_y_px"":6,""opacity"":0.28114249},{""instance_index"":4,""offset_x_px"":5,""offset_y_px"":8,""opacity"":0.24083971},{""instance_index"":5,""offset_x_px"":-1,""offset_y_px"":8,""opacity"":0.29407445}]}"
syn-v4-conv-0197,198,synthetic/v4_conveyor/images/train/syn-v4-conv-0197.jpg,synthetic/v4_conveyor/masks/component_visible_instances/train/syn-v4-conv-0197.png,synthetic/v4_conveyor/masks/defect_semantic/train/syn-v4-conv-0197.png,synthetic/v4_conveyor/labels/yolo_component_status/train/syn-v4-conv-0197.txt,synthetic/v4_conveyor/labels/yolo_defects/train/syn-v4-conv-0197.txt,synthetic_black_conveyor_multi_instance,train,multi_instance_detection_segmentation,TRAIN_ONLY_MULTI_SCENE_SYNTHETIC,NO,NO,warm_component_spot,IMGGEN-CONVEYOR-BLACK-V1,1595939373,0,5,5,normal_proxy|contamination|body_crack|body_chip|surface_spot,syn-v2-700-body_chip-0074|syn-v2-700-contamination-0085|syn-v2-700-body_crack-0031|syn-v2-700-body_chip-0039|syn-v2-700-surface_spot-0001,syn-v4-conv-0197,1280,720,6b3242759ebe0930b456bc9794da7275abf67bfcae85553d0a6f18ac55054c17,7d99db02e30aca0c8522f83cf59f4cdaebcf11eb05b9d28dbef229a6e987d6a4,a3a6c9a9507a1b93877ecc56138eb802c8d21d53120f4648a5dbd595628e5110,41537cb1ae34d632c9be9177da63e0f7374bbd3ab5cf07732b92c64ae81de2e7,40e9d5bfca914134612364de93763a1f51601ede91631f42b25d806b01074615,26.966312,3.733051,36.931801,142.838623,115.872311,5.296928,0.000000,0.000000,SHADOWLESS_SAME_SENSOR_JPEG,fa5adb968da368a28b85a711cd7b3d0aab6829453361eb686e915af6797cf717,4.0.0,multi-instance-paired-clean-1024-v1,AUTO_PASS_MULTI_INSTANCE_PAIRED_CLEAN_1024,NO,"{""brightness"":0.7666276,""contrast"":1.07448336,""crop_x"":0,""crop_y"":230,""noise_seed"":1195932135,""noise_sigma"":1.00133233,""orientation_degrees"":90,""resized_height"":1280,""resized_width"":1280}","{""blur_radius_px"":0.02979791975880748,""jpeg_quality"":94,""noise_seed"":166284994,""noise_sigma"":1.086822957195983}","{""blur_radius_px"":6.087381798345748,""instances"":[{""instance_index"":1,""offset_x_px"":4,""offset_y_px"":6,""opacity"":0.31436826},{""instance_index"":2,""offset_x_px"":2,""offset_y_px"":7,""opacity"":0.19240626},{""instance_index"":3,""offset_x_px"":-1,""offset_y_px"":10,""opacity"":0.21908392},{""instance_index"":4,""offset_x_px"":4,""offset_y_px"":8,""opacity"":0.26271737},{""instance_index"":5,""offset_x_px"":4,""offset_y_px"":10,""opacity"":0.29543033}]}"
syn-v4-conv-0198,199,synthetic/v4_conveyor/images/train/syn-v4-conv-0198.jpg,synthetic/v4_conveyor/masks/component_visible_instances/train/syn-v4-conv-0198.png,synthetic/v4_conveyor/masks/defect_semantic/train/syn-v4-conv-0198.png,synthetic/v4_conveyor/labels/yolo_component_status/train/syn-v4-conv-0198.txt,synthetic/v4_conveyor/labels/yolo_defects/train/syn-v4-conv-0198.txt,synthetic_black_conveyor_multi_instance,train,multi_instance_detection_segmentation,TRAIN_ONLY_MULTI_SCENE_SYNTHETIC,NO,NO,cool_component_spot,IMGGEN-CONVEYOR-BLACK-V1,3196134796,0,5,5,normal_proxy|surface_spot|body_crack|body_chip|contamination,syn-v2-700-body_crack-0057|syn-v2-700-surface_spot-0071|syn-v2-700-body_crack-0078|syn-v2-700-body_chip-0006|syn-v2-700-contamination-0028,syn-v4-conv-0198,1280,720,e1091db4a6807f88a57b885ff1355270cf2545f6420361126bf1e61bbc2e96d5,1293c4b37480230b787ff3347817eacfe1a5548a994f443ef620c756a84bee3c,c5b0aa5090dd120875f02c9e7cacafd56e6318948426da1f33c964589399dfda,dd2a99396dd978291852f727697bcb60be83b9f91bf94e4aa36f1070460f8bad,adcbb7cda8562cf93315a880b82e6df73f282813e28bf352183aed083687c442,30.450491,3.199856,39.502598,145.380447,114.929956,4.774322,0.000000,0.000000,SHADOWLESS_SAME_SENSOR_JPEG,fa5adb968da368a28b85a711cd7b3d0aab6829453361eb686e915af6797cf717,4.0.0,multi-instance-paired-clean-1024-v1,AUTO_PASS_MULTI_INSTANCE_PAIRED_CLEAN_1024,NO,"{""brightness"":0.87597632,""contrast"":0.96384982,""crop_x"":0,""crop_y"":218,""noise_seed"":1896065568,""noise_sigma"":0.95264627,""orientation_degrees"":180,""resized_height"":1280,""resized_width"":1280}","{""blur_radius_px"":0.1873712017683637,""jpeg_quality"":96,""noise_seed"":2016865532,""noise_sigma"":1.1556173329514026}","{""blur_radius_px"":6.4012568581028635,""instances"":[{""instance_index"":1,""offset_x_px"":-3,""offset_y_px"":10,""opacity"":0.31530261},{""instance_index"":2,""offset_x_px"":-2,""offset_y_px"":5,""opacity"":0.2921559},{""instance_index"":3,""offset_x_px"":4,""offset_y_px"":7,""opacity"":0.27596506},{""instance_index"":4,""offset_x_px"":3,""offset_y_px"":5,""opacity"":0.21788133},{""instance_index"":5,""offset_x_px"":-3,""offset_y_px"":8,""opacity"":0.24292756}]}"
syn-v4-conv-0199,200,synthetic/v4_conveyor/images/train/syn-v4-conv-0199.jpg,synthetic/v4_conveyor/masks/component_visible_instances/train/syn-v4-conv-0199.png,synthetic/v4_conveyor/masks/defect_semantic/train/syn-v4-conv-0199.png,synthetic/v4_conveyor/labels/yolo_component_status/train/syn-v4-conv-0199.txt,synthetic/v4_conveyor/labels/yolo_defects/train/syn-v4-conv-0199.txt,synthetic_black_conveyor_multi_instance,train,multi_instance_detection_segmentation,TRAIN_ONLY_MULTI_SCENE_SYNTHETIC,NO,NO,side_component_spot,IMGGEN-CONVEYOR-BLACK-V1,980174658,0,5,5,body_crack|lead_breakage|scratch|contamination|discoloration,syn-v2-700-body_crack-0066|syn-v2-700-lead_breakage-0018|syn-v2-700-scratch-0011|syn-v2-700-contamination-0075|syn-v2-700-discoloration-0098,syn-v4-conv-0199,1280,720,2153d62115bbaf10f970f1fc7219576ec56e117c570ade132bc0e6a5ee73798a,2333541b15b35ddba3f4b054571306d3b445af874243e3c8b7c2481738afcfda,c9f7b308c1f1c9c4ae3a84d6b0547ec834d502a6d00b8e92bc738df8e4f0b974,1b8def2a84bca329ea4e9020f01f0e22930f20cceeadfa92b3b42b4e32968fcb,dc0b603caf56d863d39b877918e31897fba603643039a27ddb84b0d16baea8f9,31.193504,3.912824,41.144398,141.486557,110.293053,4.535770,0.000000,0.000000,SHADOWLESS_SAME_SENSOR_JPEG,fa5adb968da368a28b85a711cd7b3d0aab6829453361eb686e915af6797cf717,4.0.0,multi-instance-paired-clean-1024-v1,AUTO_PASS_MULTI_INSTANCE_PAIRED_CLEAN_1024,NO,"{""brightness"":0.89859842,""contrast"":1.0066646,""crop_x"":0,""crop_y"":181,""noise_seed"":836437456,""noise_sigma"":0.40942653,""orientation_degrees"":180,""resized_height"":1280,""resized_width"":1280}","{""blur_radius_px"":0.2408729017156323,""jpeg_quality"":96,""noise_seed"":340067871,""noise_sigma"":0.32888993685596574}","{""blur_radius_px"":8.61609543609688,""instances"":[{""instance_index"":1,""offset_x_px"":1,""offset_y_px"":9,""opacity"":0.23710827},{""instance_index"":2,""offset_x_px"":4,""offset_y_px"":7,""opacity"":0.29419223},{""instance_index"":3,""offset_x_px"":-2,""offset_y_px"":6,""opacity"":0.30802577},{""instance_index"":4,""offset_x_px"":-3,""offset_y_px"":7,""opacity"":0.18407288},{""instance_index"":5,""offset_x_px"":-1,""offset_y_px"":9,""opacity"":0.31887629}]}"
syn-v4-conv-0200,201,synthetic/v4_conveyor/images/train/syn-v4-conv-0200.jpg,synthetic/v4_conveyor/masks/component_visible_instances/train/syn-v4-conv-0200.png,synthetic/v4_conveyor/masks/defect_semantic/train/syn-v4-conv-0200.png,synthetic/v4_conveyor/labels/yolo_component_status/train/syn-v4-conv-0200.txt,synthetic/v4_conveyor/labels/yolo_defects/train/syn-v4-conv-0200.txt,synthetic_black_conveyor_multi_instance,train,multi_instance_detection_segmentation,TRAIN_ONLY_MULTI_SCENE_SYNTHETIC,NO,NO,neutral_component_spot,IMGGEN-CONVEYOR-BLACK-V1,2722824711,0,5,5,surface_spot|body_chip|lead_breakage|normal_proxy|body_crack,syn-v2-700-surface_spot-0088|syn-v2-700-body_chip-0026|syn-v2-700-lead_breakage-0053|syn-v2-700-body_chip-0035|syn-v2-700-body_crack-0031,syn-v4-conv-0200,1280,720,52067aeeccb880d51f1e7d2658179d08dfbd2d3c4c4de24846833b634c40e1ce,abad198538bc968a5541c5edf981237b3feaf0bc61475f2e4a8b31877e61014a,0ee3d07624a6ff904c3b0dd73c98c6d57df9b18856c927d14dcb5d210d2646ac,5adcf0bdca04e4735d6e3d47e2526527884cadb685a78f94d9ba593476a66b10,838abb8cf7dfc9aefe81fd863343a1e92adc965d3f3f42a01eca2f1d7dda17c6,28.892305,3.829892,39.144402,142.846909,113.954603,4.944116,0.000000,0.000000,SHADOWLESS_SAME_SENSOR_JPEG,fa5adb968da368a28b85a711cd7b3d0aab6829453361eb686e915af6797cf717,4.0.0,multi-instance-paired-clean-1024-v1,AUTO_PASS_MULTI_INSTANCE_PAIRED_CLEAN_1024,NO,"{""brightness"":0.82036367,""contrast"":1.02830683,""crop_x"":0,""crop_y"":347,""noise_seed"":2256399788,""noise_sigma"":0.61099089,""orientation_degrees"":270,""resized_height"":1280,""resized_width"":1280}","{""blur_radius_px"":0.04298326833813063,""jpeg_quality"":93,""noise_seed"":3102160817,""noise_sigma"":0.45153592246336977}","{""blur_radius_px"":7.618837995064978,""instances"":[{""instance_index"":1,""offset_x_px"":-3,""offset_y_px"":9,""opacity"":0.27752068},{""instance_index"":2,""offset_x_px"":3,""offset_y_px"":5,""opacity"":0.2437425},{""instance_index"":3,""offset_x_px"":-3,""offset_y_px"":6,""opacity"":0.30588955},{""instance_index"":4,""offset_x_px"":1,""offset_y_px"":8,""opacity"":0.29979218},{""instance_index"":5,""offset_x_px"":-2,""offset_y_px"":7,""opacity"":0.22027707}]}"
syn-v4-conv-0201,202,synthetic/v4_conveyor/images/train/syn-v4-conv-0201.jpg,synthetic/v4_conveyor/masks/component_visible_instances/train/syn-v4-conv-0201.png,synthetic/v4_conveyor/masks/defect_semantic/train/syn-v4-conv-0201.png,synthetic/v4_conveyor/labels/yolo_component_status/train/syn-v4-conv-0201.txt,synthetic/v4_conveyor/labels/yolo_defects/train/syn-v4-conv-0201.txt,synthetic_black_conveyor_multi_instance,train,multi_instance_detection_segmentation,TRAIN_ONLY_MULTI_SCENE_SYNTHETIC,NO,NO,warm_component_spot,IMGGEN-CONVEYOR-BLACK-V1,3125732195,0,5,5,lead_breakage|contamination|discoloration|scratch|body_chip,syn-v2-700-lead_breakage-0076|syn-v2-700-contamination-0073|syn-v2-700-discoloration-0018|syn-v2-700-scratch-0044|syn-v2-700-body_chip-0035,syn-v4-conv-0201,1280,720,b059b33b18104b8471d52a33d7e63512028438f902d3c944836564ab22aa5de2,e896611f59dcd2009d90f568981294758207e634cb40533b8613bb46044ec5f7,1b9ec1fd2c1be71221b0872e79499b60f8a6f621bd5ea97aa645d427a6a1f2b0,5be43e7fa45d23b17158382efe35f5b54fee1ac9a4331be03a5899959a7d9d08,4b8f513794794245b7f204f3a66084a7f25fd46cf0d3253e900098dfb1e89d46,31.228531,4.057560,42.000000,141.914032,110.685501,4.544371,0.000000,0.000000,SHADOWLESS_SAME_SENSOR_JPEG,fa5adb968da368a28b85a711cd7b3d0aab6829453361eb686e915af6797cf717,4.0.0,multi-instance-paired-clean-1024-v1,AUTO_PASS_MULTI_INSTANCE_PAIRED_CLEAN_1024,NO,"{""brightness"":0.87784581,""contrast"":1.0679515,""crop_x"":0,""crop_y"":432,""noise_seed"":614557056,""noise_sigma"":0.67326885,""orientation_degrees"":180,""resized_height"":1280,""resized_width"":1280}","{""blur_radius_px"":0.029371195397836856,""jpeg_quality"":95,""noise_seed"":2389347975,""noise_sigma"":0.672384337502409}","{""blur_radius_px"":5.727984750640994,""instances"":[{""instance_index"":1,""offset_x_px"":-3,""offset_y_px"":8,""opacity"":0.19946798},{""instance_index"":2,""offset_x_px"":-1,""offset_y_px"":9,""opacity"":0.25592684},{""instance_index"":3,""offset_x_px"":-3,""offset_y_px"":8,""opacity"":0.23339761},{""instance_index"":4,""offset_x_px"":3,""offset_y_px"":6,""opacity"":0.23848443},{""instance_index"":5,""offset_x_px"":0,""offset_y_px"":6,""opacity"":0.2395491}]}"
syn-v4-conv-0202,203,synthetic/v4_conveyor/images/train/syn-v4-conv-0202.jpg,synthetic/v4_conveyor/masks/component_visible_instances/train/syn-v4-conv-0202.png,synthetic/v4_conveyor/masks/defect_semantic/train/syn-v4-conv-0202.png,synthetic/v4_conveyor/labels/yolo_component_status/train/syn-v4-conv-0202.txt,synthetic/v4_conveyor/labels/yolo_defects/train/syn-v4-conv-0202.txt,synthetic_black_conveyor_multi_instance,train,multi_instance_detection_segmentation,TRAIN_ONLY_MULTI_SCENE_SYNTHETIC,NO,NO,cool_component_spot,IMGGEN-CONVEYOR-BLACK-V1,1135062121,0,5,5,body_chip|lead_breakage|normal_proxy|scratch|surface_spot,syn-v2-700-body_chip-0025|syn-v2-700-lead_breakage-0018|syn-v2-700-lead_breakage-0068|syn-v2-700-scratch-0073|syn-v2-700-surface_spot-0076,syn-v4-conv-0202,1280,720,a4e8109405a1e7c30da48a7658a7ac815884077f97958fa61f17986dad0b1934,28d18f6dfe0fd951f5ac3381476a25f9ada0cb345e08508daf69d5ea5f808d87,c6f560dab3830a15b20e426c4c6c49a829e235e52dbe9de4e070594828833509,6d3411d92efb4bbc543eca0df1c38d7fd4d06f3043b893f89b48997601509341,13c70b45451c17c463c39f3c23ca496a23b0bac299eefafb8fa4a4c8266f2f66,28.090290,3.114975,37.000000,137.797058,109.706768,4.905505,0.000000,0.000000,SHADOWLESS_SAME_SENSOR_JPEG,fa5adb968da368a28b85a711cd7b3d0aab6829453361eb686e915af6797cf717,4.0.0,multi-instance-paired-clean-1024-v1,AUTO_PASS_MULTI_INSTANCE_PAIRED_CLEAN_1024,NO,"{""brightness"":0.79982992,""contrast"":0.99534531,""crop_x"":0,""crop_y"":310,""noise_seed"":3702428319,""noise_sigma"":1.09488459,""orientation_degrees"":270,""resized_height"":1280,""resized_width"":1280}","{""blur_radius_px"":0.3252984236092065,""jpeg_quality"":92,""noise_seed"":3220219285,""noise_sigma"":0.9817349518466272}","{""blur_radius_px"":7.396193956649822,""instances"":[{""instance_index"":1,""offset_x_px"":5,""offset_y_px"":10,""opacity"":0.31701341},{""instance_index"":2,""offset_x_px"":-2,""offset_y_px"":8,""opacity"":0.31564788},{""instance_index"":3,""offset_x_px"":-2,""offset_y_px"":10,""opacity"":0.28793904},{""instance_index"":4,""offset_x_px"":5,""offset_y_px"":6,""opacity"":0.24271009},{""instance_index"":5,""offset_x_px"":-3,""offset_y_px"":8,""opacity"":0.2064119}]}"
syn-v4-conv-0203,204,synthetic/v4_conveyor/images/train/syn-v4-conv-0203.jpg,synthetic/v4_conveyor/masks/component_visible_instances/train/syn-v4-conv-0203.png,synthetic/v4_conveyor/masks/defect_semantic/train/syn-v4-conv-0203.png,synthetic/v4_conveyor/labels/yolo_component_status/train/syn-v4-conv-0203.txt,synthetic/v4_conveyor/labels/yolo_defects/train/syn-v4-conv-0203.txt,synthetic_black_conveyor_multi_instance,train,multi_instance_detection_segmentation,TRAIN_ONLY_MULTI_SCENE_SYNTHETIC,NO,NO,side_component_spot,IMGGEN-CONVEYOR-BLACK-V1,2536379773,0,5,5,contamination|body_crack|body_chip|lead_breakage|normal_proxy,syn-v2-700-contamination-0062|syn-v2-700-body_crack-0047|syn-v2-700-body_chip-0062|syn-v2-700-lead_breakage-0068|syn-v2-700-lead_breakage-0069,syn-v4-conv-0203,1280,720,7d91da011f761fcab75d0f81a4ecd8d4e063b6d026b1a96c87ee545252917fd5,39220739e3f09b4e28c93f22a0537e9d4ee33c30ddc9072d7ff3f9c51d0e303f,20378f2db6736394bf8c86a517434b9b635d420aafe56eb703b6e091e5660052,720b9df21c25081142702f489db01f9454cbd69343b235933d11c44c6c657e30,93437ea0b63ede4b3897651599494a1be901395792a929a0622546bdf7b1738f,27.443970,3.023746,36.000000,147.869125,120.425156,5.388037,0.000000,0.000000,SHADOWLESS_SAME_SENSOR_JPEG,fa5adb968da368a28b85a711cd7b3d0aab6829453361eb686e915af6797cf717,4.0.0,multi-instance-paired-clean-1024-v1,AUTO_PASS_MULTI_INSTANCE_PAIRED_CLEAN_1024,NO,"{""brightness"":0.78562115,""contrast"":0.94651324,""crop_x"":0,""crop_y"":112,""noise_seed"":1905033238,""noise_sigma"":0.83391137,""orientation_degrees"":270,""resized_height"":1280,""resized_width"":1280}","{""blur_radius_px"":0.2199202315374108,""jpeg_quality"":92,""noise_seed"":2683624607,""noise_sigma"":1.059257215092725}","{""blur_radius_px"":5.643757805794833,""instances"":[{""instance_index"":1,""offset_x_px"":-3,""offset_y_px"":6,""opacity"":0.29889725},{""instance_index"":2,""offset_x_px"":-2,""offset_y_px"":7,""opacity"":0.2117725},{""instance_index"":3,""offset_x_px"":2,""offset_y_px"":8,""opacity"":0.25849258},{""instance_index"":4,""offset_x_px"":-2,""offset_y_px"":10,""opacity"":0.29329916},{""instance_index"":5,""offset_x_px"":1,""offset_y_px"":5,""opacity"":0.25296636}]}"
syn-v4-conv-0204,205,synthetic/v4_conveyor/images/train/syn-v4-conv-0204.jpg,synthetic/v4_conveyor/masks/component_visible_instances/train/syn-v4-conv-0204.png,synthetic/v4_conveyor/masks/defect_semantic/train/syn-v4-conv-0204.png,synthetic/v4_conveyor/labels/yolo_component_status/train/syn-v4-conv-0204.txt,synthetic/v4_conveyor/labels/yolo_defects/train/syn-v4-conv-0204.txt,synthetic_black_conveyor_multi_instance,train,multi_instance_detection_segmentation,TRAIN_ONLY_MULTI_SCENE_SYNTHETIC,NO,NO,neutral_component_spot,IMGGEN-CONVEYOR-BLACK-V1,118816273,0,5,5,scratch|body_chip|contamination|lead_breakage|normal_proxy,syn-v2-700-scratch-0028|syn-v2-700-body_chip-0088|syn-v2-700-contamination-0045|syn-v2-700-lead_breakage-0069|syn-v2-700-contamination-0075,syn-v4-conv-0204,1280,720,0a534c6c6dddcde12e275962cac487c659a8a313efc73857de64fe640453722c,7b20a534e3967f9534273c6e001cf61ebde9f53e1d323ed19f7dd798875b9cc5,520365a14e619fc57fd47694eb64e859c7894a81bcdea7d5ce8efb363cd770a3,238e8db49f00f6940c1b4c8e80b870e50b6c6ae3565d6d1d65cd5d43b11a284f,dcb0e7656f4acf9631cb3a47ebf0ad19036c08de5a461e89046c269f58707ec5,25.319715,3.268812,33.931801,142.482498,117.162783,5.627334,0.000000,0.000000,SHADOWLESS_SAME_SENSOR_JPEG,fa5adb968da368a28b85a711cd7b3d0aab6829453361eb686e915af6797cf717,4.0.0,multi-instance-paired-clean-1024-v1,AUTO_PASS_MULTI_INSTANCE_PAIRED_CLEAN_1024,NO,"{""brightness"":0.74989162,""contrast"":1.04256715,""crop_x"":0,""crop_y"":103,""noise_seed"":857001857,""noise_sigma"":0.13508836,""orientation_degrees"":180,""resized_height"":1280,""resized_width"":1280}","{""blur_radius_px"":0.15190016183389785,""jpeg_quality"":96,""noise_seed"":1554218036,""noise_sigma"":0.7111383804816458}","{""blur_radius_px"":8.821338915728276,""instances"":[{""instance_index"":1,""offset_x_px"":1,""offset_y_px"":7,""opacity"":0.29277281},{""instance_index"":2,""offset_x_px"":-1,""offset_y_px"":8,""opacity"":0.29129066},{""instance_index"":3,""offset_x_px"":4,""offset_y_px"":5,""opacity"":0.25876375},{""instance_index"":4,""offset_x_px"":4,""offset_y_px"":10,""opacity"":0.21118995},{""instance_index"":5,""offset_x_px"":3,""offset_y_px"":6,""opacity"":0.19761538}]}"
syn-v4-conv-0205,206,synthetic/v4_conveyor/images/train/syn-v4-conv-0205.jpg,synthetic/v4_conveyor/masks/component_visible_instances/train/syn-v4-conv-0205.png,synthetic/v4_conveyor/masks/defect_semantic/train/syn-v4-conv-0205.png,synthetic/v4_conveyor/labels/yolo_component_status/train/syn-v4-conv-0205.txt,synthetic/v4_conveyor/labels/yolo_defects/train/syn-v4-conv-0205.txt,synthetic_black_conveyor_multi_instance,train,multi_instance_detection_segmentation,TRAIN_ONLY_MULTI_SCENE_SYNTHETIC,NO,NO,warm_component_spot,IMGGEN-CONVEYOR-BLACK-V1,3392379457,0,5,5,surface_spot|scratch|discoloration|body_crack|normal_proxy,syn-v2-700-surface_spot-0046|syn-v2-700-scratch-0054|syn-v2-700-discoloration-0098|syn-v2-700-body_crack-0079|syn-v2-700-scratch-0008,syn-v4-conv-0205,1280,720,4e4da58b707bcc4badc27edb816aa7ae9569e2adb8b2c7215a1bf437447d0935,a1bb123be960b78a4a4c3b75650844427e0c3652abe9370197bc7d1e1df42836,c2cab8bdedf055b4832187ffbf72cdf6703ffe7da1d11783e0c20250ebc06eed,24025f81c4c5c3c8619eeda89842a2900de9884a0ed182d95851f0b76c144d5f,8f9d1a470402c78bcf1a2807886c46767b2c09f282c16aa3db743e961a25c79a,33.219261,3.643308,44.000000,133.191162,99.971901,4.009456,0.000000,0.000000,SHADOWLESS_SAME_SENSOR_JPEG,fa5adb968da368a28b85a711cd7b3d0aab6829453361eb686e915af6797cf717,4.0.0,multi-instance-paired-clean-1024-v1,AUTO_PASS_MULTI_INSTANCE_PAIRED_CLEAN_1024,NO,"{""brightness"":0.93958437,""contrast"":0.97637732,""crop_x"":0,""crop_y"":242,""noise_seed"":2798219271,""noise_sigma"":0.67610164,""orientation_degrees"":90,""resized_height"":1280,""resized_width"":1280}","{""blur_radius_px"":0.12153119442561879,""jpeg_quality"":94,""noise_seed"":3581907269,""noise_sigma"":1.198362591535546}","{""blur_radius_px"":8.316103793059337,""instances"":[{""instance_index"":1,""offset_x_px"":-3,""offset_y_px"":9,""opacity"":0.23240616},{""instance_index"":2,""offset_x_px"":0,""offset_y_px"":7,""opacity"":0.19162001},{""instance_index"":3,""offset_x_px"":1,""offset_y_px"":8,""opacity"":0.20042433},{""instance_index"":4,""offset_x_px"":1,""offset_y_px"":9,""opacity"":0.19615808},{""instance_index"":5,""offset_x_px"":4,""offset_y_px"":7,""opacity"":0.18522139}]}"
syn-v4-conv-0206,207,synthetic/v4_conveyor/images/train/syn-v4-conv-0206.jpg,synthetic/v4_conveyor/masks/component_visible_instances/train/syn-v4-conv-0206.png,synthetic/v4_conveyor/masks/defect_semantic/train/syn-v4-conv-0206.png,synthetic/v4_conveyor/labels/yolo_component_status/train/syn-v4-conv-0206.txt,synthetic/v4_conveyor/labels/yolo_defects/train/syn-v4-conv-0206.txt,synthetic_black_conveyor_multi_instance,train,multi_instance_detection_segmentation,TRAIN_ONLY_MULTI_SCENE_SYNTHETIC,NO,NO,cool_component_spot,IMGGEN-CONVEYOR-BLACK-V1,3703671764,0,5,5,lead_breakage|body_chip|contamination|body_crack|discoloration,syn-v2-700-lead_breakage-0082|syn-v2-700-body_chip-0051|syn-v2-700-contamination-0014|syn-v2-700-body_crack-0084|syn-v2-700-discoloration-0013,syn-v4-conv-0206,1280,720,7b2d3b8e46c1e5eea3bad12f082900effc1c4e460e3d9e36740044cbdeac4ee0,34bc35ca2d0f1e9cd99f07a1d3e5fe865cc5056c07231aa5568deaecb0c26c9e,a882951429214bfe55f5c690285c3f5ea2d6c2c77aa6eaf70cd07c8356b01401,e765b5d51d04f065fc637a8bb9bdc70bc947e848e13c3bb6aec3d16c31099890,ab4a225f78cdec7eb13349bb1fdfc11684cd4d19c5fd56171d25c970ce8beb26,31.424147,2.990772,40.000000,136.699036,105.274889,4.350127,0.000000,0.000000,SHADOWLESS_SAME_SENSOR_JPEG,fa5adb968da368a28b85a711cd7b3d0aab6829453361eb686e915af6797cf717,4.0.0,multi-instance-paired-clean-1024-v1,AUTO_PASS_MULTI_INSTANCE_PAIRED_CLEAN_1024,NO,"{""brightness"":0.91667662,""contrast"":0.98988807,""crop_x"":0,""crop_y"":11,""noise_seed"":395742825,""noise_sigma"":1.04684464,""orientation_degrees"":180,""resized_height"":1280,""resized_width"":1280}","{""blur_radius_px"":0.08851564149403618,""jpeg_quality"":94,""noise_seed"":1095147074,""noise_sigma"":0.8237967874544558}","{""blur_radius_px"":7.845997588014331,""instances"":[{""instance_index"":1,""offset_x_px"":4,""offset_y_px"":6,""opacity"":0.18043473},{""instance_index"":2,""offset_x_px"":1,""offset_y_px"":8,""opacity"":0.28258039},{""instance_index"":3,""offset_x_px"":-1,""offset_y_px"":9,""opacity"":0.29467869},{""instance_index"":4,""offset_x_px"":-3,""offset_y_px"":8,""opacity"":0.29772318},{""instance_index"":5,""offset_x_px"":1,""offset_y_px"":6,""opacity"":0.2832881}]}"
syn-v4-conv-0207,208,synthetic/v4_conveyor/images/train/syn-v4-conv-0207.jpg,synthetic/v4_conveyor/masks/component_visible_instances/train/syn-v4-conv-0207.png,synthetic/v4_conveyor/masks/defect_semantic/train/syn-v4-conv-0207.png,synthetic/v4_conveyor/labels/yolo_component_status/train/syn-v4-conv-0207.txt,synthetic/v4_conveyor/labels/yolo_defects/train/syn-v4-conv-0207.txt,synthetic_black_conveyor_multi_instance,train,multi_instance_detection_segmentation,TRAIN_ONLY_MULTI_SCENE_SYNTHETIC,NO,NO,side_component_spot,IMGGEN-CONVEYOR-BLACK-V1,959231174,0,5,5,discoloration|scratch|surface_spot|body_crack|normal_proxy,syn-v2-700-discoloration-0048|syn-v2-700-scratch-0094|syn-v2-700-surface_spot-0090|syn-v2-700-body_crack-0099|syn-v2-700-scratch-0001,syn-v4-conv-0207,1280,720,3b729188b72cc3dd8993c97bf37511199f8294472eef0898aafcc0600a09bea5,0bf7db163b03743db378213dec8a8b93c909b138f650f43a572b918ee862ccce,99e497d6f41c9eba9c01ee3ed7dbcac181802c4480d8bd3f7314be1a3aed196b,f07cb71ea8d44ee8ad7e2311c7d57652d0ea8f3168f42318a8d0598825550287,5e884d12f76d672150848d59bc97fd4f8ff89f600594a4d734242768cf457295,32.928440,3.284764,42.144398,132.320511,99.392071,4.018426,0.000000,0.000000,SHADOWLESS_SAME_SENSOR_JPEG,fa5adb968da368a28b85a711cd7b3d0aab6829453361eb686e915af6797cf717,4.0.0,multi-instance-paired-clean-1024-v1,AUTO_PASS_MULTI_INSTANCE_PAIRED_CLEAN_1024,NO,"{""brightness"":0.92315794,""contrast"":0.96901782,""crop_x"":0,""crop_y"":155,""noise_seed"":3434623285,""noise_sigma"":0.08460548,""orientation_degrees"":0,""resized_height"":1280,""resized_width"":1280}","{""blur_radius_px"":0.13387442203626623,""jpeg_quality"":93,""noise_seed"":1374090282,""noise_sigma"":0.9499206853842193}","{""blur_radius_px"":7.242742067883622,""instances"":[{""instance_index"":1,""offset_x_px"":0,""offset_y_px"":5,""opacity"":0.2076946},{""instance_index"":2,""offset_x_px"":-1,""offset_y_px"":6,""opacity"":0.25969527},{""instance_index"":3,""offset_x_px"":-2,""offset_y_px"":6,""opacity"":0.19313663},{""instance_index"":4,""offset_x_px"":0,""offset_y_px"":9,""opacity"":0.20503483},{""instance_index"":5,""offset_x_px"":-3,""offset_y_px"":5,""opacity"":0.24396902}]}"
syn-v4-conv-0208,209,synthetic/v4_conveyor/images/train/syn-v4-conv-0208.jpg,synthetic/v4_conveyor/masks/component_visible_instances/train/syn-v4-conv-0208.png,synthetic/v4_conveyor/masks/defect_semantic/train/syn-v4-conv-0208.png,synthetic/v4_conveyor/labels/yolo_component_status/train/syn-v4-conv-0208.txt,synthetic/v4_conveyor/labels/yolo_defects/train/syn-v4-conv-0208.txt,synthetic_black_conveyor_multi_instance,train,multi_instance_detection_segmentation,TRAIN_ONLY_MULTI_SCENE_SYNTHETIC,NO,NO,neutral_component_spot,IMGGEN-CONVEYOR-BLACK-V1,569200080,0,5,5,body_chip|discoloration|normal_proxy|scratch|surface_spot,syn-v2-700-body_chip-0058|syn-v2-700-discoloration-0061|syn-v2-700-body_crack-0099|syn-v2-700-scratch-0001|syn-v2-700-surface_spot-0037,syn-v4-conv-0208,1280,720,2591275d2995568f5c373fc027444ce5a0a0be44c80c8786f22af164b19e6cce,b13d624992f03878f258ddbccddad0d15e75f25f11d69f5520af29b3e648a00f,70ce1dbfe884502e7ed28e86cd20d4b6811ea256b9fa717de55f4ddd7a8acb59,87e7d4459b8471ba111728576ffd0c7bfde444bf68e150ecc0581e9b06de85fc,2de9890d9702c775918df3b51a72b0d5e949a0e24e498dbbe200295b8710631b,25.911953,2.563858,33.144402,141.909424,115.997471,5.476601,0.000000,0.000000,SHADOWLESS_SAME_SENSOR_JPEG,fa5adb968da368a28b85a711cd7b3d0aab6829453361eb686e915af6797cf717,4.0.0,multi-instance-paired-clean-1024-v1,AUTO_PASS_MULTI_INSTANCE_PAIRED_CLEAN_1024,NO,"{""brightness"":0.75064411,""contrast"":0.95559124,""crop_x"":0,""crop_y"":195,""noise_seed"":346071583,""noise_sigma"":0.78261461,""orientation_degrees"":180,""resized_height"":1280,""resized_width"":1280}","{""blur_radius_px"":0.2767109700381679,""jpeg_quality"":93,""noise_seed"":2476511220,""noise_sigma"":1.0534080807618553}","{""blur_radius_px"":6.031513781112114,""instances"":[{""instance_index"":1,""offset_x_px"":-3,""offset_y_px"":9,""opacity"":0.20267387},{""instance_index"":2,""offset_x_px"":5,""offset_y_px"":7,""opacity"":0.20857772},{""instance_index"":3,""offset_x_px"":5,""offset_y_px"":5,""opacity"":0.29635794},{""instance_index"":4,""offset_x_px"":1,""offset_y_px"":7,""opacity"":0.22430247},{""instance_index"":5,""offset_x_px"":-1,""offset_y_px"":6,""opacity"":0.26280764}]}"
syn-v4-conv-0209,210,synthetic/v4_conveyor/images/train/syn-v4-conv-0209.jpg,synthetic/v4_conveyor/masks/component_visible_instances/train/syn-v4-conv-0209.png,synthetic/v4_conveyor/masks/defect_semantic/train/syn-v4-conv-0209.png,synthetic/v4_conveyor/labels/yolo_component_status/train/syn-v4-conv-0209.txt,synthetic/v4_conveyor/labels/yolo_defects/train/syn-v4-conv-0209.txt,synthetic_black_conveyor_multi_instance,train,multi_instance_detection_segmentation,TRAIN_ONLY_MULTI_SCENE_SYNTHETIC,NO,NO,warm_component_spot,IMGGEN-CONVEYOR-BLACK-V1,2450942372,0,5,5,body_crack|contamination|body_chip|surface_spot|scratch,syn-v2-700-body_crack-0078|syn-v2-700-contamination-0002|syn-v2-700-body_chip-0099|syn-v2-700-surface_spot-0064|syn-v2-700-scratch-0011,syn-v4-conv-0209,1280,720,ce30fcfd4a8f89a1a25e236347991343b75018adcfea940fb3509500033be204,50aee50b13466a9956a0818d371c26105f6c934aceaf950f1af3f4274a5c0049,62a8b64df9bf034580473af5560b214a617449e75a92657dff463e4b8bf25a5b,2951aac6f530f5225e2e26ec9b8f3dbd957ccaf573ae5fa7fd027ecf442c529c,8c78af6a077b7cddb107c905049f167d5766bafcef722737c36f5f9f7dbbbc9b,30.008644,2.946459,38.144402,135.592224,105.583580,4.518439,0.000000,0.000000,SHADOWLESS_SAME_SENSOR_JPEG,fa5adb968da368a28b85a711cd7b3d0aab6829453361eb686e915af6797cf717,4.0.0,multi-instance-paired-clean-1024-v1,AUTO_PASS_MULTI_INSTANCE_PAIRED_CLEAN_1024,NO,"{""brightness"":0.86271969,""contrast"":0.97129525,""crop_x"":0,""crop_y"":189,""noise_seed"":671824339,""noise_sigma"":0.40534681,""orientation_degrees"":180,""resized_height"":1280,""resized_width"":1280}","{""blur_radius_px"":0.17868104036513913,""jpeg_quality"":95,""noise_seed"":3529275943,""noise_sigma"":0.6720790170871935}","{""blur_radius_px"":6.192112161249362,""instances"":[{""instance_index"":1,""offset_x_px"":4,""offset_y_px"":6,""opacity"":0.2580685},{""instance_index"":2,""offset_x_px"":4,""offset_y_px"":9,""opacity"":0.2307154},{""instance_index"":3,""offset_x_px"":-1,""offset_y_px"":5,""opacity"":0.29900737},{""instance_index"":4,""offset_x_px"":4,""offset_y_px"":8,""opacity"":0.20070648},{""instance_index"":5,""offset_x_px"":-3,""offset_y_px"":6,""opacity"":0.27448979}]}"
syn-v4-conv-0210,211,synthetic/v4_conveyor/images/train/syn-v4-conv-0210.jpg,synthetic/v4_conveyor/masks/component_visible_instances/train/syn-v4-conv-0210.png,synthetic/v4_conveyor/masks/defect_semantic/train/syn-v4-conv-0210.png,synthetic/v4_conveyor/labels/yolo_component_status/train/syn-v4-conv-0210.txt,synthetic/v4_conveyor/labels/yolo_defects/train/syn-v4-conv-0210.txt,synthetic_black_conveyor_multi_instance,train,multi_instance_detection_segmentation,TRAIN_ONLY_MULTI_SCENE_SYNTHETIC,NO,NO,cool_component_spot,IMGGEN-CONVEYOR-BLACK-V1,40150401,0,5,5,body_crack|contamination|normal_proxy|body_chip|surface_spot,syn-v2-700-body_crack-0079|syn-v2-700-contamination-0002|syn-v2-700-body_crack-0047|syn-v2-700-body_chip-0063|syn-v2-700-surface_spot-0047,syn-v4-conv-0210,1280,720,7e2726983609e3a8e606d7fc2d28a50fc57e8dbae70fa1dcf62a5de3082cd3e3,7f0d75657661340a0caa00a2c9136681de27b14a7629eaf134d90d7ca52d9dbc,05fd5d072eb478c659f93a83fc71cadf1f1c4623cddbc8041d198d2bd0ed2d2d,96a4cb17cf5cb5baf01d251a90fe19e0c14dbc9105f8c32d45aebaa6d3cfb57f,bc40b4ab2abad9fa81e8f6a5fb6c298a8800cec9cc10152ef04c1e6cc89ff017,32.223576,4.293741,44.000000,140.252350,108.028774,4.352476,0.000000,0.000000,SHADOWLESS_SAME_SENSOR_JPEG,fa5adb968da368a28b85a711cd7b3d0aab6829453361eb686e915af6797cf717,4.0.0,multi-instance-paired-clean-1024-v1,AUTO_PASS_MULTI_INSTANCE_PAIRED_CLEAN_1024,NO,"{""brightness"":0.91638636,""contrast"":1.03731129,""crop_x"":0,""crop_y"":380,""noise_seed"":1677825365,""noise_sigma"":0.6861751,""orientation_degrees"":90,""resized_height"":1280,""resized_width"":1280}","{""blur_radius_px"":0.18475788913604418,""jpeg_quality"":95,""noise_seed"":2546928516,""noise_sigma"":0.316774535649019}","{""blur_radius_px"":8.401631146389896,""instances"":[{""instance_index"":1,""offset_x_px"":2,""offset_y_px"":10,""opacity"":0.23072689},{""instance_index"":2,""offset_x_px"":4,""offset_y_px"":8,""opacity"":0.31477865},{""instance_index"":3,""offset_x_px"":1,""offset_y_px"":5,""opacity"":0.26041107},{""instance_index"":4,""offset_x_px"":-2,""offset_y_px"":5,""opacity"":0.22925809},{""instance_index"":5,""offset_x_px"":-3,""offset_y_px"":10,""opacity"":0.31984826}]}"
syn-v4-conv-0211,212,synthetic/v4_conveyor/images/train/syn-v4-conv-0211.jpg,synthetic/v4_conveyor/masks/component_visible_instances/train/syn-v4-conv-0211.png,synthetic/v4_conveyor/masks/defect_semantic/train/syn-v4-conv-0211.png,synthetic/v4_conveyor/labels/yolo_component_status/train/syn-v4-conv-0211.txt,synthetic/v4_conveyor/labels/yolo_defects/train/syn-v4-conv-0211.txt,synthetic_black_conveyor_multi_instance,train,multi_instance_detection_segmentation,TRAIN_ONLY_MULTI_SCENE_SYNTHETIC,NO,NO,side_component_spot,IMGGEN-CONVEYOR-BLACK-V1,296210241,0,5,5,body_crack|discoloration|lead_breakage|normal_proxy|body_chip,syn-v2-700-body_crack-0036|syn-v2-700-discoloration-0082|syn-v2-700-lead_breakage-0069|syn-v2-700-surface_spot-0082|syn-v2-700-body_chip-0025,syn-v4-conv-0211,1280,720,55144d1f8edca94e8d2b3791b10b3a22ec5c5df7f6263b73d84405bfad945ca8,4f4f16953183a5d609b61aa44a58949a6869ab41887aaeac57c487d5ffc3efa5,9dcf0f86c7a0380e7910695519d9defb67d18a8b1c6c236b67a14e4849322ef5,b4df9f238f7c2d71b7353e1cc4cf71ad15ffdce9db95ae9095ab20084ee9c9c7,506fda24ece7aba615084b520131b582fc2ca45ad2bfc619704b83cdbc69f228,25.886427,2.794312,34.000000,142.849960,116.963533,5.518334,0.000000,0.000000,SHADOWLESS_SAME_SENSOR_JPEG,fa5adb968da368a28b85a711cd7b3d0aab6829453361eb686e915af6797cf717,4.0.0,multi-instance-paired-clean-1024-v1,AUTO_PASS_MULTI_INSTANCE_PAIRED_CLEAN_1024,NO,"{""brightness"":0.74243347,""contrast"":0.94668116,""crop_x"":0,""crop_y"":374,""noise_seed"":3275039680,""noise_sigma"":0.5395978,""orientation_degrees"":90,""resized_height"":1280,""resized_width"":1280}","{""blur_radius_px"":0.14420579259333388,""jpeg_quality"":94,""noise_seed"":616625779,""noise_sigma"":0.6624851704974049}","{""blur_radius_px"":6.539394738453556,""instances"":[{""instance_index"":1,""offset_x_px"":-2,""offset_y_px"":5,""opacity"":0.30856781},{""instance_index"":2,""offset_x_px"":2,""offset_y_px"":9,""opacity"":0.25659975},{""instance_index"":3,""offset_x_px"":0,""offset_y_px"":5,""opacity"":0.26703901},{""instance_index"":4,""offset_x_px"":0,""offset_y_px"":8,""opacity"":0.22600179},{""instance_index"":5,""offset_x_px"":-3,""offset_y_px"":5,""opacity"":0.28668326}]}"
syn-v4-conv-0212,213,synthetic/v4_conveyor/images/train/syn-v4-conv-0212.jpg,synthetic/v4_conveyor/masks/component_visible_instances/train/syn-v4-conv-0212.png,synthetic/v4_conveyor/masks/defect_semantic/train/syn-v4-conv-0212.png,synthetic/v4_conveyor/labels/yolo_component_status/train/syn-v4-conv-0212.txt,synthetic/v4_conveyor/labels/yolo_defects/train/syn-v4-conv-0212.txt,synthetic_black_conveyor_multi_instance,train,multi_instance_detection_segmentation,TRAIN_ONLY_MULTI_SCENE_SYNTHETIC,NO,NO,neutral_component_spot,IMGGEN-CONVEYOR-BLACK-V1,2973690843,1,5,5,discoloration|body_crack|contamination|scratch|lead_breakage,syn-v2-700-discoloration-0070|syn-v2-700-body_crack-0051|syn-v2-700-contamination-0077|syn-v2-700-scratch-0094|syn-v2-700-lead_breakage-0069,syn-v4-conv-0212,1280,720,6c0a6cdb3e27447e3e73a0e4f324bce777028e0f1392fb8335c4a048e8678fa9,ccb45921669ce85e038a9d63f043669e0ad3dd33f6ec47f12881e36f437fba66,ee94ebff1490fea822d911f9db158caa7253fd3946e303aa388fbf80813fd912,818786fe8248b03b7abe92e55d378da8bf976845b4c5ae5fad56d4cd184aca41,2bcff1c479ff122c62bb3ae9b81cbacd213f8dcaa7379f0297839f26161729ee,32.859833,3.545111,43.144402,138.335968,105.476135,4.209880,0.000000,0.000000,SHADOWLESS_SAME_SENSOR_JPEG,fa5adb968da368a28b85a711cd7b3d0aab6829453361eb686e915af6797cf717,4.0.0,multi-instance-paired-clean-1024-v1,AUTO_PASS_MULTI_INSTANCE_PAIRED_CLEAN_1024,NO,"{""brightness"":0.92105621,""contrast"":0.95584516,""crop_x"":0,""crop_y"":99,""noise_seed"":2916134896,""noise_sigma"":0.49182418,""orientation_degrees"":90,""resized_height"":1280,""resized_width"":1280}","{""blur_radius_px"":0.2733460674016993,""jpeg_quality"":96,""noise_seed"":330453349,""noise_sigma"":0.4364869293493611}","{""blur_radius_px"":6.72256320063818,""instances"":[{""instance_index"":1,""offset_x_px"":-2,""offset_y_px"":5,""opacity"":0.27571166},{""instance_index"":2,""offset_x_px"":0,""offset_y_px"":5,""opacity"":0.29708196},{""instance_index"":3,""offset_x_px"":2,""offset_y_px"":7,""opacity"":0.26933491},{""instance_index"":4,""offset_x_px"":-2,""offset_y_px"":10,""opacity"":0.31340556},{""instance_index"":5,""offset_x_px"":-1,""offset_y_px"":10,""opacity"":0.26651065}]}"
syn-v4-conv-0213,214,synthetic/v4_conveyor/images/train/syn-v4-conv-0213.jpg,synthetic/v4_conveyor/masks/component_visible_instances/train/syn-v4-conv-0213.png,synthetic/v4_conveyor/masks/defect_semantic/train/syn-v4-conv-0213.png,synthetic/v4_conveyor/labels/yolo_component_status/train/syn-v4-conv-0213.txt,synthetic/v4_conveyor/labels/yolo_defects/train/syn-v4-conv-0213.txt,synthetic_black_conveyor_multi_instance,train,multi_instance_detection_segmentation,TRAIN_ONLY_MULTI_SCENE_SYNTHETIC,NO,NO,warm_component_spot,IMGGEN-CONVEYOR-BLACK-V1,1946136624,0,5,5,body_chip|lead_breakage|surface_spot|contamination|normal_proxy,syn-v2-700-body_chip-0035|syn-v2-700-lead_breakage-0014|syn-v2-700-surface_spot-0064|syn-v2-700-contamination-0028|syn-v2-700-surface_spot-0090,syn-v4-conv-0213,1280,720,74cc048d4606abe05e7cb1e7a13e96e1715068e1b79c44aa51d3e44e70fe1d54,beb133b154760d145e6c7162203bcf33bbb15f0848f3ad307749f41cf5f1cc62,3210f09df795a41aabd9d99df4f5a32cee6890ebc4bfd8447e3141937e62b3d6,922fee71be942e773e75fb7fa5cfadf57d3dab33e31ff3cd07cdbc53276cebd3,d14f2a2458e2e2dda37ffc5fde5eebf395a925883b8e6d4021656555ebcde247,28.440102,2.857919,36.502602,137.804230,109.364128,4.845420,0.000000,0.000000,SHADOWLESS_SAME_SENSOR_JPEG,fa5adb968da368a28b85a711cd7b3d0aab6829453361eb686e915af6797cf717,4.0.0,multi-instance-paired-clean-1024-v1,AUTO_PASS_MULTI_INSTANCE_PAIRED_CLEAN_1024,NO,"{""brightness"":0.80398078,""contrast"":0.95357413,""crop_x"":0,""crop_y"":408,""noise_seed"":3705274649,""noise_sigma"":0.67097436,""orientation_degrees"":180,""resized_height"":1280,""resized_width"":1280}","{""blur_radius_px"":0.07752543562163094,""jpeg_quality"":93,""noise_seed"":3096401565,""noise_sigma"":0.6779787327796216}","{""blur_radius_px"":5.341457911565186,""instances"":[{""instance_index"":1,""offset_x_px"":-3,""offset_y_px"":7,""opacity"":0.25810658},{""instance_index"":2,""offset_x_px"":1,""offset_y_px"":5,""opacity"":0.23126542},{""instance_index"":3,""offset_x_px"":2,""offset_y_px"":10,""opacity"":0.2716986},{""instance_index"":4,""offset_x_px"":-1,""offset_y_px"":5,""opacity"":0.25504139},{""instance_index"":5,""offset_x_px"":4,""offset_y_px"":7,""opacity"":0.20117069}]}"
syn-v4-conv-0214,215,synthetic/v4_conveyor/images/train/syn-v4-conv-0214.jpg,synthetic/v4_conveyor/masks/component_visible_instances/train/syn-v4-conv-0214.png,synthetic/v4_conveyor/masks/defect_semantic/train/syn-v4-conv-0214.png,synthetic/v4_conveyor/labels/yolo_component_status/train/syn-v4-conv-0214.txt,synthetic/v4_conveyor/labels/yolo_defects/train/syn-v4-conv-0214.txt,synthetic_black_conveyor_multi_instance,train,multi_instance_detection_segmentation,TRAIN_ONLY_MULTI_SCENE_SYNTHETIC,NO,NO,cool_component_spot,IMGGEN-CONVEYOR-BLACK-V1,621736837,0,5,5,discoloration|scratch|contamination|surface_spot|normal_proxy,syn-v2-700-discoloration-0045|syn-v2-700-scratch-0057|syn-v2-700-contamination-0044|syn-v2-700-surface_spot-0049|syn-v2-700-body_chip-0099,syn-v4-conv-0214,1280,720,20ac77fb859b0ee31590eabe96ec7c243f9b27826da98a992679374a4b990cfa,43342720e7a37205d9b1c66d5d91f3e97c931db3f83054a5ea5233f852eff9f6,6695eac11ec5f8f18fd3a57b9a11e6f0beb9458c2058b805fc7ea5a615858faa,943e5635c7dbd1c25be69c911a04c381ba53d4bbe569e57d82d476ae6e8c74ce,f325b4270b44c2cf1cfb58289f1a7e19ca43b58b7db4e4831e0381b15f7796bf,30.229000,3.269739,39.144402,133.978333,103.749332,4.432113,0.000000,0.000000,SHADOWLESS_SAME_SENSOR_JPEG,fa5adb968da368a28b85a711cd7b3d0aab6829453361eb686e915af6797cf717,4.0.0,multi-instance-paired-clean-1024-v1,AUTO_PASS_MULTI_INSTANCE_PAIRED_CLEAN_1024,NO,"{""brightness"":0.85105376,""contrast"":0.9836633,""crop_x"":0,""crop_y"":207,""noise_seed"":2310646633,""noise_sigma"":0.50600449,""orientation_degrees"":90,""resized_height"":1280,""resized_width"":1280}","{""blur_radius_px"":0.3017355411206004,""jpeg_quality"":94,""noise_seed"":1486749358,""noise_sigma"":1.0093679135067914}","{""blur_radius_px"":5.453967283347314,""instances"":[{""instance_index"":1,""offset_x_px"":5,""offset_y_px"":5,""opacity"":0.18869542},{""instance_index"":2,""offset_x_px"":0,""offset_y_px"":7,""opacity"":0.28424289},{""instance_index"":3,""offset_x_px"":1,""offset_y_px"":10,""opacity"":0.24911159},{""instance_index"":4,""offset_x_px"":1,""offset_y_px"":5,""opacity"":0.28708606},{""instance_index"":5,""offset_x_px"":0,""offset_y_px"":5,""opacity"":0.26164116}]}"
syn-v4-conv-0215,216,synthetic/v4_conveyor/images/train/syn-v4-conv-0215.jpg,synthetic/v4_conveyor/masks/component_visible_instances/train/syn-v4-conv-0215.png,synthetic/v4_conveyor/masks/defect_semantic/train/syn-v4-conv-0215.png,synthetic/v4_conveyor/labels/yolo_component_status/train/syn-v4-conv-0215.txt,synthetic/v4_conveyor/labels/yolo_defects/train/syn-v4-conv-0215.txt,synthetic_black_conveyor_multi_instance,train,multi_instance_detection_segmentation,TRAIN_ONLY_MULTI_SCENE_SYNTHETIC,NO,NO,side_component_spot,IMGGEN-CONVEYOR-BLACK-V1,1020581768,0,5,5,contamination|normal_proxy|lead_breakage|discoloration|scratch,syn-v2-700-contamination-0035|syn-v2-700-surface_spot-0092|syn-v2-700-lead_breakage-0059|syn-v2-700-discoloration-0053|syn-v2-700-scratch-0090,syn-v4-conv-0215,1280,720,2b256d951f636ac6dfac0a14f014e2755f58e7d9685a59ecbec665cb152e07e1,1ff36b3323e95282ac07d1c76e0f39b8b0bce973909bfb335fe41f155d62248f,9712921997bc5d3883a8cca6f329f0686723f4753930857bd300b050f91e0675,bb428560b6bd3ab58f0975f85f9e4b957fcfdc6198995a61ca3f5de2711cfba9,baed6a65fe5f2ab483c67e5eae4263aededb216b7e2ada73c4e50d9a764be7ce,28.315651,3.687952,38.000000,138.653290,110.337639,4.896701,0.000000,0.000000,SHADOWLESS_SAME_SENSOR_JPEG,fa5adb968da368a28b85a711cd7b3d0aab6829453361eb686e915af6797cf717,4.0.0,multi-instance-paired-clean-1024-v1,AUTO_PASS_MULTI_INSTANCE_PAIRED_CLEAN_1024,NO,"{""brightness"":0.78998293,""contrast"":1.0518812,""crop_x"":0,""crop_y"":502,""noise_seed"":904594140,""noise_sigma"":0.32223926,""orientation_degrees"":180,""resized_height"":1280,""resized_width"":1280}","{""blur_radius_px"":0.09251331340984677,""jpeg_quality"":96,""noise_seed"":2698412475,""noise_sigma"":0.38410605877890763}","{""blur_radius_px"":6.852904875905198,""instances"":[{""instance_index"":1,""offset_x_px"":5,""offset_y_px"":10,""opacity"":0.24951087},{""instance_index"":2,""offset_x_px"":4,""offset_y_px"":10,""opacity"":0.31681139},{""instance_index"":3,""offset_x_px"":0,""offset_y_px"":7,""opacity"":0.23491142},{""instance_index"":4,""offset_x_px"":4,""offset_y_px"":7,""opacity"":0.26424292},{""instance_index"":5,""offset_x_px"":2,""offset_y_px"":6,""opacity"":0.2455872}]}"
syn-v4-conv-0216,217,synthetic/v4_conveyor/images/train/syn-v4-conv-0216.jpg,synthetic/v4_conveyor/masks/component_visible_instances/train/syn-v4-conv-0216.png,synthetic/v4_conveyor/masks/defect_semantic/train/syn-v4-conv-0216.png,synthetic/v4_conveyor/labels/yolo_component_status/train/syn-v4-conv-0216.txt,synthetic/v4_conveyor/labels/yolo_defects/train/syn-v4-conv-0216.txt,synthetic_black_conveyor_multi_instance,train,multi_instance_detection_segmentation,TRAIN_ONLY_MULTI_SCENE_SYNTHETIC,NO,NO,neutral_component_spot,IMGGEN-CONVEYOR-BLACK-V1,1097495882,1,5,5,body_crack|surface_spot|lead_breakage|scratch|discoloration,syn-v2-700-body_crack-0037|syn-v2-700-surface_spot-0021|syn-v2-700-lead_breakage-0018|syn-v2-700-scratch-0011|syn-v2-700-discoloration-0073,syn-v4-conv-0216,1280,720,ba0dc9264df4e1bb8fb6d7a80aee160dca44d4000856359174f0edaa26dd955a,28bee5b9ade25e96da4d94d2520c7104e37039954cf93cff88a7036bf8d38d54,7557388d3f6897d376ca133015ab4e23f30d89a18c9fc798804ddd629669830a,12a9ec4ca34742c06df0a12a91be4dbe0f8a5729fdde2889e04c3023756fe4bc,bf901aca43a2377b1b6f23d4b8b3e0c7f78e3cb435ae912e6a11aa2be266210f,30.311934,3.119992,39.077400,142.221939,111.910006,4.691945,0.000000,0.000000,SHADOWLESS_SAME_SENSOR_JPEG,fa5adb968da368a28b85a711cd7b3d0aab6829453361eb686e915af6797cf717,4.0.0,multi-instance-paired-clean-1024-v1,AUTO_PASS_MULTI_INSTANCE_PAIRED_CLEAN_1024,NO,"{""brightness"":0.85342002,""contrast"":0.96011399,""crop_x"":0,""crop_y"":383,""noise_seed"":167941195,""noise_sigma"":1.01339664,""orientation_degrees"":180,""resized_height"":1280,""resized_width"":1280}","{""blur_radius_px"":0.15013502412840893,""jpeg_quality"":94,""noise_seed"":2420925585,""noise_sigma"":1.091629852440798}","{""blur_radius_px"":7.1428152601696056,""instances"":[{""instance_index"":1,""offset_x_px"":-2,""offset_y_px"":10,""opacity"":0.28440228},{""instance_index"":2,""offset_x_px"":0,""offset_y_px"":7,""opacity"":0.28334726},{""instance_index"":3,""offset_x_px"":5,""offset_y_px"":10,""opacity"":0.20601153},{""instance_index"":4,""offset_x_px"":-2,""offset_y_px"":5,""opacity"":0.29008371},{""instance_index"":5,""offset_x_px"":2,""offset_y_px"":10,""opacity"":0.19742727}]}"
syn-v4-conv-0217,218,synthetic/v4_conveyor/images/train/syn-v4-conv-0217.jpg,synthetic/v4_conveyor/masks/component_visible_instances/train/syn-v4-conv-0217.png,synthetic/v4_conveyor/masks/defect_semantic/train/syn-v4-conv-0217.png,synthetic/v4_conveyor/labels/yolo_component_status/train/syn-v4-conv-0217.txt,synthetic/v4_conveyor/labels/yolo_defects/train/syn-v4-conv-0217.txt,synthetic_black_conveyor_multi_instance,train,multi_instance_detection_segmentation,TRAIN_ONLY_MULTI_SCENE_SYNTHETIC,NO,NO,warm_component_spot,IMGGEN-CONVEYOR-BLACK-V1,613234683,0,5,5,normal_proxy|body_crack|scratch|lead_breakage|contamination,syn-v2-700-body_chip-0006|syn-v2-700-body_crack-0003|syn-v2-700-scratch-0028|syn-v2-700-lead_breakage-0053|syn-v2-700-contamination-0088,syn-v4-conv-0217,1280,720,140b5bbae9dac30432c0cf13c5811b1411f7bc172f15e70d6746f1d476580d2d,5fa942a264dbf85fff64af8532afdc83cf200a7c468100272eed2d55866b00a4,e737ea2f44a560d5fc87f37dd7b1e7df6d900a5305131cd8e7861f0a64288a0e,44de9584b869849a28e4fa788d4562a3159770c1f434462d1d13ea2b18b51737,7034f9877d01ebb815c568be66734e015e606a63aee4fc785119d8de67154e87,31.578060,3.411006,41.144398,149.359070,117.781010,4.729837,0.000000,0.000000,SHADOWLESS_SAME_SENSOR_JPEG,fa5adb968da368a28b85a711cd7b3d0aab6829453361eb686e915af6797cf717,4.0.0,multi-instance-paired-clean-1024-v1,AUTO_PASS_MULTI_INSTANCE_PAIRED_CLEAN_1024,NO,"{""brightness"":0.89283391,""contrast"":0.9226089,""crop_x"":0,""crop_y"":128,""noise_seed"":2026341859,""noise_sigma"":0.9390381,""orientation_degrees"":270,""resized_height"":1280,""resized_width"":1280}","{""blur_radius_px"":0.02255505023777376,""jpeg_quality"":94,""noise_seed"":2464430504,""noise_sigma"":0.36479665198119576}","{""blur_radius_px"":5.888777192000598,""instances"":[{""instance_index"":1,""offset_x_px"":3,""offset_y_px"":7,""opacity"":0.28855496},{""instance_index"":2,""offset_x_px"":-1,""offset_y_px"":8,""opacity"":0.30156},{""instance_index"":3,""offset_x_px"":0,""offset_y_px"":6,""opacity"":0.27979803},{""instance_index"":4,""offset_x_px"":3,""offset_y_px"":10,""opacity"":0.29476526},{""instance_index"":5,""offset_x_px"":-3,""offset_y_px"":10,""opacity"":0.30547882}]}"
syn-v4-conv-0218,219,synthetic/v4_conveyor/images/train/syn-v4-conv-0218.jpg,synthetic/v4_conveyor/masks/component_visible_instances/train/syn-v4-conv-0218.png,synthetic/v4_conveyor/masks/defect_semantic/train/syn-v4-conv-0218.png,synthetic/v4_conveyor/labels/yolo_component_status/train/syn-v4-conv-0218.txt,synthetic/v4_conveyor/labels/yolo_defects/train/syn-v4-conv-0218.txt,synthetic_black_conveyor_multi_instance,train,multi_instance_detection_segmentation,TRAIN_ONLY_MULTI_SCENE_SYNTHETIC,NO,NO,cool_component_spot,IMGGEN-CONVEYOR-BLACK-V1,1691756375,0,5,5,normal_proxy|lead_breakage|scratch|contamination|surface_spot,syn-v2-700-discoloration-0058|syn-v2-700-lead_breakage-0059|syn-v2-700-scratch-0011|syn-v2-700-contamination-0028|syn-v2-700-surface_spot-0034,syn-v4-conv-0218,1280,720,96bd03abf5cd5d80fe33ef2b72ae1ad9b1ed74171cadd7c27be490a3988ec926,d33b0c5cd35a284a793ac8cc5e4ebeb48cb66d5d5cfd09d211c13a66c07060c1,6c573beeb1c8b0fe99340d8a73c40fa82c15556d49a032a867db6ea7afe0ab53,50a0557ed487f2c74cb3ea04dcdaeb202c47a59cde1a4b40d2b84d0fb10e2a15,66696aa808f7e85cff4abb40f750cc0ca082d1c9c7a153ede833291f5e74d3d2,28.297749,2.680918,35.931801,140.586060,112.288311,4.968101,0.000000,0.000000,SHADOWLESS_SAME_SENSOR_JPEG,fa5adb968da368a28b85a711cd7b3d0aab6829453361eb686e915af6797cf717,4.0.0,multi-instance-paired-clean-1024-v1,AUTO_PASS_MULTI_INSTANCE_PAIRED_CLEAN_1024,NO,"{""brightness"":0.82976625,""contrast"":0.99812682,""crop_x"":0,""crop_y"":38,""noise_seed"":1562976103,""noise_sigma"":0.420152,""orientation_degrees"":180,""resized_height"":1280,""resized_width"":1280}","{""blur_radius_px"":0.2549032241173919,""jpeg_quality"":93,""noise_seed"":4189418504,""noise_sigma"":0.8653116885083354}","{""blur_radius_px"":6.422034593901435,""instances"":[{""instance_index"":1,""offset_x_px"":3,""offset_y_px"":5,""opacity"":0.21903926},{""instance_index"":2,""offset_x_px"":3,""offset_y_px"":5,""opacity"":0.28601983},{""instance_index"":3,""offset_x_px"":-3,""offset_y_px"":7,""opacity"":0.22725844},{""instance_index"":4,""offset_x_px"":2,""offset_y_px"":6,""opacity"":0.18411823},{""instance_index"":5,""offset_x_px"":1,""offset_y_px"":8,""opacity"":0.29091566}]}"
syn-v4-conv-0219,220,synthetic/v4_conveyor/images/train/syn-v4-conv-0219.jpg,synthetic/v4_conveyor/masks/component_visible_instances/train/syn-v4-conv-0219.png,synthetic/v4_conveyor/masks/defect_semantic/train/syn-v4-conv-0219.png,synthetic/v4_conveyor/labels/yolo_component_status/train/syn-v4-conv-0219.txt,synthetic/v4_conveyor/labels/yolo_defects/train/syn-v4-conv-0219.txt,synthetic_black_conveyor_multi_instance,train,multi_instance_detection_segmentation,TRAIN_ONLY_MULTI_SCENE_SYNTHETIC,NO,NO,side_component_spot,IMGGEN-CONVEYOR-BLACK-V1,411347747,0,5,5,lead_breakage|body_chip|surface_spot|normal_proxy|contamination,syn-v2-700-lead_breakage-0085|syn-v2-700-body_chip-0086|syn-v2-700-surface_spot-0046|syn-v2-700-lead_breakage-0082|syn-v2-700-contamination-0028,syn-v4-conv-0219,1280,720,3df8795ab04682a20913b9c92024bba041b5cf8118a343602c3f0f34faea762a,3df31129cdb0d6d490bf4f37cb51819257ec2b4de9c9750eeb89646e3210f823,a7398ba36a529eea0f30764dba16d5644c6ef9afd23430405123cafc760b3a59,75ab8edf40fbea44da3ba2c7113b685ea1719e60b92fc59206fb947cf2b69db4,3e91e6c32d795d9e7a3782079c52b91c65493838e8fa57a4bc26d9b829b1170a,25.408743,3.271014,33.931801,143.956100,118.547358,5.665613,0.000000,0.000000,SHADOWLESS_SAME_SENSOR_JPEG,fa5adb968da368a28b85a711cd7b3d0aab6829453361eb686e915af6797cf717,4.0.0,multi-instance-paired-clean-1024-v1,AUTO_PASS_MULTI_INSTANCE_PAIRED_CLEAN_1024,NO,"{""brightness"":0.76052498,""contrast"":1.00840965,""crop_x"":0,""crop_y"":555,""noise_seed"":1348948545,""noise_sigma"":0.6746741,""orientation_degrees"":0,""resized_height"":1280,""resized_width"":1280}","{""blur_radius_px"":0.3130119360665418,""jpeg_quality"":95,""noise_seed"":74782939,""noise_sigma"":1.2177515304950477}","{""blur_radius_px"":7.7362825474125785,""instances"":[{""instance_index"":1,""offset_x_px"":1,""offset_y_px"":6,""opacity"":0.19312746},{""instance_index"":2,""offset_x_px"":-1,""offset_y_px"":10,""opacity"":0.22923661},{""instance_index"":3,""offset_x_px"":-2,""offset_y_px"":9,""opacity"":0.19404602},{""instance_index"":4,""offset_x_px"":-3,""offset_y_px"":5,""opacity"":0.20354584},{""instance_index"":5,""offset_x_px"":3,""offset_y_px"":8,""opacity"":0.19492964}]}"
syn-v4-conv-0220,221,synthetic/v4_conveyor/images/train/syn-v4-conv-0220.jpg,synthetic/v4_conveyor/masks/component_visible_instances/train/syn-v4-conv-0220.png,synthetic/v4_conveyor/masks/defect_semantic/train/syn-v4-conv-0220.png,synthetic/v4_conveyor/labels/yolo_component_status/train/syn-v4-conv-0220.txt,synthetic/v4_conveyor/labels/yolo_defects/train/syn-v4-conv-0220.txt,synthetic_black_conveyor_multi_instance,train,multi_instance_detection_segmentation,TRAIN_ONLY_MULTI_SCENE_SYNTHETIC,NO,NO,neutral_component_spot,IMGGEN-CONVEYOR-BLACK-V1,816016687,0,5,5,contamination|scratch|body_crack|body_chip|surface_spot,syn-v2-700-contamination-0014|syn-v2-700-scratch-0096|syn-v2-700-body_crack-0079|syn-v2-700-body_chip-0033|syn-v2-700-surface_spot-0025,syn-v4-conv-0220,1280,720,04f455d18cbc866523f7c9b8f88c0325a8adeb6404a68e85fd34b59dc75e6a94,90b153955b3210c3f5404308af360613071e94becfcbf67fec4bc47479eb2f22,6c92cffa98cdcaeb8334e6cc312f876d03c1a4dd81f5000d3c96dcea3bfaf42c,4a1af399ca1345dd32fd852a3dca4971de6d50ede0638e33357ba77042049abc,e6e9fae8c8d4c96e01a7a6f757c715a34fdc100831f52b8d66786429865064c7,27.973507,3.616755,37.144398,144.949310,116.975803,5.181664,0.000000,0.000000,SHADOWLESS_SAME_SENSOR_JPEG,fa5adb968da368a28b85a711cd7b3d0aab6829453361eb686e915af6797cf717,4.0.0,multi-instance-paired-clean-1024-v1,AUTO_PASS_MULTI_INSTANCE_PAIRED_CLEAN_1024,NO,"{""brightness"":0.78693451,""contrast"":1.02417634,""crop_x"":0,""crop_y"":120,""noise_seed"":4152014392,""noise_sigma"":0.92358628,""orientation_degrees"":0,""resized_height"":1280,""resized_width"":1280}","{""blur_radius_px"":0.2587367612034468,""jpeg_quality"":92,""noise_seed"":3603020829,""noise_sigma"":0.3815482767046639}","{""blur_radius_px"":8.997523873865067,""instances"":[{""instance_index"":1,""offset_x_px"":5,""offset_y_px"":9,""opacity"":0.19764109},{""instance_index"":2,""offset_x_px"":-1,""offset_y_px"":9,""opacity"":0.22673511},{""instance_index"":3,""offset_x_px"":-2,""offset_y_px"":6,""opacity"":0.24720953},{""instance_index"":4,""offset_x_px"":4,""offset_y_px"":5,""opacity"":0.31338238},{""instance_index"":5,""offset_x_px"":3,""offset_y_px"":8,""opacity"":0.2747085}]}"
syn-v4-conv-0221,222,synthetic/v4_conveyor/images/train/syn-v4-conv-0221.jpg,synthetic/v4_conveyor/masks/component_visible_instances/train/syn-v4-conv-0221.png,synthetic/v4_conveyor/masks/defect_semantic/train/syn-v4-conv-0221.png,synthetic/v4_conveyor/labels/yolo_component_status/train/syn-v4-conv-0221.txt,synthetic/v4_conveyor/labels/yolo_defects/train/syn-v4-conv-0221.txt,synthetic_black_conveyor_multi_instance,train,multi_instance_detection_segmentation,TRAIN_ONLY_MULTI_SCENE_SYNTHETIC,NO,NO,warm_component_spot,IMGGEN-CONVEYOR-BLACK-V1,691113140,0,5,5,body_crack|lead_breakage|discoloration|body_chip|surface_spot,syn-v2-700-body_crack-0057|syn-v2-700-lead_breakage-0029|syn-v2-700-discoloration-0047|syn-v2-700-body_chip-0062|syn-v2-700-surface_spot-0025,syn-v4-conv-0221,1280,720,4ccc9569597652d01c54b19f44c528715df81d090fffa6b220cbd439ab36bc20,b95bb313b997282925ddba90e09049135022d84c7af6810ed5e2a14b2b9c5788,3af39e94d1d4fce71f9db5646c3fe55b35d5c585137e88dba6190a519101c90c,a740e430e0b0fc00ff4b78ad91c82fb66fabcc850d634608aa63bdfae05d3611,e1f95c165f0ebb31aaab3bed956db8c9ae3ba45c0c158574b7ab8a45672d1982,25.111385,3.549767,34.144402,143.597137,118.485752,5.718408,0.000000,0.000000,SHADOWLESS_SAME_SENSOR_JPEG,fa5adb968da368a28b85a711cd7b3d0aab6829453361eb686e915af6797cf717,4.0.0,multi-instance-paired-clean-1024-v1,AUTO_PASS_MULTI_INSTANCE_PAIRED_CLEAN_1024,NO,"{""brightness"":0.72258322,""contrast"":1.01673469,""crop_x"":0,""crop_y"":111,""noise_seed"":1941690086,""noise_sigma"":0.96569664,""orientation_degrees"":270,""resized_height"":1280,""resized_width"":1280}","{""blur_radius_px"":0.23428571741116697,""jpeg_quality"":95,""noise_seed"":1967831790,""noise_sigma"":0.7711997000310484}","{""blur_radius_px"":7.427884613490647,""instances"":[{""instance_index"":1,""offset_x_px"":-3,""offset_y_px"":7,""opacity"":0.19617876},{""instance_index"":2,""offset_x_px"":-3,""offset_y_px"":10,""opacity"":0.31904009},{""instance_index"":3,""offset_x_px"":-2,""offset_y_px"":10,""opacity"":0.24530046},{""instance_index"":4,""offset_x_px"":-3,""offset_y_px"":8,""opacity"":0.19260617},{""instance_index"":5,""offset_x_px"":-1,""offset_y_px"":10,""opacity"":0.18123959}]}"
syn-v4-conv-0222,223,synthetic/v4_conveyor/images/train/syn-v4-conv-0222.jpg,synthetic/v4_conveyor/masks/component_visible_instances/train/syn-v4-conv-0222.png,synthetic/v4_conveyor/masks/defect_semantic/train/syn-v4-conv-0222.png,synthetic/v4_conveyor/labels/yolo_component_status/train/syn-v4-conv-0222.txt,synthetic/v4_conveyor/labels/yolo_defects/train/syn-v4-conv-0222.txt,synthetic_black_conveyor_multi_instance,train,multi_instance_detection_segmentation,TRAIN_ONLY_MULTI_SCENE_SYNTHETIC,NO,NO,cool_component_spot,IMGGEN-CONVEYOR-BLACK-V1,1245265234,0,5,5,discoloration|contamination|scratch|surface_spot|lead_breakage,syn-v2-700-discoloration-0015|syn-v2-700-contamination-0085|syn-v2-700-scratch-0054|syn-v2-700-surface_spot-0077|syn-v2-700-lead_breakage-0059,syn-v4-conv-0222,1280,720,9118400d8ce4510688913587ca3ae9dad60c3020a8fbefcaf2f7dee0869a3315,1cc2558a372540bf0b378bf164efbbfc7988c318732b423f1ade3e918c385588,6ef692074a042a21c7391d831935ed8eaa717adb47251b90eedba5d6e37ccc0c,dbefd2826c480b953eea0f4dcae8cad3bc22c4ca9f32d26e0114aa33f59f3b81,5191a5acb084f4730796b43d8e3cb69f166d85c15df0559a1310f9ef5c50b62c,26.109032,2.807348,34.144402,123.571632,97.462601,4.732908,0.000000,0.000000,SHADOWLESS_SAME_SENSOR_JPEG,fa5adb968da368a28b85a711cd7b3d0aab6829453361eb686e915af6797cf717,4.0.0,multi-instance-paired-clean-1024-v1,AUTO_PASS_MULTI_INSTANCE_PAIRED_CLEAN_1024,NO,"{""brightness"":0.74808162,""contrast"":0.97334869,""crop_x"":0,""crop_y"":447,""noise_seed"":1856293396,""noise_sigma"":0.79784339,""orientation_degrees"":90,""resized_height"":1280,""resized_width"":1280}","{""blur_radius_px"":0.008685531386554673,""jpeg_quality"":92,""noise_seed"":699624660,""noise_sigma"":0.3682636361842076}","{""blur_radius_px"":6.277413647141447,""instances"":[{""instance_index"":1,""offset_x_px"":3,""offset_y_px"":9,""opacity"":0.30111919},{""instance_index"":2,""offset_x_px"":0,""offset_y_px"":5,""opacity"":0.29927223},{""instance_index"":3,""offset_x_px"":5,""offset_y_px"":5,""opacity"":0.2662933},{""instance_index"":4,""offset_x_px"":-3,""offset_y_px"":8,""opacity"":0.24724874},{""instance_index"":5,""offset_x_px"":1,""offset_y_px"":9,""opacity"":0.30177955}]}"
syn-v4-conv-0223,224,synthetic/v4_conveyor/images/train/syn-v4-conv-0223.jpg,synthetic/v4_conveyor/masks/component_visible_instances/train/syn-v4-conv-0223.png,synthetic/v4_conveyor/masks/defect_semantic/train/syn-v4-conv-0223.png,synthetic/v4_conveyor/labels/yolo_component_status/train/syn-v4-conv-0223.txt,synthetic/v4_conveyor/labels/yolo_defects/train/syn-v4-conv-0223.txt,synthetic_black_conveyor_multi_instance,train,multi_instance_detection_segmentation,TRAIN_ONLY_MULTI_SCENE_SYNTHETIC,NO,NO,side_component_spot,IMGGEN-CONVEYOR-BLACK-V1,676910099,0,5,5,contamination|body_crack|body_chip|surface_spot|scratch,syn-v2-700-contamination-0090|syn-v2-700-body_crack-0081|syn-v2-700-body_chip-0004|syn-v2-700-surface_spot-0070|syn-v2-700-scratch-0008,syn-v4-conv-0223,1280,720,7eff8c007db724ccf94bd839a69074f5302cfe521d00a982f56df871ba708dee,db13968ff8d3a09b8f67eb4a27677f72149672b1c5e22b93b9a266ea3e0e4b24,e832dd95ec3c29e8917d9a3215adb2ede531c445eee5e33a226f774a52b58b6e,e6951ebd77c76880dbba20086f13f389eb0a69420506c13ed49219ea08ebd747,31ddaf59c2aca2345633faec1dc1d8e5076f4415a35cc2c48d1cd78da740b988,25.098562,2.710271,33.000000,133.914200,108.815638,5.335533,0.000000,0.000000,SHADOWLESS_SAME_SENSOR_JPEG,fa5adb968da368a28b85a711cd7b3d0aab6829453361eb686e915af6797cf717,4.0.0,multi-instance-paired-clean-1024-v1,AUTO_PASS_MULTI_INSTANCE_PAIRED_CLEAN_1024,NO,"{""brightness"":0.7200986,""contrast"":0.94565868,""crop_x"":0,""crop_y"":465,""noise_seed"":946091088,""noise_sigma"":0.3843895,""orientation_degrees"":90,""resized_height"":1280,""resized_width"":1280}","{""blur_radius_px"":0.3195124533054992,""jpeg_quality"":94,""noise_seed"":1722722828,""noise_sigma"":0.6808069336121694}","{""blur_radius_px"":6.542021104329374,""instances"":[{""instance_index"":1,""offset_x_px"":4,""offset_y_px"":6,""opacity"":0.30297543},{""instance_index"":2,""offset_x_px"":3,""offset_y_px"":7,""opacity"":0.2562012},{""instance_index"":3,""offset_x_px"":1,""offset_y_px"":7,""opacity"":0.25403045},{""instance_index"":4,""offset_x_px"":2,""offset_y_px"":8,""opacity"":0.28359008},{""instance_index"":5,""offset_x_px"":0,""offset_y_px"":7,""opacity"":0.28010497}]}"
syn-v4-conv-0224,225,synthetic/v4_conveyor/images/train/syn-v4-conv-0224.jpg,synthetic/v4_conveyor/masks/component_visible_instances/train/syn-v4-conv-0224.png,synthetic/v4_conveyor/masks/defect_semantic/train/syn-v4-conv-0224.png,synthetic/v4_conveyor/labels/yolo_component_status/train/syn-v4-conv-0224.txt,synthetic/v4_conveyor/labels/yolo_defects/train/syn-v4-conv-0224.txt,synthetic_black_conveyor_multi_instance,train,multi_instance_detection_segmentation,TRAIN_ONLY_MULTI_SCENE_SYNTHETIC,NO,NO,neutral_component_spot,IMGGEN-CONVEYOR-BLACK-V1,1962029720,0,5,5,body_chip|lead_breakage|scratch|surface_spot|discoloration,syn-v2-700-body_chip-0018|syn-v2-700-lead_breakage-0093|syn-v2-700-scratch-0018|syn-v2-700-surface_spot-0047|syn-v2-700-discoloration-0053,syn-v4-conv-0224,1280,720,0978e9fa784db4ccde556e702ae81d044c23e51850cfb6f3886166114134f477,cb7327ef4d330597dcd6a194e070b9a1694a42f4fc6dd001d2e4c4bd8fc38564,0a05dcece7e473311757e95b9c5c83fd90e66c4ed4d91b5e4aeb4c9379b2bd62,029e0cc6277e22d5507c254f497d9753ea22d49170ab59da80250a2faa6988f1,9ca6c26faa129d0144074a6e9ecd4d8982e5c955eab6ac756cb8311f43bbf509,25.898699,3.216564,34.144402,142.006287,116.107588,5.483144,0.000000,0.000000,SHADOWLESS_SAME_SENSOR_JPEG,fa5adb968da368a28b85a711cd7b3d0aab6829453361eb686e915af6797cf717,4.0.0,multi-instance-paired-clean-1024-v1,AUTO_PASS_MULTI_INSTANCE_PAIRED_CLEAN_1024,NO,"{""brightness"":0.75127343,""contrast"":1.02462694,""crop_x"":0,""crop_y"":401,""noise_seed"":1833711179,""noise_sigma"":0.20871921,""orientation_degrees"":0,""resized_height"":1280,""resized_width"":1280}","{""blur_radius_px"":0.2402507676303022,""jpeg_quality"":94,""noise_seed"":4228795658,""noise_sigma"":0.5532796038272376}","{""blur_radius_px"":5.873835650689964,""instances"":[{""instance_index"":1,""offset_x_px"":-3,""offset_y_px"":5,""opacity"":0.24201103},{""instance_index"":2,""offset_x_px"":5,""offset_y_px"":10,""opacity"":0.22544935},{""instance_index"":3,""offset_x_px"":1,""offset_y_px"":8,""opacity"":0.29602865},{""instance_index"":4,""offset_x_px"":5,""offset_y_px"":8,""opacity"":0.20081101},{""instance_index"":5,""offset_x_px"":-3,""offset_y_px"":6,""opacity"":0.18767912}]}"
syn-v4-conv-0225,226,synthetic/v4_conveyor/images/train/syn-v4-conv-0225.jpg,synthetic/v4_conveyor/masks/component_visible_instances/train/syn-v4-conv-0225.png,synthetic/v4_conveyor/masks/defect_semantic/train/syn-v4-conv-0225.png,synthetic/v4_conveyor/labels/yolo_component_status/train/syn-v4-conv-0225.txt,synthetic/v4_conveyor/labels/yolo_defects/train/syn-v4-conv-0225.txt,synthetic_black_conveyor_multi_instance,train,multi_instance_detection_segmentation,TRAIN_ONLY_MULTI_SCENE_SYNTHETIC,NO,NO,warm_component_spot,IMGGEN-CONVEYOR-BLACK-V1,38475758,2,5,5,surface_spot|contamination|discoloration|body_crack|scratch,syn-v2-700-surface_spot-0053|syn-v2-700-contamination-0051|syn-v2-700-discoloration-0025|syn-v2-700-body_crack-0097|syn-v2-700-scratch-0001,syn-v4-conv-0225,1280,720,0d595d18c8818d7b48d4ad80e8dc215dac9d2ddbaf4c5d5ce4ca4eebfa01b80a,7a6248887bfe3fe70b50dccd2ea8847ec2f54b01ac3b4e51bcd27375029b73aa,8378b8ceda6f7029480e504592d464329ac4238d3b9426be0a1f98604105d7af,4f672aa7d0120d0c374eafebf84c2cad16d78d73038fb8f86d616cf556f72796,7fe452dff0af03644d2b37283e0d83d66a5a41673a1ccfbfddff6829366b4dc1,30.010281,2.885312,38.144402,137.237549,107.227268,4.573018,0.000000,0.000000,SHADOWLESS_SAME_SENSOR_JPEG,fa5adb968da368a28b85a711cd7b3d0aab6829453361eb686e915af6797cf717,4.0.0,multi-instance-paired-clean-1024-v1,AUTO_PASS_MULTI_INSTANCE_PAIRED_CLEAN_1024,NO,"{""brightness"":0.85333784,""contrast"":0.93551321,""crop_x"":0,""crop_y"":234,""noise_seed"":3923115175,""noise_sigma"":0.30988593,""orientation_degrees"":0,""resized_height"":1280,""resized_width"":1280}","{""blur_radius_px"":0.06151696734642977,""jpeg_quality"":93,""noise_seed"":1732335072,""noise_sigma"":0.4333976272466377}","{""blur_radius_px"":8.401187212571493,""instances"":[{""instance_index"":1,""offset_x_px"":4,""offset_y_px"":10,""opacity"":0.30478374},{""instance_index"":2,""offset_x_px"":-3,""offset_y_px"":10,""opacity"":0.31724003},{""instance_index"":3,""offset_x_px"":5,""offset_y_px"":10,""opacity"":0.2313592},{""instance_index"":4,""offset_x_px"":3,""offset_y_px"":5,""opacity"":0.25743822},{""instance_index"":5,""offset_x_px"":3,""offset_y_px"":10,""opacity"":0.24672029}]}"
syn-v4-conv-0226,227,synthetic/v4_conveyor/images/train/syn-v4-conv-0226.jpg,synthetic/v4_conveyor/masks/component_visible_instances/train/syn-v4-conv-0226.png,synthetic/v4_conveyor/masks/defect_semantic/train/syn-v4-conv-0226.png,synthetic/v4_conveyor/labels/yolo_component_status/train/syn-v4-conv-0226.txt,synthetic/v4_conveyor/labels/yolo_defects/train/syn-v4-conv-0226.txt,synthetic_black_conveyor_multi_instance,train,multi_instance_detection_segmentation,TRAIN_ONLY_MULTI_SCENE_SYNTHETIC,NO,NO,cool_component_spot,IMGGEN-CONVEYOR-BLACK-V1,3737996231,1,5,5,discoloration|scratch|body_crack|contamination|body_chip,syn-v2-700-discoloration-0047|syn-v2-700-scratch-0091|syn-v2-700-body_crack-0054|syn-v2-700-contamination-0035|syn-v2-700-body_chip-0062,syn-v4-conv-0226,1280,720,66cf931cae9564be3c6c555791cc07bc1aaedfdb24813849a9e54ed665772266,f46a016db62822a58658125bd4145696fe9d26dea729ab33df9ca54558dfd7f8,1ff9d09af2149c6a1a379a9f197f4719d8772903d7cf1e78a90edaa79daa629a,6695928d4d187e967a13d012fc609344326ffa191742bbbfa07c30ab484fe881,1b58591398ed2911ec1348574242a33db6527706805fd31789fdebaf32820e34,24.619434,3.035881,32.144402,137.866394,113.246960,5.599901,0.000000,0.000000,SHADOWLESS_SAME_SENSOR_JPEG,fa5adb968da368a28b85a711cd7b3d0aab6829453361eb686e915af6797cf717,4.0.0,multi-instance-paired-clean-1024-v1,AUTO_PASS_MULTI_INSTANCE_PAIRED_CLEAN_1024,NO,"{""brightness"":0.73603826,""contrast"":1.01460684,""crop_x"":0,""crop_y"":540,""noise_seed"":3833334523,""noise_sigma"":0.91933099,""orientation_degrees"":0,""resized_height"":1280,""resized_width"":1280}","{""blur_radius_px"":0.26496562131481555,""jpeg_quality"":94,""noise_seed"":1605095035,""noise_sigma"":0.4643375690193397}","{""blur_radius_px"":6.655934452620048,""instances"":[{""instance_index"":1,""offset_x_px"":1,""offset_y_px"":5,""opacity"":0.25179414},{""instance_index"":2,""offset_x_px"":5,""offset_y_px"":9,""opacity"":0.24656833},{""instance_index"":3,""offset_x_px"":-2,""offset_y_px"":8,""opacity"":0.19813886},{""instance_index"":4,""offset_x_px"":5,""offset_y_px"":5,""opacity"":0.26071544},{""instance_index"":5,""offset_x_px"":-3,""offset_y_px"":6,""opacity"":0.19200107}]}"
syn-v4-conv-0227,228,synthetic/v4_conveyor/images/train/syn-v4-conv-0227.jpg,synthetic/v4_conveyor/masks/component_visible_instances/train/syn-v4-conv-0227.png,synthetic/v4_conveyor/masks/defect_semantic/train/syn-v4-conv-0227.png,synthetic/v4_conveyor/labels/yolo_component_status/train/syn-v4-conv-0227.txt,synthetic/v4_conveyor/labels/yolo_defects/train/syn-v4-conv-0227.txt,synthetic_black_conveyor_multi_instance,train,multi_instance_detection_segmentation,TRAIN_ONLY_MULTI_SCENE_SYNTHETIC,NO,NO,side_component_spot,IMGGEN-CONVEYOR-BLACK-V1,846242587,0,5,5,contamination|body_crack|surface_spot|discoloration|lead_breakage,syn-v2-700-contamination-0007|syn-v2-700-body_crack-0057|syn-v2-700-surface_spot-0001|syn-v2-700-discoloration-0009|syn-v2-700-lead_breakage-0029,syn-v4-conv-0227,1280,720,615377a31a5eaf32f086dde64b37cac9d8b83607b6e49d4d8373b2541a619cd8,5633dcb02ea6b4bf806eb3507ce418739134aee7751940f57768d62afbf7827e,08a742fa053bb2ceff5ffe0f06ee2198589bb6aaa1190dac192ab1f53ecaf0dc,2f299ee1cfdd9ff2af9e33739551f74753f701a2e7367d6afc0a4e5006c4db2f,22e57beb141b7047bb9126a6449c87fd3dbb8b75bc0d96aae5bc5d9c49612b44,25.732248,2.697401,33.931801,139.926743,114.194494,5.437797,0.000000,0.000000,SHADOWLESS_SAME_SENSOR_JPEG,fa5adb968da368a28b85a711cd7b3d0aab6829453361eb686e915af6797cf717,4.0.0,multi-instance-paired-clean-1024-v1,AUTO_PASS_MULTI_INSTANCE_PAIRED_CLEAN_1024,NO,"{""brightness"":0.73631667,""contrast"":0.99890953,""crop_x"":0,""crop_y"":15,""noise_seed"":466576574,""noise_sigma"":0.21112825,""orientation_degrees"":90,""resized_height"":1280,""resized_width"":1280}","{""blur_radius_px"":0.28547990472502716,""jpeg_quality"":96,""noise_seed"":2208617467,""noise_sigma"":0.43038447408860864}","{""blur_radius_px"":7.517021440412267,""instances"":[{""instance_index"":1,""offset_x_px"":0,""offset_y_px"":8,""opacity"":0.28625577},{""instance_index"":2,""offset_x_px"":1,""offset_y_px"":5,""opacity"":0.23461508},{""instance_index"":3,""offset_x_px"":4,""offset_y_px"":6,""opacity"":0.21407467},{""instance_index"":4,""offset_x_px"":3,""offset_y_px"":9,""opacity"":0.27901921},{""instance_index"":5,""offset_x_px"":0,""offset_y_px"":10,""opacity"":0.19176847}]}"
syn-v4-conv-0228,229,synthetic/v4_conveyor/images/train/syn-v4-conv-0228.jpg,synthetic/v4_conveyor/masks/component_visible_instances/train/syn-v4-conv-0228.png,synthetic/v4_conveyor/masks/defect_semantic/train/syn-v4-conv-0228.png,synthetic/v4_conveyor/labels/yolo_component_status/train/syn-v4-conv-0228.txt,synthetic/v4_conveyor/labels/yolo_defects/train/syn-v4-conv-0228.txt,synthetic_black_conveyor_multi_instance,train,multi_instance_detection_segmentation,TRAIN_ONLY_MULTI_SCENE_SYNTHETIC,NO,NO,neutral_component_spot,IMGGEN-CONVEYOR-BLACK-V1,513648193,0,5,5,discoloration|body_crack|body_chip|normal_proxy|surface_spot,syn-v2-700-discoloration-0073|syn-v2-700-body_crack-0036|syn-v2-700-body_chip-0006|syn-v2-700-body_crack-0081|syn-v2-700-surface_spot-0097,syn-v4-conv-0228,1280,720,cf4620355cc070cf768362da22f8729264ffdd726e3f1c50ba1b9a901366e775,ed3df08075419864696ccf9324dea99a699f92b192a4016eb7fb22ff1be2453f,933ef36bb57e0482eee3be91e6d3ee02c827e48c7a9161d7a6d9da8cff70c943,5931c49b725643c19b6e23b50888cb090046592019c87bdc7ea01e3ef0668e6d,d87bc4995733f867d76be8c35f190fad09533c05e07288b0640e95871a5a3c34,27.818319,3.048797,36.931801,137.384308,109.565989,4.938627,0.000000,0.000000,SHADOWLESS_SAME_SENSOR_JPEG,fa5adb968da368a28b85a711cd7b3d0aab6829453361eb686e915af6797cf717,4.0.0,multi-instance-paired-clean-1024-v1,AUTO_PASS_MULTI_INSTANCE_PAIRED_CLEAN_1024,NO,"{""brightness"":0.7945309,""contrast"":0.95913899,""crop_x"":0,""crop_y"":378,""noise_seed"":2299468776,""noise_sigma"":0.71064015,""orientation_degrees"":270,""resized_height"":1280,""resized_width"":1280}","{""blur_radius_px"":0.20125636318841397,""jpeg_quality"":95,""noise_seed"":446722181,""noise_sigma"":1.2912056948344122}","{""blur_radius_px"":7.137731546782977,""instances"":[{""instance_index"":1,""offset_x_px"":4,""offset_y_px"":9,""opacity"":0.22276937},{""instance_index"":2,""offset_x_px"":-1,""offset_y_px"":10,""opacity"":0.23845021},{""instance_index"":3,""offset_x_px"":-1,""offset_y_px"":10,""opacity"":0.31251345},{""instance_index"":4,""offset_x_px"":5,""offset_y_px"":8,""opacity"":0.25574194},{""instance_index"":5,""offset_x_px"":3,""offset_y_px"":5,""opacity"":0.18209163}]}"
syn-v4-conv-0229,230,synthetic/v4_conveyor/images/train/syn-v4-conv-0229.jpg,synthetic/v4_conveyor/masks/component_visible_instances/train/syn-v4-conv-0229.png,synthetic/v4_conveyor/masks/defect_semantic/train/syn-v4-conv-0229.png,synthetic/v4_conveyor/labels/yolo_component_status/train/syn-v4-conv-0229.txt,synthetic/v4_conveyor/labels/yolo_defects/train/syn-v4-conv-0229.txt,synthetic_black_conveyor_multi_instance,train,multi_instance_detection_segmentation,TRAIN_ONLY_MULTI_SCENE_SYNTHETIC,NO,NO,warm_component_spot,IMGGEN-CONVEYOR-BLACK-V1,3901047311,0,5,5,contamination|scratch|normal_proxy|body_chip|body_crack,syn-v2-700-contamination-0014|syn-v2-700-scratch-0028|syn-v2-700-body_crack-0044|syn-v2-700-body_chip-0086|syn-v2-700-body_crack-0034,syn-v4-conv-0229,1280,720,f73b6e4c43d4f5c7bb20a17ba39353518121ffc9fcda0adad50cb220f4986cc9,217cb1e4c2836f79c1d1ea2aee2ab8ddae268a5ab66bcc7136087e8d782cee47,f99a30297d32b88a897674b5f58273fa3b6e1d9904d7bb447953ea60d56d6a84,8d0cdb75bea8cfd5e80d9d8aa8837faa7f0218594a67e5237479ad4d7a07a0be,15d47d59e78d4bd9c9a5f132bf830d9bf3b0698c2f07b85531d32bf513c6e3c1,28.268745,2.842948,36.144398,140.201492,111.932747,4.959594,0.000000,0.000000,SHADOWLESS_SAME_SENSOR_JPEG,fa5adb968da368a28b85a711cd7b3d0aab6829453361eb686e915af6797cf717,4.0.0,multi-instance-paired-clean-1024-v1,AUTO_PASS_MULTI_INSTANCE_PAIRED_CLEAN_1024,NO,"{""brightness"":0.81742388,""contrast"":0.97495797,""crop_x"":0,""crop_y"":175,""noise_seed"":130179480,""noise_sigma"":1.06891651,""orientation_degrees"":180,""resized_height"":1280,""resized_width"":1280}","{""blur_radius_px"":0.21096833520317568,""jpeg_quality"":94,""noise_seed"":3442538402,""noise_sigma"":0.6343052326761336}","{""blur_radius_px"":5.970146676474079,""instances"":[{""instance_index"":1,""offset_x_px"":-2,""offset_y_px"":6,""opacity"":0.30264128},{""instance_index"":2,""offset_x_px"":5,""offset_y_px"":5,""opacity"":0.31927219},{""instance_index"":3,""offset_x_px"":-2,""offset_y_px"":8,""opacity"":0.27003877},{""instance_index"":4,""offset_x_px"":-1,""offset_y_px"":5,""opacity"":0.31597949},{""instance_index"":5,""offset_x_px"":-2,""offset_y_px"":7,""opacity"":0.31629416}]}"
syn-v4-conv-0230,231,synthetic/v4_conveyor/images/train/syn-v4-conv-0230.jpg,synthetic/v4_conveyor/masks/component_visible_instances/train/syn-v4-conv-0230.png,synthetic/v4_conveyor/masks/defect_semantic/train/syn-v4-conv-0230.png,synthetic/v4_conveyor/labels/yolo_component_status/train/syn-v4-conv-0230.txt,synthetic/v4_conveyor/labels/yolo_defects/train/syn-v4-conv-0230.txt,synthetic_black_conveyor_multi_instance,train,multi_instance_detection_segmentation,TRAIN_ONLY_MULTI_SCENE_SYNTHETIC,NO,NO,cool_component_spot,IMGGEN-CONVEYOR-BLACK-V1,728364092,0,5,5,scratch|contamination|normal_proxy|lead_breakage|body_chip,syn-v2-700-scratch-0060|syn-v2-700-contamination-0075|syn-v2-700-body_crack-0051|syn-v2-700-lead_breakage-0060|syn-v2-700-body_chip-0088,syn-v4-conv-0230,1280,720,d35b116110df348d6821ed4e0e1d8ed1fd3fb30f34a537c7efea0a82af27802e,96804279875b7af5c54093130d3c6006eaf6828573726a2a632567a791dfc7a3,fca42617393dab3c342a3b34589281494dad535bf8f9bd1d22fec96390afba08,f6501a34c652858565ea6ad8e51f07ecc3639cd97ad3bca77f3f824828c5aeb4,a3540701efcc3c40827e11afbcd84574a3f52eee0926727e5c54e51b68e521cf,28.365108,3.671908,38.000000,134.269821,105.904713,4.733626,0.000000,0.000000,SHADOWLESS_SAME_SENSOR_JPEG,fa5adb968da368a28b85a711cd7b3d0aab6829453361eb686e915af6797cf717,4.0.0,multi-instance-paired-clean-1024-v1,AUTO_PASS_MULTI_INSTANCE_PAIRED_CLEAN_1024,NO,"{""brightness"":0.79710346,""contrast"":1.02129655,""crop_x"":0,""crop_y"":110,""noise_seed"":1049364156,""noise_sigma"":0.28525943,""orientation_degrees"":0,""resized_height"":1280,""resized_width"":1280}","{""blur_radius_px"":0.03511315288633357,""jpeg_quality"":92,""noise_seed"":4263715025,""noise_sigma"":0.9676575164492169}","{""blur_radius_px"":6.452297527064922,""instances"":[{""instance_index"":1,""offset_x_px"":3,""offset_y_px"":5,""opacity"":0.30675195},{""instance_index"":2,""offset_x_px"":0,""offset_y_px"":7,""opacity"":0.25123298},{""instance_index"":3,""offset_x_px"":0,""offset_y_px"":9,""opacity"":0.28629481},{""instance_index"":4,""offset_x_px"":4,""offset_y_px"":6,""opacity"":0.27091845},{""instance_index"":5,""offset_x_px"":0,""offset_y_px"":10,""opacity"":0.29467169}]}"
syn-v4-conv-0231,232,synthetic/v4_conveyor/images/train/syn-v4-conv-0231.jpg,synthetic/v4_conveyor/masks/component_visible_instances/train/syn-v4-conv-0231.png,synthetic/v4_conveyor/masks/defect_semantic/train/syn-v4-conv-0231.png,synthetic/v4_conveyor/labels/yolo_component_status/train/syn-v4-conv-0231.txt,synthetic/v4_conveyor/labels/yolo_defects/train/syn-v4-conv-0231.txt,synthetic_black_conveyor_multi_instance,train,multi_instance_detection_segmentation,TRAIN_ONLY_MULTI_SCENE_SYNTHETIC,NO,NO,side_component_spot,IMGGEN-CONVEYOR-BLACK-V1,897468107,0,5,5,surface_spot|normal_proxy|contamination|body_chip|body_crack,syn-v2-700-surface_spot-0097|syn-v2-700-discoloration-0024|syn-v2-700-contamination-0088|syn-v2-700-body_chip-0060|syn-v2-700-body_crack-0031,syn-v4-conv-0231,1280,720,514f87f6ecc87e01798bed40f7907b0b0b2b012cbf380f3983bf0bc2f23eb55d,dbef01ef728b5f5b802bcdcd8f9bb7d73aeb92850758c6f7d00b1f8d762d79dc,07a295431bc319670e512e79af8ef159925b770a782b2457b18ea4e260cc6eb7,b3db5ade04c258813ff9232f4652d02c2fa8fac22d211617c3148bd12a3e90b7,2fd49c1bbd6234987bfacd329b14fef1a176eea989514cae6ef21861c90c51fe,28.984371,3.975958,39.221802,144.255997,115.271626,4.977027,0.000000,0.000000,SHADOWLESS_SAME_SENSOR_JPEG,fa5adb968da368a28b85a711cd7b3d0aab6829453361eb686e915af6797cf717,4.0.0,multi-instance-paired-clean-1024-v1,AUTO_PASS_MULTI_INSTANCE_PAIRED_CLEAN_1024,NO,"{""brightness"":0.82681231,""contrast"":1.02933937,""crop_x"":0,""crop_y"":82,""noise_seed"":3382548645,""noise_sigma"":0.20899543,""orientation_degrees"":90,""resized_height"":1280,""resized_width"":1280}","{""blur_radius_px"":0.11018123244000022,""jpeg_quality"":95,""noise_seed"":2291765966,""noise_sigma"":1.1213031690340751}","{""blur_radius_px"":6.918239783309803,""instances"":[{""instance_index"":1,""offset_x_px"":0,""offset_y_px"":7,""opacity"":0.19918124},{""instance_index"":2,""offset_x_px"":4,""offset_y_px"":6,""opacity"":0.19484731},{""instance_index"":3,""offset_x_px"":-3,""offset_y_px"":6,""opacity"":0.22210732},{""instance_index"":4,""offset_x_px"":-3,""offset_y_px"":9,""opacity"":0.30144128},{""instance_index"":5,""offset_x_px"":2,""offset_y_px"":8,""opacity"":0.23480103}]}"
syn-v4-conv-0232,233,synthetic/v4_conveyor/images/train/syn-v4-conv-0232.jpg,synthetic/v4_conveyor/masks/component_visible_instances/train/syn-v4-conv-0232.png,synthetic/v4_conveyor/masks/defect_semantic/train/syn-v4-conv-0232.png,synthetic/v4_conveyor/labels/yolo_component_status/train/syn-v4-conv-0232.txt,synthetic/v4_conveyor/labels/yolo_defects/train/syn-v4-conv-0232.txt,synthetic_black_conveyor_multi_instance,train,multi_instance_detection_segmentation,TRAIN_ONLY_MULTI_SCENE_SYNTHETIC,NO,NO,neutral_component_spot,IMGGEN-CONVEYOR-BLACK-V1,1426851973,1,5,5,body_crack|contamination|discoloration|surface_spot|body_chip,syn-v2-700-body_crack-0054|syn-v2-700-contamination-0081|syn-v2-700-discoloration-0058|syn-v2-700-surface_spot-0060|syn-v2-700-body_chip-0058,syn-v4-conv-0232,1280,720,0fbcd1875772462a0910238ba8475bed0dccaa83d16669857522d85b642e9339,687edb8b13f1026fa04e6f38d5c525741d039accf38db3964e5b7f98795dd36e,95ca278859857b194b207c56a864c2ee5c3de44ffc3d91343c1bdf44d3089a7d,64927a3770e39557f8f16c1f0e81dbb2edb4dc6723e2b52a15734d45dba02689,e35653f8140207deea7eeb0d1c81c80539aec521d400509d55c75d4ed87def44,32.749649,3.293292,42.000000,140.785034,108.035385,4.298826,0.000000,0.000000,SHADOWLESS_SAME_SENSOR_JPEG,fa5adb968da368a28b85a711cd7b3d0aab6829453361eb686e915af6797cf717,4.0.0,multi-instance-paired-clean-1024-v1,AUTO_PASS_MULTI_INSTANCE_PAIRED_CLEAN_1024,NO,"{""brightness"":0.91477914,""contrast"":0.96987865,""crop_x"":0,""crop_y"":408,""noise_seed"":3923765956,""noise_sigma"":0.7082631,""orientation_degrees"":180,""resized_height"":1280,""resized_width"":1280}","{""blur_radius_px"":0.044444574761109884,""jpeg_quality"":92,""noise_seed"":1402318166,""noise_sigma"":0.7370012205396963}","{""blur_radius_px"":5.035284319168824,""instances"":[{""instance_index"":1,""offset_x_px"":2,""offset_y_px"":5,""opacity"":0.27549889},{""instance_index"":2,""offset_x_px"":1,""offset_y_px"":10,""opacity"":0.29302137},{""instance_index"":3,""offset_x_px"":4,""offset_y_px"":10,""opacity"":0.19550573},{""instance_index"":4,""offset_x_px"":2,""offset_y_px"":6,""opacity"":0.27287229},{""instance_index"":5,""offset_x_px"":3,""offset_y_px"":7,""opacity"":0.20331938}]}"
syn-v4-conv-0233,234,synthetic/v4_conveyor/images/train/syn-v4-conv-0233.jpg,synthetic/v4_conveyor/masks/component_visible_instances/train/syn-v4-conv-0233.png,synthetic/v4_conveyor/masks/defect_semantic/train/syn-v4-conv-0233.png,synthetic/v4_conveyor/labels/yolo_component_status/train/syn-v4-conv-0233.txt,synthetic/v4_conveyor/labels/yolo_defects/train/syn-v4-conv-0233.txt,synthetic_black_conveyor_multi_instance,train,multi_instance_detection_segmentation,TRAIN_ONLY_MULTI_SCENE_SYNTHETIC,NO,NO,warm_component_spot,IMGGEN-CONVEYOR-BLACK-V1,2980636695,0,5,5,surface_spot|discoloration|normal_proxy|lead_breakage|body_crack,syn-v2-700-surface_spot-0025|syn-v2-700-discoloration-0023|syn-v2-700-scratch-0028|syn-v2-700-lead_breakage-0060|syn-v2-700-body_crack-0003,syn-v4-conv-0233,1280,720,4093d581419a6ba927a23b6556e82e08e8e4bfb22213d6b3c88796bbe003ef54,279668994ca47444fa854b61b51d59872571d65f0f9c264056e4b164d8ab4573,bbcde88d316fb6013b3d79790cdb6250257583a99734df0002123a0636c615aa,3a660b8730edff11b295c87ae71e96a5de22b91d659463feeb3596f38dd22d9e,85bff8cf075125604d2d7323da9e33bbb9d06fdb32719265132a1160cade8b8f,30.076624,2.986101,39.000000,137.559189,107.482565,4.573625,0.000000,0.000000,SHADOWLESS_SAME_SENSOR_JPEG,fa5adb968da368a28b85a711cd7b3d0aab6829453361eb686e915af6797cf717,4.0.0,multi-instance-paired-clean-1024-v1,AUTO_PASS_MULTI_INSTANCE_PAIRED_CLEAN_1024,NO,"{""brightness"":0.84963891,""contrast"":0.96805246,""crop_x"":0,""crop_y"":186,""noise_seed"":1096944729,""noise_sigma"":0.23548373,""orientation_degrees"":0,""resized_height"":1280,""resized_width"":1280}","{""blur_radius_px"":0.3067747726376955,""jpeg_quality"":92,""noise_seed"":2507594898,""noise_sigma"":0.7130285068049109}","{""blur_radius_px"":5.897808843141583,""instances"":[{""instance_index"":1,""offset_x_px"":0,""offset_y_px"":9,""opacity"":0.24492911},{""instance_index"":2,""offset_x_px"":0,""offset_y_px"":9,""opacity"":0.2067027},{""instance_index"":3,""offset_x_px"":-2,""offset_y_px"":8,""opacity"":0.19229008},{""instance_index"":4,""offset_x_px"":5,""offset_y_px"":5,""opacity"":0.2912534},{""instance_index"":5,""offset_x_px"":4,""offset_y_px"":5,""opacity"":0.30486034}]}"
syn-v4-conv-0234,235,synthetic/v4_conveyor/images/train/syn-v4-conv-0234.jpg,synthetic/v4_conveyor/masks/component_visible_instances/train/syn-v4-conv-0234.png,synthetic/v4_conveyor/masks/defect_semantic/train/syn-v4-conv-0234.png,synthetic/v4_conveyor/labels/yolo_component_status/train/syn-v4-conv-0234.txt,synthetic/v4_conveyor/labels/yolo_defects/train/syn-v4-conv-0234.txt,synthetic_black_conveyor_multi_instance,train,multi_instance_detection_segmentation,TRAIN_ONLY_MULTI_SCENE_SYNTHETIC,NO,NO,cool_component_spot,IMGGEN-CONVEYOR-BLACK-V1,320325808,0,5,5,scratch|body_chip|surface_spot|discoloration|body_crack,syn-v2-700-scratch-0005|syn-v2-700-body_chip-0033|syn-v2-700-surface_spot-0071|syn-v2-700-discoloration-0072|syn-v2-700-body_crack-0051,syn-v4-conv-0234,1280,720,aa6229507ea3a44b684c4bb1397878a3ccc2185b1dcb1d898493b4dfa408f0ed,d201c53cba63d497dd83d42222694fe9c0207e8f6e467be4a61a7ebb0d9cbea4,57ea96fd3653001e2ea8d8582b12a59302978ed7d20156506ef578c0fd6c5bc6,0ee45dd9b7fe073d7a0177476763bd34f066eadaca6414a2d170dfb517ee3175,96260ac77ac735d67588b38b628bd2336bdf7dd52eb624187a970b5faa1fa043,25.852909,3.540044,35.144402,134.405548,108.552639,5.198856,0.000000,0.000000,SHADOWLESS_SAME_SENSOR_JPEG,fa5adb968da368a28b85a711cd7b3d0aab6829453361eb686e915af6797cf717,4.0.0,multi-instance-paired-clean-1024-v1,AUTO_PASS_MULTI_INSTANCE_PAIRED_CLEAN_1024,NO,"{""brightness"":0.73537633,""contrast"":1.04766672,""crop_x"":0,""crop_y"":377,""noise_seed"":909130921,""noise_sigma"":0.74656264,""orientation_degrees"":270,""resized_height"":1280,""resized_width"":1280}","{""blur_radius_px"":0.29896694732868434,""jpeg_quality"":95,""noise_seed"":2770070256,""noise_sigma"":0.39535419639478925}","{""blur_radius_px"":6.664550803799683,""instances"":[{""instance_index"":1,""offset_x_px"":3,""offset_y_px"":9,""opacity"":0.25681269},{""instance_index"":2,""offset_x_px"":-3,""offset_y_px"":5,""opacity"":0.25630659},{""instance_index"":3,""offset_x_px"":2,""offset_y_px"":8,""opacity"":0.24711409},{""instance_index"":4,""offset_x_px"":0,""offset_y_px"":9,""opacity"":0.18353097},{""instance_index"":5,""offset_x_px"":2,""offset_y_px"":5,""opacity"":0.28625726}]}"
syn-v4-conv-0235,236,synthetic/v4_conveyor/images/train/syn-v4-conv-0235.jpg,synthetic/v4_conveyor/masks/component_visible_instances/train/syn-v4-conv-0235.png,synthetic/v4_conveyor/masks/defect_semantic/train/syn-v4-conv-0235.png,synthetic/v4_conveyor/labels/yolo_component_status/train/syn-v4-conv-0235.txt,synthetic/v4_conveyor/labels/yolo_defects/train/syn-v4-conv-0235.txt,synthetic_black_conveyor_multi_instance,train,multi_instance_detection_segmentation,TRAIN_ONLY_MULTI_SCENE_SYNTHETIC,NO,NO,side_component_spot,IMGGEN-CONVEYOR-BLACK-V1,1413641844,0,5,5,body_chip|discoloration|contamination|body_crack|scratch,syn-v2-700-body_chip-0046|syn-v2-700-discoloration-0045|syn-v2-700-contamination-0052|syn-v2-700-body_crack-0044|syn-v2-700-scratch-0097,syn-v4-conv-0235,1280,720,e04c5f93e192d0a0b480e58b0b10b44ddf6bd57ca622b3110f118cfe767766cc,e73d5884bf07b153bc69e0c5f53ad1336996d041ca1cc31244ea36bc53a46a8c,0f9cdb0091df402b3fc418b58ac0a24ef8f10e2ae7f5e0e7b1e395f3202f4ccb,02d9bc1464b5ff22c7c6e865d8d8c83f29574866884f6e384f64a7c1ee3c3898,3259545c21c47ce54486b6c1ad8e000cdb8ab4a99ea91664616d5511ef1e0c92,28.098537,3.548455,37.144398,139.804733,111.706196,4.975516,0.000000,0.000000,SHADOWLESS_SAME_SENSOR_JPEG,fa5adb968da368a28b85a711cd7b3d0aab6829453361eb686e915af6797cf717,4.0.0,multi-instance-paired-clean-1024-v1,AUTO_PASS_MULTI_INSTANCE_PAIRED_CLEAN_1024,NO,"{""brightness"":0.82806461,""contrast"":1.01618391,""crop_x"":0,""crop_y"":481,""noise_seed"":2757310958,""noise_sigma"":0.12683162,""orientation_degrees"":0,""resized_height"":1280,""resized_width"":1280}","{""blur_radius_px"":0.05203641626695277,""jpeg_quality"":94,""noise_seed"":4071057723,""noise_sigma"":1.2707120085115324}","{""blur_radius_px"":7.935016588914316,""instances"":[{""instance_index"":1,""offset_x_px"":5,""offset_y_px"":8,""opacity"":0.23397342},{""instance_index"":2,""offset_x_px"":0,""offset_y_px"":8,""opacity"":0.28456205},{""instance_index"":3,""offset_x_px"":-2,""offset_y_px"":8,""opacity"":0.22026649},{""instance_index"":4,""offset_x_px"":-1,""offset_y_px"":7,""opacity"":0.19339989},{""instance_index"":5,""offset_x_px"":-1,""offset_y_px"":9,""opacity"":0.21021627}]}"
syn-v4-conv-0236,237,synthetic/v4_conveyor/images/train/syn-v4-conv-0236.jpg,synthetic/v4_conveyor/masks/component_visible_instances/train/syn-v4-conv-0236.png,synthetic/v4_conveyor/masks/defect_semantic/train/syn-v4-conv-0236.png,synthetic/v4_conveyor/labels/yolo_component_status/train/syn-v4-conv-0236.txt,synthetic/v4_conveyor/labels/yolo_defects/train/syn-v4-conv-0236.txt,synthetic_black_conveyor_multi_instance,train,multi_instance_detection_segmentation,TRAIN_ONLY_MULTI_SCENE_SYNTHETIC,NO,NO,neutral_component_spot,IMGGEN-CONVEYOR-BLACK-V1,2736033533,0,5,5,contamination|lead_breakage|normal_proxy|body_chip|surface_spot,syn-v2-700-contamination-0011|syn-v2-700-lead_breakage-0060|syn-v2-700-body_crack-0078|syn-v2-700-body_chip-0086|syn-v2-700-surface_spot-0082,syn-v4-conv-0236,1280,720,ba427ab76c936beb678d466266aa9d390b81489991614cb63d69503b7f40a805,d1b2734d55e4d0e7642426278903bdeac9f8031918887dd45c82df4587c337a5,9b393fdfc1731f677bf37776d6ca9e7dccdee64854ba75c1dced6843e9e0cd10,4cac80c0784745dc3bfd5790a0424de999df5d7409c70d577e73d938927c0872,fba34e11c4ae3e49a6246771b26bb564e3f9ad2bc3e2eaa9c5cf2f8571255a9d,33.934971,4.300434,45.931801,141.339523,107.404552,4.165011,0.000000,0.000000,SHADOWLESS_SAME_SENSOR_JPEG,fa5adb968da368a28b85a711cd7b3d0aab6829453361eb686e915af6797cf717,4.0.0,multi-instance-paired-clean-1024-v1,AUTO_PASS_MULTI_INSTANCE_PAIRED_CLEAN_1024,NO,"{""brightness"":0.94762388,""contrast"":1.03027255,""crop_x"":0,""crop_y"":420,""noise_seed"":972677181,""noise_sigma"":0.43708296,""orientation_degrees"":270,""resized_height"":1280,""resized_width"":1280}","{""blur_radius_px"":0.1272133038551057,""jpeg_quality"":95,""noise_seed"":1618457717,""noise_sigma"":0.6662781507035285}","{""blur_radius_px"":5.103657876336883,""instances"":[{""instance_index"":1,""offset_x_px"":-2,""offset_y_px"":10,""opacity"":0.18963661},{""instance_index"":2,""offset_x_px"":-2,""offset_y_px"":9,""opacity"":0.27687064},{""instance_index"":3,""offset_x_px"":1,""offset_y_px"":6,""opacity"":0.1861488},{""instance_index"":4,""offset_x_px"":4,""offset_y_px"":9,""opacity"":0.29124337},{""instance_index"":5,""offset_x_px"":5,""offset_y_px"":10,""opacity"":0.3117785}]}"
syn-v4-conv-0237,238,synthetic/v4_conveyor/images/train/syn-v4-conv-0237.jpg,synthetic/v4_conveyor/masks/component_visible_instances/train/syn-v4-conv-0237.png,synthetic/v4_conveyor/masks/defect_semantic/train/syn-v4-conv-0237.png,synthetic/v4_conveyor/labels/yolo_component_status/train/syn-v4-conv-0237.txt,synthetic/v4_conveyor/labels/yolo_defects/train/syn-v4-conv-0237.txt,synthetic_black_conveyor_multi_instance,train,multi_instance_detection_segmentation,TRAIN_ONLY_MULTI_SCENE_SYNTHETIC,NO,NO,warm_component_spot,IMGGEN-CONVEYOR-BLACK-V1,1369891890,0,5,5,scratch|surface_spot|body_chip|contamination|body_crack,syn-v2-700-scratch-0094|syn-v2-700-surface_spot-0097|syn-v2-700-body_chip-0026|syn-v2-700-contamination-0090|syn-v2-700-body_crack-0054,syn-v4-conv-0237,1280,720,f895850944e65d65e9a414f20b7e6f49e2320b2ed0e2b76bbb9fe8929c2f317c,48d9b1da37ed96d1a97fb0e66cffc9d7853e66b8e53078a8a7d428345b177c4b,e0153e5a714101dddb733402db35fbaf6282088befda27ca2f36b8e628f2dda4,31abfd39b32a85141d20488648b61c0244bcb4c499a892abf786d207374934ed,f1f28a57540e90c46e64f693e02d40a04283fd8dc4b36105f035e46cbbffdc11,27.594362,2.782859,35.144402,144.298401,116.704039,5.229271,0.000000,0.000000,SHADOWLESS_SAME_SENSOR_JPEG,fa5adb968da368a28b85a711cd7b3d0aab6829453361eb686e915af6797cf717,4.0.0,multi-instance-paired-clean-1024-v1,AUTO_PASS_MULTI_INSTANCE_PAIRED_CLEAN_1024,NO,"{""brightness"":0.78569602,""contrast"":0.95271384,""crop_x"":0,""crop_y"":252,""noise_seed"":483231670,""noise_sigma"":0.64914373,""orientation_degrees"":0,""resized_height"":1280,""resized_width"":1280}","{""blur_radius_px"":0.15975053383797486,""jpeg_quality"":94,""noise_seed"":2953364979,""noise_sigma"":0.8939815172687253}","{""blur_radius_px"":7.282991381465244,""instances"":[{""instance_index"":1,""offset_x_px"":-3,""offset_y_px"":5,""opacity"":0.24665323},{""instance_index"":2,""offset_x_px"":-3,""offset_y_px"":6,""opacity"":0.26422155},{""instance_index"":3,""offset_x_px"":-2,""offset_y_px"":7,""opacity"":0.29996438},{""instance_index"":4,""offset_x_px"":-2,""offset_y_px"":5,""opacity"":0.1949311},{""instance_index"":5,""offset_x_px"":2,""offset_y_px"":6,""opacity"":0.20655599}]}"
syn-v4-conv-0238,239,synthetic/v4_conveyor/images/train/syn-v4-conv-0238.jpg,synthetic/v4_conveyor/masks/component_visible_instances/train/syn-v4-conv-0238.png,synthetic/v4_conveyor/masks/defect_semantic/train/syn-v4-conv-0238.png,synthetic/v4_conveyor/labels/yolo_component_status/train/syn-v4-conv-0238.txt,synthetic/v4_conveyor/labels/yolo_defects/train/syn-v4-conv-0238.txt,synthetic_black_conveyor_multi_instance,train,multi_instance_detection_segmentation,TRAIN_ONLY_MULTI_SCENE_SYNTHETIC,NO,NO,cool_component_spot,IMGGEN-CONVEYOR-BLACK-V1,1330175645,0,5,5,discoloration|surface_spot|body_chip|lead_breakage|body_crack,syn-v2-700-discoloration-0058|syn-v2-700-surface_spot-0047|syn-v2-700-body_chip-0058|syn-v2-700-lead_breakage-0014|syn-v2-700-body_crack-0066,syn-v4-conv-0238,1280,720,bdfac8a23eeb2658437389e5b048890b2a20deb0fae705eedb7be05e5eaa3d59,1837d0cc884cf5d796384b71958c454a1898fd3dbec1a18122eecf4cfbf27523,00cf2f497931c4579a86e92eb492ab4f1a4757fe231ed59203ed95a77e5f86f4,3f5df795189e3d12ba1e0bfef1c3d95230c03484253b77cbbe48cbce448feb21,4a739b853b1546d28e518ae4998556b426cd1fafbfcef2422c4afaa87acfa866,26.266415,2.817235,34.144402,139.725449,113.459034,5.319548,0.000000,0.000000,SHADOWLESS_SAME_SENSOR_JPEG,fa5adb968da368a28b85a711cd7b3d0aab6829453361eb686e915af6797cf717,4.0.0,multi-instance-paired-clean-1024-v1,AUTO_PASS_MULTI_INSTANCE_PAIRED_CLEAN_1024,NO,"{""brightness"":0.75066069,""contrast"":0.95454726,""crop_x"":0,""crop_y"":388,""noise_seed"":1522777151,""noise_sigma"":0.75167724,""orientation_degrees"":90,""resized_height"":1280,""resized_width"":1280}","{""blur_radius_px"":0.14900197969755255,""jpeg_quality"":92,""noise_seed"":1788935985,""noise_sigma"":0.8068565433312986}","{""blur_radius_px"":8.099487744228457,""instances"":[{""instance_index"":1,""offset_x_px"":1,""offset_y_px"":5,""opacity"":0.19792828},{""instance_index"":2,""offset_x_px"":0,""offset_y_px"":10,""opacity"":0.30155939},{""instance_index"":3,""offset_x_px"":3,""offset_y_px"":5,""opacity"":0.19820935},{""instance_index"":4,""offset_x_px"":-1,""offset_y_px"":6,""opacity"":0.20278954},{""instance_index"":5,""offset_x_px"":1,""offset_y_px"":9,""opacity"":0.22868284}]}"
syn-v4-conv-0239,240,synthetic/v4_conveyor/images/train/syn-v4-conv-0239.jpg,synthetic/v4_conveyor/masks/component_visible_instances/train/syn-v4-conv-0239.png,synthetic/v4_conveyor/masks/defect_semantic/train/syn-v4-conv-0239.png,synthetic/v4_conveyor/labels/yolo_component_status/train/syn-v4-conv-0239.txt,synthetic/v4_conveyor/labels/yolo_defects/train/syn-v4-conv-0239.txt,synthetic_black_conveyor_multi_instance,train,multi_instance_detection_segmentation,TRAIN_ONLY_MULTI_SCENE_SYNTHETIC,NO,NO,side_component_spot,IMGGEN-CONVEYOR-BLACK-V1,2194412455,0,5,5,body_chip|lead_breakage|contamination|normal_proxy|scratch,syn-v2-700-body_chip-0026|syn-v2-700-lead_breakage-0053|syn-v2-700-contamination-0002|syn-v2-700-scratch-0057|syn-v2-700-scratch-0073,syn-v4-conv-0239,1280,720,b71b326876cb12af4d4f5f0df47eb26491213d30353ebaabf6d866dd5d73101f,aa59ad6f48a64866461fa41f395e877052bb380176be35c819de95b0429b61af,ebfb76a6d21957f67c26b8078686c65e73d920e4130e58c5998d7e87140cd5d3,8b67436e77daba64ef41af021ae6bbe3fd72029f7aa3871d37f1762acda6030e,640ac81de135a30a6b39e8562bad184ed3d10b20b5f074ec4bd5bc4208955d2f,32.557995,4.339363,44.144402,142.331711,109.773716,4.371636,0.000000,0.000000,SHADOWLESS_SAME_SENSOR_JPEG,fa5adb968da368a28b85a711cd7b3d0aab6829453361eb686e915af6797cf717,4.0.0,multi-instance-paired-clean-1024-v1,AUTO_PASS_MULTI_INSTANCE_PAIRED_CLEAN_1024,NO,"{""brightness"":0.92461597,""contrast"":1.05163698,""crop_x"":0,""crop_y"":88,""noise_seed"":4182297197,""noise_sigma"":0.59624636,""orientation_degrees"":270,""resized_height"":1280,""resized_width"":1280}","{""blur_radius_px"":0.2517290936406969,""jpeg_quality"":95,""noise_seed"":3752873538,""noise_sigma"":0.8298055370512898}","{""blur_radius_px"":7.152504936111663,""instances"":[{""instance_index"":1,""offset_x_px"":5,""offset_y_px"":8,""opacity"":0.23426358},{""instance_index"":2,""offset_x_px"":-2,""offset_y_px"":8,""opacity"":0.29273343},{""instance_index"":3,""offset_x_px"":-1,""offset_y_px"":6,""opacity"":0.22180662},{""instance_index"":4,""offset_x_px"":-3,""offset_y_px"":9,""opacity"":0.197893},{""instance_index"":5,""offset_x_px"":5,""offset_y_px"":9,""opacity"":0.2515241}]}"
syn-v4-conv-0240,241,synthetic/v4_conveyor/images/train/syn-v4-conv-0240.jpg,synthetic/v4_conveyor/masks/component_visible_instances/train/syn-v4-conv-0240.png,synthetic/v4_conveyor/masks/defect_semantic/train/syn-v4-conv-0240.png,synthetic/v4_conveyor/labels/yolo_component_status/train/syn-v4-conv-0240.txt,synthetic/v4_conveyor/labels/yolo_defects/train/syn-v4-conv-0240.txt,synthetic_black_conveyor_multi_instance,train,multi_instance_detection_segmentation,TRAIN_ONLY_MULTI_SCENE_SYNTHETIC,NO,NO,neutral_component_spot,IMGGEN-CONVEYOR-BLACK-V1,1600224963,0,5,5,lead_breakage|contamination|scratch|body_crack|normal_proxy,syn-v2-700-lead_breakage-0017|syn-v2-700-contamination-0090|syn-v2-700-scratch-0047|syn-v2-700-body_crack-0096|syn-v2-700-lead_breakage-0056,syn-v4-conv-0240,1280,720,94695f5257ca4526bd6335eac053267398bfe93e9d0e8fc9c4aeb2753289f579,a00764bef003d99b860e1f480d0fadace6e5143a4c873b31f23ec691388b2859,241960542fe4700c61022d9da2dc0351279278984983f1c9ef2c3a6c5a003a0a,915668fb8e51e78adb6cca5fb0439240aeed342ce9e695cadcd5af959080ec5b,fe10b41091b7df56f5187ae92cc0cb20cc6dc8ba410731e7f9a30c26ab10f7e1,26.765974,3.751567,37.000000,145.368698,118.602724,5.431101,0.000000,0.000000,SHADOWLESS_SAME_SENSOR_JPEG,fa5adb968da368a28b85a711cd7b3d0aab6829453361eb686e915af6797cf717,4.0.0,multi-instance-paired-clean-1024-v1,AUTO_PASS_MULTI_INSTANCE_PAIRED_CLEAN_1024,NO,"{""brightness"":0.76741183,""contrast"":1.01848711,""crop_x"":0,""crop_y"":169,""noise_seed"":2020167129,""noise_sigma"":0.13555857,""orientation_degrees"":270,""resized_height"":1280,""resized_width"":1280}","{""blur_radius_px"":0.29939415171338646,""jpeg_quality"":96,""noise_seed"":624821358,""noise_sigma"":1.0495435204329988}","{""blur_radius_px"":5.530041021489909,""instances"":[{""instance_index"":1,""offset_x_px"":0,""offset_y_px"":7,""opacity"":0.24340699},{""instance_index"":2,""offset_x_px"":-1,""offset_y_px"":9,""opacity"":0.20895003},{""instance_index"":3,""offset_x_px"":0,""offset_y_px"":7,""opacity"":0.18539546},{""instance_index"":4,""offset_x_px"":2,""offset_y_px"":7,""opacity"":0.18989872},{""instance_index"":5,""offset_x_px"":3,""offset_y_px"":8,""opacity"":0.31156601}]}"
syn-v4-conv-0241,242,synthetic/v4_conveyor/images/train/syn-v4-conv-0241.jpg,synthetic/v4_conveyor/masks/component_visible_instances/train/syn-v4-conv-0241.png,synthetic/v4_conveyor/masks/defect_semantic/train/syn-v4-conv-0241.png,synthetic/v4_conveyor/labels/yolo_component_status/train/syn-v4-conv-0241.txt,synthetic/v4_conveyor/labels/yolo_defects/train/syn-v4-conv-0241.txt,synthetic_black_conveyor_multi_instance,train,multi_instance_detection_segmentation,TRAIN_ONLY_MULTI_SCENE_SYNTHETIC,NO,NO,warm_component_spot,IMGGEN-CONVEYOR-BLACK-V1,2929662721,0,5,5,scratch|lead_breakage|body_crack|normal_proxy|surface_spot,syn-v2-700-scratch-0076|syn-v2-700-lead_breakage-0046|syn-v2-700-body_crack-0099|syn-v2-700-body_crack-0084|syn-v2-700-surface_spot-0027,syn-v4-conv-0241,1280,720,7506a91e7d3f6011bcc1635f390fc34221b9030c58d667f89b6ad5c71f3c94e0,bb6313d5fe9a29259fcfadefcc4ccd76b77a36ec28f27fa1ea0340a9531ff8ff,5a1df0d842f241bae995d838a693e512e0d5eedc5700d8b3510f4fc992b731bd,93e426f598809a5e5f997028bbfbba792003499d46902955aca28be8c57bfadc,dc3eff10a73f30a5da8ff89d59f415a82461a9e19f3f23c5b9c61d503134926e,29.810009,4.038122,40.573601,135.417252,105.607243,4.542677,0.000000,0.000000,SHADOWLESS_SAME_SENSOR_JPEG,fa5adb968da368a28b85a711cd7b3d0aab6829453361eb686e915af6797cf717,4.0.0,multi-instance-paired-clean-1024-v1,AUTO_PASS_MULTI_INSTANCE_PAIRED_CLEAN_1024,NO,"{""brightness"":0.8579002,""contrast"":1.03703515,""crop_x"":0,""crop_y"":548,""noise_seed"":3730721075,""noise_sigma"":0.53186553,""orientation_degrees"":90,""resized_height"":1280,""resized_width"":1280}","{""blur_radius_px"":0.05207648237905724,""jpeg_quality"":95,""noise_seed"":1703871685,""noise_sigma"":1.0351670816723946}","{""blur_radius_px"":5.2561328906179625,""instances"":[{""instance_index"":1,""offset_x_px"":-1,""offset_y_px"":9,""opacity"":0.29383095},{""instance_index"":2,""offset_x_px"":2,""offset_y_px"":7,""opacity"":0.21147699},{""instance_index"":3,""offset_x_px"":4,""offset_y_px"":6,""opacity"":0.19548535},{""instance_index"":4,""offset_x_px"":3,""offset_y_px"":7,""opacity"":0.23890695},{""instance_index"":5,""offset_x_px"":4,""offset_y_px"":10,""opacity"":0.19964266}]}"
syn-v4-conv-0242,243,synthetic/v4_conveyor/images/train/syn-v4-conv-0242.jpg,synthetic/v4_conveyor/masks/component_visible_instances/train/syn-v4-conv-0242.png,synthetic/v4_conveyor/masks/defect_semantic/train/syn-v4-conv-0242.png,synthetic/v4_conveyor/labels/yolo_component_status/train/syn-v4-conv-0242.txt,synthetic/v4_conveyor/labels/yolo_defects/train/syn-v4-conv-0242.txt,synthetic_black_conveyor_multi_instance,train,multi_instance_detection_segmentation,TRAIN_ONLY_MULTI_SCENE_SYNTHETIC,NO,NO,cool_component_spot,IMGGEN-CONVEYOR-BLACK-V1,1750105250,0,5,5,surface_spot|scratch|lead_breakage|body_crack|body_chip,syn-v2-700-surface_spot-0048|syn-v2-700-scratch-0044|syn-v2-700-lead_breakage-0057|syn-v2-700-body_crack-0031|syn-v2-700-body_chip-0086,syn-v4-conv-0242,1280,720,0719b60fe90e959b47203e0975b6e420bd547bc9be3a03afda12b92acde86ae3,8b58105dbe3de67a9cd7678fa34da007d00b8fb5a4cf1fe03734ae5163e63556,f5b3184f1ece3f0361dda799247d491c691a6777659caf743ce24341bff28dd9,97d0e61cb7a5fac7d7eaeb894663b2635cd7111319a410046261fee1c81ec7e2,3b2b0300582908fcec660d3a505b30a173947b25fbfc42ee1bc60f676f9ed0a9,31.962896,4.416242,43.855598,141.158585,109.195688,4.416326,0.000000,0.000000,SHADOWLESS_SAME_SENSOR_JPEG,fa5adb968da368a28b85a711cd7b3d0aab6829453361eb686e915af6797cf717,4.0.0,multi-instance-paired-clean-1024-v1,AUTO_PASS_MULTI_INSTANCE_PAIRED_CLEAN_1024,NO,"{""brightness"":0.90917463,""contrast"":1.06026474,""crop_x"":0,""crop_y"":171,""noise_seed"":2481056971,""noise_sigma"":1.1271165,""orientation_degrees"":270,""resized_height"":1280,""resized_width"":1280}","{""blur_radius_px"":0.2232347137242003,""jpeg_quality"":94,""noise_seed"":1021869176,""noise_sigma"":1.0764894947134607}","{""blur_radius_px"":8.29698154093261,""instances"":[{""instance_index"":1,""offset_x_px"":4,""offset_y_px"":6,""opacity"":0.2941734},{""instance_index"":2,""offset_x_px"":4,""offset_y_px"":5,""opacity"":0.22123755},{""instance_index"":3,""offset_x_px"":-3,""offset_y_px"":9,""opacity"":0.26773532},{""instance_index"":4,""offset_x_px"":1,""offset_y_px"":8,""opacity"":0.24091263},{""instance_index"":5,""offset_x_px"":1,""offset_y_px"":8,""opacity"":0.3101546}]}"
syn-v4-conv-0243,244,synthetic/v4_conveyor/images/train/syn-v4-conv-0243.jpg,synthetic/v4_conveyor/masks/component_visible_instances/train/syn-v4-conv-0243.png,synthetic/v4_conveyor/masks/defect_semantic/train/syn-v4-conv-0243.png,synthetic/v4_conveyor/labels/yolo_component_status/train/syn-v4-conv-0243.txt,synthetic/v4_conveyor/labels/yolo_defects/train/syn-v4-conv-0243.txt,synthetic_black_conveyor_multi_instance,train,multi_instance_detection_segmentation,TRAIN_ONLY_MULTI_SCENE_SYNTHETIC,NO,NO,side_component_spot,IMGGEN-CONVEYOR-BLACK-V1,1434064683,0,5,5,body_crack|scratch|normal_proxy|lead_breakage|body_chip,syn-v2-700-body_crack-0097|syn-v2-700-scratch-0079|syn-v2-700-surface_spot-0049|syn-v2-700-lead_breakage-0046|syn-v2-700-body_chip-0006,syn-v4-conv-0243,1280,720,c6a49009c2cf51c87ee0d03148b6c9d663e72324766782e4444181c7a196d519,110bd15f11bba687029ae016e84314780696c9fced5d8e0265ad149c5b9328db,31066e7bc3e62def4520f1c6c8551784654d975eb9ad902cf64c7addeb8d34f2,ce8dde502cba9507212ef891ba4f6699832d79463b8ebe2530ab01113c15550d,1b49bba0d232ab735350cd8b928da6217f9f6da60ad759db04410f63e9ea84d8,29.724056,3.632450,39.000000,140.981888,111.257832,4.743023,0.000000,0.000000,SHADOWLESS_SAME_SENSOR_JPEG,fa5adb968da368a28b85a711cd7b3d0aab6829453361eb686e915af6797cf717,4.0.0,multi-instance-paired-clean-1024-v1,AUTO_PASS_MULTI_INSTANCE_PAIRED_CLEAN_1024,NO,"{""brightness"":0.86232431,""contrast"":1.05604659,""crop_x"":0,""crop_y"":124,""noise_seed"":3268750687,""noise_sigma"":0.76007959,""orientation_degrees"":180,""resized_height"":1280,""resized_width"":1280}","{""blur_radius_px"":0.2567946964624691,""jpeg_quality"":94,""noise_seed"":1504551914,""noise_sigma"":0.835169768129508}","{""blur_radius_px"":7.925122814335733,""instances"":[{""instance_index"":1,""offset_x_px"":-3,""offset_y_px"":6,""opacity"":0.30488836},{""instance_index"":2,""offset_x_px"":2,""offset_y_px"":10,""opacity"":0.25961263},{""instance_index"":3,""offset_x_px"":-1,""offset_y_px"":8,""opacity"":0.26898059},{""instance_index"":4,""offset_x_px"":-1,""offset_y_px"":5,""opacity"":0.30833801},{""instance_index"":5,""offset_x_px"":-2,""offset_y_px"":10,""opacity"":0.28969302}]}"
syn-v4-conv-0244,245,synthetic/v4_conveyor/images/train/syn-v4-conv-0244.jpg,synthetic/v4_conveyor/masks/component_visible_instances/train/syn-v4-conv-0244.png,synthetic/v4_conveyor/masks/defect_semantic/train/syn-v4-conv-0244.png,synthetic/v4_conveyor/labels/yolo_component_status/train/syn-v4-conv-0244.txt,synthetic/v4_conveyor/labels/yolo_defects/train/syn-v4-conv-0244.txt,synthetic_black_conveyor_multi_instance,train,multi_instance_detection_segmentation,TRAIN_ONLY_MULTI_SCENE_SYNTHETIC,NO,NO,neutral_component_spot,IMGGEN-CONVEYOR-BLACK-V1,1107524125,0,5,5,scratch|body_chip|surface_spot|body_crack|contamination,syn-v2-700-scratch-0091|syn-v2-700-body_chip-0063|syn-v2-700-surface_spot-0077|syn-v2-700-body_crack-0078|syn-v2-700-contamination-0011,syn-v4-conv-0244,1280,720,aa53db09b4ce2c44f427fd6318ec9fb3befc0d589546adb5be01d6155238d187,0bf34d513c3e28dea101d7f9cf0bdd1811754198bbde88f25a130933f93fa9e9,fbe394ef0e5982398882036ecc0f4516e375ec3a2d52c1089e6592b8d9658d3b,f2a6f6cbb1d55eed5e6a99a47f7c2646ca6a761d2acad30cb6bff938daae1a57,7d4cc19da8d2facf3cf338957cf0be45937672dd045ae389e633bec812cd6b39,33.505150,3.333274,43.144402,141.929825,108.424675,4.236060,0.000000,0.000000,SHADOWLESS_SAME_SENSOR_JPEG,fa5adb968da368a28b85a711cd7b3d0aab6829453361eb686e915af6797cf717,4.0.0,multi-instance-paired-clean-1024-v1,AUTO_PASS_MULTI_INSTANCE_PAIRED_CLEAN_1024,NO,"{""brightness"":0.94377437,""contrast"":0.9730851,""crop_x"":0,""crop_y"":355,""noise_seed"":3208912058,""noise_sigma"":0.52032556,""orientation_degrees"":180,""resized_height"":1280,""resized_width"":1280}","{""blur_radius_px"":0.06700675595891342,""jpeg_quality"":94,""noise_seed"":4078951380,""noise_sigma"":1.0585537714962032}","{""blur_radius_px"":5.242578410261956,""instances"":[{""instance_index"":1,""offset_x_px"":-3,""offset_y_px"":6,""opacity"":0.21076091},{""instance_index"":2,""offset_x_px"":1,""offset_y_px"":9,""opacity"":0.29468601},{""instance_index"":3,""offset_x_px"":3,""offset_y_px"":10,""opacity"":0.23107771},{""instance_index"":4,""offset_x_px"":2,""offset_y_px"":10,""opacity"":0.24008577},{""instance_index"":5,""offset_x_px"":-2,""offset_y_px"":9,""opacity"":0.25460815}]}"
syn-v4-conv-0245,246,synthetic/v4_conveyor/images/train/syn-v4-conv-0245.jpg,synthetic/v4_conveyor/masks/component_visible_instances/train/syn-v4-conv-0245.png,synthetic/v4_conveyor/masks/defect_semantic/train/syn-v4-conv-0245.png,synthetic/v4_conveyor/labels/yolo_component_status/train/syn-v4-conv-0245.txt,synthetic/v4_conveyor/labels/yolo_defects/train/syn-v4-conv-0245.txt,synthetic_black_conveyor_multi_instance,train,multi_instance_detection_segmentation,TRAIN_ONLY_MULTI_SCENE_SYNTHETIC,NO,NO,warm_component_spot,IMGGEN-CONVEYOR-BLACK-V1,445189682,0,5,5,contamination|surface_spot|scratch|discoloration|normal_proxy,syn-v2-700-contamination-0020|syn-v2-700-surface_spot-0024|syn-v2-700-scratch-0008|syn-v2-700-discoloration-0054|syn-v2-700-contamination-0014,syn-v4-conv-0245,1280,720,f164fab2ad2b11339f4f6510d804b35d4e15653d46e6c14810d4e758f416fe63,a3ce46f4c7f6dc4a570b9fde330cedd4d7fef0bfe13e064d692ca24b8ff829f4,d2766aedbc03e6b14b88dc2d42c50e9d69471dea80f6282492a76b882d92b455,e88e2671287e6d442250e8761e9a2033210eb58bef4bcc6dc500c815d9bc73ed,8a6dabd71b3d5e806462af760a74d0d187aaacb5d78d7cdde8c30836d4d7ec3c,28.275269,3.805664,38.144402,137.449921,109.174652,4.861136,0.000000,0.000000,SHADOWLESS_SAME_SENSOR_JPEG,fa5adb968da368a28b85a711cd7b3d0aab6829453361eb686e915af6797cf717,4.0.0,multi-instance-paired-clean-1024-v1,AUTO_PASS_MULTI_INSTANCE_PAIRED_CLEAN_1024,NO,"{""brightness"":0.80711869,""contrast"":1.04710826,""crop_x"":0,""crop_y"":555,""noise_seed"":1509736086,""noise_sigma"":0.07094654,""orientation_degrees"":270,""resized_height"":1280,""resized_width"":1280}","{""blur_radius_px"":0.3006497225908273,""jpeg_quality"":96,""noise_seed"":1420118904,""noise_sigma"":0.5340536247293819}","{""blur_radius_px"":7.612493738222618,""instances"":[{""instance_index"":1,""offset_x_px"":5,""offset_y_px"":7,""opacity"":0.25125248},{""instance_index"":2,""offset_x_px"":4,""offset_y_px"":9,""opacity"":0.19608327},{""instance_index"":3,""offset_x_px"":-2,""offset_y_px"":7,""opacity"":0.20502313},{""instance_index"":4,""offset_x_px"":3,""offset_y_px"":6,""opacity"":0.23597475},{""instance_index"":5,""offset_x_px"":4,""offset_y_px"":5,""opacity"":0.236034}]}"
syn-v4-conv-0246,247,synthetic/v4_conveyor/images/train/syn-v4-conv-0246.jpg,synthetic/v4_conveyor/masks/component_visible_instances/train/syn-v4-conv-0246.png,synthetic/v4_conveyor/masks/defect_semantic/train/syn-v4-conv-0246.png,synthetic/v4_conveyor/labels/yolo_component_status/train/syn-v4-conv-0246.txt,synthetic/v4_conveyor/labels/yolo_defects/train/syn-v4-conv-0246.txt,synthetic_black_conveyor_multi_instance,train,multi_instance_detection_segmentation,TRAIN_ONLY_MULTI_SCENE_SYNTHETIC,NO,NO,cool_component_spot,IMGGEN-CONVEYOR-BLACK-V1,3247077611,0,5,5,contamination|scratch|body_crack|discoloration|body_chip,syn-v2-700-contamination-0020|syn-v2-700-scratch-0076|syn-v2-700-body_crack-0099|syn-v2-700-discoloration-0061|syn-v2-700-body_chip-0063,syn-v4-conv-0246,1280,720,9eeebacdeb090fa0fbf9a0abe39d3ce81a9802ae4b4167c329a1ac93e5d388fe,e92c2d989835fb41fad2bc0273039727c17116b4b874da4db7c6a69fd6d845a4,1a8c39df5f4c1491fc8459ad2d9915c4b1f4a48b056633cf084e3c4d5cbdfa77,4dcf2d28d7c8fcb9d699d73083b13c8cae5673882dc26f3276f5b711447896c3,d6c21aadeaa559a3f5e0b09af9364af9b6dd2cfeee46e4b328a4d8816218c2bc,27.046623,3.749945,37.000000,141.133240,114.086617,5.218146,0.000000,0.000000,SHADOWLESS_SAME_SENSOR_JPEG,fa5adb968da368a28b85a711cd7b3d0aab6829453361eb686e915af6797cf717,4.0.0,multi-instance-paired-clean-1024-v1,AUTO_PASS_MULTI_INSTANCE_PAIRED_CLEAN_1024,NO,"{""brightness"":0.77421165,""contrast"":1.01680302,""crop_x"":0,""crop_y"":297,""noise_seed"":813973236,""noise_sigma"":1.04597389,""orientation_degrees"":270,""resized_height"":1280,""resized_width"":1280}","{""blur_radius_px"":0.3111269266741526,""jpeg_quality"":96,""noise_seed"":2021511632,""noise_sigma"":0.6657899006219001}","{""blur_radius_px"":8.489245105506251,""instances"":[{""instance_index"":1,""offset_x_px"":-3,""offset_y_px"":5,""opacity"":0.26458595},{""instance_index"":2,""offset_x_px"":0,""offset_y_px"":9,""opacity"":0.20515417},{""instance_index"":3,""offset_x_px"":4,""offset_y_px"":9,""opacity"":0.27616939},{""instance_index"":4,""offset_x_px"":5,""offset_y_px"":5,""opacity"":0.27651379},{""instance_index"":5,""offset_x_px"":0,""offset_y_px"":8,""opacity"":0.24415498}]}"
syn-v4-conv-0247,248,synthetic/v4_conveyor/images/train/syn-v4-conv-0247.jpg,synthetic/v4_conveyor/masks/component_visible_instances/train/syn-v4-conv-0247.png,synthetic/v4_conveyor/masks/defect_semantic/train/syn-v4-conv-0247.png,synthetic/v4_conveyor/labels/yolo_component_status/train/syn-v4-conv-0247.txt,synthetic/v4_conveyor/labels/yolo_defects/train/syn-v4-conv-0247.txt,synthetic_black_conveyor_multi_instance,train,multi_instance_detection_segmentation,TRAIN_ONLY_MULTI_SCENE_SYNTHETIC,NO,NO,side_component_spot,IMGGEN-CONVEYOR-BLACK-V1,4036231349,0,5,5,discoloration|body_crack|body_chip|surface_spot|contamination,syn-v2-700-discoloration-0098|syn-v2-700-body_crack-0066|syn-v2-700-body_chip-0018|syn-v2-700-surface_spot-0025|syn-v2-700-contamination-0007,syn-v4-conv-0247,1280,720,96c34544673f91a92317f0b346e203acfd8c6428add4765b1ab85482e8cdd3d1,b900601b4ac21fd5b52e1969c721f519d094f9dc2a282f6dedf6f29ef3d11d2b,43e036146640d44924845aa76cd79f691128f0c6ad4bf16280d23b0c18094595,970f33fb4c5f6a5db5c7d0e1cca763763b292986fc9fee7744505059559b103c,da18067d572dcbfeef211268c76b3fc55888661ab4290da7fe826714dba28252,33.142593,3.778904,43.502598,137.396912,104.254318,4.145629,0.000000,0.000000,SHADOWLESS_SAME_SENSOR_JPEG,fa5adb968da368a28b85a711cd7b3d0aab6829453361eb686e915af6797cf717,4.0.0,multi-instance-paired-clean-1024-v1,AUTO_PASS_MULTI_INSTANCE_PAIRED_CLEAN_1024,NO,"{""brightness"":0.93387168,""contrast"":0.97551399,""crop_x"":0,""crop_y"":197,""noise_seed"":3510217900,""noise_sigma"":0.09810383,""orientation_degrees"":270,""resized_height"":1280,""resized_width"":1280}","{""blur_radius_px"":0.3212216510629661,""jpeg_quality"":96,""noise_seed"":1770974742,""noise_sigma"":0.8393892925528694}","{""blur_radius_px"":8.479394131363584,""instances"":[{""instance_index"":1,""offset_x_px"":0,""offset_y_px"":8,""opacity"":0.31418135},{""instance_index"":2,""offset_x_px"":0,""offset_y_px"":7,""opacity"":0.303401},{""instance_index"":3,""offset_x_px"":3,""offset_y_px"":7,""opacity"":0.25126443},{""instance_index"":4,""offset_x_px"":0,""offset_y_px"":8,""opacity"":0.22976512},{""instance_index"":5,""offset_x_px"":0,""offset_y_px"":9,""opacity"":0.30526033}]}"
syn-v4-conv-0248,249,synthetic/v4_conveyor/images/train/syn-v4-conv-0248.jpg,synthetic/v4_conveyor/masks/component_visible_instances/train/syn-v4-conv-0248.png,synthetic/v4_conveyor/masks/defect_semantic/train/syn-v4-conv-0248.png,synthetic/v4_conveyor/labels/yolo_component_status/train/syn-v4-conv-0248.txt,synthetic/v4_conveyor/labels/yolo_defects/train/syn-v4-conv-0248.txt,synthetic_black_conveyor_multi_instance,train,multi_instance_detection_segmentation,TRAIN_ONLY_MULTI_SCENE_SYNTHETIC,NO,NO,neutral_component_spot,IMGGEN-CONVEYOR-BLACK-V1,3600271044,0,5,5,normal_proxy|contamination|surface_spot|body_crack|discoloration,syn-v2-700-discoloration-0015|syn-v2-700-contamination-0035|syn-v2-700-surface_spot-0004|syn-v2-700-body_crack-0047|syn-v2-700-discoloration-0061,syn-v4-conv-0248,1280,720,0907f26ccedbe0b8a6c8cb5e779eb6d8818eb50b9f9934e89a9323083ddd80b0,daaf5cc6509edf68583c0877aa4e55adb724c5542ad45e3bde2382ba84e975b9,0f2ed990bd6c6a2cd734b4d588838149e3138f730c6e81ea5927af63fae5959d,d23fcde5cae9e7facb0865d976741872901cdaa2b51e73992ccb844ef6bbe230,a1a473ad4d5bcfda706f028f56225eeae2e287b3d5abcb7ff5fb0699ce0f4b00,30.675035,3.394609,40.144402,140.129318,109.454283,4.568188,0.000000,0.000000,SHADOWLESS_SAME_SENSOR_JPEG,fa5adb968da368a28b85a711cd7b3d0aab6829453361eb686e915af6797cf717,4.0.0,multi-instance-paired-clean-1024-v1,AUTO_PASS_MULTI_INSTANCE_PAIRED_CLEAN_1024,NO,"{""brightness"":0.87046684,""contrast"":0.95118491,""crop_x"":0,""crop_y"":143,""noise_seed"":1036254231,""noise_sigma"":0.84975246,""orientation_degrees"":270,""resized_height"":1280,""resized_width"":1280}","{""blur_radius_px"":0.33081989372479825,""jpeg_quality"":92,""noise_seed"":1711584733,""noise_sigma"":1.1574540748239597}","{""blur_radius_px"":7.110520983374746,""instances"":[{""instance_index"":1,""offset_x_px"":-3,""offset_y_px"":7,""opacity"":0.22967985},{""instance_index"":2,""offset_x_px"":-3,""offset_y_px"":7,""opacity"":0.21849245},{""instance_index"":3,""offset_x_px"":-3,""offset_y_px"":6,""opacity"":0.2529209},{""instance_index"":4,""offset_x_px"":2,""offset_y_px"":7,""opacity"":0.20704154},{""instance_index"":5,""offset_x_px"":5,""offset_y_px"":8,""opacity"":0.28216924}]}"
syn-v4-conv-0249,250,synthetic/v4_conveyor/images/train/syn-v4-conv-0249.jpg,synthetic/v4_conveyor/masks/component_visible_instances/train/syn-v4-conv-0249.png,synthetic/v4_conveyor/masks/defect_semantic/train/syn-v4-conv-0249.png,synthetic/v4_conveyor/labels/yolo_component_status/train/syn-v4-conv-0249.txt,synthetic/v4_conveyor/labels/yolo_defects/train/syn-v4-conv-0249.txt,synthetic_black_conveyor_multi_instance,train,multi_instance_detection_segmentation,TRAIN_ONLY_MULTI_SCENE_SYNTHETIC,NO,NO,warm_component_spot,IMGGEN-CONVEYOR-BLACK-V1,891309808,0,5,5,discoloration|scratch|body_crack|normal_proxy|contamination,syn-v2-700-discoloration-0039|syn-v2-700-scratch-0076|syn-v2-700-body_crack-0037|syn-v2-700-lead_breakage-0051|syn-v2-700-contamination-0044,syn-v4-conv-0249,1280,720,7683783b8cde31bce9025a86fc323552e223df113501b2520d1147b506741f4d,83de8ad15b59d0fdde98983f69956b9f4721e5b7d4e10e967ecb38a4e38cfe77,bc16af880b02b72124fe5d9688f7cf7876a0422e9cfeff052584b32c77cd1d53,1defc51ad8e82d8e84356a23a3f88c8bd28909c6799b3a19ba1aaba0b350a84d,03f92dec0d12fa4f81fffc96cec0c8e08352409478306d315a65bdb7fcd8be39,32.478413,4.338371,44.000000,138.144135,105.665722,4.253414,0.000000,0.000000,SHADOWLESS_SAME_SENSOR_JPEG,fa5adb968da368a28b85a711cd7b3d0aab6829453361eb686e915af6797cf717,4.0.0,multi-instance-paired-clean-1024-v1,AUTO_PASS_MULTI_INSTANCE_PAIRED_CLEAN_1024,NO,"{""brightness"":0.91566277,""contrast"":1.02365631,""crop_x"":0,""crop_y"":150,""noise_seed"":258662723,""noise_sigma"":0.05341342,""orientation_degrees"":90,""resized_height"":1280,""resized_width"":1280}","{""blur_radius_px"":0.23867115179003592,""jpeg_quality"":96,""noise_seed"":1185530706,""noise_sigma"":0.8523816369630441}","{""blur_radius_px"":5.518101695835713,""instances"":[{""instance_index"":1,""offset_x_px"":3,""offset_y_px"":6,""opacity"":0.26166696},{""instance_index"":2,""offset_x_px"":2,""offset_y_px"":8,""opacity"":0.23408961},{""instance_index"":3,""offset_x_px"":0,""offset_y_px"":10,""opacity"":0.23155923},{""instance_index"":4,""offset_x_px"":5,""offset_y_px"":6,""opacity"":0.20161609},{""instance_index"":5,""offset_x_px"":5,""offset_y_px"":5,""opacity"":0.24438786}]}"
syn-v4-conv-0250,251,synthetic/v4_conveyor/images/train/syn-v4-conv-0250.jpg,synthetic/v4_conveyor/masks/component_visible_instances/train/syn-v4-conv-0250.png,synthetic/v4_conveyor/masks/defect_semantic/train/syn-v4-conv-0250.png,synthetic/v4_conveyor/labels/yolo_component_status/train/syn-v4-conv-0250.txt,synthetic/v4_conveyor/labels/yolo_defects/train/syn-v4-conv-0250.txt,synthetic_black_conveyor_multi_instance,train,multi_instance_detection_segmentation,TRAIN_ONLY_MULTI_SCENE_SYNTHETIC,NO,NO,cool_component_spot,IMGGEN-CONVEYOR-BLACK-V1,1141692444,1,5,5,surface_spot|lead_breakage|body_crack|contamination|scratch,syn-v2-700-surface_spot-0076|syn-v2-700-lead_breakage-0069|syn-v2-700-body_crack-0003|syn-v2-700-contamination-0007|syn-v2-700-scratch-0018,syn-v4-conv-0250,1280,720,e04083c919d00bd3c31ad2f20c311c55f8be861480311a6a082adf8e7b86f897,6d9e6a18228636e1eb9cfce84abcb19a617502341c08ba9dc475349dd638c240,8f4c100612a5afe4675d89b7d4e771c1825c58b693b58850d7d3c14322130832,fdf44715c9b3ab6b978a12b331d34b3dced99337432b383f7e5aba4d0133549c,358779a94a784c00d1c45c6dc917b1036228c1af0ee44f6e5e38a128fc5a0dac,30.290367,3.343807,40.000000,136.563828,106.273460,4.508490,0.000000,0.000000,SHADOWLESS_SAME_SENSOR_JPEG,fa5adb968da368a28b85a711cd7b3d0aab6829453361eb686e915af6797cf717,4.0.0,multi-instance-paired-clean-1024-v1,AUTO_PASS_MULTI_INSTANCE_PAIRED_CLEAN_1024,NO,"{""brightness"":0.8565694,""contrast"":0.98264103,""crop_x"":0,""crop_y"":250,""noise_seed"":446850356,""noise_sigma"":0.32652924,""orientation_degrees"":270,""resized_height"":1280,""resized_width"":1280}","{""blur_radius_px"":0.08617423894566689,""jpeg_quality"":95,""noise_seed"":944986816,""noise_sigma"":1.0062993921449856}","{""blur_radius_px"":6.4404697178153025,""instances"":[{""instance_index"":1,""offset_x_px"":4,""offset_y_px"":8,""opacity"":0.20608155},{""instance_index"":2,""offset_x_px"":-2,""offset_y_px"":9,""opacity"":0.22558402},{""instance_index"":3,""offset_x_px"":1,""offset_y_px"":6,""opacity"":0.20775672},{""instance_index"":4,""offset_x_px"":2,""offset_y_px"":9,""opacity"":0.21079879},{""instance_index"":5,""offset_x_px"":-2,""offset_y_px"":5,""opacity"":0.23342945}]}"
syn-v4-conv-0251,252,synthetic/v4_conveyor/images/train/syn-v4-conv-0251.jpg,synthetic/v4_conveyor/masks/component_visible_instances/train/syn-v4-conv-0251.png,synthetic/v4_conveyor/masks/defect_semantic/train/syn-v4-conv-0251.png,synthetic/v4_conveyor/labels/yolo_component_status/train/syn-v4-conv-0251.txt,synthetic/v4_conveyor/labels/yolo_defects/train/syn-v4-conv-0251.txt,synthetic_black_conveyor_multi_instance,train,multi_instance_detection_segmentation,TRAIN_ONLY_MULTI_SCENE_SYNTHETIC,NO,NO,side_component_spot,IMGGEN-CONVEYOR-BLACK-V1,1076330036,0,5,5,normal_proxy|surface_spot|scratch|body_chip|body_crack,syn-v2-700-discoloration-0039|syn-v2-700-surface_spot-0076|syn-v2-700-scratch-0091|syn-v2-700-body_chip-0011|syn-v2-700-body_crack-0037,syn-v4-conv-0251,1280,720,751d3e3397eb7a06dcfe7df02985e199c2316f5215d14f24f82f88829548ce26,928c9b1b8e2bc0834ab236421edbee4067ce24b4c489e7e57fe3e3515812618c,9ead64735345fd90ca5a33285bc6dfe04bea8ed9a0ee2ebb80809417c374bbf9,6bfa3d98590e919023897a7802645b69a733e6252d3c2482c368dc2d7dcfa159,a119b611845d5f96a14d2e79962e35a4eef2b87177ac513e28dc5dcde541648b,28.264067,3.644222,38.000000,145.794250,117.530184,5.158290,0.000000,0.000000,SHADOWLESS_SAME_SENSOR_JPEG,fa5adb968da368a28b85a711cd7b3d0aab6829453361eb686e915af6797cf717,4.0.0,multi-instance-paired-clean-1024-v1,AUTO_PASS_MULTI_INSTANCE_PAIRED_CLEAN_1024,NO,"{""brightness"":0.80363836,""contrast"":1.06691656,""crop_x"":0,""crop_y"":337,""noise_seed"":1669724445,""noise_sigma"":0.23174977,""orientation_degrees"":180,""resized_height"":1280,""resized_width"":1280}","{""blur_radius_px"":0.15990140281934212,""jpeg_quality"":94,""noise_seed"":498948879,""noise_sigma"":0.8148686355009247}","{""blur_radius_px"":7.514471253554126,""instances"":[{""instance_index"":1,""offset_x_px"":3,""offset_y_px"":8,""opacity"":0.18569163},{""instance_index"":2,""offset_x_px"":4,""offset_y_px"":6,""opacity"":0.18712162},{""instance_index"":3,""offset_x_px"":-1,""offset_y_px"":6,""opacity"":0.27389717},{""instance_index"":4,""offset_x_px"":1,""offset_y_px"":6,""opacity"":0.29828446},{""instance_index"":5,""offset_x_px"":-3,""offset_y_px"":7,""opacity"":0.25328774}]}"
syn-v4-conv-0252,253,synthetic/v4_conveyor/images/train/syn-v4-conv-0252.jpg,synthetic/v4_conveyor/masks/component_visible_instances/train/syn-v4-conv-0252.png,synthetic/v4_conveyor/masks/defect_semantic/train/syn-v4-conv-0252.png,synthetic/v4_conveyor/labels/yolo_component_status/train/syn-v4-conv-0252.txt,synthetic/v4_conveyor/labels/yolo_defects/train/syn-v4-conv-0252.txt,synthetic_black_conveyor_multi_instance,train,multi_instance_detection_segmentation,TRAIN_ONLY_MULTI_SCENE_SYNTHETIC,NO,NO,neutral_component_spot,IMGGEN-CONVEYOR-BLACK-V1,4106569624,0,5,5,lead_breakage|discoloration|surface_spot|normal_proxy|contamination,syn-v2-700-lead_breakage-0099|syn-v2-700-discoloration-0048|syn-v2-700-surface_spot-0076|syn-v2-700-body_chip-0039|syn-v2-700-contamination-0052,syn-v4-conv-0252,1280,720,d523fec2c67a19e4c1c0e848777c1866b270f4edcd09c6203ba0e58ce709c3c8,f64837b3d84f8ffd522b7c9449bb81e5dfa19f7e67e42cb185414ea67d4aed06,2902aa5ad49a2c32f7d7748324e94ae9fc79a63fd792e853619c192afbcd1d86,d659a784fa6252bfbf511a10bacee17724e35aaab0fbd3a2b31c29e89c23ea89,12923ebe63ae30bc554243903c6bc54557cc67286f41c04ea143fc1d1b90b0d3,29.611492,3.304524,39.000000,146.195816,116.584324,4.937131,0.000000,0.000000,SHADOWLESS_SAME_SENSOR_JPEG,fa5adb968da368a28b85a711cd7b3d0aab6829453361eb686e915af6797cf717,4.0.0,multi-instance-paired-clean-1024-v1,AUTO_PASS_MULTI_INSTANCE_PAIRED_CLEAN_1024,NO,"{""brightness"":0.83816396,""contrast"":0.92728563,""crop_x"":0,""crop_y"":419,""noise_seed"":165969837,""noise_sigma"":0.77740292,""orientation_degrees"":90,""resized_height"":1280,""resized_width"":1280}","{""blur_radius_px"":0.10506556745249895,""jpeg_quality"":96,""noise_seed"":3127528691,""noise_sigma"":0.639354169333237}","{""blur_radius_px"":6.625488878644848,""instances"":[{""instance_index"":1,""offset_x_px"":4,""offset_y_px"":10,""opacity"":0.24137663},{""instance_index"":2,""offset_x_px"":-3,""offset_y_px"":7,""opacity"":0.2836756},{""instance_index"":3,""offset_x_px"":-3,""offset_y_px"":9,""opacity"":0.27402916},{""instance_index"":4,""offset_x_px"":-2,""offset_y_px"":8,""opacity"":0.2788635},{""instance_index"":5,""offset_x_px"":3,""offset_y_px"":6,""opacity"":0.27403422}]}"
syn-v4-conv-0253,254,synthetic/v4_conveyor/images/train/syn-v4-conv-0253.jpg,synthetic/v4_conveyor/masks/component_visible_instances/train/syn-v4-conv-0253.png,synthetic/v4_conveyor/masks/defect_semantic/train/syn-v4-conv-0253.png,synthetic/v4_conveyor/labels/yolo_component_status/train/syn-v4-conv-0253.txt,synthetic/v4_conveyor/labels/yolo_defects/train/syn-v4-conv-0253.txt,synthetic_black_conveyor_multi_instance,train,multi_instance_detection_segmentation,TRAIN_ONLY_MULTI_SCENE_SYNTHETIC,NO,NO,warm_component_spot,IMGGEN-CONVEYOR-BLACK-V1,2807232623,0,5,5,contamination|lead_breakage|surface_spot|normal_proxy|scratch,syn-v2-700-contamination-0006|syn-v2-700-lead_breakage-0085|syn-v2-700-surface_spot-0092|syn-v2-700-contamination-0073|syn-v2-700-scratch-0079,syn-v4-conv-0253,1280,720,6b470de03c3979ae9aaa3f310aea57155f6e43f1227f7a629829a37148f4a249,b74f2e5fa2ad471eeff20cc8ab2f06fe450321c274eba111d9d795ff24184bfe,bdf76d22b2329bcb0609df4edb5bcdca06004b725c4c9ccf257b86a04e139e4c,6c07b93e8ffd4cdbbb7fd11824040c783185aa5a60185a71f2650afaf12e5cfd,61af759adc657b018e95a016b9f5c2d4026d2cd9618445030e406f0784763714,26.488380,3.679039,36.144398,145.240448,118.752068,5.483176,0.000000,0.000000,SHADOWLESS_SAME_SENSOR_JPEG,fa5adb968da368a28b85a711cd7b3d0aab6829453361eb686e915af6797cf717,4.0.0,multi-instance-paired-clean-1024-v1,AUTO_PASS_MULTI_INSTANCE_PAIRED_CLEAN_1024,NO,"{""brightness"":0.76648716,""contrast"":1.02200466,""crop_x"":0,""crop_y"":530,""noise_seed"":3214369566,""noise_sigma"":0.74394894,""orientation_degrees"":90,""resized_height"":1280,""resized_width"":1280}","{""blur_radius_px"":0.1807075539701103,""jpeg_quality"":94,""noise_seed"":2742797499,""noise_sigma"":1.0903261427406654}","{""blur_radius_px"":6.90395775290232,""instances"":[{""instance_index"":1,""offset_x_px"":-2,""offset_y_px"":8,""opacity"":0.31324762},{""instance_index"":2,""offset_x_px"":1,""offset_y_px"":6,""opacity"":0.26104066},{""instance_index"":3,""offset_x_px"":-1,""offset_y_px"":6,""opacity"":0.22405746},{""instance_index"":4,""offset_x_px"":-2,""offset_y_px"":7,""opacity"":0.24363098},{""instance_index"":5,""offset_x_px"":4,""offset_y_px"":8,""opacity"":0.24316013}]}"
syn-v4-conv-0254,255,synthetic/v4_conveyor/images/train/syn-v4-conv-0254.jpg,synthetic/v4_conveyor/masks/component_visible_instances/train/syn-v4-conv-0254.png,synthetic/v4_conveyor/masks/defect_semantic/train/syn-v4-conv-0254.png,synthetic/v4_conveyor/labels/yolo_component_status/train/syn-v4-conv-0254.txt,synthetic/v4_conveyor/labels/yolo_defects/train/syn-v4-conv-0254.txt,synthetic_black_conveyor_multi_instance,train,multi_instance_detection_segmentation,TRAIN_ONLY_MULTI_SCENE_SYNTHETIC,NO,NO,cool_component_spot,IMGGEN-CONVEYOR-BLACK-V1,2480769379,0,5,5,body_crack|contamination|body_chip|lead_breakage|normal_proxy,syn-v2-700-body_crack-0096|syn-v2-700-contamination-0006|syn-v2-700-body_chip-0004|syn-v2-700-lead_breakage-0053|syn-v2-700-scratch-0073,syn-v4-conv-0254,1280,720,b111ec9da5f73dd7fae72398ebf91dfef3e6b0196b2bc37ea2532d9a7469c1b7,05659b207aaee6c4a58bc32af1e1a91f0fbab060e95b12740328558fce741fe4,ba12c8dfe734a1a741405b57cbc3c52de073022372b7a36a198cf72dcbe868fa,1a76e9557f55a631e2a353d6d5b30137f9313df98dafc3d631e72063a0879535,ea8bb93f41cf9a6a8a9a4e89f35963cac79c79fc05d95ab3be60729599dadbf2,30.987488,3.348235,40.931801,132.033600,101.046112,4.260868,0.000000,0.000000,SHADOWLESS_SAME_SENSOR_JPEG,fa5adb968da368a28b85a711cd7b3d0aab6829453361eb686e915af6797cf717,4.0.0,multi-instance-paired-clean-1024-v1,AUTO_PASS_MULTI_INSTANCE_PAIRED_CLEAN_1024,NO,"{""brightness"":0.88634633,""contrast"":0.97211623,""crop_x"":0,""crop_y"":552,""noise_seed"":1276684202,""noise_sigma"":0.54796268,""orientation_degrees"":90,""resized_height"":1280,""resized_width"":1280}","{""blur_radius_px"":0.1680975243031658,""jpeg_quality"":94,""noise_seed"":2690009562,""noise_sigma"":1.2483137607883663}","{""blur_radius_px"":8.189100014267435,""instances"":[{""instance_index"":1,""offset_x_px"":5,""offset_y_px"":7,""opacity"":0.21968078},{""instance_index"":2,""offset_x_px"":-1,""offset_y_px"":7,""opacity"":0.29902717},{""instance_index"":3,""offset_x_px"":0,""offset_y_px"":10,""opacity"":0.3195281},{""instance_index"":4,""offset_x_px"":0,""offset_y_px"":8,""opacity"":0.21300224},{""instance_index"":5,""offset_x_px"":0,""offset_y_px"":10,""opacity"":0.20159821}]}"
syn-v4-conv-0255,256,synthetic/v4_conveyor/images/train/syn-v4-conv-0255.jpg,synthetic/v4_conveyor/masks/component_visible_instances/train/syn-v4-conv-0255.png,synthetic/v4_conveyor/masks/defect_semantic/train/syn-v4-conv-0255.png,synthetic/v4_conveyor/labels/yolo_component_status/train/syn-v4-conv-0255.txt,synthetic/v4_conveyor/labels/yolo_defects/train/syn-v4-conv-0255.txt,synthetic_black_conveyor_multi_instance,train,multi_instance_detection_segmentation,TRAIN_ONLY_MULTI_SCENE_SYNTHETIC,NO,NO,side_component_spot,IMGGEN-CONVEYOR-BLACK-V1,3579418299,0,5,5,scratch|lead_breakage|discoloration|surface_spot|body_crack,syn-v2-700-scratch-0023|syn-v2-700-lead_breakage-0020|syn-v2-700-discoloration-0070|syn-v2-700-surface_spot-0071|syn-v2-700-body_crack-0070,syn-v4-conv-0255,1280,720,16279396b4573e940387e2d874ea73e3701fd4a946badd3836b6026feeca444f,6c0f2908ae58e13699329ef61ed3d447f753a370cb9531806790ae7e447d8304,91fb3493903fd315ac8edd37ebc2a744e2a7fe423fa3b0d958ec6489777d1bec,455ff8853a73cd04b30711c52d71fcd18bcb7d27a6573795bc7c98b90f7eb542,4a0a292c78ea73274d9bfe1de80d18bef2472d9115f0369b516c691427ff1ec6,29.899582,3.935629,40.144402,145.169876,115.270294,4.855248,0.000000,0.000000,SHADOWLESS_SAME_SENSOR_JPEG,fa5adb968da368a28b85a711cd7b3d0aab6829453361eb686e915af6797cf717,4.0.0,multi-instance-paired-clean-1024-v1,AUTO_PASS_MULTI_INSTANCE_PAIRED_CLEAN_1024,NO,"{""brightness"":0.85290333,""contrast"":1.06358566,""crop_x"":0,""crop_y"":553,""noise_seed"":548247230,""noise_sigma"":0.94602512,""orientation_degrees"":270,""resized_height"":1280,""resized_width"":1280}","{""blur_radius_px"":0.27307907689322536,""jpeg_quality"":92,""noise_seed"":2672875276,""noise_sigma"":0.5036458422386134}","{""blur_radius_px"":6.346964485096412,""instances"":[{""instance_index"":1,""offset_x_px"":0,""offset_y_px"":9,""opacity"":0.21460701},{""instance_index"":2,""offset_x_px"":4,""offset_y_px"":7,""opacity"":0.24265809},{""instance_index"":3,""offset_x_px"":5,""offset_y_px"":10,""opacity"":0.20231854},{""instance_index"":4,""offset_x_px"":-2,""offset_y_px"":5,""opacity"":0.28084611},{""instance_index"":5,""offset_x_px"":0,""offset_y_px"":10,""opacity"":0.22498805}]}"
syn-v4-conv-0256,257,synthetic/v4_conveyor/images/train/syn-v4-conv-0256.jpg,synthetic/v4_conveyor/masks/component_visible_instances/train/syn-v4-conv-0256.png,synthetic/v4_conveyor/masks/defect_semantic/train/syn-v4-conv-0256.png,synthetic/v4_conveyor/labels/yolo_component_status/train/syn-v4-conv-0256.txt,synthetic/v4_conveyor/labels/yolo_defects/train/syn-v4-conv-0256.txt,synthetic_black_conveyor_multi_instance,train,multi_instance_detection_segmentation,TRAIN_ONLY_MULTI_SCENE_SYNTHETIC,NO,NO,neutral_component_spot,IMGGEN-CONVEYOR-BLACK-V1,3217722000,0,5,5,surface_spot|lead_breakage|scratch|body_chip|discoloration,syn-v2-700-surface_spot-0025|syn-v2-700-lead_breakage-0029|syn-v2-700-scratch-0079|syn-v2-700-body_chip-0079|syn-v2-700-discoloration-0018,syn-v4-conv-0256,1280,720,3336921bf90cafc7985e9ca7ce71c59186b395b13efcb74425ddd67e998b37a6,8d47893769b44847a333d0c04817814cf39d2364612216f1692b71cebc139f65,5f05fd24ead4d43f6737248ff10c02924c0887866ddff8465527adcd78ca83bb,26280b565e6fd8e45c84afdd89f9ae19570f53ad8d96be679c6792f5a566f212,6830f5b001ed0f6cb4cd426ecc76c6539df7eb140d561f28aad26a6c5ef05b7b,25.491789,3.748519,35.000000,135.310425,109.818636,5.308000,0.000000,0.000000,SHADOWLESS_SAME_SENSOR_JPEG,fa5adb968da368a28b85a711cd7b3d0aab6829453361eb686e915af6797cf717,4.0.0,multi-instance-paired-clean-1024-v1,AUTO_PASS_MULTI_INSTANCE_PAIRED_CLEAN_1024,NO,"{""brightness"":0.72503745,""contrast"":1.01671772,""crop_x"":0,""crop_y"":227,""noise_seed"":1700667962,""noise_sigma"":0.85978725,""orientation_degrees"":270,""resized_height"":1280,""resized_width"":1280}","{""blur_radius_px"":0.14738773322955934,""jpeg_quality"":96,""noise_seed"":544678560,""noise_sigma"":1.1832143002399538}","{""blur_radius_px"":7.1335259574006775,""instances"":[{""instance_index"":1,""offset_x_px"":4,""offset_y_px"":5,""opacity"":0.20492925},{""instance_index"":2,""offset_x_px"":-1,""offset_y_px"":9,""opacity"":0.23739155},{""instance_index"":3,""offset_x_px"":3,""offset_y_px"":6,""opacity"":0.24528388},{""instance_index"":4,""offset_x_px"":1,""offset_y_px"":10,""opacity"":0.30794694},{""instance_index"":5,""offset_x_px"":2,""offset_y_px"":10,""opacity"":0.24463259}]}"
syn-v4-conv-0257,258,synthetic/v4_conveyor/images/train/syn-v4-conv-0257.jpg,synthetic/v4_conveyor/masks/component_visible_instances/train/syn-v4-conv-0257.png,synthetic/v4_conveyor/masks/defect_semantic/train/syn-v4-conv-0257.png,synthetic/v4_conveyor/labels/yolo_component_status/train/syn-v4-conv-0257.txt,synthetic/v4_conveyor/labels/yolo_defects/train/syn-v4-conv-0257.txt,synthetic_black_conveyor_multi_instance,train,multi_instance_detection_segmentation,TRAIN_ONLY_MULTI_SCENE_SYNTHETIC,NO,NO,warm_component_spot,IMGGEN-CONVEYOR-BLACK-V1,1688559100,0,5,5,discoloration|surface_spot|body_crack|scratch|contamination,syn-v2-700-discoloration-0053|syn-v2-700-surface_spot-0046|syn-v2-700-body_crack-0081|syn-v2-700-scratch-0007|syn-v2-700-contamination-0014,syn-v4-conv-0257,1280,720,2acf83a964e07be973bab553bcce0a0f25cf52513e79fe403fa355946d91afc3,927b01008d19e1c905c848194d3ee148bbec02a535d68b488e73d70d472113dc,5afd13db0818f865b1fdb4d40a6a5eef465f88670b23c3e08abbe475279adba3,7da69fb4482be5e515c4847cb7d2a67674c8ca07c33f182a6f38ae5e6e7c46a8,cc83db5bcbb3f39c5f22921337c585ea56751f7d257191b7315d635ffbe03807,26.213800,3.486891,35.144402,142.614197,116.400396,5.440424,0.000000,0.000000,SHADOWLESS_SAME_SENSOR_JPEG,fa5adb968da368a28b85a711cd7b3d0aab6829453361eb686e915af6797cf717,4.0.0,multi-instance-paired-clean-1024-v1,AUTO_PASS_MULTI_INSTANCE_PAIRED_CLEAN_1024,NO,"{""brightness"":0.75470219,""contrast"":1.0452218,""crop_x"":0,""crop_y"":364,""noise_seed"":1000697560,""noise_sigma"":1.07106054,""orientation_degrees"":180,""resized_height"":1280,""resized_width"":1280}","{""blur_radius_px"":0.027018387843294717,""jpeg_quality"":96,""noise_seed"":2160450916,""noise_sigma"":0.31079234038769904}","{""blur_radius_px"":6.326906514005313,""instances"":[{""instance_index"":1,""offset_x_px"":0,""offset_y_px"":8,""opacity"":0.28481522},{""instance_index"":2,""offset_x_px"":3,""offset_y_px"":5,""opacity"":0.2561858},{""instance_index"":3,""offset_x_px"":3,""offset_y_px"":5,""opacity"":0.3060188},{""instance_index"":4,""offset_x_px"":2,""offset_y_px"":6,""opacity"":0.24452632},{""instance_index"":5,""offset_x_px"":-3,""offset_y_px"":5,""opacity"":0.25908563}]}"
syn-v4-conv-0258,259,synthetic/v4_conveyor/images/train/syn-v4-conv-0258.jpg,synthetic/v4_conveyor/masks/component_visible_instances/train/syn-v4-conv-0258.png,synthetic/v4_conveyor/masks/defect_semantic/train/syn-v4-conv-0258.png,synthetic/v4_conveyor/labels/yolo_component_status/train/syn-v4-conv-0258.txt,synthetic/v4_conveyor/labels/yolo_defects/train/syn-v4-conv-0258.txt,synthetic_black_conveyor_multi_instance,train,multi_instance_detection_segmentation,TRAIN_ONLY_MULTI_SCENE_SYNTHETIC,NO,NO,cool_component_spot,IMGGEN-CONVEYOR-BLACK-V1,828091795,0,5,5,scratch|discoloration|lead_breakage|surface_spot|body_chip,syn-v2-700-scratch-0044|syn-v2-700-discoloration-0070|syn-v2-700-lead_breakage-0008|syn-v2-700-surface_spot-0048|syn-v2-700-body_chip-0055,syn-v4-conv-0258,1280,720,739a02bbdebacc3b01a1d8e408550a7ff98552e9cd76e919673686ae389fbf5b,22ed5ae5b32a07e9186b23b10dcabdad53a464771117a6c0550fdbeb3b9465b0,da052e717988bee8d26c536341b9571912ea286fc269287c3d9d25cdb17812d5,46f39d08e19e176000bf1e9c7abe92663a857c266d4149801b8283bdfff20969,eb22a7092986712850a60f1692bc8e3cd201a1c196c8f68c9001cc829d0c9038,31.201433,4.122678,42.000000,142.750641,111.549208,4.575131,0.000000,0.000000,SHADOWLESS_SAME_SENSOR_JPEG,fa5adb968da368a28b85a711cd7b3d0aab6829453361eb686e915af6797cf717,4.0.0,multi-instance-paired-clean-1024-v1,AUTO_PASS_MULTI_INSTANCE_PAIRED_CLEAN_1024,NO,"{""brightness"":0.87971472,""contrast"":1.02595693,""crop_x"":0,""crop_y"":46,""noise_seed"":3179099351,""noise_sigma"":1.12755416,""orientation_degrees"":90,""resized_height"":1280,""resized_width"":1280}","{""blur_radius_px"":0.026522487484124682,""jpeg_quality"":94,""noise_seed"":3714811136,""noise_sigma"":0.38789910931686516}","{""blur_radius_px"":7.304832528219201,""instances"":[{""instance_index"":1,""offset_x_px"":3,""offset_y_px"":6,""opacity"":0.21181993},{""instance_index"":2,""offset_x_px"":-2,""offset_y_px"":6,""opacity"":0.23109649},{""instance_index"":3,""offset_x_px"":4,""offset_y_px"":8,""opacity"":0.28156576},{""instance_index"":4,""offset_x_px"":0,""offset_y_px"":6,""opacity"":0.29523239},{""instance_index"":5,""offset_x_px"":4,""offset_y_px"":5,""opacity"":0.2078036}]}"
syn-v4-conv-0259,260,synthetic/v4_conveyor/images/train/syn-v4-conv-0259.jpg,synthetic/v4_conveyor/masks/component_visible_instances/train/syn-v4-conv-0259.png,synthetic/v4_conveyor/masks/defect_semantic/train/syn-v4-conv-0259.png,synthetic/v4_conveyor/labels/yolo_component_status/train/syn-v4-conv-0259.txt,synthetic/v4_conveyor/labels/yolo_defects/train/syn-v4-conv-0259.txt,synthetic_black_conveyor_multi_instance,train,multi_instance_detection_segmentation,TRAIN_ONLY_MULTI_SCENE_SYNTHETIC,NO,NO,side_component_spot,IMGGEN-CONVEYOR-BLACK-V1,3825098796,0,5,5,lead_breakage|body_chip|contamination|scratch|surface_spot,syn-v2-700-lead_breakage-0060|syn-v2-700-body_chip-0035|syn-v2-700-contamination-0054|syn-v2-700-scratch-0001|syn-v2-700-surface_spot-0092,syn-v4-conv-0259,1280,720,873824b77fac7f94aa387f8817aec85d7aff839a26fad6fbaea0da07c3873dae,2011c4ab7fd563e92368e26b5d1e5316b2e4f5f3fb07a26bb6e669a4a1c03939,b0d4892b1b47d6ce4a7955447d9a73789f969f72739ac62df0cc7ce22c2154ac,b1bec0f645597f079bd81d397b650f9f5ffdaf1a90551bc623f188805a9d61c8,27c84f48dafab10a72bdc6ff85cfb54ea710cd03b1dca2106f0db8dcf1f2501c,27.098652,2.633790,34.502598,139.190308,112.091656,5.136429,0.000000,0.000000,SHADOWLESS_SAME_SENSOR_JPEG,fa5adb968da368a28b85a711cd7b3d0aab6829453361eb686e915af6797cf717,4.0.0,multi-instance-paired-clean-1024-v1,AUTO_PASS_MULTI_INSTANCE_PAIRED_CLEAN_1024,NO,"{""brightness"":0.79649907,""contrast"":0.92199515,""crop_x"":0,""crop_y"":503,""noise_seed"":4093697724,""noise_sigma"":0.18209712,""orientation_degrees"":0,""resized_height"":1280,""resized_width"":1280}","{""blur_radius_px"":0.2861222847261336,""jpeg_quality"":95,""noise_seed"":370151628,""noise_sigma"":0.829674043992843}","{""blur_radius_px"":7.777820694547725,""instances"":[{""instance_index"":1,""offset_x_px"":4,""offset_y_px"":6,""opacity"":0.27937106},{""instance_index"":2,""offset_x_px"":3,""offset_y_px"":7,""opacity"":0.22178112},{""instance_index"":3,""offset_x_px"":-3,""offset_y_px"":10,""opacity"":0.2466954},{""instance_index"":4,""offset_x_px"":-1,""offset_y_px"":6,""opacity"":0.21925677},{""instance_index"":5,""offset_x_px"":5,""offset_y_px"":7,""opacity"":0.20098514}]}"
syn-v4-conv-0260,261,synthetic/v4_conveyor/images/train/syn-v4-conv-0260.jpg,synthetic/v4_conveyor/masks/component_visible_instances/train/syn-v4-conv-0260.png,synthetic/v4_conveyor/masks/defect_semantic/train/syn-v4-conv-0260.png,synthetic/v4_conveyor/labels/yolo_component_status/train/syn-v4-conv-0260.txt,synthetic/v4_conveyor/labels/yolo_defects/train/syn-v4-conv-0260.txt,synthetic_black_conveyor_multi_instance,train,multi_instance_detection_segmentation,TRAIN_ONLY_MULTI_SCENE_SYNTHETIC,NO,NO,neutral_component_spot,IMGGEN-CONVEYOR-BLACK-V1,3135755182,0,5,5,body_crack|discoloration|normal_proxy|lead_breakage|scratch,syn-v2-700-body_crack-0052|syn-v2-700-discoloration-0058|syn-v2-700-contamination-0002|syn-v2-700-lead_breakage-0017|syn-v2-700-scratch-0057,syn-v4-conv-0260,1280,720,c7fec057f63b69fae236f2df43573fe3940e0aa4baeafe28c0620d7f1ddd55bf,473b4514bf504305b4be24ce9fff857fdaf58c9f621b7b9ce5be44511fedf974,12fba5c1a2cf3205132182d6ebc6790a6ccd31ad8aad2c9932aabbf48a9451d7,547870f642bb2b9c11722b5a4bfafdf92f180cc3d001c2ae516995244a9edd46,a829506d512c780bccf1ca65d79a45398e5c43442990efddc78a7d5a119fb6f9,27.361578,2.941879,36.000000,137.468475,110.106897,5.024143,0.000000,0.000000,SHADOWLESS_SAME_SENSOR_JPEG,fa5adb968da368a28b85a711cd7b3d0aab6829453361eb686e915af6797cf717,4.0.0,multi-instance-paired-clean-1024-v1,AUTO_PASS_MULTI_INSTANCE_PAIRED_CLEAN_1024,NO,"{""brightness"":0.78504264,""contrast"":0.92478301,""crop_x"":0,""crop_y"":500,""noise_seed"":4001665384,""noise_sigma"":0.80261923,""orientation_degrees"":90,""resized_height"":1280,""resized_width"":1280}","{""blur_radius_px"":0.0007292695127625758,""jpeg_quality"":93,""noise_seed"":4283988187,""noise_sigma"":0.6999632886204488}","{""blur_radius_px"":6.586689371961047,""instances"":[{""instance_index"":1,""offset_x_px"":2,""offset_y_px"":5,""opacity"":0.19652059},{""instance_index"":2,""offset_x_px"":-1,""offset_y_px"":6,""opacity"":0.28090003},{""instance_index"":3,""offset_x_px"":-3,""offset_y_px"":5,""opacity"":0.21009584},{""instance_index"":4,""offset_x_px"":-2,""offset_y_px"":8,""opacity"":0.3128002},{""instance_index"":5,""offset_x_px"":0,""offset_y_px"":7,""opacity"":0.19665749}]}"
syn-v4-conv-0261,262,synthetic/v4_conveyor/images/train/syn-v4-conv-0261.jpg,synthetic/v4_conveyor/masks/component_visible_instances/train/syn-v4-conv-0261.png,synthetic/v4_conveyor/masks/defect_semantic/train/syn-v4-conv-0261.png,synthetic/v4_conveyor/labels/yolo_component_status/train/syn-v4-conv-0261.txt,synthetic/v4_conveyor/labels/yolo_defects/train/syn-v4-conv-0261.txt,synthetic_black_conveyor_multi_instance,train,multi_instance_detection_segmentation,TRAIN_ONLY_MULTI_SCENE_SYNTHETIC,NO,NO,warm_component_spot,IMGGEN-CONVEYOR-BLACK-V1,3555122316,0,5,5,surface_spot|body_crack|scratch|body_chip|contamination,syn-v2-700-surface_spot-0088|syn-v2-700-body_crack-0037|syn-v2-700-scratch-0054|syn-v2-700-body_chip-0025|syn-v2-700-contamination-0052,syn-v4-conv-0261,1280,720,bc9fd1faed6e5a761f0f2f662bfb5b613b5d0b32c4817458fe56bf149814efea,d05c261182fb81c1a5537244be187d889c62e82e476fca73f18f28cb15b1b761,a25021fbed8aee22b243151e46ac02d85741da895cf773520f515f19f873b48e,2838c1549557335cbc712f15463252690917cf09663a78213ecbc5cedf435616,922f73642fb1b41d832ebc7979aa78be06f31d792be665c53d1019205ac6595d,31.010359,3.315782,40.144402,140.788345,109.777987,4.540042,0.000000,0.000000,SHADOWLESS_SAME_SENSOR_JPEG,fa5adb968da368a28b85a711cd7b3d0aab6829453361eb686e915af6797cf717,4.0.0,multi-instance-paired-clean-1024-v1,AUTO_PASS_MULTI_INSTANCE_PAIRED_CLEAN_1024,NO,"{""brightness"":0.87391226,""contrast"":0.93323326,""crop_x"":0,""crop_y"":410,""noise_seed"":2861906779,""noise_sigma"":0.43038569,""orientation_degrees"":180,""resized_height"":1280,""resized_width"":1280}","{""blur_radius_px"":0.08838191722103737,""jpeg_quality"":96,""noise_seed"":2363116218,""noise_sigma"":1.2190158043517847}","{""blur_radius_px"":7.743484572619288,""instances"":[{""instance_index"":1,""offset_x_px"":2,""offset_y_px"":10,""opacity"":0.24115244},{""instance_index"":2,""offset_x_px"":-3,""offset_y_px"":7,""opacity"":0.18336688},{""instance_index"":3,""offset_x_px"":5,""offset_y_px"":6,""opacity"":0.29904512},{""instance_index"":4,""offset_x_px"":3,""offset_y_px"":10,""opacity"":0.24245557},{""instance_index"":5,""offset_x_px"":2,""offset_y_px"":8,""opacity"":0.30766059}]}"
syn-v4-conv-0262,263,synthetic/v4_conveyor/images/train/syn-v4-conv-0262.jpg,synthetic/v4_conveyor/masks/component_visible_instances/train/syn-v4-conv-0262.png,synthetic/v4_conveyor/masks/defect_semantic/train/syn-v4-conv-0262.png,synthetic/v4_conveyor/labels/yolo_component_status/train/syn-v4-conv-0262.txt,synthetic/v4_conveyor/labels/yolo_defects/train/syn-v4-conv-0262.txt,synthetic_black_conveyor_multi_instance,train,multi_instance_detection_segmentation,TRAIN_ONLY_MULTI_SCENE_SYNTHETIC,NO,NO,cool_component_spot,IMGGEN-CONVEYOR-BLACK-V1,3250305307,0,5,5,scratch|surface_spot|body_chip|contamination|discoloration,syn-v2-700-scratch-0067|syn-v2-700-surface_spot-0004|syn-v2-700-body_chip-0060|syn-v2-700-contamination-0096|syn-v2-700-discoloration-0025,syn-v4-conv-0262,1280,720,d3365ff3c447275c12b3fc8c2c410ece6b8d903ce095f78658fc6caa0b42569d,f4bf341f0e57bd6bec25aec929f1497a1b588b1d31c358a5c9458e79c9a0fc94,951bcd61a6351e6ee0fe3812392085af5381cf1e72db3c0dffea82f0c253dab9,2a45eb605eb73a7e43fa5650af1fffa8a638f897d3466a57766a74641e35f84f,43b398befe210671921d9bbf6c02cd3188ad2041a551940209b925b19103c0b2,27.676701,3.052106,36.497398,132.622314,104.945614,4.791840,0.000000,0.000000,SHADOWLESS_SAME_SENSOR_JPEG,fa5adb968da368a28b85a711cd7b3d0aab6829453361eb686e915af6797cf717,4.0.0,multi-instance-paired-clean-1024-v1,AUTO_PASS_MULTI_INSTANCE_PAIRED_CLEAN_1024,NO,"{""brightness"":0.79161725,""contrast"":0.98107291,""crop_x"":0,""crop_y"":120,""noise_seed"":1233066472,""noise_sigma"":0.39553894,""orientation_degrees"":270,""resized_height"":1280,""resized_width"":1280}","{""blur_radius_px"":0.22577920746486374,""jpeg_quality"":92,""noise_seed"":3726381779,""noise_sigma"":1.1939084555652306}","{""blur_radius_px"":8.133502149560695,""instances"":[{""instance_index"":1,""offset_x_px"":4,""offset_y_px"":9,""opacity"":0.2081794},{""instance_index"":2,""offset_x_px"":-3,""offset_y_px"":7,""opacity"":0.27296015},{""instance_index"":3,""offset_x_px"":-3,""offset_y_px"":10,""opacity"":0.23937557},{""instance_index"":4,""offset_x_px"":1,""offset_y_px"":10,""opacity"":0.25065158},{""instance_index"":5,""offset_x_px"":1,""offset_y_px"":5,""opacity"":0.31915014}]}"
syn-v4-conv-0263,264,synthetic/v4_conveyor/images/train/syn-v4-conv-0263.jpg,synthetic/v4_conveyor/masks/component_visible_instances/train/syn-v4-conv-0263.png,synthetic/v4_conveyor/masks/defect_semantic/train/syn-v4-conv-0263.png,synthetic/v4_conveyor/labels/yolo_component_status/train/syn-v4-conv-0263.txt,synthetic/v4_conveyor/labels/yolo_defects/train/syn-v4-conv-0263.txt,synthetic_black_conveyor_multi_instance,train,multi_instance_detection_segmentation,TRAIN_ONLY_MULTI_SCENE_SYNTHETIC,NO,NO,side_component_spot,IMGGEN-CONVEYOR-BLACK-V1,1149122501,0,5,5,body_chip|surface_spot|discoloration|scratch|lead_breakage,syn-v2-700-body_chip-0058|syn-v2-700-surface_spot-0021|syn-v2-700-discoloration-0013|syn-v2-700-scratch-0008|syn-v2-700-lead_breakage-0085,syn-v4-conv-0263,1280,720,aac1949fd55af6e1312510b719bf20d3caf06ed1c9d41ca75c6226c3109c2282,9b8b641c5bb19d89c1267a0956e5b000d3d9f2e7c39b400c2aaa6eeab77d8069,84cb85eb1680b902b7b2a18a471e5e5d4b85ccc1af722250451c7143fdeb98e7,54a0aec4acd77d2e5793b5721c4e9459b2ef1e290a54054f40bea2fb8e0d4d3b,e4237af4a0207176e90b5003814e21ac81072d0810d0940f97220fbed878223b,27.027872,2.910040,35.358200,137.731644,110.703772,5.095911,0.000000,0.000000,SHADOWLESS_SAME_SENSOR_JPEG,fa5adb968da368a28b85a711cd7b3d0aab6829453361eb686e915af6797cf717,4.0.0,multi-instance-paired-clean-1024-v1,AUTO_PASS_MULTI_INSTANCE_PAIRED_CLEAN_1024,NO,"{""brightness"":0.76822429,""contrast"":0.93381395,""crop_x"":0,""crop_y"":252,""noise_seed"":512458215,""noise_sigma"":0.30248265,""orientation_degrees"":90,""resized_height"":1280,""resized_width"":1280}","{""blur_radius_px"":0.2290222933371211,""jpeg_quality"":92,""noise_seed"":1337462482,""noise_sigma"":0.86655950902276}","{""blur_radius_px"":8.966883782253502,""instances"":[{""instance_index"":1,""offset_x_px"":3,""offset_y_px"":8,""opacity"":0.20640985},{""instance_index"":2,""offset_x_px"":0,""offset_y_px"":7,""opacity"":0.22752817},{""instance_index"":3,""offset_x_px"":-1,""offset_y_px"":9,""opacity"":0.19212771},{""instance_index"":4,""offset_x_px"":0,""offset_y_px"":7,""opacity"":0.25070053},{""instance_index"":5,""offset_x_px"":3,""offset_y_px"":7,""opacity"":0.18654762}]}"
syn-v4-conv-0264,265,synthetic/v4_conveyor/images/train/syn-v4-conv-0264.jpg,synthetic/v4_conveyor/masks/component_visible_instances/train/syn-v4-conv-0264.png,synthetic/v4_conveyor/masks/defect_semantic/train/syn-v4-conv-0264.png,synthetic/v4_conveyor/labels/yolo_component_status/train/syn-v4-conv-0264.txt,synthetic/v4_conveyor/labels/yolo_defects/train/syn-v4-conv-0264.txt,synthetic_black_conveyor_multi_instance,train,multi_instance_detection_segmentation,TRAIN_ONLY_MULTI_SCENE_SYNTHETIC,NO,NO,neutral_component_spot,IMGGEN-CONVEYOR-BLACK-V1,888056152,0,5,5,scratch|normal_proxy|surface_spot|lead_breakage|body_crack,syn-v2-700-scratch-0008|syn-v2-700-body_chip-0005|syn-v2-700-surface_spot-0047|syn-v2-700-lead_breakage-0059|syn-v2-700-body_crack-0070,syn-v4-conv-0264,1280,720,a011cb452fc8f64a960d7df8317ccbfa043756dae234c7c3223c72f4f09cfe54,27b8a0e492f4758d90232ebb95f8dac0b99ad1f2eb23e01acd20217b115e3a35,819ebd5bfd052ef2893b2fbbafef530e17a08c6a8f7af9e70a5913dda6f0c536,add5610f811a181fe62f1bfad7d7890fd4d25477f405d9c5225fd4b46d11da88,5be1e08865a25062c732b35c1a90f91d49d4a73cbfdbe1361b347fe1c7d81a0f,33.086533,4.346490,44.502602,143.785339,110.698807,4.345736,0.000000,0.000000,SHADOWLESS_SAME_SENSOR_JPEG,fa5adb968da368a28b85a711cd7b3d0aab6829453361eb686e915af6797cf717,4.0.0,multi-instance-paired-clean-1024-v1,AUTO_PASS_MULTI_INSTANCE_PAIRED_CLEAN_1024,NO,"{""brightness"":0.92678896,""contrast"":1.03960214,""crop_x"":0,""crop_y"":303,""noise_seed"":945803506,""noise_sigma"":0.17173008,""orientation_degrees"":270,""resized_height"":1280,""resized_width"":1280}","{""blur_radius_px"":0.01674290331849415,""jpeg_quality"":95,""noise_seed"":1949722571,""noise_sigma"":0.49698636920516953}","{""blur_radius_px"":7.504879349405932,""instances"":[{""instance_index"":1,""offset_x_px"":3,""offset_y_px"":7,""opacity"":0.18340316},{""instance_index"":2,""offset_x_px"":-3,""offset_y_px"":8,""opacity"":0.22437082},{""instance_index"":3,""offset_x_px"":1,""offset_y_px"":9,""opacity"":0.18324366},{""instance_index"":4,""offset_x_px"":3,""offset_y_px"":10,""opacity"":0.21847807},{""instance_index"":5,""offset_x_px"":-1,""offset_y_px"":10,""opacity"":0.25699013}]}"
syn-v4-conv-0265,266,synthetic/v4_conveyor/images/train/syn-v4-conv-0265.jpg,synthetic/v4_conveyor/masks/component_visible_instances/train/syn-v4-conv-0265.png,synthetic/v4_conveyor/masks/defect_semantic/train/syn-v4-conv-0265.png,synthetic/v4_conveyor/labels/yolo_component_status/train/syn-v4-conv-0265.txt,synthetic/v4_conveyor/labels/yolo_defects/train/syn-v4-conv-0265.txt,synthetic_black_conveyor_multi_instance,train,multi_instance_detection_segmentation,TRAIN_ONLY_MULTI_SCENE_SYNTHETIC,NO,NO,warm_component_spot,IMGGEN-CONVEYOR-BLACK-V1,2543785671,0,5,5,discoloration|lead_breakage|surface_spot|body_crack|contamination,syn-v2-700-discoloration-0082|syn-v2-700-lead_breakage-0017|syn-v2-700-surface_spot-0070|syn-v2-700-body_crack-0008|syn-v2-700-contamination-0077,syn-v4-conv-0265,1280,720,e37967ff0fe4eb21466be1286a9b912c1667212da82e527b3783d399c428d45d,25cd5ce540e426977410cab3a4ac90473ca483f079285afeb4cf7b5ac9beae05,2d33ca237df1eeae745ddbda556ba8df67022de21507502789692d203a72a36e,bef125c8e36a17c97ab39d605baffd705cf689234b4403d84eda1e02cd5fbca0,7fde48c4a92bed341c2afc8a0cfd699464e6f55ffbc41848082321b3009e79c0,27.539989,3.362897,36.144398,138.238449,110.698460,5.019553,0.000000,0.000000,SHADOWLESS_SAME_SENSOR_JPEG,fa5adb968da368a28b85a711cd7b3d0aab6829453361eb686e915af6797cf717,4.0.0,multi-instance-paired-clean-1024-v1,AUTO_PASS_MULTI_INSTANCE_PAIRED_CLEAN_1024,NO,"{""brightness"":0.81555871,""contrast"":1.03160914,""crop_x"":0,""crop_y"":525,""noise_seed"":456951495,""noise_sigma"":0.15714433,""orientation_degrees"":0,""resized_height"":1280,""resized_width"":1280}","{""blur_radius_px"":0.15646730987083698,""jpeg_quality"":94,""noise_seed"":717058212,""noise_sigma"":0.7193423573767386}","{""blur_radius_px"":8.616639519506693,""instances"":[{""instance_index"":1,""offset_x_px"":5,""offset_y_px"":8,""opacity"":0.22810681},{""instance_index"":2,""offset_x_px"":5,""offset_y_px"":9,""opacity"":0.2283454},{""instance_index"":3,""offset_x_px"":2,""offset_y_px"":7,""opacity"":0.19025226},{""instance_index"":4,""offset_x_px"":3,""offset_y_px"":6,""opacity"":0.20010704},{""instance_index"":5,""offset_x_px"":4,""offset_y_px"":7,""opacity"":0.20664729}]}"
syn-v4-conv-0266,267,synthetic/v4_conveyor/images/train/syn-v4-conv-0266.jpg,synthetic/v4_conveyor/masks/component_visible_instances/train/syn-v4-conv-0266.png,synthetic/v4_conveyor/masks/defect_semantic/train/syn-v4-conv-0266.png,synthetic/v4_conveyor/labels/yolo_component_status/train/syn-v4-conv-0266.txt,synthetic/v4_conveyor/labels/yolo_defects/train/syn-v4-conv-0266.txt,synthetic_black_conveyor_multi_instance,train,multi_instance_detection_segmentation,TRAIN_ONLY_MULTI_SCENE_SYNTHETIC,NO,NO,cool_component_spot,IMGGEN-CONVEYOR-BLACK-V1,1199059486,0,5,5,contamination|body_crack|normal_proxy|discoloration|lead_breakage,syn-v2-700-contamination-0078|syn-v2-700-body_crack-0078|syn-v2-700-body_chip-0018|syn-v2-700-discoloration-0018|syn-v2-700-lead_breakage-0076,syn-v4-conv-0266,1280,720,89a3f2c0ccde6d55ec7d4c0527cc587afb519a696fe78440f10dc075ce6f7c8d,4b6f7c5f5b54649b0e1b6b1d2e9aed9cb478669c7b077617920588103daaac63,4354d9ea38aafd239ce1cbd6b4d0ad6f38fa5a41411727cd56dc8864aaf302ba,85f1c41eb6014e38518bdc3c06435270e790c3d6a4a56821ecf2995daf334de3,5feca5bd0f5e05f620e44f73eda0dd30be2270f1e88df746e4b166a12bef7951,32.241371,4.357755,43.931801,134.647171,102.405800,4.176223,0.000000,0.000000,SHADOWLESS_SAME_SENSOR_JPEG,fa5adb968da368a28b85a711cd7b3d0aab6829453361eb686e915af6797cf717,4.0.0,multi-instance-paired-clean-1024-v1,AUTO_PASS_MULTI_INSTANCE_PAIRED_CLEAN_1024,NO,"{""brightness"":0.9061133,""contrast"":1.06703681,""crop_x"":0,""crop_y"":218,""noise_seed"":2254198778,""noise_sigma"":0.87387355,""orientation_degrees"":90,""resized_height"":1280,""resized_width"":1280}","{""blur_radius_px"":0.2063345908928414,""jpeg_quality"":92,""noise_seed"":1196101439,""noise_sigma"":0.5459766500388366}","{""blur_radius_px"":6.728893429989018,""instances"":[{""instance_index"":1,""offset_x_px"":0,""offset_y_px"":5,""opacity"":0.30553651},{""instance_index"":2,""offset_x_px"":-2,""offset_y_px"":9,""opacity"":0.24706814},{""instance_index"":3,""offset_x_px"":0,""offset_y_px"":10,""opacity"":0.25619668},{""instance_index"":4,""offset_x_px"":0,""offset_y_px"":8,""opacity"":0.2909843},{""instance_index"":5,""offset_x_px"":2,""offset_y_px"":8,""opacity"":0.31571184}]}"
syn-v4-conv-0267,268,synthetic/v4_conveyor/images/train/syn-v4-conv-0267.jpg,synthetic/v4_conveyor/masks/component_visible_instances/train/syn-v4-conv-0267.png,synthetic/v4_conveyor/masks/defect_semantic/train/syn-v4-conv-0267.png,synthetic/v4_conveyor/labels/yolo_component_status/train/syn-v4-conv-0267.txt,synthetic/v4_conveyor/labels/yolo_defects/train/syn-v4-conv-0267.txt,synthetic_black_conveyor_multi_instance,train,multi_instance_detection_segmentation,TRAIN_ONLY_MULTI_SCENE_SYNTHETIC,NO,NO,side_component_spot,IMGGEN-CONVEYOR-BLACK-V1,892663613,0,5,5,scratch|lead_breakage|surface_spot|discoloration|normal_proxy,syn-v2-700-scratch-0047|syn-v2-700-lead_breakage-0082|syn-v2-700-surface_spot-0076|syn-v2-700-discoloration-0039|syn-v2-700-scratch-0011,syn-v4-conv-0267,1280,720,43b65e7901ff579d4873d9986c935fa6234b825e64b52eecae927c6b358a7fae,42acf1112b49d0838fa6b00ebe4ba150a18352a3b576374298b5c1d6573fb364,6f6c7544799df16edb4ad0ee80272e8abdfac687dd4cddbbfdd7d5c3938b7bad,322271274168dfbb23d7fae0fee1249d87f927fa6d319310ec31003b0d520bca,df8ba6a5f3009e77e9b8928c35100145aca59f6b04a11682cf22d37c5a82e49e,28.025999,3.100329,37.000000,139.304169,111.278170,4.970534,0.000000,0.000000,SHADOWLESS_SAME_SENSOR_JPEG,fa5adb968da368a28b85a711cd7b3d0aab6829453361eb686e915af6797cf717,4.0.0,multi-instance-paired-clean-1024-v1,AUTO_PASS_MULTI_INSTANCE_PAIRED_CLEAN_1024,NO,"{""brightness"":0.79706206,""contrast"":0.97146946,""crop_x"":0,""crop_y"":442,""noise_seed"":3482437696,""noise_sigma"":0.05769433,""orientation_degrees"":270,""resized_height"":1280,""resized_width"":1280}","{""blur_radius_px"":0.018869827793521865,""jpeg_quality"":96,""noise_seed"":297843944,""noise_sigma"":0.9005265998217513}","{""blur_radius_px"":8.230761879098017,""instances"":[{""instance_index"":1,""offset_x_px"":3,""offset_y_px"":5,""opacity"":0.28262985},{""instance_index"":2,""offset_x_px"":-1,""offset_y_px"":7,""opacity"":0.28286279},{""instance_index"":3,""offset_x_px"":3,""offset_y_px"":10,""opacity"":0.29741826},{""instance_index"":4,""offset_x_px"":-2,""offset_y_px"":8,""opacity"":0.3068043},{""instance_index"":5,""offset_x_px"":-1,""offset_y_px"":6,""opacity"":0.28897005}]}"
syn-v4-conv-0268,269,synthetic/v4_conveyor/images/train/syn-v4-conv-0268.jpg,synthetic/v4_conveyor/masks/component_visible_instances/train/syn-v4-conv-0268.png,synthetic/v4_conveyor/masks/defect_semantic/train/syn-v4-conv-0268.png,synthetic/v4_conveyor/labels/yolo_component_status/train/syn-v4-conv-0268.txt,synthetic/v4_conveyor/labels/yolo_defects/train/syn-v4-conv-0268.txt,synthetic_black_conveyor_multi_instance,train,multi_instance_detection_segmentation,TRAIN_ONLY_MULTI_SCENE_SYNTHETIC,NO,NO,neutral_component_spot,IMGGEN-CONVEYOR-BLACK-V1,47415325,0,5,5,surface_spot|scratch|discoloration|contamination|body_chip,syn-v2-700-surface_spot-0046|syn-v2-700-scratch-0097|syn-v2-700-discoloration-0013|syn-v2-700-contamination-0006|syn-v2-700-body_chip-0004,syn-v4-conv-0268,1280,720,31968e7d8ab79fbde32223839e59094512db9ad03f417420b7dc1d60bbd616dc,962e08292c5b6605cdab56ec844860c676825831baa1f678039d734feea9889c,fa143be36d72ac5fb2f6fe0025ceafd71717321bda3539a328b671de479c39e5,e9d18626482827df8520166e90a9317ef0ccc714c90d5b0bb789b5d1fa087847,2fef7ddade0b1115b90d82b1903013870d398144487ae3e8a73a12da47e8f451,30.989151,4.111661,42.000000,138.728790,107.739639,4.476689,0.000000,0.000000,SHADOWLESS_SAME_SENSOR_JPEG,fa5adb968da368a28b85a711cd7b3d0aab6829453361eb686e915af6797cf717,4.0.0,multi-instance-paired-clean-1024-v1,AUTO_PASS_MULTI_INSTANCE_PAIRED_CLEAN_1024,NO,"{""brightness"":0.88109041,""contrast"":1.05206095,""crop_x"":0,""crop_y"":412,""noise_seed"":572500908,""noise_sigma"":0.00099571,""orientation_degrees"":270,""resized_height"":1280,""resized_width"":1280}","{""blur_radius_px"":0.13432230630747927,""jpeg_quality"":94,""noise_seed"":1531059397,""noise_sigma"":0.3129992099627256}","{""blur_radius_px"":6.181714237665519,""instances"":[{""instance_index"":1,""offset_x_px"":2,""offset_y_px"":5,""opacity"":0.20521062},{""instance_index"":2,""offset_x_px"":0,""offset_y_px"":8,""opacity"":0.25260775},{""instance_index"":3,""offset_x_px"":3,""offset_y_px"":10,""opacity"":0.21941073},{""instance_index"":4,""offset_x_px"":3,""offset_y_px"":6,""opacity"":0.27526654},{""instance_index"":5,""offset_x_px"":-2,""offset_y_px"":9,""opacity"":0.2512744}]}"
syn-v4-conv-0269,270,synthetic/v4_conveyor/images/train/syn-v4-conv-0269.jpg,synthetic/v4_conveyor/masks/component_visible_instances/train/syn-v4-conv-0269.png,synthetic/v4_conveyor/masks/defect_semantic/train/syn-v4-conv-0269.png,synthetic/v4_conveyor/labels/yolo_component_status/train/syn-v4-conv-0269.txt,synthetic/v4_conveyor/labels/yolo_defects/train/syn-v4-conv-0269.txt,synthetic_black_conveyor_multi_instance,train,multi_instance_detection_segmentation,TRAIN_ONLY_MULTI_SCENE_SYNTHETIC,NO,NO,warm_component_spot,IMGGEN-CONVEYOR-BLACK-V1,3891526470,0,5,5,body_crack|scratch|discoloration|normal_proxy|contamination,syn-v2-700-body_crack-0047|syn-v2-700-scratch-0097|syn-v2-700-discoloration-0073|syn-v2-700-contamination-0096|syn-v2-700-contamination-0020,syn-v4-conv-0269,1280,720,ed7205abc412ef60a38e7883ab838b2fd77c9666ab5215d410b44e1a21d75340,ef575a984f728ed3e268e01ed6d7380f9ffd376e4651c8231b7188e7b56a4689,c62d5547a785a9a26892a366548e91657b064cc73787e5ff0deff316a0d9c995,c33cc36f78887ec62b90dab97d5e7d114a4bb2792e0d3599c57bafc0f3c93796,854c3ce5945a30ae49367aa6bae3272b5c08a5618403d2ea45d01e93a6bdc5db,33.399208,3.370196,43.144402,140.813904,107.414696,4.216085,0.000000,0.000000,SHADOWLESS_SAME_SENSOR_JPEG,fa5adb968da368a28b85a711cd7b3d0aab6829453361eb686e915af6797cf717,4.0.0,multi-instance-paired-clean-1024-v1,AUTO_PASS_MULTI_INSTANCE_PAIRED_CLEAN_1024,NO,"{""brightness"":0.92209624,""contrast"":0.96471377,""crop_x"":0,""crop_y"":503,""noise_seed"":2716686071,""noise_sigma"":0.8282435,""orientation_degrees"":180,""resized_height"":1280,""resized_width"":1280}","{""blur_radius_px"":0.2971307933159775,""jpeg_quality"":93,""noise_seed"":869348365,""noise_sigma"":0.4982177019159166}","{""blur_radius_px"":7.153370322626525,""instances"":[{""instance_index"":1,""offset_x_px"":5,""offset_y_px"":6,""opacity"":0.26053765},{""instance_index"":2,""offset_x_px"":3,""offset_y_px"":9,""opacity"":0.26164986},{""instance_index"":3,""offset_x_px"":-2,""offset_y_px"":6,""opacity"":0.24075283},{""instance_index"":4,""offset_x_px"":1,""offset_y_px"":9,""opacity"":0.22178402},{""instance_index"":5,""offset_x_px"":-2,""offset_y_px"":5,""opacity"":0.27363627}]}"
syn-v4-conv-0270,271,synthetic/v4_conveyor/images/train/syn-v4-conv-0270.jpg,synthetic/v4_conveyor/masks/component_visible_instances/train/syn-v4-conv-0270.png,synthetic/v4_conveyor/masks/defect_semantic/train/syn-v4-conv-0270.png,synthetic/v4_conveyor/labels/yolo_component_status/train/syn-v4-conv-0270.txt,synthetic/v4_conveyor/labels/yolo_defects/train/syn-v4-conv-0270.txt,synthetic_black_conveyor_multi_instance,train,multi_instance_detection_segmentation,TRAIN_ONLY_MULTI_SCENE_SYNTHETIC,NO,NO,cool_component_spot,IMGGEN-CONVEYOR-BLACK-V1,3748087829,0,5,5,body_chip|contamination|scratch|normal_proxy|lead_breakage,syn-v2-700-body_chip-0086|syn-v2-700-contamination-0020|syn-v2-700-scratch-0057|syn-v2-700-lead_breakage-0089|syn-v2-700-lead_breakage-0010,syn-v4-conv-0270,1280,720,ce3b86f1937247c48a53b7f2b5098c2600365bacf3a7d6d436922ea61d6c78d6,a12cfb617c26d7efd70d8bdbb4bf7717704014a2d5dec2c72f37488209440b07,a071072d3a0f85344094fbea131ceff1c62fe290832a985f8ad6ef24b86d6393,7a699febdff82c5ddb7579bb34b1cb71a82c8adec7604b96f0a9b7d858aea1a0,293f6580171ef9b88d71fd1f45f112dda2d1a2915aba9af9fd99722f03d46aee,25.966206,3.600313,35.144402,141.180328,115.214123,5.437080,0.000000,0.000000,SHADOWLESS_SAME_SENSOR_JPEG,fa5adb968da368a28b85a711cd7b3d0aab6829453361eb686e915af6797cf717,4.0.0,multi-instance-paired-clean-1024-v1,AUTO_PASS_MULTI_INSTANCE_PAIRED_CLEAN_1024,NO,"{""brightness"":0.74159625,""contrast"":1.06679694,""crop_x"":0,""crop_y"":324,""noise_seed"":722866136,""noise_sigma"":1.02547388,""orientation_degrees"":90,""resized_height"":1280,""resized_width"":1280}","{""blur_radius_px"":0.17256881223302992,""jpeg_quality"":93,""noise_seed"":3636313566,""noise_sigma"":0.6811075590927405}","{""blur_radius_px"":6.502602985834766,""instances"":[{""instance_index"":1,""offset_x_px"":5,""offset_y_px"":5,""opacity"":0.21752679},{""instance_index"":2,""offset_x_px"":4,""offset_y_px"":8,""opacity"":0.1822399},{""instance_index"":3,""offset_x_px"":1,""offset_y_px"":8,""opacity"":0.31216531},{""instance_index"":4,""offset_x_px"":1,""offset_y_px"":8,""opacity"":0.23587088},{""instance_index"":5,""offset_x_px"":5,""offset_y_px"":9,""opacity"":0.19524637}]}"
syn-v4-conv-0271,272,synthetic/v4_conveyor/images/train/syn-v4-conv-0271.jpg,synthetic/v4_conveyor/masks/component_visible_instances/train/syn-v4-conv-0271.png,synthetic/v4_conveyor/masks/defect_semantic/train/syn-v4-conv-0271.png,synthetic/v4_conveyor/labels/yolo_component_status/train/syn-v4-conv-0271.txt,synthetic/v4_conveyor/labels/yolo_defects/train/syn-v4-conv-0271.txt,synthetic_black_conveyor_multi_instance,train,multi_instance_detection_segmentation,TRAIN_ONLY_MULTI_SCENE_SYNTHETIC,NO,NO,side_component_spot,IMGGEN-CONVEYOR-BLACK-V1,1177060509,0,5,5,surface_spot|body_chip|lead_breakage|normal_proxy|discoloration,syn-v2-700-surface_spot-0070|syn-v2-700-body_chip-0005|syn-v2-700-lead_breakage-0018|syn-v2-700-discoloration-0080|syn-v2-700-discoloration-0025,syn-v4-conv-0271,1280,720,bb8f46aee9d7ddcbbc19dd31a79754df8277292b4b64c33477790e637ff66be8,f83f308afdec2f0bca9cd913d619a0d468241027c388870acaf4ff320bf77337,654e2b0fc5a0d7dbf45aba08824706125cdb6d66f16366564072e6c6aa3c3360,a4e022b31fe83418bb7a5a2bca7ee63e8d27245e993d0637ca05144b74ab4715,efc914dc7dc3b280f54d46d73a7c905a252ebffca19c347a75f0aba822f895f0,31.724586,3.453166,41.502602,140.728149,109.003563,4.435933,0.000000,0.000000,SHADOWLESS_SAME_SENSOR_JPEG,fa5adb968da368a28b85a711cd7b3d0aab6829453361eb686e915af6797cf717,4.0.0,multi-instance-paired-clean-1024-v1,AUTO_PASS_MULTI_INSTANCE_PAIRED_CLEAN_1024,NO,"{""brightness"":0.89176459,""contrast"":0.99378151,""crop_x"":0,""crop_y"":168,""noise_seed"":2844960382,""noise_sigma"":0.69509307,""orientation_degrees"":90,""resized_height"":1280,""resized_width"":1280}","{""blur_radius_px"":0.11141831021733006,""jpeg_quality"":94,""noise_seed"":3101156272,""noise_sigma"":0.5720126869243529}","{""blur_radius_px"":6.629367899944016,""instances"":[{""instance_index"":1,""offset_x_px"":-2,""offset_y_px"":5,""opacity"":0.20339658},{""instance_index"":2,""offset_x_px"":3,""offset_y_px"":8,""opacity"":0.30653634},{""instance_index"":3,""offset_x_px"":1,""offset_y_px"":6,""opacity"":0.3019342},{""instance_index"":4,""offset_x_px"":2,""offset_y_px"":9,""opacity"":0.29344195},{""instance_index"":5,""offset_x_px"":4,""offset_y_px"":10,""opacity"":0.25454854}]}"
syn-v4-conv-0272,273,synthetic/v4_conveyor/images/train/syn-v4-conv-0272.jpg,synthetic/v4_conveyor/masks/component_visible_instances/train/syn-v4-conv-0272.png,synthetic/v4_conveyor/masks/defect_semantic/train/syn-v4-conv-0272.png,synthetic/v4_conveyor/labels/yolo_component_status/train/syn-v4-conv-0272.txt,synthetic/v4_conveyor/labels/yolo_defects/train/syn-v4-conv-0272.txt,synthetic_black_conveyor_multi_instance,train,multi_instance_detection_segmentation,TRAIN_ONLY_MULTI_SCENE_SYNTHETIC,NO,NO,neutral_component_spot,IMGGEN-CONVEYOR-BLACK-V1,2814605533,0,5,5,normal_proxy|discoloration|lead_breakage|scratch|contamination,syn-v2-700-scratch-0007|syn-v2-700-discoloration-0073|syn-v2-700-lead_breakage-0012|syn-v2-700-scratch-0076|syn-v2-700-contamination-0002,syn-v4-conv-0272,1280,720,1ca740b4d04c92738bc77e1ba1dcf9c00dd25b82249c39f7a50e873d87235960,08d2570a79086ad170f4428ea21e5c0a3b3f26d2525622952b97fc035b966847,55df837a008c17a7f77902e099a5f721d277016653f88fddb93e47a3600b933a,53b27869b6876e1feccd73b96b0d934bbf4f75a601ce16153337be0dc669591c,419b4a0fb12a119711832939c21907e49f619f6eddb763444b5870ced95f2cf9,33.488628,4.048272,44.931801,144.600494,111.111866,4.317898,0.000000,0.000000,SHADOWLESS_SAME_SENSOR_JPEG,fa5adb968da368a28b85a711cd7b3d0aab6829453361eb686e915af6797cf717,4.0.0,multi-instance-paired-clean-1024-v1,AUTO_PASS_MULTI_INSTANCE_PAIRED_CLEAN_1024,NO,"{""brightness"":0.94487819,""contrast"":1.01194075,""crop_x"":0,""crop_y"":221,""noise_seed"":2222404371,""noise_sigma"":0.47608255,""orientation_degrees"":0,""resized_height"":1280,""resized_width"":1280}","{""blur_radius_px"":0.0908539829226079,""jpeg_quality"":94,""noise_seed"":2423728852,""noise_sigma"":0.8649528994405953}","{""blur_radius_px"":5.64621041063729,""instances"":[{""instance_index"":1,""offset_x_px"":2,""offset_y_px"":6,""opacity"":0.21256769},{""instance_index"":2,""offset_x_px"":-2,""offset_y_px"":8,""opacity"":0.20733194},{""instance_index"":3,""offset_x_px"":4,""offset_y_px"":10,""opacity"":0.23867585},{""instance_index"":4,""offset_x_px"":5,""offset_y_px"":5,""opacity"":0.24378699},{""instance_index"":5,""offset_x_px"":1,""offset_y_px"":10,""opacity"":0.31180827}]}"
syn-v4-conv-0273,274,synthetic/v4_conveyor/images/train/syn-v4-conv-0273.jpg,synthetic/v4_conveyor/masks/component_visible_instances/train/syn-v4-conv-0273.png,synthetic/v4_conveyor/masks/defect_semantic/train/syn-v4-conv-0273.png,synthetic/v4_conveyor/labels/yolo_component_status/train/syn-v4-conv-0273.txt,synthetic/v4_conveyor/labels/yolo_defects/train/syn-v4-conv-0273.txt,synthetic_black_conveyor_multi_instance,train,multi_instance_detection_segmentation,TRAIN_ONLY_MULTI_SCENE_SYNTHETIC,NO,NO,warm_component_spot,IMGGEN-CONVEYOR-BLACK-V1,3792277154,0,5,5,body_chip|discoloration|normal_proxy|body_crack|surface_spot,syn-v2-700-body_chip-0079|syn-v2-700-discoloration-0061|syn-v2-700-body_chip-0026|syn-v2-700-body_crack-0057|syn-v2-700-surface_spot-0053,syn-v4-conv-0273,1280,720,20238619f7a8db91bb69706d36d7c78ec067d9de78516bf4b633dbea2f0bf960,51a9854b2951d9e06aeaac68962b948b0623feb4e0b9452a92856a89d618c1fd,00fde18b907148b65d3c6d1f8be961bafe8de3d029bf595f61473a2ab561fd55,be2bf66c0ae7f038e8e79bd85dd223a6fd92eb6dc299e06065cd9b018f97b5e7,c24fda1fa0ec41775236431ce5c4eb4ee5e5220d63282a2cf41d78f29dd6336f,25.941376,2.743101,33.931801,149.241760,123.300385,5.753040,0.000000,0.000000,SHADOWLESS_SAME_SENSOR_JPEG,fa5adb968da368a28b85a711cd7b3d0aab6829453361eb686e915af6797cf717,4.0.0,multi-instance-paired-clean-1024-v1,AUTO_PASS_MULTI_INSTANCE_PAIRED_CLEAN_1024,NO,"{""brightness"":0.73740665,""contrast"":0.99313945,""crop_x"":0,""crop_y"":382,""noise_seed"":3148979944,""noise_sigma"":0.11077942,""orientation_degrees"":180,""resized_height"":1280,""resized_width"":1280}","{""blur_radius_px"":0.08177750644833545,""jpeg_quality"":96,""noise_seed"":2461330785,""noise_sigma"":1.2279052615957458}","{""blur_radius_px"":6.750875149047188,""instances"":[{""instance_index"":1,""offset_x_px"":-1,""offset_y_px"":10,""opacity"":0.23608303},{""instance_index"":2,""offset_x_px"":4,""offset_y_px"":5,""opacity"":0.28145106},{""instance_index"":3,""offset_x_px"":-2,""offset_y_px"":5,""opacity"":0.22941102},{""instance_index"":4,""offset_x_px"":4,""offset_y_px"":10,""opacity"":0.25259332},{""instance_index"":5,""offset_x_px"":5,""offset_y_px"":6,""opacity"":0.3188391}]}"
syn-v4-conv-0274,275,synthetic/v4_conveyor/images/train/syn-v4-conv-0274.jpg,synthetic/v4_conveyor/masks/component_visible_instances/train/syn-v4-conv-0274.png,synthetic/v4_conveyor/masks/defect_semantic/train/syn-v4-conv-0274.png,synthetic/v4_conveyor/labels/yolo_component_status/train/syn-v4-conv-0274.txt,synthetic/v4_conveyor/labels/yolo_defects/train/syn-v4-conv-0274.txt,synthetic_black_conveyor_multi_instance,train,multi_instance_detection_segmentation,TRAIN_ONLY_MULTI_SCENE_SYNTHETIC,NO,NO,cool_component_spot,IMGGEN-CONVEYOR-BLACK-V1,2722953899,0,5,5,normal_proxy|discoloration|lead_breakage|surface_spot|body_chip,syn-v2-700-body_crack-0054|syn-v2-700-discoloration-0054|syn-v2-700-lead_breakage-0014|syn-v2-700-surface_spot-0097|syn-v2-700-body_chip-0019,syn-v4-conv-0274,1280,720,16451fc52a5d70ae21e412f33b8d8d72ab1c29e1942190200d0f23bd12b457ca,71facc67daea08e65d919f871a5891532f76f2d1d6fda18b220a0014dc6bcc29,32c0264afd22659bf57a6e17466f73d8d45c73d8f87076c37f9efaebc24228de,157fd28bda21e4bd8fa309c9ab68e8ccc6b58a6e6e4897654fef8da5843bf582,1a751a75d725086678ea3cc620469f008bcf312cdb4d8c96f89894d7ee205735,29.055090,3.148964,38.144402,132.939163,103.884073,4.575417,0.000000,0.000000,SHADOWLESS_SAME_SENSOR_JPEG,fa5adb968da368a28b85a711cd7b3d0aab6829453361eb686e915af6797cf717,4.0.0,multi-instance-paired-clean-1024-v1,AUTO_PASS_MULTI_INSTANCE_PAIRED_CLEAN_1024,NO,"{""brightness"":0.82031391,""contrast"":0.97606797,""crop_x"":0,""crop_y"":426,""noise_seed"":2501602109,""noise_sigma"":0.10114805,""orientation_degrees"":270,""resized_height"":1280,""resized_width"":1280}","{""blur_radius_px"":0.022886114010239527,""jpeg_quality"":95,""noise_seed"":4112693033,""noise_sigma"":0.4239235172451273}","{""blur_radius_px"":7.099544467608637,""instances"":[{""instance_index"":1,""offset_x_px"":2,""offset_y_px"":8,""opacity"":0.306887},{""instance_index"":2,""offset_x_px"":-1,""offset_y_px"":9,""opacity"":0.24350847},{""instance_index"":3,""offset_x_px"":4,""offset_y_px"":8,""opacity"":0.21297554},{""instance_index"":4,""offset_x_px"":2,""offset_y_px"":8,""opacity"":0.2377534},{""instance_index"":5,""offset_x_px"":2,""offset_y_px"":6,""opacity"":0.28448674}]}"
syn-v4-conv-0275,276,synthetic/v4_conveyor/images/train/syn-v4-conv-0275.jpg,synthetic/v4_conveyor/masks/component_visible_instances/train/syn-v4-conv-0275.png,synthetic/v4_conveyor/masks/defect_semantic/train/syn-v4-conv-0275.png,synthetic/v4_conveyor/labels/yolo_component_status/train/syn-v4-conv-0275.txt,synthetic/v4_conveyor/labels/yolo_defects/train/syn-v4-conv-0275.txt,synthetic_black_conveyor_multi_instance,train,multi_instance_detection_segmentation,TRAIN_ONLY_MULTI_SCENE_SYNTHETIC,NO,NO,side_component_spot,IMGGEN-CONVEYOR-BLACK-V1,241008130,0,5,5,discoloration|scratch|body_crack|surface_spot|contamination,syn-v2-700-discoloration-0025|syn-v2-700-scratch-0060|syn-v2-700-body_crack-0057|syn-v2-700-surface_spot-0097|syn-v2-700-contamination-0096,syn-v4-conv-0275,1280,720,021cce6106ea503ef17b12bbc2378b1cae0ffaf3ce9080805a15a2992b00e6f1,b5e98451eb0409a26105a1e25123f96b080567ca5004d0ce31aa19ab743fc7d2,714e6197e24986b02032193e2ae951c958f10e115635f1951a146d0ba7180b6c,ae26a24991340afccdd8110991cae0dd65fcd2dd26a2402a50a2a1d400bd3c8e,452c6a44a15abb3561bc5d43153ec90607638bb1e5d05d2664cfa871922f4107,32.290562,4.253673,44.000000,135.635284,103.344723,4.200462,0.000000,0.000000,SHADOWLESS_SAME_SENSOR_JPEG,fa5adb968da368a28b85a711cd7b3d0aab6829453361eb686e915af6797cf717,4.0.0,multi-instance-paired-clean-1024-v1,AUTO_PASS_MULTI_INSTANCE_PAIRED_CLEAN_1024,NO,"{""brightness"":0.91692661,""contrast"":1.07091964,""crop_x"":0,""crop_y"":141,""noise_seed"":2024499717,""noise_sigma"":1.07180591,""orientation_degrees"":270,""resized_height"":1280,""resized_width"":1280}","{""blur_radius_px"":0.0780679324253322,""jpeg_quality"":92,""noise_seed"":3044813433,""noise_sigma"":0.4789230516835425}","{""blur_radius_px"":7.981981379881897,""instances"":[{""instance_index"":1,""offset_x_px"":4,""offset_y_px"":7,""opacity"":0.25676284},{""instance_index"":2,""offset_x_px"":-3,""offset_y_px"":10,""opacity"":0.27877819},{""instance_index"":3,""offset_x_px"":1,""offset_y_px"":5,""opacity"":0.31340968},{""instance_index"":4,""offset_x_px"":3,""offset_y_px"":10,""opacity"":0.24518211},{""instance_index"":5,""offset_x_px"":0,""offset_y_px"":10,""opacity"":0.21167542}]}"
syn-v4-conv-0276,277,synthetic/v4_conveyor/images/train/syn-v4-conv-0276.jpg,synthetic/v4_conveyor/masks/component_visible_instances/train/syn-v4-conv-0276.png,synthetic/v4_conveyor/masks/defect_semantic/train/syn-v4-conv-0276.png,synthetic/v4_conveyor/labels/yolo_component_status/train/syn-v4-conv-0276.txt,synthetic/v4_conveyor/labels/yolo_defects/train/syn-v4-conv-0276.txt,synthetic_black_conveyor_multi_instance,train,multi_instance_detection_segmentation,TRAIN_ONLY_MULTI_SCENE_SYNTHETIC,NO,NO,neutral_component_spot,IMGGEN-CONVEYOR-BLACK-V1,1007827338,0,5,5,body_chip|body_crack|normal_proxy|surface_spot|lead_breakage,syn-v2-700-body_chip-0011|syn-v2-700-body_crack-0099|syn-v2-700-scratch-0090|syn-v2-700-surface_spot-0071|syn-v2-700-lead_breakage-0088,syn-v4-conv-0276,1280,720,0f875c7cb74e79ddcb0147c58866499d9b591d0b549a32243e2f097bac35c7de,eb5d7f0b4f6440d847b9bd3c70c141383becad3b81e6fd37badccbdff8123b44,faca21b501672066bb6debf10a3a71820d98c10de914fb661b557a54d5211527,7609b19a21488c8b306890baa4dfc55ea75b0e16ff2022f05496ee3bbeb0d5a2,a3f935e96ef165ab681d088aa45e1281f712f810bd462641a302a9978052200e,30.696388,3.460533,40.641800,145.681427,114.985039,4.745882,0.000000,0.000000,SHADOWLESS_SAME_SENSOR_JPEG,fa5adb968da368a28b85a711cd7b3d0aab6829453361eb686e915af6797cf717,4.0.0,multi-instance-paired-clean-1024-v1,AUTO_PASS_MULTI_INSTANCE_PAIRED_CLEAN_1024,NO,"{""brightness"":0.86921954,""contrast"":0.92337477,""crop_x"":0,""crop_y"":428,""noise_seed"":347115068,""noise_sigma"":0.58382791,""orientation_degrees"":90,""resized_height"":1280,""resized_width"":1280}","{""blur_radius_px"":0.19709422967925544,""jpeg_quality"":95,""noise_seed"":60773491,""noise_sigma"":1.0694013939820528}","{""blur_radius_px"":7.759445186051735,""instances"":[{""instance_index"":1,""offset_x_px"":-1,""offset_y_px"":6,""opacity"":0.24656399},{""instance_index"":2,""offset_x_px"":0,""offset_y_px"":7,""opacity"":0.23542485},{""instance_index"":3,""offset_x_px"":4,""offset_y_px"":10,""opacity"":0.22002823},{""instance_index"":4,""offset_x_px"":4,""offset_y_px"":5,""opacity"":0.29041464},{""instance_index"":5,""offset_x_px"":-1,""offset_y_px"":8,""opacity"":0.2289098}]}"
syn-v4-conv-0277,278,synthetic/v4_conveyor/images/train/syn-v4-conv-0277.jpg,synthetic/v4_conveyor/masks/component_visible_instances/train/syn-v4-conv-0277.png,synthetic/v4_conveyor/masks/defect_semantic/train/syn-v4-conv-0277.png,synthetic/v4_conveyor/labels/yolo_component_status/train/syn-v4-conv-0277.txt,synthetic/v4_conveyor/labels/yolo_defects/train/syn-v4-conv-0277.txt,synthetic_black_conveyor_multi_instance,train,multi_instance_detection_segmentation,TRAIN_ONLY_MULTI_SCENE_SYNTHETIC,NO,NO,warm_component_spot,IMGGEN-CONVEYOR-BLACK-V1,4080161927,0,5,5,contamination|lead_breakage|normal_proxy|surface_spot|body_crack,syn-v2-700-contamination-0077|syn-v2-700-lead_breakage-0057|syn-v2-700-lead_breakage-0088|syn-v2-700-surface_spot-0092|syn-v2-700-body_crack-0047,syn-v4-conv-0277,1280,720,0d56b2968fd0bf8544c837414e66e2b64ff42abf3c72f9792d4895937137a80c,c653b0d45b57362fd5bf0bef9282552eb687b3ae9977ed20001da5674a85a066,2a7c51bfa40ebfa04c02329f77f5101553cf74873b10bfe213bfb23d0ee8e239,f4738fb1298d82e383d36d21cd0529c987f0bc46fc72f0fdfab9935cc8d1751c,866c39830389cd82185dd8068ce463dfb085e12f4016b2c83703889276774335,32.639008,4.336826,43.931801,138.171371,105.532364,4.233320,0.000000,0.000000,SHADOWLESS_SAME_SENSOR_JPEG,fa5adb968da368a28b85a711cd7b3d0aab6829453361eb686e915af6797cf717,4.0.0,multi-instance-paired-clean-1024-v1,AUTO_PASS_MULTI_INSTANCE_PAIRED_CLEAN_1024,NO,"{""brightness"":0.9070929,""contrast"":1.0126759,""crop_x"":0,""crop_y"":43,""noise_seed"":3902418221,""noise_sigma"":0.68205587,""orientation_degrees"":0,""resized_height"":1280,""resized_width"":1280}","{""blur_radius_px"":0.018289692833149223,""jpeg_quality"":95,""noise_seed"":1946589504,""noise_sigma"":1.2966064919608833}","{""blur_radius_px"":7.662060157718525,""instances"":[{""instance_index"":1,""offset_x_px"":-1,""offset_y_px"":5,""opacity"":0.19123583},{""instance_index"":2,""offset_x_px"":5,""offset_y_px"":8,""opacity"":0.20185002},{""instance_index"":3,""offset_x_px"":-1,""offset_y_px"":7,""opacity"":0.31816553},{""instance_index"":4,""offset_x_px"":1,""offset_y_px"":9,""opacity"":0.18888186},{""instance_index"":5,""offset_x_px"":1,""offset_y_px"":9,""opacity"":0.30880696}]}"
syn-v4-conv-0278,279,synthetic/v4_conveyor/images/train/syn-v4-conv-0278.jpg,synthetic/v4_conveyor/masks/component_visible_instances/train/syn-v4-conv-0278.png,synthetic/v4_conveyor/masks/defect_semantic/train/syn-v4-conv-0278.png,synthetic/v4_conveyor/labels/yolo_component_status/train/syn-v4-conv-0278.txt,synthetic/v4_conveyor/labels/yolo_defects/train/syn-v4-conv-0278.txt,synthetic_black_conveyor_multi_instance,train,multi_instance_detection_segmentation,TRAIN_ONLY_MULTI_SCENE_SYNTHETIC,NO,NO,cool_component_spot,IMGGEN-CONVEYOR-BLACK-V1,3572821260,0,5,5,contamination|lead_breakage|surface_spot|normal_proxy|body_crack,syn-v2-700-contamination-0077|syn-v2-700-lead_breakage-0017|syn-v2-700-surface_spot-0046|syn-v2-700-body_crack-0079|syn-v2-700-body_crack-0034,syn-v4-conv-0278,1280,720,e3657fd6142b549d7faa500ccbc8bd512796b4ccd5cc2c88b51cfba2104a366f,e3641fbc45cf3e786d39dd6b7e884efc082b98b61273ca65bd9ed47ad8c5d682,3257f10565b85fc4be8bdf52f2644eeb6e430ec00de4c61f6f3a70b597d9fb11,ae04e6844f31fbe02cdb5465389a243a70791b38bf4196a32e897c4f2f4ace2b,7f6b2467708604714945a8a051e5583ee61a3ae50003b4dc319953537b7f069f,26.091982,3.639212,36.000000,131.939819,105.847837,5.056719,0.000000,0.000000,SHADOWLESS_SAME_SENSOR_JPEG,fa5adb968da368a28b85a711cd7b3d0aab6829453361eb686e915af6797cf717,4.0.0,multi-instance-paired-clean-1024-v1,AUTO_PASS_MULTI_INSTANCE_PAIRED_CLEAN_1024,NO,"{""brightness"":0.75035478,""contrast"":1.01874705,""crop_x"":0,""crop_y"":429,""noise_seed"":1630753652,""noise_sigma"":0.55314107,""orientation_degrees"":90,""resized_height"":1280,""resized_width"":1280}","{""blur_radius_px"":0.34673639383591953,""jpeg_quality"":96,""noise_seed"":2605094368,""noise_sigma"":0.5885981405712088}","{""blur_radius_px"":7.554380764754339,""instances"":[{""instance_index"":1,""offset_x_px"":2,""offset_y_px"":5,""opacity"":0.30969744},{""instance_index"":2,""offset_x_px"":-1,""offset_y_px"":6,""opacity"":0.30758988},{""instance_index"":3,""offset_x_px"":1,""offset_y_px"":9,""opacity"":0.24586284},{""instance_index"":4,""offset_x_px"":3,""offset_y_px"":7,""opacity"":0.30125611},{""instance_index"":5,""offset_x_px"":3,""offset_y_px"":7,""opacity"":0.23303668}]}"
syn-v4-conv-0279,280,synthetic/v4_conveyor/images/train/syn-v4-conv-0279.jpg,synthetic/v4_conveyor/masks/component_visible_instances/train/syn-v4-conv-0279.png,synthetic/v4_conveyor/masks/defect_semantic/train/syn-v4-conv-0279.png,synthetic/v4_conveyor/labels/yolo_component_status/train/syn-v4-conv-0279.txt,synthetic/v4_conveyor/labels/yolo_defects/train/syn-v4-conv-0279.txt,synthetic_black_conveyor_multi_instance,train,multi_instance_detection_segmentation,TRAIN_ONLY_MULTI_SCENE_SYNTHETIC,NO,NO,side_component_spot,IMGGEN-CONVEYOR-BLACK-V1,2708394063,0,5,5,surface_spot|normal_proxy|discoloration|contamination|scratch,syn-v2-700-surface_spot-0024|syn-v2-700-body_crack-0034|syn-v2-700-discoloration-0053|syn-v2-700-contamination-0002|syn-v2-700-scratch-0054,syn-v4-conv-0279,1280,720,43125c80e4a5d8c1f096905bb5649177f69e12016864f419c8f6fcc827e2729b,9e48aca729223fd3af02cd5fb92310e13a790d1c5b1bf9072c8a7fcb462f4577,9c9b18879a0347b6fb3af9b5c4397cc1ec5d66de9bbeb11c19e57675615b8381,b4ed1d74c6677c8de97322f437091873e4b6963162784b12e90fc0379bb6fbd6,d76ab1fd3fe20982c6668ca594c99a17cb40f3fb23695aaddde61e9873007d96,27.429987,2.804097,35.144402,135.649124,108.219137,4.945286,0.000000,0.000000,SHADOWLESS_SAME_SENSOR_JPEG,fa5adb968da368a28b85a711cd7b3d0aab6829453361eb686e915af6797cf717,4.0.0,multi-instance-paired-clean-1024-v1,AUTO_PASS_MULTI_INSTANCE_PAIRED_CLEAN_1024,NO,"{""brightness"":0.77775467,""contrast"":0.99804438,""crop_x"":0,""crop_y"":166,""noise_seed"":3142910040,""noise_sigma"":0.74818144,""orientation_degrees"":0,""resized_height"":1280,""resized_width"":1280}","{""blur_radius_px"":0.29747690009953437,""jpeg_quality"":94,""noise_seed"":2961169633,""noise_sigma"":0.6791594056891133}","{""blur_radius_px"":6.738749975653757,""instances"":[{""instance_index"":1,""offset_x_px"":-1,""offset_y_px"":5,""opacity"":0.2904052},{""instance_index"":2,""offset_x_px"":-1,""offset_y_px"":8,""opacity"":0.30502804},{""instance_index"":3,""offset_x_px"":2,""offset_y_px"":8,""opacity"":0.22829485},{""instance_index"":4,""offset_x_px"":-2,""offset_y_px"":5,""opacity"":0.31741331},{""instance_index"":5,""offset_x_px"":2,""offset_y_px"":10,""opacity"":0.20491531}]}"
syn-v4-conv-0280,281,synthetic/v4_conveyor/images/train/syn-v4-conv-0280.jpg,synthetic/v4_conveyor/masks/component_visible_instances/train/syn-v4-conv-0280.png,synthetic/v4_conveyor/masks/defect_semantic/train/syn-v4-conv-0280.png,synthetic/v4_conveyor/labels/yolo_component_status/train/syn-v4-conv-0280.txt,synthetic/v4_conveyor/labels/yolo_defects/train/syn-v4-conv-0280.txt,synthetic_black_conveyor_multi_instance,train,multi_instance_detection_segmentation,TRAIN_ONLY_MULTI_SCENE_SYNTHETIC,NO,NO,neutral_component_spot,IMGGEN-CONVEYOR-BLACK-V1,1227131845,0,5,5,lead_breakage|scratch|contamination|body_crack|body_chip,syn-v2-700-lead_breakage-0069|syn-v2-700-scratch-0067|syn-v2-700-contamination-0062|syn-v2-700-body_crack-0003|syn-v2-700-body_chip-0074,syn-v4-conv-0280,1280,720,0b8c22cbe40b61660ab625c11caad3a51a32f41de5f95fb2eb5eb10375fc4e5b,68cdee26d5b95e499b4e573e8f62c7a919ec7817ee2359e48b6ee94da3999868,0574f3bf7d95f76773b098ee277fb0fc27472b44c2d5d1692ab3da721ac3ccab,d3b2319443f40da71b37ba95ee9aeaf074698d71c0b2b579f92249ba49feb3d3,18b79286351b1145ee22a50d2814f4b8ee5ce8d57efeadeda4bc4fb8fd685898,26.520798,3.388383,35.144402,137.649170,111.128372,5.190235,0.000000,0.000000,SHADOWLESS_SAME_SENSOR_JPEG,fa5adb968da368a28b85a711cd7b3d0aab6829453361eb686e915af6797cf717,4.0.0,multi-instance-paired-clean-1024-v1,AUTO_PASS_MULTI_INSTANCE_PAIRED_CLEAN_1024,NO,"{""brightness"":0.7774223,""contrast"":1.07124085,""crop_x"":0,""crop_y"":169,""noise_seed"":4150210978,""noise_sigma"":0.14057297,""orientation_degrees"":180,""resized_height"":1280,""resized_width"":1280}","{""blur_radius_px"":0.027255937871710077,""jpeg_quality"":94,""noise_seed"":357441523,""noise_sigma"":0.9844011428728789}","{""blur_radius_px"":8.678415563239323,""instances"":[{""instance_index"":1,""offset_x_px"":0,""offset_y_px"":7,""opacity"":0.18698841},{""instance_index"":2,""offset_x_px"":0,""offset_y_px"":7,""opacity"":0.1898844},{""instance_index"":3,""offset_x_px"":0,""offset_y_px"":10,""opacity"":0.27167149},{""instance_index"":4,""offset_x_px"":-3,""offset_y_px"":8,""opacity"":0.22686519},{""instance_index"":5,""offset_x_px"":5,""offset_y_px"":7,""opacity"":0.19270414}]}"
syn-v4-conv-0281,282,synthetic/v4_conveyor/images/train/syn-v4-conv-0281.jpg,synthetic/v4_conveyor/masks/component_visible_instances/train/syn-v4-conv-0281.png,synthetic/v4_conveyor/masks/defect_semantic/train/syn-v4-conv-0281.png,synthetic/v4_conveyor/labels/yolo_component_status/train/syn-v4-conv-0281.txt,synthetic/v4_conveyor/labels/yolo_defects/train/syn-v4-conv-0281.txt,synthetic_black_conveyor_multi_instance,train,multi_instance_detection_segmentation,TRAIN_ONLY_MULTI_SCENE_SYNTHETIC,NO,NO,warm_component_spot,IMGGEN-CONVEYOR-BLACK-V1,1183158252,0,5,5,body_crack|normal_proxy|body_chip|discoloration|surface_spot,syn-v2-700-body_crack-0003|syn-v2-700-surface_spot-0077|syn-v2-700-body_chip-0025|syn-v2-700-discoloration-0024|syn-v2-700-surface_spot-0088,syn-v4-conv-0281,1280,720,37e184c7791ee2762aea29b339bb1b0ae276de2233211ee11f3f8c4a424f2692,f4bbd3bd209036d82342e52c74e3995af00749bf48421466dbbd0cfebd7e73c4,ba2e4e3c170b6e7b99339bef35d2760a585134c622fa54bc06fc31008400829c,11af81ddf40533dfad21e7eea34a60ca45118023fa66ed80ce435095ac812d30,49e950eeaed34de8acd56ad836ab373ea5502763095e8cfa2833da31282d1ae2,26.657158,3.625092,36.144398,139.405167,112.748009,5.229558,0.000000,0.000000,SHADOWLESS_SAME_SENSOR_JPEG,fa5adb968da368a28b85a711cd7b3d0aab6829453361eb686e915af6797cf717,4.0.0,multi-instance-paired-clean-1024-v1,AUTO_PASS_MULTI_INSTANCE_PAIRED_CLEAN_1024,NO,"{""brightness"":0.76577946,""contrast"":1.01267339,""crop_x"":0,""crop_y"":143,""noise_seed"":3084948896,""noise_sigma"":0.36182909,""orientation_degrees"":270,""resized_height"":1280,""resized_width"":1280}","{""blur_radius_px"":0.03499454856242981,""jpeg_quality"":95,""noise_seed"":2211236081,""noise_sigma"":0.6889129043551707}","{""blur_radius_px"":7.87403565327504,""instances"":[{""instance_index"":1,""offset_x_px"":0,""offset_y_px"":8,""opacity"":0.22353358},{""instance_index"":2,""offset_x_px"":4,""offset_y_px"":8,""opacity"":0.25635177},{""instance_index"":3,""offset_x_px"":0,""offset_y_px"":9,""opacity"":0.27886939},{""instance_index"":4,""offset_x_px"":-1,""offset_y_px"":5,""opacity"":0.2844848},{""instance_index"":5,""offset_x_px"":1,""offset_y_px"":5,""opacity"":0.20532851}]}"
syn-v4-conv-0282,283,synthetic/v4_conveyor/images/train/syn-v4-conv-0282.jpg,synthetic/v4_conveyor/masks/component_visible_instances/train/syn-v4-conv-0282.png,synthetic/v4_conveyor/masks/defect_semantic/train/syn-v4-conv-0282.png,synthetic/v4_conveyor/labels/yolo_component_status/train/syn-v4-conv-0282.txt,synthetic/v4_conveyor/labels/yolo_defects/train/syn-v4-conv-0282.txt,synthetic_black_conveyor_multi_instance,train,multi_instance_detection_segmentation,TRAIN_ONLY_MULTI_SCENE_SYNTHETIC,NO,NO,cool_component_spot,IMGGEN-CONVEYOR-BLACK-V1,420368527,0,5,5,contamination|surface_spot|body_crack|lead_breakage|normal_proxy,syn-v2-700-contamination-0090|syn-v2-700-surface_spot-0046|syn-v2-700-body_crack-0044|syn-v2-700-lead_breakage-0029|syn-v2-700-lead_breakage-0008,syn-v4-conv-0282,1280,720,679fce77ae304738c2c8417e00a526e1fe7bde22672f3a786a19e107e96a6b16,11f62ae9f19e29ff05b822e37dfc35f2d129630d97e6a99b557b33a6389823a0,ea75a10afd98ecf6e63a4e9aa04ab8beb4d2fa60d75ab3f62d54de83dca7de77,51dec673920737e09324ec00009f4ba381a7c4299cadbcdc20222536aed6e5f0,964765cc3d68f776da0a252d92b83c4c383a3bc0a952e1b42db7499404c93dda,26.451843,3.284589,35.000000,140.187347,113.735504,5.299719,0.000000,0.000000,SHADOWLESS_SAME_SENSOR_JPEG,fa5adb968da368a28b85a711cd7b3d0aab6829453361eb686e915af6797cf717,4.0.0,multi-instance-paired-clean-1024-v1,AUTO_PASS_MULTI_INSTANCE_PAIRED_CLEAN_1024,NO,"{""brightness"":0.78471874,""contrast"":1.03541255,""crop_x"":0,""crop_y"":526,""noise_seed"":1968104840,""noise_sigma"":0.0167696,""orientation_degrees"":0,""resized_height"":1280,""resized_width"":1280}","{""blur_radius_px"":0.19594138167104191,""jpeg_quality"":95,""noise_seed"":1829500647,""noise_sigma"":0.6635246728091666}","{""blur_radius_px"":7.720896648447893,""instances"":[{""instance_index"":1,""offset_x_px"":-3,""offset_y_px"":6,""opacity"":0.24089707},{""instance_index"":2,""offset_x_px"":-2,""offset_y_px"":5,""opacity"":0.25021822},{""instance_index"":3,""offset_x_px"":0,""offset_y_px"":5,""opacity"":0.21800015},{""instance_index"":4,""offset_x_px"":-1,""offset_y_px"":8,""opacity"":0.27041209},{""instance_index"":5,""offset_x_px"":-2,""offset_y_px"":6,""opacity"":0.19758914}]}"
syn-v4-conv-0283,284,synthetic/v4_conveyor/images/train/syn-v4-conv-0283.jpg,synthetic/v4_conveyor/masks/component_visible_instances/train/syn-v4-conv-0283.png,synthetic/v4_conveyor/masks/defect_semantic/train/syn-v4-conv-0283.png,synthetic/v4_conveyor/labels/yolo_component_status/train/syn-v4-conv-0283.txt,synthetic/v4_conveyor/labels/yolo_defects/train/syn-v4-conv-0283.txt,synthetic_black_conveyor_multi_instance,train,multi_instance_detection_segmentation,TRAIN_ONLY_MULTI_SCENE_SYNTHETIC,NO,NO,side_component_spot,IMGGEN-CONVEYOR-BLACK-V1,2043892250,0,5,5,discoloration|body_crack|lead_breakage|normal_proxy|surface_spot,syn-v2-700-discoloration-0027|syn-v2-700-body_crack-0034|syn-v2-700-lead_breakage-0076|syn-v2-700-contamination-0011|syn-v2-700-surface_spot-0037,syn-v4-conv-0283,1280,720,bc48bfd693781c4592128d93bfa145b33e9904c2bb707220fe9539ddda99a172,cf2f256a5e30121c16482e23c31c08efb0625349d116db6fc2f8b1ecfc9735df,7ce5c8d31ba3623cac85fe633adf8ebbfaa9687474d1c7c6129d81b0e1a854fb,c8a19ee72a5f482a6bcef143c006d09fe74e4fb6950ef95e5160e7299e883d10,86717e20757e56a6bd8560bdeb6a2518447f791e0687324b0a54fe05e3dce9e0,27.405285,3.460214,36.144398,137.415329,110.010044,5.014191,0.000000,0.000000,SHADOWLESS_SAME_SENSOR_JPEG,fa5adb968da368a28b85a711cd7b3d0aab6829453361eb686e915af6797cf717,4.0.0,multi-instance-paired-clean-1024-v1,AUTO_PASS_MULTI_INSTANCE_PAIRED_CLEAN_1024,NO,"{""brightness"":0.79558511,""contrast"":1.05845603,""crop_x"":0,""crop_y"":398,""noise_seed"":3481070482,""noise_sigma"":0.80904902,""orientation_degrees"":0,""resized_height"":1280,""resized_width"":1280}","{""blur_radius_px"":0.1889581938399899,""jpeg_quality"":92,""noise_seed"":3077946760,""noise_sigma"":0.9492629427137713}","{""blur_radius_px"":8.995549500522968,""instances"":[{""instance_index"":1,""offset_x_px"":-2,""offset_y_px"":7,""opacity"":0.31496763},{""instance_index"":2,""offset_x_px"":2,""offset_y_px"":6,""opacity"":0.27792676},{""instance_index"":3,""offset_x_px"":3,""offset_y_px"":5,""opacity"":0.27146615},{""instance_index"":4,""offset_x_px"":3,""offset_y_px"":8,""opacity"":0.25899152},{""instance_index"":5,""offset_x_px"":-2,""offset_y_px"":5,""opacity"":0.2640483}]}"
syn-v4-conv-0284,285,synthetic/v4_conveyor/images/train/syn-v4-conv-0284.jpg,synthetic/v4_conveyor/masks/component_visible_instances/train/syn-v4-conv-0284.png,synthetic/v4_conveyor/masks/defect_semantic/train/syn-v4-conv-0284.png,synthetic/v4_conveyor/labels/yolo_component_status/train/syn-v4-conv-0284.txt,synthetic/v4_conveyor/labels/yolo_defects/train/syn-v4-conv-0284.txt,synthetic_black_conveyor_multi_instance,train,multi_instance_detection_segmentation,TRAIN_ONLY_MULTI_SCENE_SYNTHETIC,NO,NO,neutral_component_spot,IMGGEN-CONVEYOR-BLACK-V1,3607622590,0,5,5,body_crack|surface_spot|body_chip|discoloration|contamination,syn-v2-700-body_crack-0078|syn-v2-700-surface_spot-0037|syn-v2-700-body_chip-0062|syn-v2-700-discoloration-0082|syn-v2-700-contamination-0081,syn-v4-conv-0284,1280,720,2d933b2b2747c1ea6f344bfe937490bc5b5ab1fbb8a0c83156e82bf148189d30,34d454e66d4d906945d2f7c7a4211bff29ad7d613077d83acb36bbd37a96fbee,bb6599286d13da0ea40313034ec14990440cba739a1ede757b204a246931a9ae,6968b39de0dd21d13375494bb5ecb51004074d19de9cc46df9cbfcf2a79e58b5,08b1be7e26077f4812da9516d70f1428b04d4e3ffaa1fdae0c0c8a1afaacc08b,30.954899,3.898272,41.000000,136.332581,105.377682,4.404233,0.000000,0.000000,SHADOWLESS_SAME_SENSOR_JPEG,fa5adb968da368a28b85a711cd7b3d0aab6829453361eb686e915af6797cf717,4.0.0,multi-instance-paired-clean-1024-v1,AUTO_PASS_MULTI_INSTANCE_PAIRED_CLEAN_1024,NO,"{""brightness"":0.90328045,""contrast"":1.0232826,""crop_x"":0,""crop_y"":454,""noise_seed"":3429126338,""noise_sigma"":1.03285245,""orientation_degrees"":0,""resized_height"":1280,""resized_width"":1280}","{""blur_radius_px"":0.31972445202306016,""jpeg_quality"":95,""noise_seed"":3507428151,""noise_sigma"":0.9528186206437717}","{""blur_radius_px"":6.815046706627779,""instances"":[{""instance_index"":1,""offset_x_px"":4,""offset_y_px"":9,""opacity"":0.24394412},{""instance_index"":2,""offset_x_px"":-3,""offset_y_px"":7,""opacity"":0.26165964},{""instance_index"":3,""offset_x_px"":1,""offset_y_px"":9,""opacity"":0.22507382},{""instance_index"":4,""offset_x_px"":-3,""offset_y_px"":7,""opacity"":0.27550564},{""instance_index"":5,""offset_x_px"":-2,""offset_y_px"":9,""opacity"":0.26936814}]}"
syn-v4-conv-0285,286,synthetic/v4_conveyor/images/train/syn-v4-conv-0285.jpg,synthetic/v4_conveyor/masks/component_visible_instances/train/syn-v4-conv-0285.png,synthetic/v4_conveyor/masks/defect_semantic/train/syn-v4-conv-0285.png,synthetic/v4_conveyor/labels/yolo_component_status/train/syn-v4-conv-0285.txt,synthetic/v4_conveyor/labels/yolo_defects/train/syn-v4-conv-0285.txt,synthetic_black_conveyor_multi_instance,train,multi_instance_detection_segmentation,TRAIN_ONLY_MULTI_SCENE_SYNTHETIC,NO,NO,warm_component_spot,IMGGEN-CONVEYOR-BLACK-V1,411204835,0,5,5,contamination|surface_spot|body_crack|normal_proxy|lead_breakage,syn-v2-700-contamination-0002|syn-v2-700-surface_spot-0082|syn-v2-700-body_crack-0097|syn-v2-700-contamination-0044|syn-v2-700-lead_breakage-0057,syn-v4-conv-0285,1280,720,7cd46fa2890283f58eae9e29e886bb47c22faf54c1f4f4d07f5d3f7a9acb0a68,145436c995ddf4a0ed837687de04af12f89015de82a54158f633f22768e49b3a,d2e67b026327f750402f6382e76ac495548f84432c14d07c1a90316f3ce53219,f51de59fa63d8d384ffc8ad8a1bb793aa16df3669ece30ea082417cc29c0004e,ee8ef2796e8ab2866d3809153898f248bd18791371667753363f1f79fe563827,24.923555,3.258335,33.144402,141.960510,117.036955,5.695837,0.000000,0.000000,SHADOWLESS_SAME_SENSOR_JPEG,fa5adb968da368a28b85a711cd7b3d0aab6829453361eb686e915af6797cf717,4.0.0,multi-instance-paired-clean-1024-v1,AUTO_PASS_MULTI_INSTANCE_PAIRED_CLEAN_1024,NO,"{""brightness"":0.72190028,""contrast"":1.076937,""crop_x"":0,""crop_y"":251,""noise_seed"":2691362020,""noise_sigma"":1.04236435,""orientation_degrees"":0,""resized_height"":1280,""resized_width"":1280}","{""blur_radius_px"":0.18619573277500204,""jpeg_quality"":93,""noise_seed"":1473376556,""noise_sigma"":0.5909383790941962}","{""blur_radius_px"":8.061663025502089,""instances"":[{""instance_index"":1,""offset_x_px"":2,""offset_y_px"":6,""opacity"":0.3193106},{""instance_index"":2,""offset_x_px"":-3,""offset_y_px"":6,""opacity"":0.27462274},{""instance_index"":3,""offset_x_px"":-2,""offset_y_px"":6,""opacity"":0.21938674},{""instance_index"":4,""offset_x_px"":4,""offset_y_px"":5,""opacity"":0.30600145},{""instance_index"":5,""offset_x_px"":2,""offset_y_px"":6,""opacity"":0.31046209}]}"
syn-v4-conv-0286,287,synthetic/v4_conveyor/images/train/syn-v4-conv-0286.jpg,synthetic/v4_conveyor/masks/component_visible_instances/train/syn-v4-conv-0286.png,synthetic/v4_conveyor/masks/defect_semantic/train/syn-v4-conv-0286.png,synthetic/v4_conveyor/labels/yolo_component_status/train/syn-v4-conv-0286.txt,synthetic/v4_conveyor/labels/yolo_defects/train/syn-v4-conv-0286.txt,synthetic_black_conveyor_multi_instance,train,multi_instance_detection_segmentation,TRAIN_ONLY_MULTI_SCENE_SYNTHETIC,NO,NO,cool_component_spot,IMGGEN-CONVEYOR-BLACK-V1,882648888,0,5,5,body_chip|surface_spot|lead_breakage|normal_proxy|contamination,syn-v2-700-body_chip-0019|syn-v2-700-surface_spot-0060|syn-v2-700-lead_breakage-0085|syn-v2-700-scratch-0023|syn-v2-700-contamination-0007,syn-v4-conv-0286,1280,720,425c967781b8f4558e6a52b0fc9fdcfd3384bd0978284d438a58278bd2752e32,2045f0d26daffcaf9a98fde7f390880b403b48cba6019db251f1e5e6d9c35e2f,9b0e0eec2aa1a3020e45965520d920ea207d5bb45c132ab03a57f2f7a298b85e,df53beba1818bba1d40ce262c8e7eb4c0d3caa2e841e41c47a8c73c5bd1e276d,41a26dc083d91b18a28e24bde2ce1363855f94d819facb950ed7db961be4d40d,29.920176,3.281016,39.497398,145.459808,115.539633,4.861596,0.000000,0.000000,SHADOWLESS_SAME_SENSOR_JPEG,fa5adb968da368a28b85a711cd7b3d0aab6829453361eb686e915af6797cf717,4.0.0,multi-instance-paired-clean-1024-v1,AUTO_PASS_MULTI_INSTANCE_PAIRED_CLEAN_1024,NO,"{""brightness"":0.85231008,""contrast"":0.95373133,""crop_x"":0,""crop_y"":208,""noise_seed"":3346633733,""noise_sigma"":0.56963972,""orientation_degrees"":270,""resized_height"":1280,""resized_width"":1280}","{""blur_radius_px"":0.09912883577167528,""jpeg_quality"":95,""noise_seed"":2397189785,""noise_sigma"":0.639265470689875}","{""blur_radius_px"":8.823555164382723,""instances"":[{""instance_index"":1,""offset_x_px"":2,""offset_y_px"":8,""opacity"":0.27483811},{""instance_index"":2,""offset_x_px"":2,""offset_y_px"":6,""opacity"":0.20523313},{""instance_index"":3,""offset_x_px"":0,""offset_y_px"":7,""opacity"":0.2091813},{""instance_index"":4,""offset_x_px"":4,""offset_y_px"":5,""opacity"":0.19497552},{""instance_index"":5,""offset_x_px"":-2,""offset_y_px"":10,""opacity"":0.2011036}]}"
syn-v4-conv-0287,288,synthetic/v4_conveyor/images/train/syn-v4-conv-0287.jpg,synthetic/v4_conveyor/masks/component_visible_instances/train/syn-v4-conv-0287.png,synthetic/v4_conveyor/masks/defect_semantic/train/syn-v4-conv-0287.png,synthetic/v4_conveyor/labels/yolo_component_status/train/syn-v4-conv-0287.txt,synthetic/v4_conveyor/labels/yolo_defects/train/syn-v4-conv-0287.txt,synthetic_black_conveyor_multi_instance,train,multi_instance_detection_segmentation,TRAIN_ONLY_MULTI_SCENE_SYNTHETIC,NO,NO,side_component_spot,IMGGEN-CONVEYOR-BLACK-V1,3397847956,0,5,5,contamination|lead_breakage|scratch|body_chip|body_crack,syn-v2-700-contamination-0051|syn-v2-700-lead_breakage-0076|syn-v2-700-scratch-0044|syn-v2-700-body_chip-0046|syn-v2-700-body_crack-0066,syn-v4-conv-0287,1280,720,216a919c4ad4cd62bf09db0b52f3071eabc23f65e334b87fae332f45921296f1,7c75fcb898a3b5e35e717d47dbdf95802ccebb68d5ded7b187c98b175cf3d297,4bc97234f86d1f4e57def0311388897953d01cbe4bf74abad7e13968ac0347cf,86b3270cdc7517bb001cce15aceb92b9d70e0641ce3901f6e5549d12caf9ece5,a0cea7708d487daabce491af59384d1fe67cc4af23c4fc4954e8ca4af5e845e0,28.724470,2.894932,37.000000,142.563004,113.838533,4.963120,0.000000,0.000000,SHADOWLESS_SAME_SENSOR_JPEG,fa5adb968da368a28b85a711cd7b3d0aab6829453361eb686e915af6797cf717,4.0.0,multi-instance-paired-clean-1024-v1,AUTO_PASS_MULTI_INSTANCE_PAIRED_CLEAN_1024,NO,"{""brightness"":0.84210043,""contrast"":0.93523049,""crop_x"":0,""crop_y"":122,""noise_seed"":4145628618,""noise_sigma"":1.09905764,""orientation_degrees"":180,""resized_height"":1280,""resized_width"":1280}","{""blur_radius_px"":0.0632282028949651,""jpeg_quality"":96,""noise_seed"":1827510273,""noise_sigma"":0.5559321191263535}","{""blur_radius_px"":5.34534729523879,""instances"":[{""instance_index"":1,""offset_x_px"":-1,""offset_y_px"":5,""opacity"":0.22878505},{""instance_index"":2,""offset_x_px"":-3,""offset_y_px"":7,""opacity"":0.22826765},{""instance_index"":3,""offset_x_px"":-1,""offset_y_px"":7,""opacity"":0.25380854},{""instance_index"":4,""offset_x_px"":2,""offset_y_px"":7,""opacity"":0.24248331},{""instance_index"":5,""offset_x_px"":2,""offset_y_px"":8,""opacity"":0.28189596}]}"
syn-v4-conv-0288,289,synthetic/v4_conveyor/images/train/syn-v4-conv-0288.jpg,synthetic/v4_conveyor/masks/component_visible_instances/train/syn-v4-conv-0288.png,synthetic/v4_conveyor/masks/defect_semantic/train/syn-v4-conv-0288.png,synthetic/v4_conveyor/labels/yolo_component_status/train/syn-v4-conv-0288.txt,synthetic/v4_conveyor/labels/yolo_defects/train/syn-v4-conv-0288.txt,synthetic_black_conveyor_multi_instance,train,multi_instance_detection_segmentation,TRAIN_ONLY_MULTI_SCENE_SYNTHETIC,NO,NO,neutral_component_spot,IMGGEN-CONVEYOR-BLACK-V1,1566281618,0,5,5,discoloration|normal_proxy|body_crack|scratch|contamination,syn-v2-700-discoloration-0080|syn-v2-700-contamination-0090|syn-v2-700-body_crack-0008|syn-v2-700-scratch-0044|syn-v2-700-contamination-0085,syn-v4-conv-0288,1280,720,642e2b4e00b1a8ecb8bd493f3f5a5916846376e64fcd8effd2b539fe8935e11f,3aed17b263149464af8d4b7d5e901b188d19c33774869a50e4602a8ed8aec7b4,b549691b38f7fca61e8471de1f93505d332933ed255a25da744414659c142257,613b9ca96373abb49983f595b8bdeac5d162a2d13f665730a166f9d4e876c859,6181b7411ab6b2538dfbf41be1dc5976be3415cf3de8f91fd6d3250d64d41b6d,30.857346,3.107750,39.502598,134.002350,103.145004,4.342640,0.000000,0.000000,SHADOWLESS_SAME_SENSOR_JPEG,fa5adb968da368a28b85a711cd7b3d0aab6829453361eb686e915af6797cf717,4.0.0,multi-instance-paired-clean-1024-v1,AUTO_PASS_MULTI_INSTANCE_PAIRED_CLEAN_1024,NO,"{""brightness"":0.87556,""contrast"":0.92272976,""crop_x"":0,""crop_y"":317,""noise_seed"":1740778397,""noise_sigma"":0.97320722,""orientation_degrees"":180,""resized_height"":1280,""resized_width"":1280}","{""blur_radius_px"":0.13032887468252521,""jpeg_quality"":92,""noise_seed"":3641562313,""noise_sigma"":1.0999687265599531}","{""blur_radius_px"":5.921265534590166,""instances"":[{""instance_index"":1,""offset_x_px"":-1,""offset_y_px"":5,""opacity"":0.31087564},{""instance_index"":2,""offset_x_px"":4,""offset_y_px"":7,""opacity"":0.18011127},{""instance_index"":3,""offset_x_px"":3,""offset_y_px"":5,""opacity"":0.25876695},{""instance_index"":4,""offset_x_px"":4,""offset_y_px"":9,""opacity"":0.20887781},{""instance_index"":5,""offset_x_px"":4,""offset_y_px"":8,""opacity"":0.25675586}]}"
syn-v4-conv-0289,290,synthetic/v4_conveyor/images/train/syn-v4-conv-0289.jpg,synthetic/v4_conveyor/masks/component_visible_instances/train/syn-v4-conv-0289.png,synthetic/v4_conveyor/masks/defect_semantic/train/syn-v4-conv-0289.png,synthetic/v4_conveyor/labels/yolo_component_status/train/syn-v4-conv-0289.txt,synthetic/v4_conveyor/labels/yolo_defects/train/syn-v4-conv-0289.txt,synthetic_black_conveyor_multi_instance,train,multi_instance_detection_segmentation,TRAIN_ONLY_MULTI_SCENE_SYNTHETIC,NO,NO,warm_component_spot,IMGGEN-CONVEYOR-BLACK-V1,2714075201,0,5,5,surface_spot|discoloration|body_chip|body_crack|lead_breakage,syn-v2-700-surface_spot-0071|syn-v2-700-discoloration-0018|syn-v2-700-body_chip-0046|syn-v2-700-body_crack-0047|syn-v2-700-lead_breakage-0069,syn-v4-conv-0289,1280,720,381da803f2299f09a9eb780056131bac679825e9d497fb785e741f79cddcfe59,e0362dd638bfc5275b6552f5fe8cded4825900ae0d29cc991275e55f814973d3,826e94b7250871451f25eda9e8bac4573758f5827168ed0fbb384934f0cf2794,90a6141a4f9f09f44e8a44a7dcd29a69d6a2d3de7c5000160dfe2c56a4d434c2,03f519e8252d7e6cef1c5f92b1561661afa78b976cdc4dcbaa50ae5fe956e814,30.159035,3.316929,40.000000,146.308548,116.149513,4.851234,0.000000,0.000000,SHADOWLESS_SAME_SENSOR_JPEG,fa5adb968da368a28b85a711cd7b3d0aab6829453361eb686e915af6797cf717,4.0.0,multi-instance-paired-clean-1024-v1,AUTO_PASS_MULTI_INSTANCE_PAIRED_CLEAN_1024,NO,"{""brightness"":0.85215945,""contrast"":0.97609621,""crop_x"":0,""crop_y"":230,""noise_seed"":277197502,""noise_sigma"":0.2294824,""orientation_degrees"":270,""resized_height"":1280,""resized_width"":1280}","{""blur_radius_px"":0.12795211615064428,""jpeg_quality"":93,""noise_seed"":3274023256,""noise_sigma"":0.3793219689460167}","{""blur_radius_px"":5.465268111097621,""instances"":[{""instance_index"":1,""offset_x_px"":1,""offset_y_px"":5,""opacity"":0.27419639},{""instance_index"":2,""offset_x_px"":-3,""offset_y_px"":6,""opacity"":0.30785756},{""instance_index"":3,""offset_x_px"":-3,""offset_y_px"":6,""opacity"":0.27928796},{""instance_index"":4,""offset_x_px"":3,""offset_y_px"":7,""opacity"":0.19943253},{""instance_index"":5,""offset_x_px"":1,""offset_y_px"":5,""opacity"":0.31675654}]}"
syn-v4-conv-0290,291,synthetic/v4_conveyor/images/train/syn-v4-conv-0290.jpg,synthetic/v4_conveyor/masks/component_visible_instances/train/syn-v4-conv-0290.png,synthetic/v4_conveyor/masks/defect_semantic/train/syn-v4-conv-0290.png,synthetic/v4_conveyor/labels/yolo_component_status/train/syn-v4-conv-0290.txt,synthetic/v4_conveyor/labels/yolo_defects/train/syn-v4-conv-0290.txt,synthetic_black_conveyor_multi_instance,train,multi_instance_detection_segmentation,TRAIN_ONLY_MULTI_SCENE_SYNTHETIC,NO,NO,cool_component_spot,IMGGEN-CONVEYOR-BLACK-V1,1207525056,0,5,5,surface_spot|body_chip|contamination|normal_proxy|discoloration,syn-v2-700-surface_spot-0004|syn-v2-700-body_chip-0035|syn-v2-700-contamination-0051|syn-v2-700-scratch-0060|syn-v2-700-discoloration-0045,syn-v4-conv-0290,1280,720,c36edb749f2bfa972f4f07582be90e19f0c87c618a571560341ff5e0fdd7088e,a7d1780d5667920b7f91e62f1789ad5babfc17aa7fdfc4213df2431c41d93c41,4677f47f73382537f33b76b3f69f4a2e256e841fc625f723d0e384dbceff4c4b,06018f4f8b40bb3270cb26b0fd42634ada1786dfa67c2006ca7ca441fe4d660f,f9dceff325df8cdb9f48a191f9aaf5a383bb6cd7fe472e961fdf60f9eb4ee46c,30.816664,3.166508,39.144402,139.501129,108.684465,4.526808,0.000000,0.000000,SHADOWLESS_SAME_SENSOR_JPEG,fa5adb968da368a28b85a711cd7b3d0aab6829453361eb686e915af6797cf717,4.0.0,multi-instance-paired-clean-1024-v1,AUTO_PASS_MULTI_INSTANCE_PAIRED_CLEAN_1024,NO,"{""brightness"":0.90289599,""contrast"":0.92942915,""crop_x"":0,""crop_y"":39,""noise_seed"":2628215355,""noise_sigma"":0.87373425,""orientation_degrees"":180,""resized_height"":1280,""resized_width"":1280}","{""blur_radius_px"":0.12947215780830598,""jpeg_quality"":96,""noise_seed"":2510372339,""noise_sigma"":0.8698874205097544}","{""blur_radius_px"":8.321508059703701,""instances"":[{""instance_index"":1,""offset_x_px"":0,""offset_y_px"":5,""opacity"":0.22405087},{""instance_index"":2,""offset_x_px"":-1,""offset_y_px"":10,""opacity"":0.20613685},{""instance_index"":3,""offset_x_px"":4,""offset_y_px"":6,""opacity"":0.25764717},{""instance_index"":4,""offset_x_px"":-2,""offset_y_px"":6,""opacity"":0.26741731},{""instance_index"":5,""offset_x_px"":-2,""offset_y_px"":9,""opacity"":0.22040394}]}"
syn-v4-conv-0291,292,synthetic/v4_conveyor/images/train/syn-v4-conv-0291.jpg,synthetic/v4_conveyor/masks/component_visible_instances/train/syn-v4-conv-0291.png,synthetic/v4_conveyor/masks/defect_semantic/train/syn-v4-conv-0291.png,synthetic/v4_conveyor/labels/yolo_component_status/train/syn-v4-conv-0291.txt,synthetic/v4_conveyor/labels/yolo_defects/train/syn-v4-conv-0291.txt,synthetic_black_conveyor_multi_instance,train,multi_instance_detection_segmentation,TRAIN_ONLY_MULTI_SCENE_SYNTHETIC,NO,NO,side_component_spot,IMGGEN-CONVEYOR-BLACK-V1,2337519877,0,5,5,body_crack|discoloration|scratch|body_chip|normal_proxy,syn-v2-700-body_crack-0037|syn-v2-700-discoloration-0013|syn-v2-700-scratch-0005|syn-v2-700-body_chip-0033|syn-v2-700-contamination-0052,syn-v4-conv-0291,1280,720,221954098feb6cad77cf00c7edbe8d94d925a8a2b001012508717e8ed8d197e3,ebba07d6ee9e7cf2a604dac582f0eaced63eaf2def8b049ccdf8b3b5b2d70e06,aa3d6d019c4fc54ef03276ad137677f67ad0b7472d58ab5c043ada392a708087,8b9f2b66201d10afaa952df3fdebcf03f94b3148187b27e5673406c580788273,02e0e5770120bb77a4d37954575d2440473fe5aa106b7d5f1fe7ff5e20456b70,33.153461,3.490944,43.000000,140.863449,107.709988,4.248831,0.000000,0.000000,SHADOWLESS_SAME_SENSOR_JPEG,fa5adb968da368a28b85a711cd7b3d0aab6829453361eb686e915af6797cf717,4.0.0,multi-instance-paired-clean-1024-v1,AUTO_PASS_MULTI_INSTANCE_PAIRED_CLEAN_1024,NO,"{""brightness"":0.91655848,""contrast"":0.94492762,""crop_x"":0,""crop_y"":20,""noise_seed"":2272359414,""noise_sigma"":0.01904091,""orientation_degrees"":0,""resized_height"":1280,""resized_width"":1280}","{""blur_radius_px"":0.048246461962603876,""jpeg_quality"":96,""noise_seed"":2769844955,""noise_sigma"":0.8542678954381597}","{""blur_radius_px"":6.2629491934913055,""instances"":[{""instance_index"":1,""offset_x_px"":1,""offset_y_px"":7,""opacity"":0.22080652},{""instance_index"":2,""offset_x_px"":-1,""offset_y_px"":5,""opacity"":0.26665628},{""instance_index"":3,""offset_x_px"":-2,""offset_y_px"":6,""opacity"":0.31618098},{""instance_index"":4,""offset_x_px"":4,""offset_y_px"":10,""opacity"":0.2253963},{""instance_index"":5,""offset_x_px"":5,""offset_y_px"":5,""opacity"":0.27521932}]}"
syn-v4-conv-0292,293,synthetic/v4_conveyor/images/train/syn-v4-conv-0292.jpg,synthetic/v4_conveyor/masks/component_visible_instances/train/syn-v4-conv-0292.png,synthetic/v4_conveyor/masks/defect_semantic/train/syn-v4-conv-0292.png,synthetic/v4_conveyor/labels/yolo_component_status/train/syn-v4-conv-0292.txt,synthetic/v4_conveyor/labels/yolo_defects/train/syn-v4-conv-0292.txt,synthetic_black_conveyor_multi_instance,train,multi_instance_detection_segmentation,TRAIN_ONLY_MULTI_SCENE_SYNTHETIC,NO,NO,neutral_component_spot,IMGGEN-CONVEYOR-BLACK-V1,1199419053,0,5,5,body_crack|contamination|surface_spot|discoloration|lead_breakage,syn-v2-700-body_crack-0044|syn-v2-700-contamination-0050|syn-v2-700-surface_spot-0090|syn-v2-700-discoloration-0070|syn-v2-700-lead_breakage-0008,syn-v4-conv-0292,1280,720,55142e030b6e94dd18a8fbda2824ec7ae1c1899c9962f0de238ba746e1ac7bce,f3316f019063ebb9e037d5697b31fb0f4b3e0c95d7a05f7ff111fc9f0ff24668,2d7ff61d05f34bc21710727670763d3757b9f18b8fe954230af9f9a57272b101,0ae6e6e4ac376a6cf05340bca1f13e878ff88a25133e4408a6ab4bd1927564db,0398e506eb15106eccd2078a54cabf7e7cf20cfecb0df8f92ba35da4dda25e54,28.993221,4.051565,39.855598,143.644913,114.651691,4.954431,0.000000,0.000000,SHADOWLESS_SAME_SENSOR_JPEG,fa5adb968da368a28b85a711cd7b3d0aab6829453361eb686e915af6797cf717,4.0.0,multi-instance-paired-clean-1024-v1,AUTO_PASS_MULTI_INSTANCE_PAIRED_CLEAN_1024,NO,"{""brightness"":0.82483224,""contrast"":1.04170563,""crop_x"":0,""crop_y"":174,""noise_seed"":1872268951,""noise_sigma"":1.05287252,""orientation_degrees"":90,""resized_height"":1280,""resized_width"":1280}","{""blur_radius_px"":0.06504427827723301,""jpeg_quality"":96,""noise_seed"":504769226,""noise_sigma"":1.1600860624853009}","{""blur_radius_px"":5.633012978112493,""instances"":[{""instance_index"":1,""offset_x_px"":-3,""offset_y_px"":6,""opacity"":0.3138366},{""instance_index"":2,""offset_x_px"":2,""offset_y_px"":8,""opacity"":0.18590388},{""instance_index"":3,""offset_x_px"":3,""offset_y_px"":8,""opacity"":0.28704241},{""instance_index"":4,""offset_x_px"":-3,""offset_y_px"":9,""opacity"":0.22483564},{""instance_index"":5,""offset_x_px"":1,""offset_y_px"":10,""opacity"":0.28307956}]}"
syn-v4-conv-0293,294,synthetic/v4_conveyor/images/train/syn-v4-conv-0293.jpg,synthetic/v4_conveyor/masks/component_visible_instances/train/syn-v4-conv-0293.png,synthetic/v4_conveyor/masks/defect_semantic/train/syn-v4-conv-0293.png,synthetic/v4_conveyor/labels/yolo_component_status/train/syn-v4-conv-0293.txt,synthetic/v4_conveyor/labels/yolo_defects/train/syn-v4-conv-0293.txt,synthetic_black_conveyor_multi_instance,train,multi_instance_detection_segmentation,TRAIN_ONLY_MULTI_SCENE_SYNTHETIC,NO,NO,warm_component_spot,IMGGEN-CONVEYOR-BLACK-V1,374089383,0,5,5,body_chip|normal_proxy|discoloration|scratch|surface_spot,syn-v2-700-body_chip-0019|syn-v2-700-contamination-0081|syn-v2-700-discoloration-0058|syn-v2-700-scratch-0067|syn-v2-700-surface_spot-0076,syn-v4-conv-0293,1280,720,c203fac137625b3e79ba1765308097a914a0f27928708a64ef09e5d6e8f0590e,4fb27548736d29bef1a852ffae321a8c7702b7d2c5daec4d8c6f7cd59399e55b,06cbd621b6b097ded90c47b8ef1f34e9986d4e3b4c13824cc367542b5172af4c,ba57bc05f22d1d18180270d92da347acbf64292096264fe74ffbd8199fffdd6a,49bd25ad9d5f4a6e5fbc2aaa828460a1b10314dd8a091fcfb5a676adcec386fe,31.597078,4.213497,42.931801,137.562973,105.965895,4.353661,0.000000,0.000000,SHADOWLESS_SAME_SENSOR_JPEG,fa5adb968da368a28b85a711cd7b3d0aab6829453361eb686e915af6797cf717,4.0.0,multi-instance-paired-clean-1024-v1,AUTO_PASS_MULTI_INSTANCE_PAIRED_CLEAN_1024,NO,"{""brightness"":0.90341532,""contrast"":1.03255367,""crop_x"":0,""crop_y"":14,""noise_seed"":339713328,""noise_sigma"":0.39126371,""orientation_degrees"":270,""resized_height"":1280,""resized_width"":1280}","{""blur_radius_px"":0.24731716522555214,""jpeg_quality"":92,""noise_seed"":692787613,""noise_sigma"":1.1834118403130236}","{""blur_radius_px"":5.638133084944816,""instances"":[{""instance_index"":1,""offset_x_px"":2,""offset_y_px"":10,""opacity"":0.25146746},{""instance_index"":2,""offset_x_px"":-2,""offset_y_px"":6,""opacity"":0.31051988},{""instance_index"":3,""offset_x_px"":-3,""offset_y_px"":7,""opacity"":0.27048707},{""instance_index"":4,""offset_x_px"":-1,""offset_y_px"":7,""opacity"":0.28542108},{""instance_index"":5,""offset_x_px"":0,""offset_y_px"":9,""opacity"":0.18182759}]}"
syn-v4-conv-0294,295,synthetic/v4_conveyor/images/train/syn-v4-conv-0294.jpg,synthetic/v4_conveyor/masks/component_visible_instances/train/syn-v4-conv-0294.png,synthetic/v4_conveyor/masks/defect_semantic/train/syn-v4-conv-0294.png,synthetic/v4_conveyor/labels/yolo_component_status/train/syn-v4-conv-0294.txt,synthetic/v4_conveyor/labels/yolo_defects/train/syn-v4-conv-0294.txt,synthetic_black_conveyor_multi_instance,train,multi_instance_detection_segmentation,TRAIN_ONLY_MULTI_SCENE_SYNTHETIC,NO,NO,cool_component_spot,IMGGEN-CONVEYOR-BLACK-V1,3400521405,0,5,5,discoloration|lead_breakage|normal_proxy|contamination|scratch,syn-v2-700-discoloration-0071|syn-v2-700-lead_breakage-0051|syn-v2-700-lead_breakage-0010|syn-v2-700-contamination-0078|syn-v2-700-scratch-0094,syn-v4-conv-0294,1280,720,4239c15026704a0df5988835d9eeb9c9298c8c99702491ed94c596ee618d48c4,ae65713969bc765ebf7e5c2b310631b23134dfafe9462ec52fbd539990f44848,5e012b9f5c79f758e88bf599395a7e69b352e5d6e7e6c7ff964eba4480424af9,899910ce643242566c56124c133f1a6a3193c86f80257528fa8f67ea97676db2,69d20c39fe2e7ed6082ecda85d98cf94c4a9e0478678e75b5e72459b5c2db494,27.797224,3.643185,37.144398,133.940079,106.142855,4.818470,0.000000,0.000000,SHADOWLESS_SAME_SENSOR_JPEG,fa5adb968da368a28b85a711cd7b3d0aab6829453361eb686e915af6797cf717,4.0.0,multi-instance-paired-clean-1024-v1,AUTO_PASS_MULTI_INSTANCE_PAIRED_CLEAN_1024,NO,"{""brightness"":0.77502243,""contrast"":1.00688651,""crop_x"":0,""crop_y"":20,""noise_seed"":1784869991,""noise_sigma"":0.04486599,""orientation_degrees"":0,""resized_height"":1280,""resized_width"":1280}","{""blur_radius_px"":0.08643490618658536,""jpeg_quality"":93,""noise_seed"":965132625,""noise_sigma"":0.8249658021000081}","{""blur_radius_px"":7.152133630642926,""instances"":[{""instance_index"":1,""offset_x_px"":1,""offset_y_px"":9,""opacity"":0.20904722},{""instance_index"":2,""offset_x_px"":1,""offset_y_px"":7,""opacity"":0.23787206},{""instance_index"":3,""offset_x_px"":-2,""offset_y_px"":10,""opacity"":0.30038337},{""instance_index"":4,""offset_x_px"":-3,""offset_y_px"":8,""opacity"":0.19819898},{""instance_index"":5,""offset_x_px"":4,""offset_y_px"":7,""opacity"":0.28945135}]}"
syn-v4-conv-0295,296,synthetic/v4_conveyor/images/train/syn-v4-conv-0295.jpg,synthetic/v4_conveyor/masks/component_visible_instances/train/syn-v4-conv-0295.png,synthetic/v4_conveyor/masks/defect_semantic/train/syn-v4-conv-0295.png,synthetic/v4_conveyor/labels/yolo_component_status/train/syn-v4-conv-0295.txt,synthetic/v4_conveyor/labels/yolo_defects/train/syn-v4-conv-0295.txt,synthetic_black_conveyor_multi_instance,train,multi_instance_detection_segmentation,TRAIN_ONLY_MULTI_SCENE_SYNTHETIC,NO,NO,side_component_spot,IMGGEN-CONVEYOR-BLACK-V1,1933765761,0,5,5,discoloration|normal_proxy|contamination|body_crack|lead_breakage,syn-v2-700-discoloration-0061|syn-v2-700-contamination-0052|syn-v2-700-contamination-0075|syn-v2-700-body_crack-0037|syn-v2-700-lead_breakage-0082,syn-v4-conv-0295,1280,720,4c3dbed3eac829d4154824682b0e34e7cf8e94b8e9a70959bb536c6f374c0d5b,26466896dd335ff24c4b0c11c3afa19a79269183db61490e068f14d2cae3503e,474958f0c6b4cbb0d66fa3c7041feec4b309dee3f7668f316be239e9a0ff3558,f37b1c0ccf8f397bc087698a358e71785d497e21c666028416849d6ea39a428a,d98bfa15632fa62a4efc42944aca78fb09f2ff653678cffe39bb7fa408a01053,32.208218,3.631153,42.144398,143.938538,111.730320,4.469000,0.000000,0.000000,SHADOWLESS_SAME_SENSOR_JPEG,fa5adb968da368a28b85a711cd7b3d0aab6829453361eb686e915af6797cf717,4.0.0,multi-instance-paired-clean-1024-v1,AUTO_PASS_MULTI_INSTANCE_PAIRED_CLEAN_1024,NO,"{""brightness"":0.91127572,""contrast"":0.97057055,""crop_x"":0,""crop_y"":70,""noise_seed"":2810725579,""noise_sigma"":0.6000676,""orientation_degrees"":90,""resized_height"":1280,""resized_width"":1280}","{""blur_radius_px"":0.1246411154811445,""jpeg_quality"":96,""noise_seed"":3875213365,""noise_sigma"":1.2800463110291567}","{""blur_radius_px"":5.046885894601518,""instances"":[{""instance_index"":1,""offset_x_px"":3,""offset_y_px"":10,""opacity"":0.22757059},{""instance_index"":2,""offset_x_px"":0,""offset_y_px"":5,""opacity"":0.20271441},{""instance_index"":3,""offset_x_px"":-2,""offset_y_px"":10,""opacity"":0.22505806},{""instance_index"":4,""offset_x_px"":-3,""offset_y_px"":8,""opacity"":0.18078391},{""instance_index"":5,""offset_x_px"":2,""offset_y_px"":5,""opacity"":0.26522783}]}"
syn-v4-conv-0296,297,synthetic/v4_conveyor/images/train/syn-v4-conv-0296.jpg,synthetic/v4_conveyor/masks/component_visible_instances/train/syn-v4-conv-0296.png,synthetic/v4_conveyor/masks/defect_semantic/train/syn-v4-conv-0296.png,synthetic/v4_conveyor/labels/yolo_component_status/train/syn-v4-conv-0296.txt,synthetic/v4_conveyor/labels/yolo_defects/train/syn-v4-conv-0296.txt,synthetic_black_conveyor_multi_instance,train,multi_instance_detection_segmentation,TRAIN_ONLY_MULTI_SCENE_SYNTHETIC,NO,NO,neutral_component_spot,IMGGEN-CONVEYOR-BLACK-V1,525943754,0,5,5,normal_proxy|scratch|discoloration|body_chip|surface_spot,syn-v2-700-discoloration-0047|syn-v2-700-scratch-0047|syn-v2-700-discoloration-0089|syn-v2-700-body_chip-0050|syn-v2-700-surface_spot-0049,syn-v4-conv-0296,1280,720,91f81b3944c65d1822ed8470cdf89a89d604737bd96128cbf467981cfad03ffb,4f6fac7798e841e57c4ccb60a373498eae85735bd92ff41740d6e87196c81476,e0945219e90d4ccd97d3d91798f266ad5d33b83ad0135f3cf5fe64d21439e17c,41d7b284380b86bf0d379d9383b6c5743c2d006b2239041aab6a3290cfb494c0,debb18f2195cb3fc67c570f535f055677ae4a2cc7985c1aa87440102efe60461,31.821384,3.533781,42.000000,131.998810,100.177425,4.148117,0.000000,0.000000,SHADOWLESS_SAME_SENSOR_JPEG,fa5adb968da368a28b85a711cd7b3d0aab6829453361eb686e915af6797cf717,4.0.0,multi-instance-paired-clean-1024-v1,AUTO_PASS_MULTI_INSTANCE_PAIRED_CLEAN_1024,NO,"{""brightness"":0.89986078,""contrast"":0.92500586,""crop_x"":0,""crop_y"":167,""noise_seed"":2797546507,""noise_sigma"":0.47607637,""orientation_degrees"":90,""resized_height"":1280,""resized_width"":1280}","{""blur_radius_px"":0.32165370468944593,""jpeg_quality"":95,""noise_seed"":3960057400,""noise_sigma"":1.281176570663091}","{""blur_radius_px"":7.360094996457418,""instances"":[{""instance_index"":1,""offset_x_px"":-1,""offset_y_px"":9,""opacity"":0.24672165},{""instance_index"":2,""offset_x_px"":0,""offset_y_px"":9,""opacity"":0.22084703},{""instance_index"":3,""offset_x_px"":-2,""offset_y_px"":5,""opacity"":0.27197901},{""instance_index"":4,""offset_x_px"":0,""offset_y_px"":7,""opacity"":0.23030863},{""instance_index"":5,""offset_x_px"":-3,""offset_y_px"":5,""opacity"":0.25566228}]}"
syn-v4-conv-0297,298,synthetic/v4_conveyor/images/train/syn-v4-conv-0297.jpg,synthetic/v4_conveyor/masks/component_visible_instances/train/syn-v4-conv-0297.png,synthetic/v4_conveyor/masks/defect_semantic/train/syn-v4-conv-0297.png,synthetic/v4_conveyor/labels/yolo_component_status/train/syn-v4-conv-0297.txt,synthetic/v4_conveyor/labels/yolo_defects/train/syn-v4-conv-0297.txt,synthetic_black_conveyor_multi_instance,train,multi_instance_detection_segmentation,TRAIN_ONLY_MULTI_SCENE_SYNTHETIC,NO,NO,warm_component_spot,IMGGEN-CONVEYOR-BLACK-V1,1187052189,0,5,5,body_crack|body_chip|contamination|normal_proxy|lead_breakage,syn-v2-700-body_crack-0033|syn-v2-700-body_chip-0099|syn-v2-700-contamination-0081|syn-v2-700-body_crack-0070|syn-v2-700-lead_breakage-0018,syn-v4-conv-0297,1280,720,07c1ac0f7dac0febb7b78d0316270a567d4088dbc841d9c6559a6a4fcb37f546,45d10fd6d859b2ec90db9f84b1c2ad9d0c6ae3e3e706e971e2d8ad43c6c9497d,76234671c36b223dd65df4d8c0159fcf38e2a88eba1888417c9bc7b475183eae,bd9fd5d3e1895295b3f2e513ac20b4271e0ef6b2d9826419458e88bf8be2b805,eb568795cbed18fbc314e85d069de7931e43690e91fa72e35447a639455f44fa,32.916168,4.000595,43.931801,138.405991,105.489822,4.204803,0.000000,0.000000,SHADOWLESS_SAME_SENSOR_JPEG,fa5adb968da368a28b85a711cd7b3d0aab6829453361eb686e915af6797cf717,4.0.0,multi-instance-paired-clean-1024-v1,AUTO_PASS_MULTI_INSTANCE_PAIRED_CLEAN_1024,NO,"{""brightness"":0.92090733,""contrast"":1.04795448,""crop_x"":0,""crop_y"":418,""noise_seed"":2528053191,""noise_sigma"":0.03455871,""orientation_degrees"":180,""resized_height"":1280,""resized_width"":1280}","{""blur_radius_px"":0.3138614982254109,""jpeg_quality"":94,""noise_seed"":716212771,""noise_sigma"":0.8056769755074611}","{""blur_radius_px"":5.840018322082212,""instances"":[{""instance_index"":1,""offset_x_px"":5,""offset_y_px"":10,""opacity"":0.22489972},{""instance_index"":2,""offset_x_px"":3,""offset_y_px"":7,""opacity"":0.19487286},{""instance_index"":3,""offset_x_px"":5,""offset_y_px"":5,""opacity"":0.31487879},{""instance_index"":4,""offset_x_px"":5,""offset_y_px"":7,""opacity"":0.25494478},{""instance_index"":5,""offset_x_px"":1,""offset_y_px"":6,""opacity"":0.25055728}]}"
syn-v4-conv-0298,299,synthetic/v4_conveyor/images/train/syn-v4-conv-0298.jpg,synthetic/v4_conveyor/masks/component_visible_instances/train/syn-v4-conv-0298.png,synthetic/v4_conveyor/masks/defect_semantic/train/syn-v4-conv-0298.png,synthetic/v4_conveyor/labels/yolo_component_status/train/syn-v4-conv-0298.txt,synthetic/v4_conveyor/labels/yolo_defects/train/syn-v4-conv-0298.txt,synthetic_black_conveyor_multi_instance,train,multi_instance_detection_segmentation,TRAIN_ONLY_MULTI_SCENE_SYNTHETIC,NO,NO,cool_component_spot,IMGGEN-CONVEYOR-BLACK-V1,3411810252,0,5,5,body_chip|body_crack|scratch|normal_proxy|surface_spot,syn-v2-700-body_chip-0063|syn-v2-700-body_crack-0033|syn-v2-700-scratch-0034|syn-v2-700-scratch-0001|syn-v2-700-surface_spot-0077,syn-v4-conv-0298,1280,720,2c0c2f820757f6e9b556b62dcec0392fd7ea0fe8a326daa6d616928a2d1dbbbf,2dda46b9487e9a9ed4faa2bcb4effa6e571b3622a15a671d666a4cf2f8271831,267143f470b48d9771c044f677b87bbe72cdfc3380aec451b8becdad89003008,abc1800b9bdaaefd7c195bbb53ecbeae1610d55cc38ff5e08b8b1a0fa3fda71b,fdbfbb878e44a7c9cdb6c18fb4e6357e4c8406cd9c96bfb56bca691a1d6db845,30.993168,4.082895,41.724110,138.641708,107.648540,4.473299,0.000000,0.000000,SHADOWLESS_SAME_SENSOR_JPEG,fa5adb968da368a28b85a711cd7b3d0aab6829453361eb686e915af6797cf717,4.0.0,multi-instance-paired-clean-1024-v1,AUTO_PASS_MULTI_INSTANCE_PAIRED_CLEAN_1024,NO,"{""brightness"":0.88056887,""contrast"":1.0651745,""crop_x"":0,""crop_y"":185,""noise_seed"":3650648297,""noise_sigma"":1.0896558,""orientation_degrees"":0,""resized_height"":1280,""resized_width"":1280}","{""blur_radius_px"":0.18540419309150702,""jpeg_quality"":96,""noise_seed"":4042180341,""noise_sigma"":1.0428036439056563}","{""blur_radius_px"":6.5288322206478275,""instances"":[{""instance_index"":1,""offset_x_px"":3,""offset_y_px"":7,""opacity"":0.18379681},{""instance_index"":2,""offset_x_px"":-2,""offset_y_px"":5,""opacity"":0.24883169},{""instance_index"":3,""offset_x_px"":2,""offset_y_px"":6,""opacity"":0.18214107},{""instance_index"":4,""offset_x_px"":-1,""offset_y_px"":9,""opacity"":0.23904628},{""instance_index"":5,""offset_x_px"":-2,""offset_y_px"":6,""opacity"":0.30896563}]}"
syn-v4-conv-0299,300,synthetic/v4_conveyor/images/train/syn-v4-conv-0299.jpg,synthetic/v4_conveyor/masks/component_visible_instances/train/syn-v4-conv-0299.png,synthetic/v4_conveyor/masks/defect_semantic/train/syn-v4-conv-0299.png,synthetic/v4_conveyor/labels/yolo_component_status/train/syn-v4-conv-0299.txt,synthetic/v4_conveyor/labels/yolo_defects/train/syn-v4-conv-0299.txt,synthetic_black_conveyor_multi_instance,train,multi_instance_detection_segmentation,TRAIN_ONLY_MULTI_SCENE_SYNTHETIC,NO,NO,side_component_spot,IMGGEN-CONVEYOR-BLACK-V1,3918377512,0,5,5,normal_proxy|discoloration|contamination|body_chip|body_crack,syn-v2-700-scratch-0091|syn-v2-700-discoloration-0058|syn-v2-700-contamination-0014|syn-v2-700-body_chip-0074|syn-v2-700-body_crack-0051,syn-v4-conv-0299,1280,720,a144b0c8dc847bf1dcf6ca7be4d91912e2259fd672f3681a6d0e4c92201aa586,a8c5668739e94c6e20629fbd490499041cccf5419c2175ca0d1338e0d7764f49,304a49e9cefcc56b8e9df4ca06993d13a2d7058860b86bcb05ff0b667688357e,f21989cac10e222161394e7bc72c408f253ebb3c549cb0d416a14525fe5c90d0,a70b5778f73df49c79f0e1a57e9f56c91fbe5dc557bd6a0ae0507b44b2738df9,33.212711,4.467388,45.000000,140.790009,107.577297,4.239040,0.000000,0.000000,SHADOWLESS_SAME_SENSOR_JPEG,fa5adb968da368a28b85a711cd7b3d0aab6829453361eb686e915af6797cf717,4.0.0,multi-instance-paired-clean-1024-v1,AUTO_PASS_MULTI_INSTANCE_PAIRED_CLEAN_1024,NO,"{""brightness"":0.92918195,""contrast"":1.03052825,""crop_x"":0,""crop_y"":272,""noise_seed"":2401431294,""noise_sigma"":0.46989477,""orientation_degrees"":90,""resized_height"":1280,""resized_width"":1280}","{""blur_radius_px"":0.21126273986439506,""jpeg_quality"":94,""noise_seed"":3911158932,""noise_sigma"":0.5395314151815696}","{""blur_radius_px"":5.840171544202527,""instances"":[{""instance_index"":1,""offset_x_px"":2,""offset_y_px"":5,""opacity"":0.27153068},{""instance_index"":2,""offset_x_px"":3,""offset_y_px"":9,""opacity"":0.31740063},{""instance_index"":3,""offset_x_px"":4,""offset_y_px"":8,""opacity"":0.18673221},{""instance_index"":4,""offset_x_px"":1,""offset_y_px"":8,""opacity"":0.25207787},{""instance_index"":5,""offset_x_px"":1,""offset_y_px"":9,""opacity"":0.2812548}]}"
syn-v4-conv-0300,301,synthetic/v4_conveyor/images/train/syn-v4-conv-0300.jpg,synthetic/v4_conveyor/masks/component_visible_instances/train/syn-v4-conv-0300.png,synthetic/v4_conveyor/masks/defect_semantic/train/syn-v4-conv-0300.png,synthetic/v4_conveyor/labels/yolo_component_status/train/syn-v4-conv-0300.txt,synthetic/v4_conveyor/labels/yolo_defects/train/syn-v4-conv-0300.txt,synthetic_black_conveyor_multi_instance,train,multi_instance_detection_segmentation,TRAIN_ONLY_MULTI_SCENE_SYNTHETIC,NO,NO,neutral_component_spot,IMGGEN-CONVEYOR-BLACK-V1,154310385,0,5,5,discoloration|body_chip|body_crack|normal_proxy|lead_breakage,syn-v2-700-discoloration-0039|syn-v2-700-body_chip-0006|syn-v2-700-body_crack-0081|syn-v2-700-discoloration-0048|syn-v2-700-lead_breakage-0057,syn-v4-conv-0300,1280,720,274eb283cea7451bb71d696c57f357bed9542f29a0242d41f52f276a953badbc,f4dc30c716389540588a280a73a5c64792053b5e9e4c310c666dd44a862b96af,c13a55b8fef82f549fc485f50c7bd589feb230f31f0cd9fd50507ab96f2ea7cd,03f5f40341ff6bca35181175e5aa00680d5602406049ba12913e70b1caf4d561,fd00bf7b05cc0fd32e72d8697f9ece7f7c544d7b61e0a90819380d8360cd79e6,32.699261,3.392674,42.931801,140.841095,108.141834,4.307165,0.000000,0.000000,SHADOWLESS_SAME_SENSOR_JPEG,fa5adb968da368a28b85a711cd7b3d0aab6829453361eb686e915af6797cf717,4.0.0,multi-instance-paired-clean-1024-v1,AUTO_PASS_MULTI_INSTANCE_PAIRED_CLEAN_1024,NO,"{""brightness"":0.92288573,""contrast"":0.93059463,""crop_x"":0,""crop_y"":349,""noise_seed"":1506637837,""noise_sigma"":0.29473622,""orientation_degrees"":270,""resized_height"":1280,""resized_width"":1280}","{""blur_radius_px"":0.12122106761048818,""jpeg_quality"":92,""noise_seed"":4209612205,""noise_sigma"":0.9843717055194299}","{""blur_radius_px"":8.725948028702518,""instances"":[{""instance_index"":1,""offset_x_px"":-3,""offset_y_px"":5,""opacity"":0.2235898},{""instance_index"":2,""offset_x_px"":-3,""offset_y_px"":5,""opacity"":0.2942043},{""instance_index"":3,""offset_x_px"":-2,""offset_y_px"":6,""opacity"":0.27854188},{""instance_index"":4,""offset_x_px"":-3,""offset_y_px"":5,""opacity"":0.20028322},{""instance_index"":5,""offset_x_px"":0,""offset_y_px"":10,""opacity"":0.27516757}]}"
syn-v4-conv-0301,302,synthetic/v4_conveyor/images/train/syn-v4-conv-0301.jpg,synthetic/v4_conveyor/masks/component_visible_instances/train/syn-v4-conv-0301.png,synthetic/v4_conveyor/masks/defect_semantic/train/syn-v4-conv-0301.png,synthetic/v4_conveyor/labels/yolo_component_status/train/syn-v4-conv-0301.txt,synthetic/v4_conveyor/labels/yolo_defects/train/syn-v4-conv-0301.txt,synthetic_black_conveyor_multi_instance,train,multi_instance_detection_segmentation,TRAIN_ONLY_MULTI_SCENE_SYNTHETIC,NO,NO,warm_component_spot,IMGGEN-CONVEYOR-BLACK-V1,1672190875,0,5,5,scratch|lead_breakage|body_chip|contamination|normal_proxy,syn-v2-700-scratch-0060|syn-v2-700-lead_breakage-0056|syn-v2-700-body_chip-0011|syn-v2-700-contamination-0007|syn-v2-700-body_crack-0008,syn-v4-conv-0301,1280,720,2c636a89767dd9e0f3a9b4d32272fadfee99ed3b2d5d3d17b06a32aea8c54023,1d199b714dfe16ece1f88b83d3532c795e9b224c605a9b852540fdc709d6a84d,fbb079a4c81a59d4e531eafc6f679c5738392d1f7624283efd667df03850a79d,2a28fb683e39ed2be3c4e31bce149c3a3623fab3e0ef86a1c552d2d85fed8630,395a22ecab149723397331fdd28e3c720b1d6971b2b54f1279683cb67b02e2b9,30.454893,3.320843,40.000000,146.182907,115.728014,4.799981,0.000000,0.000000,SHADOWLESS_SAME_SENSOR_JPEG,fa5adb968da368a28b85a711cd7b3d0aab6829453361eb686e915af6797cf717,4.0.0,multi-instance-paired-clean-1024-v1,AUTO_PASS_MULTI_INSTANCE_PAIRED_CLEAN_1024,NO,"{""brightness"":0.86915123,""contrast"":0.95700968,""crop_x"":0,""crop_y"":171,""noise_seed"":1601588710,""noise_sigma"":0.67933555,""orientation_degrees"":270,""resized_height"":1280,""resized_width"":1280}","{""blur_radius_px"":0.3241815113308956,""jpeg_quality"":94,""noise_seed"":3711982914,""noise_sigma"":0.7959837595418129}","{""blur_radius_px"":7.1080850149148835,""instances"":[{""instance_index"":1,""offset_x_px"":4,""offset_y_px"":5,""opacity"":0.27802574},{""instance_index"":2,""offset_x_px"":5,""offset_y_px"":9,""opacity"":0.26771909},{""instance_index"":3,""offset_x_px"":3,""offset_y_px"":6,""opacity"":0.28982449},{""instance_index"":4,""offset_x_px"":2,""offset_y_px"":7,""opacity"":0.18945878},{""instance_index"":5,""offset_x_px"":1,""offset_y_px"":6,""opacity"":0.27301013}]}"
syn-v4-conv-0302,303,synthetic/v4_conveyor/images/train/syn-v4-conv-0302.jpg,synthetic/v4_conveyor/masks/component_visible_instances/train/syn-v4-conv-0302.png,synthetic/v4_conveyor/masks/defect_semantic/train/syn-v4-conv-0302.png,synthetic/v4_conveyor/labels/yolo_component_status/train/syn-v4-conv-0302.txt,synthetic/v4_conveyor/labels/yolo_defects/train/syn-v4-conv-0302.txt,synthetic_black_conveyor_multi_instance,train,multi_instance_detection_segmentation,TRAIN_ONLY_MULTI_SCENE_SYNTHETIC,NO,NO,cool_component_spot,IMGGEN-CONVEYOR-BLACK-V1,2217463896,0,5,5,normal_proxy|scratch|body_chip|body_crack|lead_breakage,syn-v2-700-body_chip-0006|syn-v2-700-scratch-0094|syn-v2-700-body_chip-0074|syn-v2-700-body_crack-0066|syn-v2-700-lead_breakage-0012,syn-v4-conv-0302,1280,720,39051b88ab983876c1caea35da3154f17ddbf8e5736cd6ec33feef04b926e667,68dce01edafb09de715513afcf787bec6bf75c47af46e433a43123002e72dbd6,a8f5a1ab82e19f6281810c25cf86836efd93f8aa2c85448923c29e25b4e52e42,087405770a91e8346d0b3b86928b1fe4d22c5799d1dfbc46dbf1de7cb8cda6e6,dca78d415e0b70357ac1f0b9656994e8aac564da8e599037cec5a7f1a110a52b,28.966652,3.904901,39.068199,139.962952,110.996300,4.831865,0.000000,0.000000,SHADOWLESS_SAME_SENSOR_JPEG,fa5adb968da368a28b85a711cd7b3d0aab6829453361eb686e915af6797cf717,4.0.0,multi-instance-paired-clean-1024-v1,AUTO_PASS_MULTI_INSTANCE_PAIRED_CLEAN_1024,NO,"{""brightness"":0.82090856,""contrast"":1.00080617,""crop_x"":0,""crop_y"":267,""noise_seed"":3103708646,""noise_sigma"":1.03449097,""orientation_degrees"":90,""resized_height"":1280,""resized_width"":1280}","{""blur_radius_px"":0.0610525534674845,""jpeg_quality"":92,""noise_seed"":729348762,""noise_sigma"":0.6945487095234351}","{""blur_radius_px"":7.30155357403539,""instances"":[{""instance_index"":1,""offset_x_px"":3,""offset_y_px"":6,""opacity"":0.30379865},{""instance_index"":2,""offset_x_px"":-3,""offset_y_px"":8,""opacity"":0.23016835},{""instance_index"":3,""offset_x_px"":2,""offset_y_px"":6,""opacity"":0.26912007},{""instance_index"":4,""offset_x_px"":-1,""offset_y_px"":9,""opacity"":0.31991836},{""instance_index"":5,""offset_x_px"":0,""offset_y_px"":6,""opacity"":0.25449931}]}"
syn-v4-conv-0303,304,synthetic/v4_conveyor/images/train/syn-v4-conv-0303.jpg,synthetic/v4_conveyor/masks/component_visible_instances/train/syn-v4-conv-0303.png,synthetic/v4_conveyor/masks/defect_semantic/train/syn-v4-conv-0303.png,synthetic/v4_conveyor/labels/yolo_component_status/train/syn-v4-conv-0303.txt,synthetic/v4_conveyor/labels/yolo_defects/train/syn-v4-conv-0303.txt,synthetic_black_conveyor_multi_instance,train,multi_instance_detection_segmentation,TRAIN_ONLY_MULTI_SCENE_SYNTHETIC,NO,NO,side_component_spot,IMGGEN-CONVEYOR-BLACK-V1,2659887693,0,5,5,surface_spot|lead_breakage|body_crack|scratch|normal_proxy,syn-v2-700-surface_spot-0037|syn-v2-700-lead_breakage-0059|syn-v2-700-body_crack-0079|syn-v2-700-scratch-0097|syn-v2-700-body_chip-0051,syn-v4-conv-0303,1280,720,4c6004f1a48787f8cc60303315d2756538224e2200feac75f191c75ab821cd2b,82e27521efee43b34106f1c70bca358428e4e29992756f647e5e43e5fe4caaed,975aa752942ad57182a78487fdb6640476cddd0363561dbf524d750968576126,f5c8a03f8cecd8f6401ce2b794d71594f9921915d2655e03fdde4a4830fb11a5,50503d5f6aac9794d2e412c8a963674585ddf730512679e187dd8a406d538ee9,29.723209,2.864718,38.000000,139.875580,110.152370,4.705938,0.000000,0.000000,SHADOWLESS_SAME_SENSOR_JPEG,fa5adb968da368a28b85a711cd7b3d0aab6829453361eb686e915af6797cf717,4.0.0,multi-instance-paired-clean-1024-v1,AUTO_PASS_MULTI_INSTANCE_PAIRED_CLEAN_1024,NO,"{""brightness"":0.87352514,""contrast"":0.98631394,""crop_x"":0,""crop_y"":528,""noise_seed"":449000541,""noise_sigma"":0.27205173,""orientation_degrees"":0,""resized_height"":1280,""resized_width"":1280}","{""blur_radius_px"":0.11290692187157776,""jpeg_quality"":95,""noise_seed"":3204616888,""noise_sigma"":0.39246766371395353}","{""blur_radius_px"":6.56096748179327,""instances"":[{""instance_index"":1,""offset_x_px"":0,""offset_y_px"":8,""opacity"":0.23539649},{""instance_index"":2,""offset_x_px"":5,""offset_y_px"":7,""opacity"":0.31863133},{""instance_index"":3,""offset_x_px"":0,""offset_y_px"":6,""opacity"":0.27459089},{""instance_index"":4,""offset_x_px"":1,""offset_y_px"":5,""opacity"":0.28700787},{""instance_index"":5,""offset_x_px"":5,""offset_y_px"":9,""opacity"":0.23677503}]}"
syn-v4-conv-0304,305,synthetic/v4_conveyor/images/train/syn-v4-conv-0304.jpg,synthetic/v4_conveyor/masks/component_visible_instances/train/syn-v4-conv-0304.png,synthetic/v4_conveyor/masks/defect_semantic/train/syn-v4-conv-0304.png,synthetic/v4_conveyor/labels/yolo_component_status/train/syn-v4-conv-0304.txt,synthetic/v4_conveyor/labels/yolo_defects/train/syn-v4-conv-0304.txt,synthetic_black_conveyor_multi_instance,train,multi_instance_detection_segmentation,TRAIN_ONLY_MULTI_SCENE_SYNTHETIC,NO,NO,neutral_component_spot,IMGGEN-CONVEYOR-BLACK-V1,3383220554,0,5,5,contamination|lead_breakage|body_chip|normal_proxy|scratch,syn-v2-700-contamination-0044|syn-v2-700-lead_breakage-0099|syn-v2-700-body_chip-0005|syn-v2-700-lead_breakage-0057|syn-v2-700-scratch-0054,syn-v4-conv-0304,1280,720,564a2f366b833b89b9419c4e08c3d30a07d4a7807524fc5ffe5c6c8964bc6b0e,da95675adc15286e04201774e7f1998965c6283c249408a4f51eeaba97133461,1f4df6a85b68b5389199ed0d543175aec16aab1d459f4a8afc1e53ec41c12f8a,f25339fd9d5481ff614caa230abc97375a0325e54402843a07a021c9c65dabb9,e156d8762e81d73cf389b3d07caf87c4fcf09cfba54e01e0a194e72726851a92,33.026737,4.334824,44.931801,141.759918,108.733181,4.292277,0.000000,0.000000,SHADOWLESS_SAME_SENSOR_JPEG,fa5adb968da368a28b85a711cd7b3d0aab6829453361eb686e915af6797cf717,4.0.0,multi-instance-paired-clean-1024-v1,AUTO_PASS_MULTI_INSTANCE_PAIRED_CLEAN_1024,NO,"{""brightness"":0.9223304,""contrast"":1.03224776,""crop_x"":0,""crop_y"":472,""noise_seed"":3427461741,""noise_sigma"":0.70907531,""orientation_degrees"":270,""resized_height"":1280,""resized_width"":1280}","{""blur_radius_px"":0.2916872524241594,""jpeg_quality"":94,""noise_seed"":2607562429,""noise_sigma"":1.1986242746940865}","{""blur_radius_px"":6.476649638912642,""instances"":[{""instance_index"":1,""offset_x_px"":0,""offset_y_px"":7,""opacity"":0.23010203},{""instance_index"":2,""offset_x_px"":5,""offset_y_px"":7,""opacity"":0.3072246},{""instance_index"":3,""offset_x_px"":2,""offset_y_px"":9,""opacity"":0.20360898},{""instance_index"":4,""offset_x_px"":4,""offset_y_px"":8,""opacity"":0.27392673},{""instance_index"":5,""offset_x_px"":2,""offset_y_px"":10,""opacity"":0.24272437}]}"
syn-v4-conv-0305,306,synthetic/v4_conveyor/images/train/syn-v4-conv-0305.jpg,synthetic/v4_conveyor/masks/component_visible_instances/train/syn-v4-conv-0305.png,synthetic/v4_conveyor/masks/defect_semantic/train/syn-v4-conv-0305.png,synthetic/v4_conveyor/labels/yolo_component_status/train/syn-v4-conv-0305.txt,synthetic/v4_conveyor/labels/yolo_defects/train/syn-v4-conv-0305.txt,synthetic_black_conveyor_multi_instance,train,multi_instance_detection_segmentation,TRAIN_ONLY_MULTI_SCENE_SYNTHETIC,NO,NO,warm_component_spot,IMGGEN-CONVEYOR-BLACK-V1,3790294010,0,5,5,lead_breakage|scratch|body_crack|normal_proxy|body_chip,syn-v2-700-lead_breakage-0046|syn-v2-700-scratch-0034|syn-v2-700-body_crack-0027|syn-v2-700-body_crack-0081|syn-v2-700-body_chip-0018,syn-v4-conv-0305,1280,720,0c32030fb7b721a15d220dbbccff2277cdeed019dda36ae6c983eb7e52d7fb94,73a9505029e7a45bb8588bf9cd95cc9c33e83f9e29117c6bca84b455ad383468,0a825b318c8592db2eea032f5b7778c08f07a82f20491614abad5953ce5805e8,7ee13b0b840b56b578f460b0bbb3ad5daad5f91121144d423d393cf79a8350ae,94a1dabf84546b9f6d521b173ce4bd3eaabff042d370a0b1eaec1397a86a7ca3,25.611412,2.674334,33.144402,142.909668,117.298256,5.579921,0.000000,0.000000,SHADOWLESS_SAME_SENSOR_JPEG,fa5adb968da368a28b85a711cd7b3d0aab6829453361eb686e915af6797cf717,4.0.0,multi-instance-paired-clean-1024-v1,AUTO_PASS_MULTI_INSTANCE_PAIRED_CLEAN_1024,NO,"{""brightness"":0.73614842,""contrast"":0.94602362,""crop_x"":0,""crop_y"":446,""noise_seed"":681976093,""noise_sigma"":0.55072344,""orientation_degrees"":90,""resized_height"":1280,""resized_width"":1280}","{""blur_radius_px"":0.20943142668255102,""jpeg_quality"":94,""noise_seed"":1862136043,""noise_sigma"":0.38010839202565977}","{""blur_radius_px"":5.63852526531058,""instances"":[{""instance_index"":1,""offset_x_px"":2,""offset_y_px"":9,""opacity"":0.31489824},{""instance_index"":2,""offset_x_px"":-1,""offset_y_px"":5,""opacity"":0.20955723},{""instance_index"":3,""offset_x_px"":0,""offset_y_px"":7,""opacity"":0.28396336},{""instance_index"":4,""offset_x_px"":-1,""offset_y_px"":7,""opacity"":0.31957749},{""instance_index"":5,""offset_x_px"":5,""offset_y_px"":6,""opacity"":0.25607499}]}"
syn-v4-conv-0306,307,synthetic/v4_conveyor/images/train/syn-v4-conv-0306.jpg,synthetic/v4_conveyor/masks/component_visible_instances/train/syn-v4-conv-0306.png,synthetic/v4_conveyor/masks/defect_semantic/train/syn-v4-conv-0306.png,synthetic/v4_conveyor/labels/yolo_component_status/train/syn-v4-conv-0306.txt,synthetic/v4_conveyor/labels/yolo_defects/train/syn-v4-conv-0306.txt,synthetic_black_conveyor_multi_instance,train,multi_instance_detection_segmentation,TRAIN_ONLY_MULTI_SCENE_SYNTHETIC,NO,NO,cool_component_spot,IMGGEN-CONVEYOR-BLACK-V1,2037510166,0,5,5,lead_breakage|discoloration|body_crack|scratch|contamination,syn-v2-700-lead_breakage-0060|syn-v2-700-discoloration-0053|syn-v2-700-body_crack-0037|syn-v2-700-scratch-0090|syn-v2-700-contamination-0078,syn-v4-conv-0306,1280,720,3266a3e89288794eb694b4471d355f99c012228f23ad2558bc9d3b421604e6d2,2f02bf50e139672e1b616c6e667fe95f6e696b187a4fee9e3b8985e4e309b152,c89989b97cfa23efdfde9f72cb7cf438dd05d71f59ecb0bceabdba4e6b82a688,e74587f81408f4d0e040b6cec1e2027d20b0a7aaed43605f986b95c1806939d1,e929a4acf109dce129e582f7eaae84f344fa10b7982f6d725cd52fa1be2f57c1,24.747913,2.328460,31.144400,133.937881,109.189968,5.412088,0.000000,0.000000,SHADOWLESS_SAME_SENSOR_JPEG,fa5adb968da368a28b85a711cd7b3d0aab6829453361eb686e915af6797cf717,4.0.0,multi-instance-paired-clean-1024-v1,AUTO_PASS_MULTI_INSTANCE_PAIRED_CLEAN_1024,NO,"{""brightness"":0.72949446,""contrast"":0.97058056,""crop_x"":0,""crop_y"":474,""noise_seed"":3223955348,""noise_sigma"":0.22794467,""orientation_degrees"":0,""resized_height"":1280,""resized_width"":1280}","{""blur_radius_px"":0.20916344919548915,""jpeg_quality"":93,""noise_seed"":1019797340,""noise_sigma"":0.7361055612624754}","{""blur_radius_px"":7.574188869993035,""instances"":[{""instance_index"":1,""offset_x_px"":5,""offset_y_px"":7,""opacity"":0.27701281},{""instance_index"":2,""offset_x_px"":5,""offset_y_px"":7,""opacity"":0.21420971},{""instance_index"":3,""offset_x_px"":-1,""offset_y_px"":7,""opacity"":0.31127324},{""instance_index"":4,""offset_x_px"":3,""offset_y_px"":6,""opacity"":0.29305153},{""instance_index"":5,""offset_x_px"":4,""offset_y_px"":9,""opacity"":0.24339913}]}"
syn-v4-conv-0307,308,synthetic/v4_conveyor/images/train/syn-v4-conv-0307.jpg,synthetic/v4_conveyor/masks/component_visible_instances/train/syn-v4-conv-0307.png,synthetic/v4_conveyor/masks/defect_semantic/train/syn-v4-conv-0307.png,synthetic/v4_conveyor/labels/yolo_component_status/train/syn-v4-conv-0307.txt,synthetic/v4_conveyor/labels/yolo_defects/train/syn-v4-conv-0307.txt,synthetic_black_conveyor_multi_instance,train,multi_instance_detection_segmentation,TRAIN_ONLY_MULTI_SCENE_SYNTHETIC,NO,NO,side_component_spot,IMGGEN-CONVEYOR-BLACK-V1,2346892863,0,5,5,lead_breakage|contamination|normal_proxy|discoloration|surface_spot,syn-v2-700-lead_breakage-0068|syn-v2-700-contamination-0045|syn-v2-700-surface_spot-0047|syn-v2-700-discoloration-0070|syn-v2-700-surface_spot-0049,syn-v4-conv-0307,1280,720,08ac71f50f9c2c924a661231f2dd34a65f64c8e1a6d95f84e1473791d5892429,cc39f0be3a96cd69e58301ad2f5c90510f4b4baeb9672960b6f6e56dc4e7ad84,fb2916e71c8dd2fbb676d92f53caafae8f94e7d2152149b6eeee9732d291591d,6657f5e1c3a14ec0791902f02a4de018056ff8607600784a0bd8e7715467034d,38788983630f5a7b4375bf9e75d85493a8c856e204775560315a9796750dc899,29.598789,3.126160,38.931801,144.324097,114.725307,4.876014,0.000000,0.000000,SHADOWLESS_SAME_SENSOR_JPEG,fa5adb968da368a28b85a711cd7b3d0aab6829453361eb686e915af6797cf717,4.0.0,multi-instance-paired-clean-1024-v1,AUTO_PASS_MULTI_INSTANCE_PAIRED_CLEAN_1024,NO,"{""brightness"":0.84140834,""contrast"":0.93149633,""crop_x"":0,""crop_y"":42,""noise_seed"":3407380440,""noise_sigma"":0.60456966,""orientation_degrees"":90,""resized_height"":1280,""resized_width"":1280}","{""blur_radius_px"":0.04076616440038388,""jpeg_quality"":94,""noise_seed"":147738791,""noise_sigma"":0.5111130492730633}","{""blur_radius_px"":6.61431035724827,""instances"":[{""instance_index"":1,""offset_x_px"":3,""offset_y_px"":10,""opacity"":0.30781423},{""instance_index"":2,""offset_x_px"":-1,""offset_y_px"":8,""opacity"":0.20832635},{""instance_index"":3,""offset_x_px"":0,""offset_y_px"":7,""opacity"":0.22675827},{""instance_index"":4,""offset_x_px"":-3,""offset_y_px"":7,""opacity"":0.20480233},{""instance_index"":5,""offset_x_px"":-2,""offset_y_px"":5,""opacity"":0.26301332}]}"
syn-v4-conv-0308,309,synthetic/v4_conveyor/images/train/syn-v4-conv-0308.jpg,synthetic/v4_conveyor/masks/component_visible_instances/train/syn-v4-conv-0308.png,synthetic/v4_conveyor/masks/defect_semantic/train/syn-v4-conv-0308.png,synthetic/v4_conveyor/labels/yolo_component_status/train/syn-v4-conv-0308.txt,synthetic/v4_conveyor/labels/yolo_defects/train/syn-v4-conv-0308.txt,synthetic_black_conveyor_multi_instance,train,multi_instance_detection_segmentation,TRAIN_ONLY_MULTI_SCENE_SYNTHETIC,NO,NO,neutral_component_spot,IMGGEN-CONVEYOR-BLACK-V1,1389896010,0,5,5,body_chip|normal_proxy|body_crack|contamination|scratch,syn-v2-700-body_chip-0004|syn-v2-700-surface_spot-0001|syn-v2-700-body_crack-0097|syn-v2-700-contamination-0002|syn-v2-700-scratch-0090,syn-v4-conv-0308,1280,720,90b3eecc28770cede30236020aee48abd3ceea2988cf399ffe18aa761439909d,a3c2f2cceb30f634354ff4e9ea1ace07bc4d22ba0e1ff310bc09da9d37ac969f,b063d175d74574bb3f19681fad2cfe62b972a6340813011ebfd2897e732ed268,a1a5f8d68cfac0af4ca37ec2b01eabf95c3a2e45ab9d039791587d095f44767c,b0a82e1ae5ae9f0f436ff554a3e485213fb76259984778473bfae0b16c24ef9c,30.547728,3.705635,40.000000,142.117447,111.569719,4.652308,0.000000,0.000000,SHADOWLESS_SAME_SENSOR_JPEG,fa5adb968da368a28b85a711cd7b3d0aab6829453361eb686e915af6797cf717,4.0.0,multi-instance-paired-clean-1024-v1,AUTO_PASS_MULTI_INSTANCE_PAIRED_CLEAN_1024,NO,"{""brightness"":0.90014821,""contrast"":1.01930896,""crop_x"":0,""crop_y"":543,""noise_seed"":3862750035,""noise_sigma"":0.12690966,""orientation_degrees"":0,""resized_height"":1280,""resized_width"":1280}","{""blur_radius_px"":0.19520892491481068,""jpeg_quality"":92,""noise_seed"":2497932774,""noise_sigma"":0.8851518316626261}","{""blur_radius_px"":6.301325637960662,""instances"":[{""instance_index"":1,""offset_x_px"":-1,""offset_y_px"":7,""opacity"":0.18456661},{""instance_index"":2,""offset_x_px"":-1,""offset_y_px"":6,""opacity"":0.20501547},{""instance_index"":3,""offset_x_px"":-2,""offset_y_px"":9,""opacity"":0.25665665},{""instance_index"":4,""offset_x_px"":3,""offset_y_px"":8,""opacity"":0.18211479},{""instance_index"":5,""offset_x_px"":4,""offset_y_px"":5,""opacity"":0.30061098}]}"
syn-v4-conv-0309,310,synthetic/v4_conveyor/images/train/syn-v4-conv-0309.jpg,synthetic/v4_conveyor/masks/component_visible_instances/train/syn-v4-conv-0309.png,synthetic/v4_conveyor/masks/defect_semantic/train/syn-v4-conv-0309.png,synthetic/v4_conveyor/labels/yolo_component_status/train/syn-v4-conv-0309.txt,synthetic/v4_conveyor/labels/yolo_defects/train/syn-v4-conv-0309.txt,synthetic_black_conveyor_multi_instance,train,multi_instance_detection_segmentation,TRAIN_ONLY_MULTI_SCENE_SYNTHETIC,NO,NO,warm_component_spot,IMGGEN-CONVEYOR-BLACK-V1,1741982898,0,5,5,lead_breakage|normal_proxy|scratch|body_crack|discoloration,syn-v2-700-lead_breakage-0017|syn-v2-700-surface_spot-0034|syn-v2-700-scratch-0023|syn-v2-700-body_crack-0034|syn-v2-700-discoloration-0013,syn-v4-conv-0309,1280,720,96371782b5ed34efdac92362eb7504cde0571b9846ecc00c7b204056310dc9e2,ef3c3be01f94ac3f095ebe04a765897ba47c5fae5d0cb8966511bf378c885c26,db758e11397fd97a0f7f8e3014677808d7557554b7a38aac2683054fb62472fd,b75441e595939ca306ebb2216e0f949d3705a9740d985fad75d71e09d50c106d,6aa4d2420e3dbb29a36c6aad19e0760b88d118df85a808b05b71effec7206610,34.239071,3.441751,44.144402,136.830475,102.591404,3.996326,0.000000,0.000000,SHADOWLESS_SAME_SENSOR_JPEG,fa5adb968da368a28b85a711cd7b3d0aab6829453361eb686e915af6797cf717,4.0.0,multi-instance-paired-clean-1024-v1,AUTO_PASS_MULTI_INSTANCE_PAIRED_CLEAN_1024,NO,"{""brightness"":0.94935565,""contrast"":0.98118382,""crop_x"":0,""crop_y"":451,""noise_seed"":1602954962,""noise_sigma"":0.47649332,""orientation_degrees"":180,""resized_height"":1280,""resized_width"":1280}","{""blur_radius_px"":0.28860084848241657,""jpeg_quality"":94,""noise_seed"":4134147280,""noise_sigma"":1.2777286069447475}","{""blur_radius_px"":7.354026024340444,""instances"":[{""instance_index"":1,""offset_x_px"":5,""offset_y_px"":10,""opacity"":0.21321964},{""instance_index"":2,""offset_x_px"":2,""offset_y_px"":6,""opacity"":0.19065885},{""instance_index"":3,""offset_x_px"":3,""offset_y_px"":5,""opacity"":0.27515445},{""instance_index"":4,""offset_x_px"":5,""offset_y_px"":9,""opacity"":0.26209028},{""instance_index"":5,""offset_x_px"":1,""offset_y_px"":7,""opacity"":0.26832783}]}"
syn-v4-conv-0310,311,synthetic/v4_conveyor/images/train/syn-v4-conv-0310.jpg,synthetic/v4_conveyor/masks/component_visible_instances/train/syn-v4-conv-0310.png,synthetic/v4_conveyor/masks/defect_semantic/train/syn-v4-conv-0310.png,synthetic/v4_conveyor/labels/yolo_component_status/train/syn-v4-conv-0310.txt,synthetic/v4_conveyor/labels/yolo_defects/train/syn-v4-conv-0310.txt,synthetic_black_conveyor_multi_instance,train,multi_instance_detection_segmentation,TRAIN_ONLY_MULTI_SCENE_SYNTHETIC,NO,NO,cool_component_spot,IMGGEN-CONVEYOR-BLACK-V1,3044742650,0,5,5,lead_breakage|body_chip|contamination|scratch|surface_spot,syn-v2-700-lead_breakage-0018|syn-v2-700-body_chip-0086|syn-v2-700-contamination-0052|syn-v2-700-scratch-0023|syn-v2-700-surface_spot-0021,syn-v4-conv-0310,1280,720,b4421f6c5b44e325daaadd010bfcd1a5bf30bebfd063bb519f9fa54997eeceb6,aaa6c3f042308167868b52334a2744456bd6ac75fd308de1a03c71bf6f3a6cd5,341f852c0a56b7583aa9e9fa789d74a7410078fc986365f9bae0234ad8e0d712,cc82527cf3864e67bdacff31820ba99a6b9fd05dc64f8eb0a68ffadb69cec087,0f980aa59db6d7a3a534e7c1c63faf4657e3b480c4eee6b1de004770bfd76c99,25.757307,3.627208,35.000000,144.777496,119.020189,5.620832,0.000000,0.000000,SHADOWLESS_SAME_SENSOR_JPEG,fa5adb968da368a28b85a711cd7b3d0aab6829453361eb686e915af6797cf717,4.0.0,multi-instance-paired-clean-1024-v1,AUTO_PASS_MULTI_INSTANCE_PAIRED_CLEAN_1024,NO,"{""brightness"":0.7342498,""contrast"":1.00861325,""crop_x"":0,""crop_y"":288,""noise_seed"":2488435963,""noise_sigma"":0.76586763,""orientation_degrees"":90,""resized_height"":1280,""resized_width"":1280}","{""blur_radius_px"":0.1188644226558185,""jpeg_quality"":93,""noise_seed"":1123931323,""noise_sigma"":1.2187013019094328}","{""blur_radius_px"":8.685665977284678,""instances"":[{""instance_index"":1,""offset_x_px"":5,""offset_y_px"":8,""opacity"":0.2751406},{""instance_index"":2,""offset_x_px"":2,""offset_y_px"":5,""opacity"":0.22854103},{""instance_index"":3,""offset_x_px"":5,""offset_y_px"":8,""opacity"":0.25016487},{""instance_index"":4,""offset_x_px"":-3,""offset_y_px"":8,""opacity"":0.19756963},{""instance_index"":5,""offset_x_px"":2,""offset_y_px"":6,""opacity"":0.23905505}]}"
syn-v4-conv-0311,312,synthetic/v4_conveyor/images/train/syn-v4-conv-0311.jpg,synthetic/v4_conveyor/masks/component_visible_instances/train/syn-v4-conv-0311.png,synthetic/v4_conveyor/masks/defect_semantic/train/syn-v4-conv-0311.png,synthetic/v4_conveyor/labels/yolo_component_status/train/syn-v4-conv-0311.txt,synthetic/v4_conveyor/labels/yolo_defects/train/syn-v4-conv-0311.txt,synthetic_black_conveyor_multi_instance,train,multi_instance_detection_segmentation,TRAIN_ONLY_MULTI_SCENE_SYNTHETIC,NO,NO,side_component_spot,IMGGEN-CONVEYOR-BLACK-V1,1348268193,0,5,5,body_crack|contamination|discoloration|body_chip|surface_spot,syn-v2-700-body_crack-0081|syn-v2-700-contamination-0020|syn-v2-700-discoloration-0009|syn-v2-700-body_chip-0018|syn-v2-700-surface_spot-0064,syn-v4-conv-0311,1280,720,ac9b65d6974deb8521f7331eabc223cc888eb1eaf713732c25af3e6751c64c4b,2ad8f6665f5bdcd38a2ef0a71edb51bf7b08011affbabe9078df4d254c72dbe8,9693832ce8dbcec4cf9f40de561af90ae8fc0b86c6bc256315939b4472720d20,7dd94229c20486c348b6fe6aea3fb743863cde741e58ed354683fdd48e11a238,98fcc64fb5ae88567b4a47c8827aa744286db6ce735e3fc0f3c6e71f027531be,31.980120,3.505975,42.144398,134.402710,102.422590,4.202696,0.000000,0.000000,SHADOWLESS_SAME_SENSOR_JPEG,fa5adb968da368a28b85a711cd7b3d0aab6829453361eb686e915af6797cf717,4.0.0,multi-instance-paired-clean-1024-v1,AUTO_PASS_MULTI_INSTANCE_PAIRED_CLEAN_1024,NO,"{""brightness"":0.91149852,""contrast"":0.99536006,""crop_x"":0,""crop_y"":483,""noise_seed"":2893679077,""noise_sigma"":0.52663521,""orientation_degrees"":90,""resized_height"":1280,""resized_width"":1280}","{""blur_radius_px"":0.054321167210411136,""jpeg_quality"":94,""noise_seed"":4240553480,""noise_sigma"":0.7354082540647939}","{""blur_radius_px"":6.467973503599174,""instances"":[{""instance_index"":1,""offset_x_px"":4,""offset_y_px"":5,""opacity"":0.19633228},{""instance_index"":2,""offset_x_px"":0,""offset_y_px"":8,""opacity"":0.23384336},{""instance_index"":3,""offset_x_px"":1,""offset_y_px"":10,""opacity"":0.21168568},{""instance_index"":4,""offset_x_px"":-2,""offset_y_px"":5,""opacity"":0.27774493},{""instance_index"":5,""offset_x_px"":3,""offset_y_px"":9,""opacity"":0.21151126}]}"
syn-v4-conv-0312,313,synthetic/v4_conveyor/images/train/syn-v4-conv-0312.jpg,synthetic/v4_conveyor/masks/component_visible_instances/train/syn-v4-conv-0312.png,synthetic/v4_conveyor/masks/defect_semantic/train/syn-v4-conv-0312.png,synthetic/v4_conveyor/labels/yolo_component_status/train/syn-v4-conv-0312.txt,synthetic/v4_conveyor/labels/yolo_defects/train/syn-v4-conv-0312.txt,synthetic_black_conveyor_multi_instance,train,multi_instance_detection_segmentation,TRAIN_ONLY_MULTI_SCENE_SYNTHETIC,NO,NO,neutral_component_spot,IMGGEN-CONVEYOR-BLACK-V1,2515483666,0,5,5,discoloration|body_crack|contamination|scratch|normal_proxy,syn-v2-700-discoloration-0048|syn-v2-700-body_crack-0081|syn-v2-700-contamination-0090|syn-v2-700-scratch-0091|syn-v2-700-scratch-0094,syn-v4-conv-0312,1280,720,f0a8c0275b4182f8b6bc45bcee423075d2b04aa54625419c435bd7fc8918a18f,3bae719a13bf7af3fc132b3370de9e4eb2b2ea0c998385faaea7e61d67ad3fc7,87e0fe75e72a605db9787eb7285166078598f09fcefe63f77b85a925c0e1a5d7,c7abf9f9abab83ef8d83c1c9d26c79907e716eba88da67997c3698502050e468,5d6928d92b6090e3ad8165363acee3b03613c6ece47015d7d9e729e68ffa3a74,31.578018,3.242965,41.000000,133.906219,102.328201,4.240488,0.000000,0.000000,SHADOWLESS_SAME_SENSOR_JPEG,fa5adb968da368a28b85a711cd7b3d0aab6829453361eb686e915af6797cf717,4.0.0,multi-instance-paired-clean-1024-v1,AUTO_PASS_MULTI_INSTANCE_PAIRED_CLEAN_1024,NO,"{""brightness"":0.87966374,""contrast"":0.9887236,""crop_x"":0,""crop_y"":477,""noise_seed"":337779945,""noise_sigma"":0.12927224,""orientation_degrees"":180,""resized_height"":1280,""resized_width"":1280}","{""blur_radius_px"":0.3348839641733519,""jpeg_quality"":94,""noise_seed"":3174515951,""noise_sigma"":0.8612752251643578}","{""blur_radius_px"":5.009419947057659,""instances"":[{""instance_index"":1,""offset_x_px"":-1,""offset_y_px"":8,""opacity"":0.2839365},{""instance_index"":2,""offset_x_px"":1,""offset_y_px"":7,""opacity"":0.30320919},{""instance_index"":3,""offset_x_px"":3,""offset_y_px"":9,""opacity"":0.28232043},{""instance_index"":4,""offset_x_px"":0,""offset_y_px"":9,""opacity"":0.19525142},{""instance_index"":5,""offset_x_px"":-1,""offset_y_px"":10,""opacity"":0.19564166}]}"
syn-v4-conv-0313,314,synthetic/v4_conveyor/images/train/syn-v4-conv-0313.jpg,synthetic/v4_conveyor/masks/component_visible_instances/train/syn-v4-conv-0313.png,synthetic/v4_conveyor/masks/defect_semantic/train/syn-v4-conv-0313.png,synthetic/v4_conveyor/labels/yolo_component_status/train/syn-v4-conv-0313.txt,synthetic/v4_conveyor/labels/yolo_defects/train/syn-v4-conv-0313.txt,synthetic_black_conveyor_multi_instance,train,multi_instance_detection_segmentation,TRAIN_ONLY_MULTI_SCENE_SYNTHETIC,NO,NO,warm_component_spot,IMGGEN-CONVEYOR-BLACK-V1,2028591760,1,5,5,body_chip|contamination|body_crack|discoloration|scratch,syn-v2-700-body_chip-0060|syn-v2-700-contamination-0011|syn-v2-700-body_crack-0070|syn-v2-700-discoloration-0015|syn-v2-700-scratch-0076,syn-v4-conv-0313,1280,720,c5550a139dec3af678bb7d62da3d5de2e513eca7d73e1810dac4cb376174c4fc,ce1cb477ece3bcb534a7be3f8dedd5a677e9f22e050ef286dbb3d8e0886be3fc,f3f9ebbf2e431d5e0a0814bad0274012aa8fdf285be9de08cd83bd9ea9e700be,77d6452dbad9eebbe7e42e58205dff7a0c1095fcc12b7c6fdae19c70bf07d906,109ba728594b37e9d1353f589b41b519b221ba2f9fbadb72c73dea53a6644b24,30.029449,4.059027,40.641800,141.174088,111.144638,4.701188,0.000000,0.000000,SHADOWLESS_SAME_SENSOR_JPEG,fa5adb968da368a28b85a711cd7b3d0aab6829453361eb686e915af6797cf717,4.0.0,multi-instance-paired-clean-1024-v1,AUTO_PASS_MULTI_INSTANCE_PAIRED_CLEAN_1024,NO,"{""brightness"":0.84675182,""contrast"":1.05097209,""crop_x"":0,""crop_y"":295,""noise_seed"":3782094482,""noise_sigma"":0.4472612,""orientation_degrees"":270,""resized_height"":1280,""resized_width"":1280}","{""blur_radius_px"":0.3377206517878115,""jpeg_quality"":94,""noise_seed"":24667645,""noise_sigma"":0.5724399389764561}","{""blur_radius_px"":5.051038890775316,""instances"":[{""instance_index"":1,""offset_x_px"":1,""offset_y_px"":10,""opacity"":0.26074114},{""instance_index"":2,""offset_x_px"":2,""offset_y_px"":10,""opacity"":0.30806591},{""instance_index"":3,""offset_x_px"":-1,""offset_y_px"":5,""opacity"":0.28989416},{""instance_index"":4,""offset_x_px"":-2,""offset_y_px"":10,""opacity"":0.28877993},{""instance_index"":5,""offset_x_px"":-3,""offset_y_px"":10,""opacity"":0.21522031}]}"
syn-v4-conv-0314,315,synthetic/v4_conveyor/images/train/syn-v4-conv-0314.jpg,synthetic/v4_conveyor/masks/component_visible_instances/train/syn-v4-conv-0314.png,synthetic/v4_conveyor/masks/defect_semantic/train/syn-v4-conv-0314.png,synthetic/v4_conveyor/labels/yolo_component_status/train/syn-v4-conv-0314.txt,synthetic/v4_conveyor/labels/yolo_defects/train/syn-v4-conv-0314.txt,synthetic_black_conveyor_multi_instance,train,multi_instance_detection_segmentation,TRAIN_ONLY_MULTI_SCENE_SYNTHETIC,NO,NO,cool_component_spot,IMGGEN-CONVEYOR-BLACK-V1,2720406561,0,5,5,scratch|normal_proxy|body_chip|lead_breakage|discoloration,syn-v2-700-scratch-0094|syn-v2-700-body_chip-0079|syn-v2-700-body_chip-0099|syn-v2-700-lead_breakage-0099|syn-v2-700-discoloration-0071,syn-v4-conv-0314,1280,720,34eceb7915b9a53f305bfdadfe80edfb969b1b5fe2648597e98dfdfc98cff58a,ba7228711ab95d464868a08df2dc655d459796e47cdf22f615cc2752989a9525,aa1452661502552bab0923eebf35e6e7c8eedc49c4542c316dc2f1fea09ad672,70ff47f86273b9e9ee2bdbd9c0630791b2cf933322c3784297c651a873393790,4d48577fd56edf716aaf8b9f96ccd14c72234fea44969157c30ae951f8c368cf,31.493118,3.543882,41.502602,133.352142,101.859024,4.234326,0.000000,0.000000,SHADOWLESS_SAME_SENSOR_JPEG,fa5adb968da368a28b85a711cd7b3d0aab6829453361eb686e915af6797cf717,4.0.0,multi-instance-paired-clean-1024-v1,AUTO_PASS_MULTI_INSTANCE_PAIRED_CLEAN_1024,NO,"{""brightness"":0.89450601,""contrast"":0.96677756,""crop_x"":0,""crop_y"":92,""noise_seed"":3859086745,""noise_sigma"":1.10660593,""orientation_degrees"":270,""resized_height"":1280,""resized_width"":1280}","{""blur_radius_px"":0.03303873263894444,""jpeg_quality"":96,""noise_seed"":4134837832,""noise_sigma"":0.6890403771371907}","{""blur_radius_px"":7.539551199186089,""instances"":[{""instance_index"":1,""offset_x_px"":3,""offset_y_px"":8,""opacity"":0.31111573},{""instance_index"":2,""offset_x_px"":2,""offset_y_px"":10,""opacity"":0.29878585},{""instance_index"":3,""offset_x_px"":5,""offset_y_px"":9,""opacity"":0.2966592},{""instance_index"":4,""offset_x_px"":0,""offset_y_px"":10,""opacity"":0.3128022},{""instance_index"":5,""offset_x_px"":1,""offset_y_px"":8,""opacity"":0.27131924}]}"
syn-v4-conv-0315,316,synthetic/v4_conveyor/images/train/syn-v4-conv-0315.jpg,synthetic/v4_conveyor/masks/component_visible_instances/train/syn-v4-conv-0315.png,synthetic/v4_conveyor/masks/defect_semantic/train/syn-v4-conv-0315.png,synthetic/v4_conveyor/labels/yolo_component_status/train/syn-v4-conv-0315.txt,synthetic/v4_conveyor/labels/yolo_defects/train/syn-v4-conv-0315.txt,synthetic_black_conveyor_multi_instance,train,multi_instance_detection_segmentation,TRAIN_ONLY_MULTI_SCENE_SYNTHETIC,NO,NO,side_component_spot,IMGGEN-CONVEYOR-BLACK-V1,1186604298,0,5,5,discoloration|surface_spot|body_chip|lead_breakage|contamination,syn-v2-700-discoloration-0089|syn-v2-700-surface_spot-0077|syn-v2-700-body_chip-0079|syn-v2-700-lead_breakage-0057|syn-v2-700-contamination-0078,syn-v4-conv-0315,1280,720,90047fe668350e34a1904b2994fcfc721e2d5429e4efb13fd3f038626aec8c53,8fa7784fd6b208b5b0d4154cf55ff7567bbdfeff1d4735a3b5671af6e9e9bff6,62c6c55f7a2575c966ecaa98662371eb02609c564ab40a9c5c10e1221c98572f,350eda046a0d22132b964c87d3de450b7e86e4e5560e287518dfd1acedcaf8e1,1e6bbb3bc0185e8f7e5c4eeb9b63b24ce6cd692957f0d0d586d00a9ba3f9bcc7,33.467186,4.375062,45.931801,131.820969,98.353783,3.938812,0.000000,0.000000,SHADOWLESS_SAME_SENSOR_JPEG,fa5adb968da368a28b85a711cd7b3d0aab6829453361eb686e915af6797cf717,4.0.0,multi-instance-paired-clean-1024-v1,AUTO_PASS_MULTI_INSTANCE_PAIRED_CLEAN_1024,NO,"{""brightness"":0.9441325,""contrast"":1.05755283,""crop_x"":0,""crop_y"":174,""noise_seed"":4032910250,""noise_sigma"":0.68855011,""orientation_degrees"":270,""resized_height"":1280,""resized_width"":1280}","{""blur_radius_px"":0.34596122000527696,""jpeg_quality"":93,""noise_seed"":3001342546,""noise_sigma"":0.7601765036533759}","{""blur_radius_px"":8.57875786776403,""instances"":[{""instance_index"":1,""offset_x_px"":-1,""offset_y_px"":10,""opacity"":0.20742017},{""instance_index"":2,""offset_x_px"":0,""offset_y_px"":8,""opacity"":0.19654048},{""instance_index"":3,""offset_x_px"":-1,""offset_y_px"":8,""opacity"":0.23513436},{""instance_index"":4,""offset_x_px"":4,""offset_y_px"":6,""opacity"":0.28541691},{""instance_index"":5,""offset_x_px"":-2,""offset_y_px"":6,""opacity"":0.20653379}]}"
syn-v4-conv-0316,317,synthetic/v4_conveyor/images/train/syn-v4-conv-0316.jpg,synthetic/v4_conveyor/masks/component_visible_instances/train/syn-v4-conv-0316.png,synthetic/v4_conveyor/masks/defect_semantic/train/syn-v4-conv-0316.png,synthetic/v4_conveyor/labels/yolo_component_status/train/syn-v4-conv-0316.txt,synthetic/v4_conveyor/labels/yolo_defects/train/syn-v4-conv-0316.txt,synthetic_black_conveyor_multi_instance,train,multi_instance_detection_segmentation,TRAIN_ONLY_MULTI_SCENE_SYNTHETIC,NO,NO,neutral_component_spot,IMGGEN-CONVEYOR-BLACK-V1,1492668939,0,5,5,surface_spot|contamination|body_chip|body_crack|scratch,syn-v2-700-surface_spot-0053|syn-v2-700-contamination-0078|syn-v2-700-body_chip-0039|syn-v2-700-body_crack-0057|syn-v2-700-scratch-0008,syn-v4-conv-0316,1280,720,a187c8c74c87a3d88f21bcdc3d1ada9532129f839fd569180580abb26534b030,27a9a1e8c6fd9f0e9561041c0d65e11608222d8e0fb8e3adc34e8552bbda7d09,f037539e16652c28532131a6821b43e07ce970e22ef9ee3570592cd4d3a25884,4367f0a5b4f33d3dae00d33eb5b44b69fa6ec15c9303a01e1a31303022f255e0,0b9f0c78f5ac8445c8c33c6e2816fd30a1aca56f68b0dbb80aab1c1b2c5799ac,29.542948,2.865529,37.144398,142.642258,113.099310,4.828301,0.000000,0.000000,SHADOWLESS_SAME_SENSOR_JPEG,fa5adb968da368a28b85a711cd7b3d0aab6829453361eb686e915af6797cf717,4.0.0,multi-instance-paired-clean-1024-v1,AUTO_PASS_MULTI_INSTANCE_PAIRED_CLEAN_1024,NO,"{""brightness"":0.86220128,""contrast"":0.94208551,""crop_x"":0,""crop_y"":489,""noise_seed"":1971383331,""noise_sigma"":0.35945043,""orientation_degrees"":0,""resized_height"":1280,""resized_width"":1280}","{""blur_radius_px"":0.3076826015242114,""jpeg_quality"":96,""noise_seed"":1926630108,""noise_sigma"":0.7171528055711216}","{""blur_radius_px"":5.584280057371073,""instances"":[{""instance_index"":1,""offset_x_px"":0,""offset_y_px"":10,""opacity"":0.23057378},{""instance_index"":2,""offset_x_px"":-1,""offset_y_px"":7,""opacity"":0.18895395},{""instance_index"":3,""offset_x_px"":4,""offset_y_px"":5,""opacity"":0.31340807},{""instance_index"":4,""offset_x_px"":5,""offset_y_px"":9,""opacity"":0.20162229},{""instance_index"":5,""offset_x_px"":3,""offset_y_px"":7,""opacity"":0.18384954}]}"
syn-v4-conv-0317,318,synthetic/v4_conveyor/images/train/syn-v4-conv-0317.jpg,synthetic/v4_conveyor/masks/component_visible_instances/train/syn-v4-conv-0317.png,synthetic/v4_conveyor/masks/defect_semantic/train/syn-v4-conv-0317.png,synthetic/v4_conveyor/labels/yolo_component_status/train/syn-v4-conv-0317.txt,synthetic/v4_conveyor/labels/yolo_defects/train/syn-v4-conv-0317.txt,synthetic_black_conveyor_multi_instance,train,multi_instance_detection_segmentation,TRAIN_ONLY_MULTI_SCENE_SYNTHETIC,NO,NO,warm_component_spot,IMGGEN-CONVEYOR-BLACK-V1,1798944103,0,5,5,lead_breakage|body_crack|surface_spot|contamination|body_chip,syn-v2-700-lead_breakage-0010|syn-v2-700-body_crack-0078|syn-v2-700-surface_spot-0037|syn-v2-700-contamination-0078|syn-v2-700-body_chip-0033,syn-v4-conv-0317,1280,720,7757fa7aa34c65f6e8598374747b02ba00a802fe6063eb23ec2bb6999761fe06,a6492e8deeb32039ce647192277c48562629663f7842416c9cd4ea7fdf952259,47db8f3c2167596c2c4d3b0a9bc740ffa3931379a5c1f155f2b96672fc79f812,69e096e41122bc53c434f379f0108f2537376b7b152ac0d570f0a5daec4052c0,89c5171589fa1a9050478dc30f2710f78555de6e041119ae27ca54ec459e88b0,28.598774,2.890130,37.000000,143.016205,114.417431,5.000781,0.000000,0.000000,SHADOWLESS_SAME_SENSOR_JPEG,fa5adb968da368a28b85a711cd7b3d0aab6829453361eb686e915af6797cf717,4.0.0,multi-instance-paired-clean-1024-v1,AUTO_PASS_MULTI_INSTANCE_PAIRED_CLEAN_1024,NO,"{""brightness"":0.79464715,""contrast"":0.94220713,""crop_x"":0,""crop_y"":6,""noise_seed"":1257017934,""noise_sigma"":0.69615187,""orientation_degrees"":0,""resized_height"":1280,""resized_width"":1280}","{""blur_radius_px"":0.3126686439485337,""jpeg_quality"":92,""noise_seed"":3981852111,""noise_sigma"":0.4698408632339776}","{""blur_radius_px"":5.425370822981682,""instances"":[{""instance_index"":1,""offset_x_px"":1,""offset_y_px"":10,""opacity"":0.30134891},{""instance_index"":2,""offset_x_px"":-3,""offset_y_px"":9,""opacity"":0.2303386},{""instance_index"":3,""offset_x_px"":-2,""offset_y_px"":6,""opacity"":0.31471907},{""instance_index"":4,""offset_x_px"":3,""offset_y_px"":10,""opacity"":0.26735313},{""instance_index"":5,""offset_x_px"":3,""offset_y_px"":9,""opacity"":0.22979078}]}"
syn-v4-conv-0318,319,synthetic/v4_conveyor/images/train/syn-v4-conv-0318.jpg,synthetic/v4_conveyor/masks/component_visible_instances/train/syn-v4-conv-0318.png,synthetic/v4_conveyor/masks/defect_semantic/train/syn-v4-conv-0318.png,synthetic/v4_conveyor/labels/yolo_component_status/train/syn-v4-conv-0318.txt,synthetic/v4_conveyor/labels/yolo_defects/train/syn-v4-conv-0318.txt,synthetic_black_conveyor_multi_instance,train,multi_instance_detection_segmentation,TRAIN_ONLY_MULTI_SCENE_SYNTHETIC,NO,NO,cool_component_spot,IMGGEN-CONVEYOR-BLACK-V1,652458613,0,5,5,contamination|surface_spot|discoloration|normal_proxy|body_crack,syn-v2-700-contamination-0088|syn-v2-700-surface_spot-0090|syn-v2-700-discoloration-0073|syn-v2-700-scratch-0044|syn-v2-700-body_crack-0057,syn-v4-conv-0318,1280,720,f0e7cebeb8c683821039f388e28c065666c38d2f1b5eb9df66e017703665ca94,68647a122d2cf4f7f3eb13e2afbc637645afb4e2a1930e6915996fbc80e3434a,549e94270df1acecd6fe6d4b9f44c71509c65baff1441f166a268550292c8a4f,4dd8ba0ea1b2fc1d50d981e8390f9447b9b10268f76e52d438aed8ecfe5ec62a,eac5817cc5d01fd1622260714781c0f13f2551e80a4d74a40c73bfd711263f35,28.085360,3.802450,38.144402,135.701859,107.616499,4.831765,0.000000,0.000000,SHADOWLESS_SAME_SENSOR_JPEG,fa5adb968da368a28b85a711cd7b3d0aab6829453361eb686e915af6797cf717,4.0.0,multi-instance-paired-clean-1024-v1,AUTO_PASS_MULTI_INSTANCE_PAIRED_CLEAN_1024,NO,"{""brightness"":0.79781672,""contrast"":1.06236251,""crop_x"":0,""crop_y"":441,""noise_seed"":3259169456,""noise_sigma"":0.80007656,""orientation_degrees"":270,""resized_height"":1280,""resized_width"":1280}","{""blur_radius_px"":0.07644734521324463,""jpeg_quality"":93,""noise_seed"":3004337860,""noise_sigma"":0.6205032437059192}","{""blur_radius_px"":5.993234727493282,""instances"":[{""instance_index"":1,""offset_x_px"":-1,""offset_y_px"":9,""opacity"":0.22923734},{""instance_index"":2,""offset_x_px"":0,""offset_y_px"":7,""opacity"":0.24971718},{""instance_index"":3,""offset_x_px"":4,""offset_y_px"":8,""opacity"":0.23199585},{""instance_index"":4,""offset_x_px"":1,""offset_y_px"":8,""opacity"":0.29387565},{""instance_index"":5,""offset_x_px"":0,""offset_y_px"":8,""opacity"":0.21008433}]}"
syn-v4-conv-0319,320,synthetic/v4_conveyor/images/train/syn-v4-conv-0319.jpg,synthetic/v4_conveyor/masks/component_visible_instances/train/syn-v4-conv-0319.png,synthetic/v4_conveyor/masks/defect_semantic/train/syn-v4-conv-0319.png,synthetic/v4_conveyor/labels/yolo_component_status/train/syn-v4-conv-0319.txt,synthetic/v4_conveyor/labels/yolo_defects/train/syn-v4-conv-0319.txt,synthetic_black_conveyor_multi_instance,train,multi_instance_detection_segmentation,TRAIN_ONLY_MULTI_SCENE_SYNTHETIC,NO,NO,side_component_spot,IMGGEN-CONVEYOR-BLACK-V1,1050294332,0,5,5,normal_proxy|contamination|discoloration|surface_spot|scratch,syn-v2-700-contamination-0075|syn-v2-700-contamination-0006|syn-v2-700-discoloration-0054|syn-v2-700-surface_spot-0053|syn-v2-700-scratch-0007,syn-v4-conv-0319,1280,720,730848c767995f5468127f543139df34df4f806d279f037e6b31ab3f2cb54c62,3739a80cf99b23f5ab2518ad80cd1bb9c5d31e9dbc2f83fcce908942774864f8,5eba1fb240d6950c57a088e4b4ab362d8749a7179032c725422b75f9eb345e52,12b1a621745027aeb0b1ea1e57b09dca20e283c69556b47cbf1f412a61050c7d,4cd8c995c6e517ea9051a4c63337924166caa34bbe72c977e5dfa16d0608e4e5,27.156765,2.992084,36.000000,140.646454,113.489689,5.179058,0.000000,0.000000,SHADOWLESS_SAME_SENSOR_JPEG,fa5adb968da368a28b85a711cd7b3d0aab6829453361eb686e915af6797cf717,4.0.0,multi-instance-paired-clean-1024-v1,AUTO_PASS_MULTI_INSTANCE_PAIRED_CLEAN_1024,NO,"{""brightness"":0.77144112,""contrast"":0.96767513,""crop_x"":0,""crop_y"":426,""noise_seed"":1461819374,""noise_sigma"":0.58866295,""orientation_degrees"":270,""resized_height"":1280,""resized_width"":1280}","{""blur_radius_px"":0.037727985241732515,""jpeg_quality"":96,""noise_seed"":77498235,""noise_sigma"":0.8896696100253494}","{""blur_radius_px"":7.468899386764793,""instances"":[{""instance_index"":1,""offset_x_px"":4,""offset_y_px"":5,""opacity"":0.30688813},{""instance_index"":2,""offset_x_px"":1,""offset_y_px"":5,""opacity"":0.22808369},{""instance_index"":3,""offset_x_px"":4,""offset_y_px"":6,""opacity"":0.31673025},{""instance_index"":4,""offset_x_px"":-2,""offset_y_px"":5,""opacity"":0.25369531},{""instance_index"":5,""offset_x_px"":-2,""offset_y_px"":10,""opacity"":0.2949575}]}"
syn-v4-conv-0320,321,synthetic/v4_conveyor/images/train/syn-v4-conv-0320.jpg,synthetic/v4_conveyor/masks/component_visible_instances/train/syn-v4-conv-0320.png,synthetic/v4_conveyor/masks/defect_semantic/train/syn-v4-conv-0320.png,synthetic/v4_conveyor/labels/yolo_component_status/train/syn-v4-conv-0320.txt,synthetic/v4_conveyor/labels/yolo_defects/train/syn-v4-conv-0320.txt,synthetic_black_conveyor_multi_instance,train,multi_instance_detection_segmentation,TRAIN_ONLY_MULTI_SCENE_SYNTHETIC,NO,NO,neutral_component_spot,IMGGEN-CONVEYOR-BLACK-V1,673324756,0,5,5,body_crack|scratch|contamination|lead_breakage|body_chip,syn-v2-700-body_crack-0070|syn-v2-700-scratch-0073|syn-v2-700-contamination-0050|syn-v2-700-lead_breakage-0089|syn-v2-700-body_chip-0060,syn-v4-conv-0320,1280,720,f229b27ea81c18945768b699f9fd24c6d4156a538618a3081cf52096da41cfdf,8abb8edcd6ed5b8d70dab15fc187b327ddc1ffb8d882145589ffd0289b2dd17e,3f2792527258d34ab423a46282f9be67dbf5699babfab9f79518b953a7d6de9c,aef2cdbc01f06764168b0d311ee2e652d33d7645495a04122c535f5821a15acd,b6a15db4225f5988547ff7f86d54a347eeccc1d979b6b608bf64de71edb249c5,30.858744,3.185952,40.000000,140.462433,109.603689,4.551787,0.000000,0.000000,SHADOWLESS_SAME_SENSOR_JPEG,fa5adb968da368a28b85a711cd7b3d0aab6829453361eb686e915af6797cf717,4.0.0,multi-instance-paired-clean-1024-v1,AUTO_PASS_MULTI_INSTANCE_PAIRED_CLEAN_1024,NO,"{""brightness"":0.87454154,""contrast"":0.97340515,""crop_x"":0,""crop_y"":337,""noise_seed"":3131950401,""noise_sigma"":0.54006642,""orientation_degrees"":180,""resized_height"":1280,""resized_width"":1280}","{""blur_radius_px"":0.16136393993392567,""jpeg_quality"":94,""noise_seed"":505395683,""noise_sigma"":1.2315075989118915}","{""blur_radius_px"":6.941178860964014,""instances"":[{""instance_index"":1,""offset_x_px"":1,""offset_y_px"":9,""opacity"":0.21513353},{""instance_index"":2,""offset_x_px"":0,""offset_y_px"":5,""opacity"":0.30960321},{""instance_index"":3,""offset_x_px"":2,""offset_y_px"":6,""opacity"":0.26155301},{""instance_index"":4,""offset_x_px"":5,""offset_y_px"":9,""opacity"":0.21421049},{""instance_index"":5,""offset_x_px"":1,""offset_y_px"":10,""opacity"":0.24514681}]}"
syn-v4-conv-0321,322,synthetic/v4_conveyor/images/train/syn-v4-conv-0321.jpg,synthetic/v4_conveyor/masks/component_visible_instances/train/syn-v4-conv-0321.png,synthetic/v4_conveyor/masks/defect_semantic/train/syn-v4-conv-0321.png,synthetic/v4_conveyor/labels/yolo_component_status/train/syn-v4-conv-0321.txt,synthetic/v4_conveyor/labels/yolo_defects/train/syn-v4-conv-0321.txt,synthetic_black_conveyor_multi_instance,train,multi_instance_detection_segmentation,TRAIN_ONLY_MULTI_SCENE_SYNTHETIC,NO,NO,warm_component_spot,IMGGEN-CONVEYOR-BLACK-V1,3047812115,0,5,5,normal_proxy|body_crack|scratch|discoloration|surface_spot,syn-v2-700-body_crack-0057|syn-v2-700-body_crack-0070|syn-v2-700-scratch-0007|syn-v2-700-discoloration-0082|syn-v2-700-surface_spot-0004,syn-v4-conv-0321,1280,720,07f266c9f1d5a8430841c83fb7a9237de2fc34e21d7705095c81a89768025aa2,d56b4cd32b307042629871b154146539c74bad0711bae2238536e3313e004da7,5ca03f1d62986a7cb2a613a8a4cac8b1feb9dfa48f62ffd123cf5ed7962a237c,11a0686c10bd51b2b54b6b73627ab0a17a01ff9eab699282a1249f11bd8c550f,8d7782296b805a893273491dd12b1876e214e0bfc3f4077d7940b304f953db2f,32.355930,3.615340,42.931801,144.943817,112.587887,4.479668,0.000000,0.000000,SHADOWLESS_SAME_SENSOR_JPEG,fa5adb968da368a28b85a711cd7b3d0aab6829453361eb686e915af6797cf717,4.0.0,multi-instance-paired-clean-1024-v1,AUTO_PASS_MULTI_INSTANCE_PAIRED_CLEAN_1024,NO,"{""brightness"":0.91714863,""contrast"":0.97974406,""crop_x"":0,""crop_y"":495,""noise_seed"":426339553,""noise_sigma"":0.75240471,""orientation_degrees"":90,""resized_height"":1280,""resized_width"":1280}","{""blur_radius_px"":0.06968367026506228,""jpeg_quality"":96,""noise_seed"":212565182,""noise_sigma"":1.2719174355402263}","{""blur_radius_px"":7.239128420436129,""instances"":[{""instance_index"":1,""offset_x_px"":2,""offset_y_px"":5,""opacity"":0.25506251},{""instance_index"":2,""offset_x_px"":-1,""offset_y_px"":10,""opacity"":0.20943998},{""instance_index"":3,""offset_x_px"":4,""offset_y_px"":5,""opacity"":0.22744865},{""instance_index"":4,""offset_x_px"":3,""offset_y_px"":9,""opacity"":0.31615756},{""instance_index"":5,""offset_x_px"":3,""offset_y_px"":9,""opacity"":0.2293498}]}"
syn-v4-conv-0322,323,synthetic/v4_conveyor/images/train/syn-v4-conv-0322.jpg,synthetic/v4_conveyor/masks/component_visible_instances/train/syn-v4-conv-0322.png,synthetic/v4_conveyor/masks/defect_semantic/train/syn-v4-conv-0322.png,synthetic/v4_conveyor/labels/yolo_component_status/train/syn-v4-conv-0322.txt,synthetic/v4_conveyor/labels/yolo_defects/train/syn-v4-conv-0322.txt,synthetic_black_conveyor_multi_instance,train,multi_instance_detection_segmentation,TRAIN_ONLY_MULTI_SCENE_SYNTHETIC,NO,NO,cool_component_spot,IMGGEN-CONVEYOR-BLACK-V1,746591588,0,5,5,surface_spot|lead_breakage|contamination|body_crack|discoloration,syn-v2-700-surface_spot-0090|syn-v2-700-lead_breakage-0010|syn-v2-700-contamination-0075|syn-v2-700-body_crack-0051|syn-v2-700-discoloration-0047,syn-v4-conv-0322,1280,720,810e869583bdb5ff37c6f1d1fdb1e09ee0cb5364fb6b7d7aec41c8e9cc579c56,2850868c9f60a94db51532ad1f56c413fece58991a7eff3c7b52df23c6d4ed44,818e941e63dfa550168b1e401d1b29d87f0358f6e3c99138657a06efc7b9135d,e1dc7aec72a00452f921d1af8b39567f4f04c37efad530c6ef31429173dadcc1,52a8b04e092d93f55572ceeaf33d37d892b7db389ab232104d34b4881917aa45,27.023335,2.797984,35.000000,132.113144,105.089809,4.888854,0.000000,0.000000,SHADOWLESS_SAME_SENSOR_JPEG,fa5adb968da368a28b85a711cd7b3d0aab6829453361eb686e915af6797cf717,4.0.0,multi-instance-paired-clean-1024-v1,AUTO_PASS_MULTI_INSTANCE_PAIRED_CLEAN_1024,NO,"{""brightness"":0.77549576,""contrast"":0.9722289,""crop_x"":0,""crop_y"":273,""noise_seed"":3471285756,""noise_sigma"":0.92074856,""orientation_degrees"":180,""resized_height"":1280,""resized_width"":1280}","{""blur_radius_px"":0.1467104705597996,""jpeg_quality"":95,""noise_seed"":1322277801,""noise_sigma"":1.0338794249239978}","{""blur_radius_px"":5.588633799001126,""instances"":[{""instance_index"":1,""offset_x_px"":-1,""offset_y_px"":9,""opacity"":0.22076833},{""instance_index"":2,""offset_x_px"":-2,""offset_y_px"":10,""opacity"":0.29786669},{""instance_index"":3,""offset_x_px"":5,""offset_y_px"":10,""opacity"":0.27136767},{""instance_index"":4,""offset_x_px"":1,""offset_y_px"":8,""opacity"":0.306273},{""instance_index"":5,""offset_x_px"":-3,""offset_y_px"":10,""opacity"":0.22669453}]}"
syn-v4-conv-0323,324,synthetic/v4_conveyor/images/train/syn-v4-conv-0323.jpg,synthetic/v4_conveyor/masks/component_visible_instances/train/syn-v4-conv-0323.png,synthetic/v4_conveyor/masks/defect_semantic/train/syn-v4-conv-0323.png,synthetic/v4_conveyor/labels/yolo_component_status/train/syn-v4-conv-0323.txt,synthetic/v4_conveyor/labels/yolo_defects/train/syn-v4-conv-0323.txt,synthetic_black_conveyor_multi_instance,train,multi_instance_detection_segmentation,TRAIN_ONLY_MULTI_SCENE_SYNTHETIC,NO,NO,side_component_spot,IMGGEN-CONVEYOR-BLACK-V1,3440126790,0,5,5,surface_spot|body_crack|scratch|contamination|body_chip,syn-v2-700-surface_spot-0064|syn-v2-700-body_crack-0036|syn-v2-700-scratch-0001|syn-v2-700-contamination-0051|syn-v2-700-body_chip-0055,syn-v4-conv-0323,1280,720,482dbdbf2b2d7113a4cce187d2a6e2f4cc17fc2b2bd31676eb32737d967003f5,446184119bd1bc174e61e4e8cf05b0b097b2af5e6033bdd6a1cf9dea94d20fca,f1ab7b9cec3f7008b2a86619565be496178abbbf67e681efdb6065fc9fbbfc9d,06cea7b42ee1007f12eff6612701bafa24c5ec73c809c34ed650abfbb92e62a9,c5bf73a3e8eedd70b58a8be87e14df0fab262fde91f9f33f1c6ad561fdf62c96,31.925991,4.161277,43.000000,137.724609,105.798618,4.313871,0.000000,0.000000,SHADOWLESS_SAME_SENSOR_JPEG,fa5adb968da368a28b85a711cd7b3d0aab6829453361eb686e915af6797cf717,4.0.0,multi-instance-paired-clean-1024-v1,AUTO_PASS_MULTI_INSTANCE_PAIRED_CLEAN_1024,NO,"{""brightness"":0.89163841,""contrast"":1.05177143,""crop_x"":0,""crop_y"":49,""noise_seed"":2186965876,""noise_sigma"":0.8840263,""orientation_degrees"":0,""resized_height"":1280,""resized_width"":1280}","{""blur_radius_px"":0.2370885558739624,""jpeg_quality"":96,""noise_seed"":4100137132,""noise_sigma"":0.5400516659601129}","{""blur_radius_px"":6.522960188637148,""instances"":[{""instance_index"":1,""offset_x_px"":1,""offset_y_px"":6,""opacity"":0.22293663},{""instance_index"":2,""offset_x_px"":1,""offset_y_px"":10,""opacity"":0.2819839},{""instance_index"":3,""offset_x_px"":2,""offset_y_px"":10,""opacity"":0.2201545},{""instance_index"":4,""offset_x_px"":-3,""offset_y_px"":10,""opacity"":0.25705685},{""instance_index"":5,""offset_x_px"":4,""offset_y_px"":5,""opacity"":0.23919776}]}"
syn-v4-conv-0324,325,synthetic/v4_conveyor/images/train/syn-v4-conv-0324.jpg,synthetic/v4_conveyor/masks/component_visible_instances/train/syn-v4-conv-0324.png,synthetic/v4_conveyor/masks/defect_semantic/train/syn-v4-conv-0324.png,synthetic/v4_conveyor/labels/yolo_component_status/train/syn-v4-conv-0324.txt,synthetic/v4_conveyor/labels/yolo_defects/train/syn-v4-conv-0324.txt,synthetic_black_conveyor_multi_instance,train,multi_instance_detection_segmentation,TRAIN_ONLY_MULTI_SCENE_SYNTHETIC,NO,NO,neutral_component_spot,IMGGEN-CONVEYOR-BLACK-V1,884609162,0,5,5,surface_spot|scratch|lead_breakage|discoloration|body_crack,syn-v2-700-surface_spot-0001|syn-v2-700-scratch-0090|syn-v2-700-lead_breakage-0051|syn-v2-700-discoloration-0039|syn-v2-700-body_crack-0084,syn-v4-conv-0324,1280,720,3966e5a194197cf912df179abd3374ffb086832c9dff8bbafae5e74dbe2be86c,16900591a9bd65070e7554804a3449d2c8b3547641bd8117dd7666e083b9d359,3630c8bbf3baad1ae857ed614ee221b86a31941ee202c07055f8ff3505465845,e450e25e8404f103dfe2a86b9e3f5f2215a98e1bb425b7d744767d2b1fa17116,9e908734d519952db2706039ee10f93d1938649b9f74c52ee1c57db5dc35c363,31.327005,3.182615,40.144402,139.297546,107.970541,4.446564,0.000000,0.000000,SHADOWLESS_SAME_SENSOR_JPEG,fa5adb968da368a28b85a711cd7b3d0aab6829453361eb686e915af6797cf717,4.0.0,multi-instance-paired-clean-1024-v1,AUTO_PASS_MULTI_INSTANCE_PAIRED_CLEAN_1024,NO,"{""brightness"":0.87240911,""contrast"":0.96110918,""crop_x"":0,""crop_y"":445,""noise_seed"":939936481,""noise_sigma"":0.22085319,""orientation_degrees"":180,""resized_height"":1280,""resized_width"":1280}","{""blur_radius_px"":0.28995317068590853,""jpeg_quality"":92,""noise_seed"":2571771692,""noise_sigma"":0.392971477264412}","{""blur_radius_px"":7.787679587294474,""instances"":[{""instance_index"":1,""offset_x_px"":0,""offset_y_px"":7,""opacity"":0.26580504},{""instance_index"":2,""offset_x_px"":4,""offset_y_px"":8,""opacity"":0.24848903},{""instance_index"":3,""offset_x_px"":-1,""offset_y_px"":9,""opacity"":0.27463736},{""instance_index"":4,""offset_x_px"":4,""offset_y_px"":6,""opacity"":0.31834445},{""instance_index"":5,""offset_x_px"":0,""offset_y_px"":8,""opacity"":0.19780627}]}"
syn-v4-conv-0325,326,synthetic/v4_conveyor/images/train/syn-v4-conv-0325.jpg,synthetic/v4_conveyor/masks/component_visible_instances/train/syn-v4-conv-0325.png,synthetic/v4_conveyor/masks/defect_semantic/train/syn-v4-conv-0325.png,synthetic/v4_conveyor/labels/yolo_component_status/train/syn-v4-conv-0325.txt,synthetic/v4_conveyor/labels/yolo_defects/train/syn-v4-conv-0325.txt,synthetic_black_conveyor_multi_instance,train,multi_instance_detection_segmentation,TRAIN_ONLY_MULTI_SCENE_SYNTHETIC,NO,NO,warm_component_spot,IMGGEN-CONVEYOR-BLACK-V1,3996945806,0,5,5,scratch|body_crack|normal_proxy|lead_breakage|discoloration,syn-v2-700-scratch-0018|syn-v2-700-body_crack-0099|syn-v2-700-surface_spot-0076|syn-v2-700-lead_breakage-0059|syn-v2-700-discoloration-0080,syn-v4-conv-0325,1280,720,fc735cf22f1c47d1640a67f426369fe710e0b91db456b433b0e8048a0bd1abf3,3a983423d6b3b121c09b5284cc3566658e2e7ce0fda10b86f3bc0b4ead86cbd7,5c12283a2860db6c3199bb39e5b9c309a2b08095827718fb3c9acf807a435100,a580760ae54ff3acfc09aa3080e04f8ae07fab04cf4f857419c2a39b19c5109e,bc2f7f4271f45f85675a4d4260127a45411a1ef8608314b367a737023d551f47,26.670895,2.833653,34.931801,142.648071,115.977177,5.348455,0.000000,0.000000,SHADOWLESS_SAME_SENSOR_JPEG,fa5adb968da368a28b85a711cd7b3d0aab6829453361eb686e915af6797cf717,4.0.0,multi-instance-paired-clean-1024-v1,AUTO_PASS_MULTI_INSTANCE_PAIRED_CLEAN_1024,NO,"{""brightness"":0.74826757,""contrast"":0.9423342,""crop_x"":0,""crop_y"":516,""noise_seed"":2264153981,""noise_sigma"":0.8451835,""orientation_degrees"":180,""resized_height"":1280,""resized_width"":1280}","{""blur_radius_px"":0.23937021204442208,""jpeg_quality"":92,""noise_seed"":2946878759,""noise_sigma"":1.200470151450887}","{""blur_radius_px"":7.344759689862778,""instances"":[{""instance_index"":1,""offset_x_px"":4,""offset_y_px"":9,""opacity"":0.29240899},{""instance_index"":2,""offset_x_px"":2,""offset_y_px"":6,""opacity"":0.26069113},{""instance_index"":3,""offset_x_px"":0,""offset_y_px"":5,""opacity"":0.18480448},{""instance_index"":4,""offset_x_px"":-2,""offset_y_px"":7,""opacity"":0.25519602},{""instance_index"":5,""offset_x_px"":2,""offset_y_px"":9,""opacity"":0.30477113}]}"
syn-v4-conv-0326,327,synthetic/v4_conveyor/images/train/syn-v4-conv-0326.jpg,synthetic/v4_conveyor/masks/component_visible_instances/train/syn-v4-conv-0326.png,synthetic/v4_conveyor/masks/defect_semantic/train/syn-v4-conv-0326.png,synthetic/v4_conveyor/labels/yolo_component_status/train/syn-v4-conv-0326.txt,synthetic/v4_conveyor/labels/yolo_defects/train/syn-v4-conv-0326.txt,synthetic_black_conveyor_multi_instance,train,multi_instance_detection_segmentation,TRAIN_ONLY_MULTI_SCENE_SYNTHETIC,NO,NO,cool_component_spot,IMGGEN-CONVEYOR-BLACK-V1,3693276994,0,5,5,lead_breakage|discoloration|body_crack|scratch|normal_proxy,syn-v2-700-lead_breakage-0020|syn-v2-700-discoloration-0009|syn-v2-700-body_crack-0052|syn-v2-700-scratch-0047|syn-v2-700-body_crack-0031,syn-v4-conv-0326,1280,720,1e59d96698b87abf5773fa201db6a001c05f01ec26ff8dab074c10b61e2fa798,09c8e8c8e2b247c7361b983c2d4d9691a1b7d31bffd119c3cf4bc8d7c7066a1b,c47e33df1a411ff35c85b354c71f2664011816c3000fb23bd86c907b6f304034,6acb42069343e5589e136bae16b6dbe90c0675b152bec1892853725979ddcd8f,41676b5ccf6024a8fe6449bc4a858406c28e66d762d08262be6221ef011835ad,29.838657,4.004324,40.144402,134.726379,104.887722,4.515162,0.000000,0.000000,SHADOWLESS_SAME_SENSOR_JPEG,fa5adb968da368a28b85a711cd7b3d0aab6829453361eb686e915af6797cf717,4.0.0,multi-instance-paired-clean-1024-v1,AUTO_PASS_MULTI_INSTANCE_PAIRED_CLEAN_1024,NO,"{""brightness"":0.84650963,""contrast"":1.06575682,""crop_x"":0,""crop_y"":389,""noise_seed"":4066035668,""noise_sigma"":0.47506238,""orientation_degrees"":270,""resized_height"":1280,""resized_width"":1280}","{""blur_radius_px"":0.17551794710849405,""jpeg_quality"":94,""noise_seed"":4089911392,""noise_sigma"":0.7563665662136483}","{""blur_radius_px"":7.439322315066779,""instances"":[{""instance_index"":1,""offset_x_px"":-1,""offset_y_px"":8,""opacity"":0.24145293},{""instance_index"":2,""offset_x_px"":1,""offset_y_px"":8,""opacity"":0.22196157},{""instance_index"":3,""offset_x_px"":4,""offset_y_px"":10,""opacity"":0.1922939},{""instance_index"":4,""offset_x_px"":-3,""offset_y_px"":5,""opacity"":0.19484115},{""instance_index"":5,""offset_x_px"":4,""offset_y_px"":7,""opacity"":0.22422828}]}"
syn-v4-conv-0327,328,synthetic/v4_conveyor/images/train/syn-v4-conv-0327.jpg,synthetic/v4_conveyor/masks/component_visible_instances/train/syn-v4-conv-0327.png,synthetic/v4_conveyor/masks/defect_semantic/train/syn-v4-conv-0327.png,synthetic/v4_conveyor/labels/yolo_component_status/train/syn-v4-conv-0327.txt,synthetic/v4_conveyor/labels/yolo_defects/train/syn-v4-conv-0327.txt,synthetic_black_conveyor_multi_instance,train,multi_instance_detection_segmentation,TRAIN_ONLY_MULTI_SCENE_SYNTHETIC,NO,NO,side_component_spot,IMGGEN-CONVEYOR-BLACK-V1,558342178,0,5,5,surface_spot|normal_proxy|body_chip|lead_breakage|body_crack,syn-v2-700-surface_spot-0049|syn-v2-700-surface_spot-0004|syn-v2-700-body_chip-0005|syn-v2-700-lead_breakage-0088|syn-v2-700-body_crack-0099,syn-v4-conv-0327,1280,720,c5b1d2b581eb73f549ec4f9c1d1cbd5aa3441e67955274111fcdf5f978d83bc0,5e598eaf88c04cbd7b054445838772ebaf0673308b31a4cd03ec3a64a3b18b50,20aaf1530db735d4a649974d925d2072d634465fba1551aa62a92ce070a250cf,93c2bcad4723e0f962d8a2a5586619ed9d3ead625ec7844c179a0b8c03331ec8,708f6963c403aedbc03898ac6bcb518e749fda1161066a6edc89266ac44528db,29.128975,4.001085,39.931801,140.329620,111.200645,4.817527,0.000000,0.000000,SHADOWLESS_SAME_SENSOR_JPEG,fa5adb968da368a28b85a711cd7b3d0aab6829453361eb686e915af6797cf717,4.0.0,multi-instance-paired-clean-1024-v1,AUTO_PASS_MULTI_INSTANCE_PAIRED_CLEAN_1024,NO,"{""brightness"":0.8277348,""contrast"":1.01982945,""crop_x"":0,""crop_y"":165,""noise_seed"":1119801420,""noise_sigma"":0.86022134,""orientation_degrees"":270,""resized_height"":1280,""resized_width"":1280}","{""blur_radius_px"":0.2756986930588951,""jpeg_quality"":92,""noise_seed"":3779329428,""noise_sigma"":1.1294178035196}","{""blur_radius_px"":8.52604895272237,""instances"":[{""instance_index"":1,""offset_x_px"":-3,""offset_y_px"":8,""opacity"":0.28173691},{""instance_index"":2,""offset_x_px"":-3,""offset_y_px"":5,""opacity"":0.18633093},{""instance_index"":3,""offset_x_px"":3,""offset_y_px"":5,""opacity"":0.31875315},{""instance_index"":4,""offset_x_px"":-2,""offset_y_px"":10,""opacity"":0.20205319},{""instance_index"":5,""offset_x_px"":4,""offset_y_px"":7,""opacity"":0.27458676}]}"
syn-v4-conv-0328,329,synthetic/v4_conveyor/images/train/syn-v4-conv-0328.jpg,synthetic/v4_conveyor/masks/component_visible_instances/train/syn-v4-conv-0328.png,synthetic/v4_conveyor/masks/defect_semantic/train/syn-v4-conv-0328.png,synthetic/v4_conveyor/labels/yolo_component_status/train/syn-v4-conv-0328.txt,synthetic/v4_conveyor/labels/yolo_defects/train/syn-v4-conv-0328.txt,synthetic_black_conveyor_multi_instance,train,multi_instance_detection_segmentation,TRAIN_ONLY_MULTI_SCENE_SYNTHETIC,NO,NO,neutral_component_spot,IMGGEN-CONVEYOR-BLACK-V1,3978567858,0,5,5,body_chip|normal_proxy|body_crack|discoloration|contamination,syn-v2-700-body_chip-0060|syn-v2-700-surface_spot-0053|syn-v2-700-body_crack-0057|syn-v2-700-discoloration-0024|syn-v2-700-contamination-0075,syn-v4-conv-0328,1280,720,64b29a43e449b3cf0d56c597b3443c0a24c780c20cfacbcedeb3f6f0c5487d23,dc8b4eb9b879cc965f96607086ae6d38ea516bb6221945761a321e6a1f11b42f,ffe225869c463d7303737af20c74d6a090d8eb8872c5f43da0ed26d4441b849e,2cac3b51a0f6e0a2c3e613eb27ceb274a2f9867f7a3826373312d5aa827d2231,448089924a00eb870f4f06c0287c85fd74e7464a68b9056db10adf712c5d3839,30.659256,3.280434,40.000000,142.658279,111.999023,4.653025,0.000000,0.000000,SHADOWLESS_SAME_SENSOR_JPEG,fa5adb968da368a28b85a711cd7b3d0aab6829453361eb686e915af6797cf717,4.0.0,multi-instance-paired-clean-1024-v1,AUTO_PASS_MULTI_INSTANCE_PAIRED_CLEAN_1024,NO,"{""brightness"":0.86950971,""contrast"":0.93349944,""crop_x"":0,""crop_y"":35,""noise_seed"":226521639,""noise_sigma"":0.28706284,""orientation_degrees"":90,""resized_height"":1280,""resized_width"":1280}","{""blur_radius_px"":0.23385120868908488,""jpeg_quality"":94,""noise_seed"":3901129857,""noise_sigma"":1.003107276479465}","{""blur_radius_px"":6.523553571575274,""instances"":[{""instance_index"":1,""offset_x_px"":-2,""offset_y_px"":5,""opacity"":0.21126706},{""instance_index"":2,""offset_x_px"":-3,""offset_y_px"":8,""opacity"":0.20660472},{""instance_index"":3,""offset_x_px"":-2,""offset_y_px"":6,""opacity"":0.22323544},{""instance_index"":4,""offset_x_px"":-2,""offset_y_px"":9,""opacity"":0.2142774},{""instance_index"":5,""offset_x_px"":0,""offset_y_px"":5,""opacity"":0.26255461}]}"
syn-v4-conv-0329,330,synthetic/v4_conveyor/images/train/syn-v4-conv-0329.jpg,synthetic/v4_conveyor/masks/component_visible_instances/train/syn-v4-conv-0329.png,synthetic/v4_conveyor/masks/defect_semantic/train/syn-v4-conv-0329.png,synthetic/v4_conveyor/labels/yolo_component_status/train/syn-v4-conv-0329.txt,synthetic/v4_conveyor/labels/yolo_defects/train/syn-v4-conv-0329.txt,synthetic_black_conveyor_multi_instance,train,multi_instance_detection_segmentation,TRAIN_ONLY_MULTI_SCENE_SYNTHETIC,NO,NO,warm_component_spot,IMGGEN-CONVEYOR-BLACK-V1,4288580367,0,5,5,body_chip|surface_spot|lead_breakage|body_crack|scratch,syn-v2-700-body_chip-0062|syn-v2-700-surface_spot-0070|syn-v2-700-lead_breakage-0060|syn-v2-700-body_crack-0096|syn-v2-700-scratch-0094,syn-v4-conv-0329,1280,720,aaae5347703a4c88a641929889e6868e402d7fc638402007747391327e60a112,8218c262c33dfd3e49f274bae09b8462256a6e735ecd2838989fbb40d44d2fe6,579c6a10f9019bc9c7cd93e9d146f08e222e117c9bd1d21586af75d0b855e67e,fe827a61d60708c5d70563f321db78257f39b0adc54ae5c9571dc1bcc14e42bc,5190eb261832b9dd5a062c6e4d9583bde3e4d45a88e5bd020bd6a82247f6b0ff,26.641775,2.645581,34.000000,135.099686,108.457911,5.070972,0.000000,0.000000,SHADOWLESS_SAME_SENSOR_JPEG,fa5adb968da368a28b85a711cd7b3d0aab6829453361eb686e915af6797cf717,4.0.0,multi-instance-paired-clean-1024-v1,AUTO_PASS_MULTI_INSTANCE_PAIRED_CLEAN_1024,NO,"{""brightness"":0.7696919,""contrast"":0.99712276,""crop_x"":0,""crop_y"":346,""noise_seed"":785133292,""noise_sigma"":0.99642672,""orientation_degrees"":0,""resized_height"":1280,""resized_width"":1280}","{""blur_radius_px"":0.31572694831293197,""jpeg_quality"":93,""noise_seed"":2161701172,""noise_sigma"":0.4371194630226058}","{""blur_radius_px"":5.886799510940223,""instances"":[{""instance_index"":1,""offset_x_px"":3,""offset_y_px"":9,""opacity"":0.22997942},{""instance_index"":2,""offset_x_px"":3,""offset_y_px"":9,""opacity"":0.2286468},{""instance_index"":3,""offset_x_px"":4,""offset_y_px"":9,""opacity"":0.22429337},{""instance_index"":4,""offset_x_px"":4,""offset_y_px"":6,""opacity"":0.28305236},{""instance_index"":5,""offset_x_px"":-2,""offset_y_px"":10,""opacity"":0.22177164}]}"
syn-v4-conv-0330,331,synthetic/v4_conveyor/images/train/syn-v4-conv-0330.jpg,synthetic/v4_conveyor/masks/component_visible_instances/train/syn-v4-conv-0330.png,synthetic/v4_conveyor/masks/defect_semantic/train/syn-v4-conv-0330.png,synthetic/v4_conveyor/labels/yolo_component_status/train/syn-v4-conv-0330.txt,synthetic/v4_conveyor/labels/yolo_defects/train/syn-v4-conv-0330.txt,synthetic_black_conveyor_multi_instance,train,multi_instance_detection_segmentation,TRAIN_ONLY_MULTI_SCENE_SYNTHETIC,NO,NO,cool_component_spot,IMGGEN-CONVEYOR-BLACK-V1,1959152151,0,5,5,surface_spot|normal_proxy|body_crack|lead_breakage|body_chip,syn-v2-700-surface_spot-0092|syn-v2-700-body_chip-0050|syn-v2-700-body_crack-0031|syn-v2-700-lead_breakage-0056|syn-v2-700-body_chip-0005,syn-v4-conv-0330,1280,720,52317082b369243e05416d0bb57a9178987a657e330ee65f47d0aae116208a33,5ff6581ac3e96f499485ed530d7e67cb3dfc87f6cfb84f57593de7e7ae8ad829,564c4e7672c9bd80a4b34a92a4938c5aa759416ec6a78ec1bfc208bb45a82829,da2f557566f6f4ad4a3b2d7056e964420887f934cc7ba42578286a6e4d5d902c,c59f702fedc559c8feea8ddfdd463198d021c7b366b7c470358b3690351c0c10,33.675575,3.515107,43.497402,141.251984,107.576408,4.194494,0.000000,0.000000,SHADOWLESS_SAME_SENSOR_JPEG,fa5adb968da368a28b85a711cd7b3d0aab6829453361eb686e915af6797cf717,4.0.0,multi-instance-paired-clean-1024-v1,AUTO_PASS_MULTI_INSTANCE_PAIRED_CLEAN_1024,NO,"{""brightness"":0.92928976,""contrast"":0.98583215,""crop_x"":0,""crop_y"":38,""noise_seed"":2124195513,""noise_sigma"":0.01559681,""orientation_degrees"":0,""resized_height"":1280,""resized_width"":1280}","{""blur_radius_px"":0.3209976859834572,""jpeg_quality"":95,""noise_seed"":1090941261,""noise_sigma"":0.5768255336815107}","{""blur_radius_px"":8.003667941833001,""instances"":[{""instance_index"":1,""offset_x_px"":-2,""offset_y_px"":5,""opacity"":0.24452059},{""instance_index"":2,""offset_x_px"":5,""offset_y_px"":5,""opacity"":0.19226334},{""instance_index"":3,""offset_x_px"":1,""offset_y_px"":6,""opacity"":0.21725938},{""instance_index"":4,""offset_x_px"":4,""offset_y_px"":9,""opacity"":0.23437593},{""instance_index"":5,""offset_x_px"":4,""offset_y_px"":10,""opacity"":0.29698911}]}"
syn-v4-conv-0331,332,synthetic/v4_conveyor/images/train/syn-v4-conv-0331.jpg,synthetic/v4_conveyor/masks/component_visible_instances/train/syn-v4-conv-0331.png,synthetic/v4_conveyor/masks/defect_semantic/train/syn-v4-conv-0331.png,synthetic/v4_conveyor/labels/yolo_component_status/train/syn-v4-conv-0331.txt,synthetic/v4_conveyor/labels/yolo_defects/train/syn-v4-conv-0331.txt,synthetic_black_conveyor_multi_instance,train,multi_instance_detection_segmentation,TRAIN_ONLY_MULTI_SCENE_SYNTHETIC,NO,NO,side_component_spot,IMGGEN-CONVEYOR-BLACK-V1,215326162,0,5,5,lead_breakage|scratch|contamination|discoloration|normal_proxy,syn-v2-700-lead_breakage-0020|syn-v2-700-scratch-0067|syn-v2-700-contamination-0077|syn-v2-700-discoloration-0023|syn-v2-700-body_chip-0025,syn-v4-conv-0331,1280,720,e9fc3cdb2c1b835510de6fb7920348466629773929e256e000a1807d8b2ad9a6,83120682ba8ca09385889e58f44fcbed89a5482eba77611ad16e5ced45710051,2c63345d227f86a88f1c6992b949739a5a4980ee384daef009ed7d581fa1045b,c310769a66514873a407e4b1b5955cfbe670aaca16bc82b77b228b7b5eb7123a,dd691608e7faa377ce1c933652cf4f7bade58448018a4ee0d1ea53793829fcd2,32.870026,3.984810,44.000000,139.404770,106.534744,4.241091,0.000000,0.000000,SHADOWLESS_SAME_SENSOR_JPEG,fa5adb968da368a28b85a711cd7b3d0aab6829453361eb686e915af6797cf717,4.0.0,multi-instance-paired-clean-1024-v1,AUTO_PASS_MULTI_INSTANCE_PAIRED_CLEAN_1024,NO,"{""brightness"":0.94186753,""contrast"":1.02507469,""crop_x"":0,""crop_y"":225,""noise_seed"":1875566240,""noise_sigma"":0.99587028,""orientation_degrees"":180,""resized_height"":1280,""resized_width"":1280}","{""blur_radius_px"":0.011503079585563736,""jpeg_quality"":93,""noise_seed"":4036152909,""noise_sigma"":0.5559173437441487}","{""blur_radius_px"":5.162816645249308,""instances"":[{""instance_index"":1,""offset_x_px"":-3,""offset_y_px"":8,""opacity"":0.26024646},{""instance_index"":2,""offset_x_px"":0,""offset_y_px"":10,""opacity"":0.25038162},{""instance_index"":3,""offset_x_px"":-3,""offset_y_px"":5,""opacity"":0.27112365},{""instance_index"":4,""offset_x_px"":2,""offset_y_px"":7,""opacity"":0.27520208},{""instance_index"":5,""offset_x_px"":5,""offset_y_px"":9,""opacity"":0.25571387}]}"
syn-v4-conv-0332,333,synthetic/v4_conveyor/images/train/syn-v4-conv-0332.jpg,synthetic/v4_conveyor/masks/component_visible_instances/train/syn-v4-conv-0332.png,synthetic/v4_conveyor/masks/defect_semantic/train/syn-v4-conv-0332.png,synthetic/v4_conveyor/labels/yolo_component_status/train/syn-v4-conv-0332.txt,synthetic/v4_conveyor/labels/yolo_defects/train/syn-v4-conv-0332.txt,synthetic_black_conveyor_multi_instance,train,multi_instance_detection_segmentation,TRAIN_ONLY_MULTI_SCENE_SYNTHETIC,NO,NO,neutral_component_spot,IMGGEN-CONVEYOR-BLACK-V1,1430341354,0,5,5,lead_breakage|normal_proxy|surface_spot|contamination|scratch,syn-v2-700-lead_breakage-0057|syn-v2-700-discoloration-0072|syn-v2-700-surface_spot-0092|syn-v2-700-contamination-0044|syn-v2-700-scratch-0001,syn-v4-conv-0332,1280,720,009b6878cf988854cfe9bf59912f578a4b87ae05a554d19c88772b23faeacd9c,49522acd9aaee46480c2c955bf095eb470cdc00dc255952ba2540b6fffc2bbda,105cd0d6e1969a28468a756d0eba38a59ffbc75374b0e005b19c71895f7d5c99,e9254f61332228d77c612ee821dc157bf334fd2e8740868dc1985ab3b4eb2910,b40d26641d157cde3a5be3b3101a66d95b2cac0adf5dad2906eb03963a89b95b,29.695370,3.971126,40.000000,133.084656,103.389286,4.481664,0.000000,0.000000,SHADOWLESS_SAME_SENSOR_JPEG,fa5adb968da368a28b85a711cd7b3d0aab6829453361eb686e915af6797cf717,4.0.0,multi-instance-paired-clean-1024-v1,AUTO_PASS_MULTI_INSTANCE_PAIRED_CLEAN_1024,NO,"{""brightness"":0.85062869,""contrast"":1.02525767,""crop_x"":0,""crop_y"":550,""noise_seed"":4275995277,""noise_sigma"":0.46106082,""orientation_degrees"":90,""resized_height"":1280,""resized_width"":1280}","{""blur_radius_px"":0.29536752755900464,""jpeg_quality"":92,""noise_seed"":2861532332,""noise_sigma"":0.6175147168584489}","{""blur_radius_px"":5.149734763476054,""instances"":[{""instance_index"":1,""offset_x_px"":2,""offset_y_px"":10,""opacity"":0.24298756},{""instance_index"":2,""offset_x_px"":5,""offset_y_px"":5,""opacity"":0.22791608},{""instance_index"":3,""offset_x_px"":3,""offset_y_px"":5,""opacity"":0.29873099},{""instance_index"":4,""offset_x_px"":-2,""offset_y_px"":5,""opacity"":0.23983204},{""instance_index"":5,""offset_x_px"":-3,""offset_y_px"":7,""opacity"":0.29709095}]}"
syn-v4-conv-0333,334,synthetic/v4_conveyor/images/train/syn-v4-conv-0333.jpg,synthetic/v4_conveyor/masks/component_visible_instances/train/syn-v4-conv-0333.png,synthetic/v4_conveyor/masks/defect_semantic/train/syn-v4-conv-0333.png,synthetic/v4_conveyor/labels/yolo_component_status/train/syn-v4-conv-0333.txt,synthetic/v4_conveyor/labels/yolo_defects/train/syn-v4-conv-0333.txt,synthetic_black_conveyor_multi_instance,train,multi_instance_detection_segmentation,TRAIN_ONLY_MULTI_SCENE_SYNTHETIC,NO,NO,warm_component_spot,IMGGEN-CONVEYOR-BLACK-V1,3630959204,0,5,5,lead_breakage|scratch|body_chip|body_crack|surface_spot,syn-v2-700-lead_breakage-0059|syn-v2-700-scratch-0090|syn-v2-700-body_chip-0074|syn-v2-700-body_crack-0066|syn-v2-700-surface_spot-0046,syn-v4-conv-0333,1280,720,ad9c7793791eee469fc64d29f0beb38d33a29f56808b099d4761ec41e9d695bf,9b2f6dd02fa913ef489577af0ca50a6fb58743fd05d0b49366395086610b1390,5a019c1460810338a9b8aa62ea9072251a2fa2ad1a0156b245836f2e1001dcbf,ca774d898c774a37475a6cd2fc92afc7dcd9d5a2d6090b2a6a8c1dae1cde66bf,de4c3c8276c0f545729c298b34505257741dae5145f830da808db4f8dde4c7ef,26.132458,2.757680,34.000000,142.995636,116.863178,5.471955,0.000000,0.000000,SHADOWLESS_SAME_SENSOR_JPEG,fa5adb968da368a28b85a711cd7b3d0aab6829453361eb686e915af6797cf717,4.0.0,multi-instance-paired-clean-1024-v1,AUTO_PASS_MULTI_INSTANCE_PAIRED_CLEAN_1024,NO,"{""brightness"":0.74393766,""contrast"":0.95707812,""crop_x"":0,""crop_y"":69,""noise_seed"":4214195509,""noise_sigma"":0.83454024,""orientation_degrees"":90,""resized_height"":1280,""resized_width"":1280}","{""blur_radius_px"":0.3282029853596987,""jpeg_quality"":93,""noise_seed"":1575563252,""noise_sigma"":0.9301323460218915}","{""blur_radius_px"":5.511483207316285,""instances"":[{""instance_index"":1,""offset_x_px"":0,""offset_y_px"":9,""opacity"":0.27492783},{""instance_index"":2,""offset_x_px"":5,""offset_y_px"":5,""opacity"":0.26937329},{""instance_index"":3,""offset_x_px"":5,""offset_y_px"":5,""opacity"":0.18081107},{""instance_index"":4,""offset_x_px"":4,""offset_y_px"":9,""opacity"":0.2024056},{""instance_index"":5,""offset_x_px"":2,""offset_y_px"":7,""opacity"":0.27267336}]}"
syn-v4-conv-0334,335,synthetic/v4_conveyor/images/train/syn-v4-conv-0334.jpg,synthetic/v4_conveyor/masks/component_visible_instances/train/syn-v4-conv-0334.png,synthetic/v4_conveyor/masks/defect_semantic/train/syn-v4-conv-0334.png,synthetic/v4_conveyor/labels/yolo_component_status/train/syn-v4-conv-0334.txt,synthetic/v4_conveyor/labels/yolo_defects/train/syn-v4-conv-0334.txt,synthetic_black_conveyor_multi_instance,train,multi_instance_detection_segmentation,TRAIN_ONLY_MULTI_SCENE_SYNTHETIC,NO,NO,cool_component_spot,IMGGEN-CONVEYOR-BLACK-V1,1267337189,0,5,5,body_chip|contamination|scratch|surface_spot|lead_breakage,syn-v2-700-body_chip-0039|syn-v2-700-contamination-0054|syn-v2-700-scratch-0073|syn-v2-700-surface_spot-0037|syn-v2-700-lead_breakage-0020,syn-v4-conv-0334,1280,720,41c56385fa14b32dc85063bdd1f301b5fb2b18a32f319453d3f2ed14041a2b22,78a9d6a5746ff8fb7a575b1cdd5d29bea4622adbc16dd3b275814a4d4a060a9d,4e87773c49afeab5dce9091cd4d59d34c314570edd84642628efd230517f3065,b2cc9da3eb3371d37a12758ffed42fb25523acef0baffbafce79f71c4736200e,24913564ffb4484f27c847d4b23287502cb1addeb3d45e37c32f75d00fc8c03d,31.911726,3.568097,42.000000,139.402786,107.491060,4.368388,0.000000,0.000000,SHADOWLESS_SAME_SENSOR_JPEG,fa5adb968da368a28b85a711cd7b3d0aab6829453361eb686e915af6797cf717,4.0.0,multi-instance-paired-clean-1024-v1,AUTO_PASS_MULTI_INSTANCE_PAIRED_CLEAN_1024,NO,"{""brightness"":0.89490373,""contrast"":0.97466048,""crop_x"":0,""crop_y"":216,""noise_seed"":1553930832,""noise_sigma"":0.84022437,""orientation_degrees"":270,""resized_height"":1280,""resized_width"":1280}","{""blur_radius_px"":0.08261569717946556,""jpeg_quality"":96,""noise_seed"":1437904988,""noise_sigma"":0.48504390909226996}","{""blur_radius_px"":7.738366737906894,""instances"":[{""instance_index"":1,""offset_x_px"":4,""offset_y_px"":7,""opacity"":0.19458444},{""instance_index"":2,""offset_x_px"":3,""offset_y_px"":10,""opacity"":0.26695867},{""instance_index"":3,""offset_x_px"":4,""offset_y_px"":7,""opacity"":0.25925366},{""instance_index"":4,""offset_x_px"":0,""offset_y_px"":9,""opacity"":0.26236598},{""instance_index"":5,""offset_x_px"":5,""offset_y_px"":8,""opacity"":0.21786662}]}"
syn-v4-conv-0335,336,synthetic/v4_conveyor/images/train/syn-v4-conv-0335.jpg,synthetic/v4_conveyor/masks/component_visible_instances/train/syn-v4-conv-0335.png,synthetic/v4_conveyor/masks/defect_semantic/train/syn-v4-conv-0335.png,synthetic/v4_conveyor/labels/yolo_component_status/train/syn-v4-conv-0335.txt,synthetic/v4_conveyor/labels/yolo_defects/train/syn-v4-conv-0335.txt,synthetic_black_conveyor_multi_instance,train,multi_instance_detection_segmentation,TRAIN_ONLY_MULTI_SCENE_SYNTHETIC,NO,NO,side_component_spot,IMGGEN-CONVEYOR-BLACK-V1,236769086,0,5,5,body_chip|surface_spot|discoloration|lead_breakage|contamination,syn-v2-700-body_chip-0006|syn-v2-700-surface_spot-0064|syn-v2-700-discoloration-0039|syn-v2-700-lead_breakage-0069|syn-v2-700-contamination-0062,syn-v4-conv-0335,1280,720,5bc112518d402fe21c3c8347402f5e8b2c46a57ffebac65d3dcd16360828da96,0449e72baddb94dc8eec48fc856e2bd245958a1bde14ba10e2c027fe9e61a835,92021624b44f98fd9da6b9aa3877eb12d0c5199f61d58bb48f509fd8031889a8,bbe624e414e1d46974c83a342519ed2ba37883aeda5e28427e0fb347a6523764,0c4e64f6d09631355e80f718d0d8664fc8298c47ec71122f5038e35be627d281,33.002575,3.658172,43.144402,140.317780,107.315205,4.251722,0.000000,0.000000,SHADOWLESS_SAME_SENSOR_JPEG,fa5adb968da368a28b85a711cd7b3d0aab6829453361eb686e915af6797cf717,4.0.0,multi-instance-paired-clean-1024-v1,AUTO_PASS_MULTI_INSTANCE_PAIRED_CLEAN_1024,NO,"{""brightness"":0.92701835,""contrast"":0.97127631,""crop_x"":0,""crop_y"":373,""noise_seed"":840025361,""noise_sigma"":0.54070423,""orientation_degrees"":90,""resized_height"":1280,""resized_width"":1280}","{""blur_radius_px"":0.09687917902277189,""jpeg_quality"":94,""noise_seed"":4225451493,""noise_sigma"":0.8282228036528356}","{""blur_radius_px"":5.562543718996775,""instances"":[{""instance_index"":1,""offset_x_px"":4,""offset_y_px"":6,""opacity"":0.25040265},{""instance_index"":2,""offset_x_px"":2,""offset_y_px"":9,""opacity"":0.26405925},{""instance_index"":3,""offset_x_px"":3,""offset_y_px"":5,""opacity"":0.30480553},{""instance_index"":4,""offset_x_px"":2,""offset_y_px"":9,""opacity"":0.20864552},{""instance_index"":5,""offset_x_px"":5,""offset_y_px"":6,""opacity"":0.26190626}]}"
syn-v4-conv-0336,337,synthetic/v4_conveyor/images/train/syn-v4-conv-0336.jpg,synthetic/v4_conveyor/masks/component_visible_instances/train/syn-v4-conv-0336.png,synthetic/v4_conveyor/masks/defect_semantic/train/syn-v4-conv-0336.png,synthetic/v4_conveyor/labels/yolo_component_status/train/syn-v4-conv-0336.txt,synthetic/v4_conveyor/labels/yolo_defects/train/syn-v4-conv-0336.txt,synthetic_black_conveyor_multi_instance,train,multi_instance_detection_segmentation,TRAIN_ONLY_MULTI_SCENE_SYNTHETIC,NO,NO,neutral_component_spot,IMGGEN-CONVEYOR-BLACK-V1,1482261843,0,5,5,discoloration|body_chip|normal_proxy|scratch|contamination,syn-v2-700-discoloration-0023|syn-v2-700-body_chip-0025|syn-v2-700-body_crack-0079|syn-v2-700-scratch-0034|syn-v2-700-contamination-0051,syn-v4-conv-0336,1280,720,bfaf4de627f779e7fbacf57d4c258d9a07794637cfab25c0c1d9f73ff85960c1,5ce9be80cc46f0b31afa9099b82ffa4ea721bea68aa87e29a600c640c44576e5,27bcafd78d10f7c534131ec3f37cd3866f4c04dcd5537635e8f8dffa24966c2e,ebe156ffc52d7193a29859bd97ebd84c5c24798f00f34b55e5666bb74fb87f11,c01ff277aa8b59f60727fac22463c5b8d48c1615c265433be0d0593b385fb767,29.290951,3.600328,38.931801,142.246048,112.955097,4.856314,0.000000,0.000000,SHADOWLESS_SAME_SENSOR_JPEG,fa5adb968da368a28b85a711cd7b3d0aab6829453361eb686e915af6797cf717,4.0.0,multi-instance-paired-clean-1024-v1,AUTO_PASS_MULTI_INSTANCE_PAIRED_CLEAN_1024,NO,"{""brightness"":0.85586401,""contrast"":1.04216134,""crop_x"":0,""crop_y"":433,""noise_seed"":3376243871,""noise_sigma"":0.29996325,""orientation_degrees"":0,""resized_height"":1280,""resized_width"":1280}","{""blur_radius_px"":0.06812255686261154,""jpeg_quality"":92,""noise_seed"":2317344832,""noise_sigma"":1.1331353686098808}","{""blur_radius_px"":5.898627457447336,""instances"":[{""instance_index"":1,""offset_x_px"":1,""offset_y_px"":10,""opacity"":0.24607515},{""instance_index"":2,""offset_x_px"":5,""offset_y_px"":6,""opacity"":0.2451304},{""instance_index"":3,""offset_x_px"":2,""offset_y_px"":5,""opacity"":0.30153177},{""instance_index"":4,""offset_x_px"":4,""offset_y_px"":6,""opacity"":0.31216594},{""instance_index"":5,""offset_x_px"":4,""offset_y_px"":9,""opacity"":0.18004854}]}"
syn-v4-conv-0337,338,synthetic/v4_conveyor/images/train/syn-v4-conv-0337.jpg,synthetic/v4_conveyor/masks/component_visible_instances/train/syn-v4-conv-0337.png,synthetic/v4_conveyor/masks/defect_semantic/train/syn-v4-conv-0337.png,synthetic/v4_conveyor/labels/yolo_component_status/train/syn-v4-conv-0337.txt,synthetic/v4_conveyor/labels/yolo_defects/train/syn-v4-conv-0337.txt,synthetic_black_conveyor_multi_instance,train,multi_instance_detection_segmentation,TRAIN_ONLY_MULTI_SCENE_SYNTHETIC,NO,NO,warm_component_spot,IMGGEN-CONVEYOR-BLACK-V1,1126903544,0,5,5,normal_proxy|body_crack|lead_breakage|contamination|discoloration,syn-v2-700-body_crack-0066|syn-v2-700-body_crack-0084|syn-v2-700-lead_breakage-0093|syn-v2-700-contamination-0050|syn-v2-700-discoloration-0070,syn-v4-conv-0337,1280,720,dacbe51ca141c85de82bca6e7fa85162412a9afcb240ce6a61425085257285f6,91ef58500fc50204a5d76b818f98d2de4c870dcdac9372c9ab96288e31184844,2170c0e1601c4246d5543b7ecfd035e40b840eaf6c2d31e04e3b50886cc6856f,1789849422f821424422b9acb53a329bd03011ba8bd4984619a2562ea3196472,e11fa7a0bc01d8c968733d946d4c1bb4f6e10ccb8aa9eb803e61651ec9dba012,27.030247,3.694733,37.000000,147.613983,120.583736,5.461067,0.000000,0.000000,SHADOWLESS_SAME_SENSOR_JPEG,fa5adb968da368a28b85a711cd7b3d0aab6829453361eb686e915af6797cf717,4.0.0,multi-instance-paired-clean-1024-v1,AUTO_PASS_MULTI_INSTANCE_PAIRED_CLEAN_1024,NO,"{""brightness"":0.76497914,""contrast"":1.02964801,""crop_x"":0,""crop_y"":201,""noise_seed"":4204366313,""noise_sigma"":0.16464054,""orientation_degrees"":90,""resized_height"":1280,""resized_width"":1280}","{""blur_radius_px"":0.24058995970192612,""jpeg_quality"":96,""noise_seed"":2347196887,""noise_sigma"":0.4376921609173778}","{""blur_radius_px"":5.3639327275709405,""instances"":[{""instance_index"":1,""offset_x_px"":5,""offset_y_px"":7,""opacity"":0.22159168},{""instance_index"":2,""offset_x_px"":-1,""offset_y_px"":6,""opacity"":0.30618488},{""instance_index"":3,""offset_x_px"":-1,""offset_y_px"":5,""opacity"":0.23875795},{""instance_index"":4,""offset_x_px"":1,""offset_y_px"":6,""opacity"":0.26356204},{""instance_index"":5,""offset_x_px"":3,""offset_y_px"":5,""opacity"":0.29090755}]}"
syn-v4-conv-0338,339,synthetic/v4_conveyor/images/train/syn-v4-conv-0338.jpg,synthetic/v4_conveyor/masks/component_visible_instances/train/syn-v4-conv-0338.png,synthetic/v4_conveyor/masks/defect_semantic/train/syn-v4-conv-0338.png,synthetic/v4_conveyor/labels/yolo_component_status/train/syn-v4-conv-0338.txt,synthetic/v4_conveyor/labels/yolo_defects/train/syn-v4-conv-0338.txt,synthetic_black_conveyor_multi_instance,train,multi_instance_detection_segmentation,TRAIN_ONLY_MULTI_SCENE_SYNTHETIC,NO,NO,cool_component_spot,IMGGEN-CONVEYOR-BLACK-V1,1851716657,0,5,5,scratch|normal_proxy|contamination|surface_spot|body_crack,syn-v2-700-scratch-0047|syn-v2-700-contamination-0085|syn-v2-700-contamination-0096|syn-v2-700-surface_spot-0092|syn-v2-700-body_crack-0096,syn-v4-conv-0338,1280,720,8c41ccaa83804c0e436ff718c3c98ece304bc9fb340e58bcbe5cdec007ff7f3f,a19a8950e05e9cd2adfaa4b74a544b16cb56bd3c83f6ae62a4f7fc27d78984f6,eb37e2cfba8d197e7decb27624ce36f63543aba5ac07b700c744380c65c11604,d836e05ef5bd7e40f8d1c57833bf7710bd7228759b85b4b3b7d46248e631d47b,6fc86caddcc48fd2ba87bf5a9387ce6ce4eb8f8d370dfc61dda4fd1a21ff7720,26.423050,2.604605,33.931801,132.679138,106.256088,5.021341,0.000000,0.000000,SHADOWLESS_SAME_SENSOR_JPEG,fa5adb968da368a28b85a711cd7b3d0aab6829453361eb686e915af6797cf717,4.0.0,multi-instance-paired-clean-1024-v1,AUTO_PASS_MULTI_INSTANCE_PAIRED_CLEAN_1024,NO,"{""brightness"":0.77138723,""contrast"":0.94992767,""crop_x"":0,""crop_y"":416,""noise_seed"":1077309304,""noise_sigma"":0.60518817,""orientation_degrees"":0,""resized_height"":1280,""resized_width"":1280}","{""blur_radius_px"":0.011766931755734539,""jpeg_quality"":92,""noise_seed"":3413833861,""noise_sigma"":1.0566535421905765}","{""blur_radius_px"":7.75007331998885,""instances"":[{""instance_index"":1,""offset_x_px"":-3,""offset_y_px"":7,""opacity"":0.23185602},{""instance_index"":2,""offset_x_px"":1,""offset_y_px"":5,""opacity"":0.28868206},{""instance_index"":3,""offset_x_px"":5,""offset_y_px"":6,""opacity"":0.26750615},{""instance_index"":4,""offset_x_px"":-2,""offset_y_px"":9,""opacity"":0.19587126},{""instance_index"":5,""offset_x_px"":1,""offset_y_px"":5,""opacity"":0.31039255}]}"
syn-v4-conv-0339,340,synthetic/v4_conveyor/images/train/syn-v4-conv-0339.jpg,synthetic/v4_conveyor/masks/component_visible_instances/train/syn-v4-conv-0339.png,synthetic/v4_conveyor/masks/defect_semantic/train/syn-v4-conv-0339.png,synthetic/v4_conveyor/labels/yolo_component_status/train/syn-v4-conv-0339.txt,synthetic/v4_conveyor/labels/yolo_defects/train/syn-v4-conv-0339.txt,synthetic_black_conveyor_multi_instance,train,multi_instance_detection_segmentation,TRAIN_ONLY_MULTI_SCENE_SYNTHETIC,NO,NO,side_component_spot,IMGGEN-CONVEYOR-BLACK-V1,304235781,0,5,5,scratch|body_crack|normal_proxy|body_chip|surface_spot,syn-v2-700-scratch-0087|syn-v2-700-body_crack-0079|syn-v2-700-contamination-0088|syn-v2-700-body_chip-0026|syn-v2-700-surface_spot-0048,syn-v4-conv-0339,1280,720,cf0665a99daa02d55fda442a38a73ef7175e17ad7cc7c3912ad262a381ba383b,5bcbd83cc874552a7fe259d04c3d4b2abe0c32996611874bf1741faefdcc5c27,bcfb078c1ac2c9a3d6a4d5c9e284b97dec5f69c0539a83202bae3c88d7a305c1,f4908b8569ba8695b1508125e2bcf32eaf65789e9cb8f1aab2a16f4cac7e8e2c,979fdb313c9432b873a79710d15548be48af3d23869675ee42fa26de89293d41,28.393042,3.889081,38.855598,145.367493,116.974451,5.119828,0.000000,0.000000,SHADOWLESS_SAME_SENSOR_JPEG,fa5adb968da368a28b85a711cd7b3d0aab6829453361eb686e915af6797cf717,4.0.0,multi-instance-paired-clean-1024-v1,AUTO_PASS_MULTI_INSTANCE_PAIRED_CLEAN_1024,NO,"{""brightness"":0.81028419,""contrast"":1.01805082,""crop_x"":0,""crop_y"":519,""noise_seed"":1421434480,""noise_sigma"":0.20742756,""orientation_degrees"":270,""resized_height"":1280,""resized_width"":1280}","{""blur_radius_px"":0.26301060630430545,""jpeg_quality"":95,""noise_seed"":1892538605,""noise_sigma"":0.946555349782022}","{""blur_radius_px"":7.289914575267559,""instances"":[{""instance_index"":1,""offset_x_px"":-3,""offset_y_px"":5,""opacity"":0.3116504},{""instance_index"":2,""offset_x_px"":-1,""offset_y_px"":6,""opacity"":0.22922836},{""instance_index"":3,""offset_x_px"":2,""offset_y_px"":10,""opacity"":0.19468675},{""instance_index"":4,""offset_x_px"":4,""offset_y_px"":8,""opacity"":0.29708648},{""instance_index"":5,""offset_x_px"":-3,""offset_y_px"":10,""opacity"":0.18339258}]}"
syn-v4-conv-0340,341,synthetic/v4_conveyor/images/train/syn-v4-conv-0340.jpg,synthetic/v4_conveyor/masks/component_visible_instances/train/syn-v4-conv-0340.png,synthetic/v4_conveyor/masks/defect_semantic/train/syn-v4-conv-0340.png,synthetic/v4_conveyor/labels/yolo_component_status/train/syn-v4-conv-0340.txt,synthetic/v4_conveyor/labels/yolo_defects/train/syn-v4-conv-0340.txt,synthetic_black_conveyor_multi_instance,train,multi_instance_detection_segmentation,TRAIN_ONLY_MULTI_SCENE_SYNTHETIC,NO,NO,neutral_component_spot,IMGGEN-CONVEYOR-BLACK-V1,778053749,0,5,5,discoloration|body_chip|lead_breakage|scratch|surface_spot,syn-v2-700-discoloration-0061|syn-v2-700-body_chip-0055|syn-v2-700-lead_breakage-0089|syn-v2-700-scratch-0057|syn-v2-700-surface_spot-0001,syn-v4-conv-0340,1280,720,750ba047816f0c97d72e0b2db95eaac202abc920730122c185dfa41bec548e23,3b710c65dcce919b9f8ba31d495b7405a90c19bf3ff85c7f09b20114a8246672,db5a95597a5890c130f420c3a7675a6dcf25d360129d504e4c900f1c2874de13,a26552aaead00938b0e032bf77f44ad00fcb1e145dc79c241687ea64de33f0bb,3b11897d4e9ce8f97456b157dd3e66b1fd5c91ebdb7c3db3eed25c9e2b3965cc,26.863613,3.672991,36.221798,141.962936,115.099323,5.284581,0.000000,0.000000,SHADOWLESS_SAME_SENSOR_JPEG,fa5adb968da368a28b85a711cd7b3d0aab6829453361eb686e915af6797cf717,4.0.0,multi-instance-paired-clean-1024-v1,AUTO_PASS_MULTI_INSTANCE_PAIRED_CLEAN_1024,NO,"{""brightness"":0.76497435,""contrast"":1.01619435,""crop_x"":0,""crop_y"":483,""noise_seed"":86811444,""noise_sigma"":0.92915009,""orientation_degrees"":270,""resized_height"":1280,""resized_width"":1280}","{""blur_radius_px"":0.2667935203762678,""jpeg_quality"":96,""noise_seed"":3232436334,""noise_sigma"":0.6206730571616692}","{""blur_radius_px"":5.292983969428228,""instances"":[{""instance_index"":1,""offset_x_px"":-1,""offset_y_px"":9,""opacity"":0.31077785},{""instance_index"":2,""offset_x_px"":4,""offset_y_px"":8,""opacity"":0.31472448},{""instance_index"":3,""offset_x_px"":0,""offset_y_px"":9,""opacity"":0.31648204},{""instance_index"":4,""offset_x_px"":0,""offset_y_px"":5,""opacity"":0.24079092},{""instance_index"":5,""offset_x_px"":4,""offset_y_px"":5,""opacity"":0.25366062}]}"
syn-v4-conv-0341,342,synthetic/v4_conveyor/images/train/syn-v4-conv-0341.jpg,synthetic/v4_conveyor/masks/component_visible_instances/train/syn-v4-conv-0341.png,synthetic/v4_conveyor/masks/defect_semantic/train/syn-v4-conv-0341.png,synthetic/v4_conveyor/labels/yolo_component_status/train/syn-v4-conv-0341.txt,synthetic/v4_conveyor/labels/yolo_defects/train/syn-v4-conv-0341.txt,synthetic_black_conveyor_multi_instance,train,multi_instance_detection_segmentation,TRAIN_ONLY_MULTI_SCENE_SYNTHETIC,NO,NO,warm_component_spot,IMGGEN-CONVEYOR-BLACK-V1,4217435366,0,5,5,body_crack|scratch|discoloration|surface_spot|normal_proxy,syn-v2-700-body_crack-0089|syn-v2-700-scratch-0008|syn-v2-700-discoloration-0061|syn-v2-700-surface_spot-0048|syn-v2-700-surface_spot-0097,syn-v4-conv-0341,1280,720,21ed2d63fb92158f19645f8fc0a6efc9bfc6a0b9aa017aa7838472b1622956b7,5ecdf61556c5077a843b15bb4a034653a4a8b7a5e6da09605ec7ea4ffefc4f1f,accc4d17629af1d40663586bbe6775f5e0838ce05fc1b59057a33373505b3bf1,b527853ea24f3de30335f9e27c6aefc15cef8be5d3022da04069450934bc6f9d,eca30945cbe79f29e8d7f87f0e7f57a7bc9cf20b4a4369e993d2deb1bc9d5347,31.995464,3.394274,42.000000,143.847107,111.851643,4.495859,0.000000,0.000000,SHADOWLESS_SAME_SENSOR_JPEG,fa5adb968da368a28b85a711cd7b3d0aab6829453361eb686e915af6797cf717,4.0.0,multi-instance-paired-clean-1024-v1,AUTO_PASS_MULTI_INSTANCE_PAIRED_CLEAN_1024,NO,"{""brightness"":0.88409542,""contrast"":0.92371192,""crop_x"":0,""crop_y"":540,""noise_seed"":4118352824,""noise_sigma"":0.47896617,""orientation_degrees"":180,""resized_height"":1280,""resized_width"":1280}","{""blur_radius_px"":0.13592882720163038,""jpeg_quality"":94,""noise_seed"":3670444909,""noise_sigma"":1.0395776875521061}","{""blur_radius_px"":8.653596553842434,""instances"":[{""instance_index"":1,""offset_x_px"":-2,""offset_y_px"":7,""opacity"":0.18721831},{""instance_index"":2,""offset_x_px"":-2,""offset_y_px"":8,""opacity"":0.30565167},{""instance_index"":3,""offset_x_px"":0,""offset_y_px"":10,""opacity"":0.24377372},{""instance_index"":4,""offset_x_px"":2,""offset_y_px"":10,""opacity"":0.27121154},{""instance_index"":5,""offset_x_px"":5,""offset_y_px"":10,""opacity"":0.28162003}]}"
syn-v4-conv-0342,343,synthetic/v4_conveyor/images/train/syn-v4-conv-0342.jpg,synthetic/v4_conveyor/masks/component_visible_instances/train/syn-v4-conv-0342.png,synthetic/v4_conveyor/masks/defect_semantic/train/syn-v4-conv-0342.png,synthetic/v4_conveyor/labels/yolo_component_status/train/syn-v4-conv-0342.txt,synthetic/v4_conveyor/labels/yolo_defects/train/syn-v4-conv-0342.txt,synthetic_black_conveyor_multi_instance,train,multi_instance_detection_segmentation,TRAIN_ONLY_MULTI_SCENE_SYNTHETIC,NO,NO,cool_component_spot,IMGGEN-CONVEYOR-BLACK-V1,1908512304,0,5,5,body_crack|contamination|body_chip|normal_proxy|scratch,syn-v2-700-body_crack-0051|syn-v2-700-contamination-0077|syn-v2-700-body_chip-0018|syn-v2-700-scratch-0079|syn-v2-700-scratch-0047,syn-v4-conv-0342,1280,720,7f4d9dd3178dfe9d71de4feb4b2133ade0f5ef94f1751a27f8c2b1107c7ec795,35c665d4615c0dedf660c0d1575aa839acb9ee75eeb5f88df70c35b62ee0e5e4,0c6f6ac881e7242ca30ef461a8d889cc4739cfc3995c3520b443578af10c2334,64881e12bda40bdc4321ad39b733c0de0885e42e80f42ba11616e1f315d9da32,164c2e9516cf881854aad5fa57a2bc21326b1602bcc53c969417b0e593f49e2f,32.931519,3.493902,43.000000,133.310013,100.378494,4.048098,0.000000,0.000000,SHADOWLESS_SAME_SENSOR_JPEG,fa5adb968da368a28b85a711cd7b3d0aab6829453361eb686e915af6797cf717,4.0.0,multi-instance-paired-clean-1024-v1,AUTO_PASS_MULTI_INSTANCE_PAIRED_CLEAN_1024,NO,"{""brightness"":0.90659687,""contrast"":0.99101183,""crop_x"":0,""crop_y"":15,""noise_seed"":1903448854,""noise_sigma"":0.72199796,""orientation_degrees"":0,""resized_height"":1280,""resized_width"":1280}","{""blur_radius_px"":0.0697408799857467,""jpeg_quality"":94,""noise_seed"":3484377216,""noise_sigma"":0.5426585947012534}","{""blur_radius_px"":7.401020801716644,""instances"":[{""instance_index"":1,""offset_x_px"":-2,""offset_y_px"":9,""opacity"":0.21817736},{""instance_index"":2,""offset_x_px"":2,""offset_y_px"":7,""opacity"":0.27540084},{""instance_index"":3,""offset_x_px"":4,""offset_y_px"":8,""opacity"":0.23902664},{""instance_index"":4,""offset_x_px"":-3,""offset_y_px"":7,""opacity"":0.19139192},{""instance_index"":5,""offset_x_px"":-3,""offset_y_px"":5,""opacity"":0.30749787}]}"
syn-v4-conv-0343,344,synthetic/v4_conveyor/images/train/syn-v4-conv-0343.jpg,synthetic/v4_conveyor/masks/component_visible_instances/train/syn-v4-conv-0343.png,synthetic/v4_conveyor/masks/defect_semantic/train/syn-v4-conv-0343.png,synthetic/v4_conveyor/labels/yolo_component_status/train/syn-v4-conv-0343.txt,synthetic/v4_conveyor/labels/yolo_defects/train/syn-v4-conv-0343.txt,synthetic_black_conveyor_multi_instance,train,multi_instance_detection_segmentation,TRAIN_ONLY_MULTI_SCENE_SYNTHETIC,NO,NO,side_component_spot,IMGGEN-CONVEYOR-BLACK-V1,3303352943,0,5,5,scratch|body_crack|discoloration|surface_spot|contamination,syn-v2-700-scratch-0090|syn-v2-700-body_crack-0027|syn-v2-700-discoloration-0071|syn-v2-700-surface_spot-0037|syn-v2-700-contamination-0035,syn-v4-conv-0343,1280,720,7a67fb7331935ff8ee472fdacf3ecdfccd0e2d5d957332fdf3835523abd84cc5,7b71389ea5eb98efe85d76c96da8f31b5e8887884187f01e9bb222a802a37353,96f5cf10e8bc5abde4d06ae00681bd25f6f7835563c9e05fd7c660fa64ebf9a8,35d28c90b0a372287a029f296165e6584ca7c4b0491f43d49b2e1a3ec5504fcd,a26c05452d0aa24542ee1655ae36a8b1834e87b2d216c71ded654b6d8bcc6a57,32.700962,3.495741,43.000000,145.027710,112.326748,4.434968,0.000000,0.000000,SHADOWLESS_SAME_SENSOR_JPEG,fa5adb968da368a28b85a711cd7b3d0aab6829453361eb686e915af6797cf717,4.0.0,multi-instance-paired-clean-1024-v1,AUTO_PASS_MULTI_INSTANCE_PAIRED_CLEAN_1024,NO,"{""brightness"":0.90058989,""contrast"":0.95654407,""crop_x"":0,""crop_y"":20,""noise_seed"":2481956505,""noise_sigma"":0.6447053,""orientation_degrees"":0,""resized_height"":1280,""resized_width"":1280}","{""blur_radius_px"":0.14159288142613694,""jpeg_quality"":96,""noise_seed"":1736464282,""noise_sigma"":0.6184293828797816}","{""blur_radius_px"":6.197548573989206,""instances"":[{""instance_index"":1,""offset_x_px"":0,""offset_y_px"":9,""opacity"":0.29128342},{""instance_index"":2,""offset_x_px"":4,""offset_y_px"":6,""opacity"":0.3184245},{""instance_index"":3,""offset_x_px"":0,""offset_y_px"":7,""opacity"":0.30919959},{""instance_index"":4,""offset_x_px"":2,""offset_y_px"":8,""opacity"":0.19881992},{""instance_index"":5,""offset_x_px"":0,""offset_y_px"":7,""opacity"":0.27077595}]}"
syn-v4-conv-0344,345,synthetic/v4_conveyor/images/train/syn-v4-conv-0344.jpg,synthetic/v4_conveyor/masks/component_visible_instances/train/syn-v4-conv-0344.png,synthetic/v4_conveyor/masks/defect_semantic/train/syn-v4-conv-0344.png,synthetic/v4_conveyor/labels/yolo_component_status/train/syn-v4-conv-0344.txt,synthetic/v4_conveyor/labels/yolo_defects/train/syn-v4-conv-0344.txt,synthetic_black_conveyor_multi_instance,train,multi_instance_detection_segmentation,TRAIN_ONLY_MULTI_SCENE_SYNTHETIC,NO,NO,neutral_component_spot,IMGGEN-CONVEYOR-BLACK-V1,3041739989,1,5,5,contamination|body_chip|body_crack|lead_breakage|scratch,syn-v2-700-contamination-0081|syn-v2-700-body_chip-0074|syn-v2-700-body_crack-0036|syn-v2-700-lead_breakage-0010|syn-v2-700-scratch-0034,syn-v4-conv-0344,1280,720,4c60073612fffa9ace913c594806a799f1809ad930531a460799e1e7527b0c43,67e14efe4e35a41e5db2f4dfe37aac4723b235392394aa4e324cb5cdd5a587b9,c9ed6aa217d7ce697c06b553d28960dd91f599f1006078c9bb1ff8a482b515cc,c2ae73c5f1aa36f9a2c554e0119a9644b8ce2c62c82c2253ff8e5493e6deb34d,9150243bafee546072c25a7ba727fa99079da22fc198aee14cd24013c07b20d2,25.916222,3.574971,35.144402,139.311050,113.394829,5.375438,0.000000,0.000000,SHADOWLESS_SAME_SENSOR_JPEG,fa5adb968da368a28b85a711cd7b3d0aab6829453361eb686e915af6797cf717,4.0.0,multi-instance-paired-clean-1024-v1,AUTO_PASS_MULTI_INSTANCE_PAIRED_CLEAN_1024,NO,"{""brightness"":0.74125904,""contrast"":1.03162254,""crop_x"":0,""crop_y"":66,""noise_seed"":2070595948,""noise_sigma"":0.648254,""orientation_degrees"":90,""resized_height"":1280,""resized_width"":1280}","{""blur_radius_px"":0.17858691501448787,""jpeg_quality"":92,""noise_seed"":797898108,""noise_sigma"":0.8800483452090198}","{""blur_radius_px"":5.604444330798343,""instances"":[{""instance_index"":1,""offset_x_px"":-3,""offset_y_px"":5,""opacity"":0.22309708},{""instance_index"":2,""offset_x_px"":3,""offset_y_px"":10,""opacity"":0.24241423},{""instance_index"":3,""offset_x_px"":2,""offset_y_px"":8,""opacity"":0.26841875},{""instance_index"":4,""offset_x_px"":-1,""offset_y_px"":5,""opacity"":0.2479375},{""instance_index"":5,""offset_x_px"":1,""offset_y_px"":8,""opacity"":0.20857444}]}"
syn-v4-conv-0345,346,synthetic/v4_conveyor/images/train/syn-v4-conv-0345.jpg,synthetic/v4_conveyor/masks/component_visible_instances/train/syn-v4-conv-0345.png,synthetic/v4_conveyor/masks/defect_semantic/train/syn-v4-conv-0345.png,synthetic/v4_conveyor/labels/yolo_component_status/train/syn-v4-conv-0345.txt,synthetic/v4_conveyor/labels/yolo_defects/train/syn-v4-conv-0345.txt,synthetic_black_conveyor_multi_instance,train,multi_instance_detection_segmentation,TRAIN_ONLY_MULTI_SCENE_SYNTHETIC,NO,NO,warm_component_spot,IMGGEN-CONVEYOR-BLACK-V1,1030606299,0,5,5,body_chip|discoloration|lead_breakage|surface_spot|body_crack,syn-v2-700-body_chip-0018|syn-v2-700-discoloration-0080|syn-v2-700-lead_breakage-0053|syn-v2-700-surface_spot-0076|syn-v2-700-body_crack-0096,syn-v4-conv-0345,1280,720,ace1e9fb54ad8cf85f7118ca2814c03fc1af67c3527202a251d38feaf5a057ec,82565137677e2db9887679bf7673cce18320b4935364522a8be2aa83fe84a445,c5c5c3f0abc4b6a3c77870d6a51fe44cc5ab7e02c1685428410e2b6d381c0af2,18cf1c1d838c32784166999099de8190b64e3d62afc202094c51e3a79e2881c4,22c74a7e2fa239143180ea696c216e20802ea598f81dff2f62a8d775c7f1ea17,28.449747,3.878846,38.502598,132.748856,104.299109,4.666082,0.000000,0.000000,SHADOWLESS_SAME_SENSOR_JPEG,fa5adb968da368a28b85a711cd7b3d0aab6829453361eb686e915af6797cf717,4.0.0,multi-instance-paired-clean-1024-v1,AUTO_PASS_MULTI_INSTANCE_PAIRED_CLEAN_1024,NO,"{""brightness"":0.81244926,""contrast"":1.05597029,""crop_x"":0,""crop_y"":111,""noise_seed"":671627339,""noise_sigma"":0.39183694,""orientation_degrees"":270,""resized_height"":1280,""resized_width"":1280}","{""blur_radius_px"":0.3266111941700725,""jpeg_quality"":95,""noise_seed"":882884410,""noise_sigma"":0.5391253899638846}","{""blur_radius_px"":8.46470720500499,""instances"":[{""instance_index"":1,""offset_x_px"":-3,""offset_y_px"":7,""opacity"":0.18896727},{""instance_index"":2,""offset_x_px"":2,""offset_y_px"":5,""opacity"":0.21727064},{""instance_index"":3,""offset_x_px"":-3,""offset_y_px"":8,""opacity"":0.26423663},{""instance_index"":4,""offset_x_px"":-2,""offset_y_px"":9,""opacity"":0.20391508},{""instance_index"":5,""offset_x_px"":4,""offset_y_px"":5,""opacity"":0.2815863}]}"
syn-v4-conv-0346,347,synthetic/v4_conveyor/images/train/syn-v4-conv-0346.jpg,synthetic/v4_conveyor/masks/component_visible_instances/train/syn-v4-conv-0346.png,synthetic/v4_conveyor/masks/defect_semantic/train/syn-v4-conv-0346.png,synthetic/v4_conveyor/labels/yolo_component_status/train/syn-v4-conv-0346.txt,synthetic/v4_conveyor/labels/yolo_defects/train/syn-v4-conv-0346.txt,synthetic_black_conveyor_multi_instance,train,multi_instance_detection_segmentation,TRAIN_ONLY_MULTI_SCENE_SYNTHETIC,NO,NO,cool_component_spot,IMGGEN-CONVEYOR-BLACK-V1,325014457,0,5,5,normal_proxy|scratch|body_crack|surface_spot|body_chip,syn-v2-700-scratch-0079|syn-v2-700-scratch-0060|syn-v2-700-body_crack-0089|syn-v2-700-surface_spot-0064|syn-v2-700-body_chip-0035,syn-v4-conv-0346,1280,720,af482898227f67a045333b9d8181f3a1e07fbb0901461f5c1fed87c55399d808,8746c0036d443828f597b39da278bd8e472cce3037cabc646db63fdd091b59ad,3d445b3be1edcc69120a69abb6c680409d216024e672fadc66a3194a42d8765e,5cb84b17a15001522d1841e3b6c63b173d713e81223bfe78793df75ed2ad9e73,91d40c9a7df6eb5c8467860c3c1c2128aff82bdd9c8c1844b2d6c5ef2e53df4e,33.051163,3.233983,43.000000,133.887878,100.836716,4.050928,0.000000,0.000000,SHADOWLESS_SAME_SENSOR_JPEG,fa5adb968da368a28b85a711cd7b3d0aab6829453361eb686e915af6797cf717,4.0.0,multi-instance-paired-clean-1024-v1,AUTO_PASS_MULTI_INSTANCE_PAIRED_CLEAN_1024,NO,"{""brightness"":0.94421532,""contrast"":0.99294463,""crop_x"":0,""crop_y"":227,""noise_seed"":803809592,""noise_sigma"":0.60699487,""orientation_degrees"":180,""resized_height"":1280,""resized_width"":1280}","{""blur_radius_px"":0.16876163024439755,""jpeg_quality"":95,""noise_seed"":3751627574,""noise_sigma"":0.8828362228773523}","{""blur_radius_px"":5.253778643756911,""instances"":[{""instance_index"":1,""offset_x_px"":3,""offset_y_px"":7,""opacity"":0.29670938},{""instance_index"":2,""offset_x_px"":2,""offset_y_px"":10,""opacity"":0.18800121},{""instance_index"":3,""offset_x_px"":3,""offset_y_px"":10,""opacity"":0.24041159},{""instance_index"":4,""offset_x_px"":-1,""offset_y_px"":10,""opacity"":0.23614332},{""instance_index"":5,""offset_x_px"":0,""offset_y_px"":7,""opacity"":0.19629228}]}"
syn-v4-conv-0347,348,synthetic/v4_conveyor/images/train/syn-v4-conv-0347.jpg,synthetic/v4_conveyor/masks/component_visible_instances/train/syn-v4-conv-0347.png,synthetic/v4_conveyor/masks/defect_semantic/train/syn-v4-conv-0347.png,synthetic/v4_conveyor/labels/yolo_component_status/train/syn-v4-conv-0347.txt,synthetic/v4_conveyor/labels/yolo_defects/train/syn-v4-conv-0347.txt,synthetic_black_conveyor_multi_instance,train,multi_instance_detection_segmentation,TRAIN_ONLY_MULTI_SCENE_SYNTHETIC,NO,NO,side_component_spot,IMGGEN-CONVEYOR-BLACK-V1,639641220,0,5,5,scratch|discoloration|body_chip|normal_proxy|lead_breakage,syn-v2-700-scratch-0073|syn-v2-700-discoloration-0025|syn-v2-700-body_chip-0051|syn-v2-700-body_chip-0060|syn-v2-700-lead_breakage-0012,syn-v4-conv-0347,1280,720,00554e88721925b8d41226d7bc66d04a4688ef1be9743b0a213e95e478821384,dc1d06e0dcbde2f7b8bdd8287f1c09194a964e256c9408717768598c159ae0a4,bdc796e2e11da1e5442075d4a6774120aa318a4436c6cc68a8bed77f51e7812f,ed48cfbc222d0a4266c9c8a368fdcc9d34a9e98be8139be22d8c4110d696627d,a918391b551b031c83d70d3f5b0ba3e39ef5814f343fc86ce6a0b425dc9337bc,32.287231,4.148873,43.931801,142.900909,110.613678,4.425926,0.000000,0.000000,SHADOWLESS_SAME_SENSOR_JPEG,fa5adb968da368a28b85a711cd7b3d0aab6829453361eb686e915af6797cf717,4.0.0,multi-instance-paired-clean-1024-v1,AUTO_PASS_MULTI_INSTANCE_PAIRED_CLEAN_1024,NO,"{""brightness"":0.92244742,""contrast"":1.05092505,""crop_x"":0,""crop_y"":25,""noise_seed"":38019889,""noise_sigma"":0.22903472,""orientation_degrees"":270,""resized_height"":1280,""resized_width"":1280}","{""blur_radius_px"":0.30116087215827586,""jpeg_quality"":92,""noise_seed"":767149156,""noise_sigma"":0.35246047074329384}","{""blur_radius_px"":8.22770575261497,""instances"":[{""instance_index"":1,""offset_x_px"":-2,""offset_y_px"":6,""opacity"":0.20542789},{""instance_index"":2,""offset_x_px"":4,""offset_y_px"":7,""opacity"":0.20430167},{""instance_index"":3,""offset_x_px"":2,""offset_y_px"":6,""opacity"":0.30963784},{""instance_index"":4,""offset_x_px"":1,""offset_y_px"":10,""opacity"":0.23954493},{""instance_index"":5,""offset_x_px"":-3,""offset_y_px"":9,""opacity"":0.20387423}]}"
syn-v4-conv-0348,349,synthetic/v4_conveyor/images/train/syn-v4-conv-0348.jpg,synthetic/v4_conveyor/masks/component_visible_instances/train/syn-v4-conv-0348.png,synthetic/v4_conveyor/masks/defect_semantic/train/syn-v4-conv-0348.png,synthetic/v4_conveyor/labels/yolo_component_status/train/syn-v4-conv-0348.txt,synthetic/v4_conveyor/labels/yolo_defects/train/syn-v4-conv-0348.txt,synthetic_black_conveyor_multi_instance,train,multi_instance_detection_segmentation,TRAIN_ONLY_MULTI_SCENE_SYNTHETIC,NO,NO,neutral_component_spot,IMGGEN-CONVEYOR-BLACK-V1,1880055545,0,5,5,scratch|contamination|surface_spot|body_chip|body_crack,syn-v2-700-scratch-0073|syn-v2-700-contamination-0062|syn-v2-700-surface_spot-0027|syn-v2-700-body_chip-0062|syn-v2-700-body_crack-0033,syn-v4-conv-0348,1280,720,4e9656f980336d668e94ea1b2149219538289478facc06cae2e2cfd0aa253d6b,6d4996bcb704a52ca7d575caae906803fd2fa4321f48b342f9a3e7235ab70953,9b03330048c48c8d53d6c4ee5e6e30094e3c756a39253808805f485672ba4e1b,ea3e5180cd8ea0dcebc20630d06f9d4e81405cd6f865f1af20bd79ce6d635c1b,6107967e4aef71e9e17044be672841a927f1ad9760c40de3f4efbb9de03fed6f,27.596617,2.955168,36.000000,144.684494,117.087877,5.242834,0.000000,0.000000,SHADOWLESS_SAME_SENSOR_JPEG,fa5adb968da368a28b85a711cd7b3d0aab6829453361eb686e915af6797cf717,4.0.0,multi-instance-paired-clean-1024-v1,AUTO_PASS_MULTI_INSTANCE_PAIRED_CLEAN_1024,NO,"{""brightness"":0.78435715,""contrast"":0.93351064,""crop_x"":0,""crop_y"":120,""noise_seed"":165563686,""noise_sigma"":0.11426872,""orientation_degrees"":90,""resized_height"":1280,""resized_width"":1280}","{""blur_radius_px"":0.28361738062910424,""jpeg_quality"":93,""noise_seed"":3327911794,""noise_sigma"":1.0962594695725305}","{""blur_radius_px"":8.972576061807517,""instances"":[{""instance_index"":1,""offset_x_px"":5,""offset_y_px"":6,""opacity"":0.29517285},{""instance_index"":2,""offset_x_px"":3,""offset_y_px"":7,""opacity"":0.24988757},{""instance_index"":3,""offset_x_px"":3,""offset_y_px"":9,""opacity"":0.26454349},{""instance_index"":4,""offset_x_px"":-3,""offset_y_px"":6,""opacity"":0.2920621},{""instance_index"":5,""offset_x_px"":0,""offset_y_px"":5,""opacity"":0.24429691}]}"
syn-v4-conv-0349,350,synthetic/v4_conveyor/images/train/syn-v4-conv-0349.jpg,synthetic/v4_conveyor/masks/component_visible_instances/train/syn-v4-conv-0349.png,synthetic/v4_conveyor/masks/defect_semantic/train/syn-v4-conv-0349.png,synthetic/v4_conveyor/labels/yolo_component_status/train/syn-v4-conv-0349.txt,synthetic/v4_conveyor/labels/yolo_defects/train/syn-v4-conv-0349.txt,synthetic_black_conveyor_multi_instance,train,multi_instance_detection_segmentation,TRAIN_ONLY_MULTI_SCENE_SYNTHETIC,NO,NO,warm_component_spot,IMGGEN-CONVEYOR-BLACK-V1,1930908189,0,5,5,scratch|surface_spot|lead_breakage|normal_proxy|body_chip,syn-v2-700-scratch-0044|syn-v2-700-surface_spot-0071|syn-v2-700-lead_breakage-0085|syn-v2-700-discoloration-0027|syn-v2-700-body_chip-0019,syn-v4-conv-0349,1280,720,3d640af0c818fd6c1d8627be12796136e8bbb6bfb960c7281c631baef73a1a99,3a5da750b8e4e74c2675988e7bfb914eb18e98045c05079b65c6de727ac71993,6bb15a6d35dda57cc79369f5b5a16aac74e462db2ecc1867b6b8ba3197be9281,146e8a16663b0bc56abd88a6dd8ce0ae77f06ce1ce76e98e0b1c613b88db527d,326634dbd59ac2b3c8e4c849abaaca4f6b347937002c10bee3475fa391ab66f8,31.785046,3.912139,42.000000,150.061157,118.276112,4.721124,0.000000,0.000000,SHADOWLESS_SAME_SENSOR_JPEG,fa5adb968da368a28b85a711cd7b3d0aab6829453361eb686e915af6797cf717,4.0.0,multi-instance-paired-clean-1024-v1,AUTO_PASS_MULTI_INSTANCE_PAIRED_CLEAN_1024,NO,"{""brightness"":0.93347537,""contrast"":1.02820861,""crop_x"":0,""crop_y"":22,""noise_seed"":446373932,""noise_sigma"":0.49141856,""orientation_degrees"":180,""resized_height"":1280,""resized_width"":1280}","{""blur_radius_px"":0.11298406546872992,""jpeg_quality"":92,""noise_seed"":3176377968,""noise_sigma"":0.8494695466732676}","{""blur_radius_px"":7.769514332981204,""instances"":[{""instance_index"":1,""offset_x_px"":-3,""offset_y_px"":6,""opacity"":0.24247577},{""instance_index"":2,""offset_x_px"":1,""offset_y_px"":10,""opacity"":0.26949741},{""instance_index"":3,""offset_x_px"":0,""offset_y_px"":5,""opacity"":0.21301856},{""instance_index"":4,""offset_x_px"":-3,""offset_y_px"":10,""opacity"":0.25115177},{""instance_index"":5,""offset_x_px"":-2,""offset_y_px"":8,""opacity"":0.23074558}]}"
syn-v4-conv-0350,351,synthetic/v4_conveyor/images/train/syn-v4-conv-0350.jpg,synthetic/v4_conveyor/masks/component_visible_instances/train/syn-v4-conv-0350.png,synthetic/v4_conveyor/masks/defect_semantic/train/syn-v4-conv-0350.png,synthetic/v4_conveyor/labels/yolo_component_status/train/syn-v4-conv-0350.txt,synthetic/v4_conveyor/labels/yolo_defects/train/syn-v4-conv-0350.txt,synthetic_black_conveyor_multi_instance,train,multi_instance_detection_segmentation,TRAIN_ONLY_MULTI_SCENE_SYNTHETIC,NO,NO,cool_component_spot,IMGGEN-CONVEYOR-BLACK-V1,521193262,0,5,5,normal_proxy|surface_spot|scratch|contamination|discoloration,syn-v2-700-scratch-0096|syn-v2-700-surface_spot-0076|syn-v2-700-scratch-0001|syn-v2-700-contamination-0081|syn-v2-700-discoloration-0015,syn-v4-conv-0350,1280,720,343a95229dc1b4ad19a9bccb4eb84d7eab208f6d06119001673e8ea8754eb644,fcd1808f459dc3f4b284bd21ba45d19ec0143d54f5fe3e007adb7556430ac744,f75ce13ebc3833fe48c1ec129f5f27b0a0fe972747993001da4a6ca33efb7914,7e3ac52904b059582b7718aa5e52ccf21e1fbb1489e11bc4e9b63acaa211ff0c,f786cd3c3f710afc745e5dee69cfb0fa8709599f330a8e55b347cf905cfc2e35,26.313133,3.365453,35.000000,135.583633,109.270500,5.152698,0.000000,0.000000,SHADOWLESS_SAME_SENSOR_JPEG,fa5adb968da368a28b85a711cd7b3d0aab6829453361eb686e915af6797cf717,4.0.0,multi-instance-paired-clean-1024-v1,AUTO_PASS_MULTI_INSTANCE_PAIRED_CLEAN_1024,NO,"{""brightness"":0.7692909,""contrast"":1.05275608,""crop_x"":0,""crop_y"":407,""noise_seed"":133724070,""noise_sigma"":0.11127429,""orientation_degrees"":0,""resized_height"":1280,""resized_width"":1280}","{""blur_radius_px"":0.00885346526558392,""jpeg_quality"":94,""noise_seed"":2778193851,""noise_sigma"":0.8564222693563857}","{""blur_radius_px"":5.71780695527225,""instances"":[{""instance_index"":1,""offset_x_px"":5,""offset_y_px"":7,""opacity"":0.25832054},{""instance_index"":2,""offset_x_px"":-2,""offset_y_px"":6,""opacity"":0.1808212},{""instance_index"":3,""offset_x_px"":4,""offset_y_px"":9,""opacity"":0.28985157},{""instance_index"":4,""offset_x_px"":5,""offset_y_px"":5,""opacity"":0.30285577},{""instance_index"":5,""offset_x_px"":2,""offset_y_px"":7,""opacity"":0.20575404}]}"
syn-v4-conv-0351,352,synthetic/v4_conveyor/images/train/syn-v4-conv-0351.jpg,synthetic/v4_conveyor/masks/component_visible_instances/train/syn-v4-conv-0351.png,synthetic/v4_conveyor/masks/defect_semantic/train/syn-v4-conv-0351.png,synthetic/v4_conveyor/labels/yolo_component_status/train/syn-v4-conv-0351.txt,synthetic/v4_conveyor/labels/yolo_defects/train/syn-v4-conv-0351.txt,synthetic_black_conveyor_multi_instance,train,multi_instance_detection_segmentation,TRAIN_ONLY_MULTI_SCENE_SYNTHETIC,NO,NO,side_component_spot,IMGGEN-CONVEYOR-BLACK-V1,1197126786,0,5,5,scratch|normal_proxy|body_crack|contamination|lead_breakage,syn-v2-700-scratch-0028|syn-v2-700-surface_spot-0046|syn-v2-700-body_crack-0008|syn-v2-700-contamination-0052|syn-v2-700-lead_breakage-0056,syn-v4-conv-0351,1280,720,4233c89cc2465e5c061d908062313774a22e471e95795a5742b2071934832c1f,7884dfeceb0ceae7bf220a9fdc317a9ce50b17c361f031994a9154dda3327b79,cf5eb284e63d991c129f8287add09fdc65f923840199851fdbef980abeaaf91f,6e051ba285e3da0e6a0e7af69c56f3ff884b878dd2ae4b20649467d6866e056b,a76148c57815ff6cabf5006c2c408ec8e2fcc8fa0ab7676ea9dbd9421db52f8b,30.841410,3.950482,41.000000,143.090912,112.249502,4.639571,0.000000,0.000000,SHADOWLESS_SAME_SENSOR_JPEG,fa5adb968da368a28b85a711cd7b3d0aab6829453361eb686e915af6797cf717,4.0.0,multi-instance-paired-clean-1024-v1,AUTO_PASS_MULTI_INSTANCE_PAIRED_CLEAN_1024,NO,"{""brightness"":0.87252426,""contrast"":1.06534231,""crop_x"":0,""crop_y"":236,""noise_seed"":3026059487,""noise_sigma"":0.78456578,""orientation_degrees"":0,""resized_height"":1280,""resized_width"":1280}","{""blur_radius_px"":0.09417669940748037,""jpeg_quality"":95,""noise_seed"":1314927663,""noise_sigma"":0.7639369600088886}","{""blur_radius_px"":6.438208857543808,""instances"":[{""instance_index"":1,""offset_x_px"":-3,""offset_y_px"":9,""opacity"":0.18322439},{""instance_index"":2,""offset_x_px"":-3,""offset_y_px"":7,""opacity"":0.2852428},{""instance_index"":3,""offset_x_px"":3,""offset_y_px"":8,""opacity"":0.29744287},{""instance_index"":4,""offset_x_px"":3,""offset_y_px"":7,""opacity"":0.26552062},{""instance_index"":5,""offset_x_px"":1,""offset_y_px"":7,""opacity"":0.31726558}]}"
syn-v4-conv-0352,353,synthetic/v4_conveyor/images/train/syn-v4-conv-0352.jpg,synthetic/v4_conveyor/masks/component_visible_instances/train/syn-v4-conv-0352.png,synthetic/v4_conveyor/masks/defect_semantic/train/syn-v4-conv-0352.png,synthetic/v4_conveyor/labels/yolo_component_status/train/syn-v4-conv-0352.txt,synthetic/v4_conveyor/labels/yolo_defects/train/syn-v4-conv-0352.txt,synthetic_black_conveyor_multi_instance,train,multi_instance_detection_segmentation,TRAIN_ONLY_MULTI_SCENE_SYNTHETIC,NO,NO,neutral_component_spot,IMGGEN-CONVEYOR-BLACK-V1,477862998,0,5,5,scratch|body_crack|discoloration|surface_spot|body_chip,syn-v2-700-scratch-0001|syn-v2-700-body_crack-0037|syn-v2-700-discoloration-0045|syn-v2-700-surface_spot-0053|syn-v2-700-body_chip-0046,syn-v4-conv-0352,1280,720,05624c33a0399cdcf67054474168b191eb616fba831d76de29a2363c0aa6cae6,db5a715f62e9d8515053ef5656ff0fa00225bebc0985cde1d1505d3d056b4423,47a2d218516be50f381be9400c42c0754b03da8cefe1875284bc5bae65b9c77d,e54dbe451d6f6e6e22bcb9a71c7b8cc666a77db62813faebeba1f1ebdb4d3583,2cc9a3cd51abf67938e5f53c0787c9c574c42705580cefda1489cea3950b8e8b,25.399065,3.496041,34.144402,142.588715,117.189650,5.613936,0.000000,0.000000,SHADOWLESS_SAME_SENSOR_JPEG,fa5adb968da368a28b85a711cd7b3d0aab6829453361eb686e915af6797cf717,4.0.0,multi-instance-paired-clean-1024-v1,AUTO_PASS_MULTI_INSTANCE_PAIRED_CLEAN_1024,NO,"{""brightness"":0.72680672,""contrast"":1.01694521,""crop_x"":0,""crop_y"":160,""noise_seed"":1343794140,""noise_sigma"":0.82064474,""orientation_degrees"":0,""resized_height"":1280,""resized_width"":1280}","{""blur_radius_px"":0.19931485439438343,""jpeg_quality"":95,""noise_seed"":467033862,""noise_sigma"":1.1633096047608225}","{""blur_radius_px"":7.167030374963456,""instances"":[{""instance_index"":1,""offset_x_px"":-3,""offset_y_px"":7,""opacity"":0.28258069},{""instance_index"":2,""offset_x_px"":2,""offset_y_px"":9,""opacity"":0.28787026},{""instance_index"":3,""offset_x_px"":4,""offset_y_px"":7,""opacity"":0.30413311},{""instance_index"":4,""offset_x_px"":5,""offset_y_px"":6,""opacity"":0.29360613},{""instance_index"":5,""offset_x_px"":-2,""offset_y_px"":5,""opacity"":0.23889561}]}"
syn-v4-conv-0353,354,synthetic/v4_conveyor/images/train/syn-v4-conv-0353.jpg,synthetic/v4_conveyor/masks/component_visible_instances/train/syn-v4-conv-0353.png,synthetic/v4_conveyor/masks/defect_semantic/train/syn-v4-conv-0353.png,synthetic/v4_conveyor/labels/yolo_component_status/train/syn-v4-conv-0353.txt,synthetic/v4_conveyor/labels/yolo_defects/train/syn-v4-conv-0353.txt,synthetic_black_conveyor_multi_instance,train,multi_instance_detection_segmentation,TRAIN_ONLY_MULTI_SCENE_SYNTHETIC,NO,NO,warm_component_spot,IMGGEN-CONVEYOR-BLACK-V1,2296666399,0,5,5,discoloration|surface_spot|normal_proxy|lead_breakage|scratch,syn-v2-700-discoloration-0054|syn-v2-700-surface_spot-0025|syn-v2-700-body_crack-0047|syn-v2-700-lead_breakage-0020|syn-v2-700-scratch-0044,syn-v4-conv-0353,1280,720,bd63c6690c3052cfe4994c807a981c2e84ec2538cb04ab11c74ea1cf73ce2af3,818ca67f6f94c5446fa5c6b1bed0ddb2e672d8cfdda5df47aace922d1d6f5d26,4e60c8b6a7b4732b1fca8ba1563d381b8cfdf53ebb77e182c2fea613582daf63,5a58f865dbcb5ed392ae414fcc32a70c2c44c096105038a97390e343f7619457,0d755d6f7dc69ad60e82a12116abc16991d396d5464f03ec1496bbd8c695df02,27.124104,3.354982,36.000000,140.009705,112.885601,5.161819,0.000000,0.000000,SHADOWLESS_SAME_SENSOR_JPEG,fa5adb968da368a28b85a711cd7b3d0aab6829453361eb686e915af6797cf717,4.0.0,multi-instance-paired-clean-1024-v1,AUTO_PASS_MULTI_INSTANCE_PAIRED_CLEAN_1024,NO,"{""brightness"":0.80162139,""contrast"":1.02739322,""crop_x"":0,""crop_y"":509,""noise_seed"":195338312,""noise_sigma"":0.15523595,""orientation_degrees"":0,""resized_height"":1280,""resized_width"":1280}","{""blur_radius_px"":0.24131590671509448,""jpeg_quality"":95,""noise_seed"":162556766,""noise_sigma"":0.33322807149113237}","{""blur_radius_px"":8.214335093090568,""instances"":[{""instance_index"":1,""offset_x_px"":-2,""offset_y_px"":7,""opacity"":0.27190704},{""instance_index"":2,""offset_x_px"":1,""offset_y_px"":8,""opacity"":0.21298452},{""instance_index"":3,""offset_x_px"":4,""offset_y_px"":6,""opacity"":0.24646237},{""instance_index"":4,""offset_x_px"":-1,""offset_y_px"":8,""opacity"":0.25967054},{""instance_index"":5,""offset_x_px"":0,""offset_y_px"":9,""opacity"":0.21131172}]}"
syn-v4-conv-0354,355,synthetic/v4_conveyor/images/train/syn-v4-conv-0354.jpg,synthetic/v4_conveyor/masks/component_visible_instances/train/syn-v4-conv-0354.png,synthetic/v4_conveyor/masks/defect_semantic/train/syn-v4-conv-0354.png,synthetic/v4_conveyor/labels/yolo_component_status/train/syn-v4-conv-0354.txt,synthetic/v4_conveyor/labels/yolo_defects/train/syn-v4-conv-0354.txt,synthetic_black_conveyor_multi_instance,train,multi_instance_detection_segmentation,TRAIN_ONLY_MULTI_SCENE_SYNTHETIC,NO,NO,cool_component_spot,IMGGEN-CONVEYOR-BLACK-V1,2538965391,0,5,5,body_crack|scratch|discoloration|body_chip|surface_spot,syn-v2-700-body_crack-0081|syn-v2-700-scratch-0005|syn-v2-700-discoloration-0098|syn-v2-700-body_chip-0055|syn-v2-700-surface_spot-0004,syn-v4-conv-0354,1280,720,2a5a3afb89be7e9f301ae43c8140bf3640d35cc2c76d537f47a76984750deacf,3620545cd2f89dd7151469ac8ea907909bcba2e016fb78f38cc9306afb63c982,872292a984a3c32fe9f680236224445e78c695b35385fb829e9e4ea9c145230d,c897781341a7b10521eafe71252a16bfb5a26a0d7ddf10f40f4fec25bcebaeeb,4dea3f3578bed2b097e959368a83dbe2ac6059de6e71c12e74086847e2be0729,32.058769,3.974501,42.221802,135.600006,103.541237,4.229732,0.000000,0.000000,SHADOWLESS_SAME_SENSOR_JPEG,fa5adb968da368a28b85a711cd7b3d0aab6829453361eb686e915af6797cf717,4.0.0,multi-instance-paired-clean-1024-v1,AUTO_PASS_MULTI_INSTANCE_PAIRED_CLEAN_1024,NO,"{""brightness"":0.93672602,""contrast"":1.04484633,""crop_x"":0,""crop_y"":485,""noise_seed"":1969503024,""noise_sigma"":0.38825812,""orientation_degrees"":0,""resized_height"":1280,""resized_width"":1280}","{""blur_radius_px"":0.3006669672338242,""jpeg_quality"":94,""noise_seed"":2713614502,""noise_sigma"":1.044709217404716}","{""blur_radius_px"":6.6464930206216195,""instances"":[{""instance_index"":1,""offset_x_px"":2,""offset_y_px"":10,""opacity"":0.22110315},{""instance_index"":2,""offset_x_px"":5,""offset_y_px"":5,""opacity"":0.21320615},{""instance_index"":3,""offset_x_px"":5,""offset_y_px"":10,""opacity"":0.22714107},{""instance_index"":4,""offset_x_px"":3,""offset_y_px"":9,""opacity"":0.2463036},{""instance_index"":5,""offset_x_px"":5,""offset_y_px"":5,""opacity"":0.27661826}]}"
syn-v4-conv-0355,356,synthetic/v4_conveyor/images/train/syn-v4-conv-0355.jpg,synthetic/v4_conveyor/masks/component_visible_instances/train/syn-v4-conv-0355.png,synthetic/v4_conveyor/masks/defect_semantic/train/syn-v4-conv-0355.png,synthetic/v4_conveyor/labels/yolo_component_status/train/syn-v4-conv-0355.txt,synthetic/v4_conveyor/labels/yolo_defects/train/syn-v4-conv-0355.txt,synthetic_black_conveyor_multi_instance,train,multi_instance_detection_segmentation,TRAIN_ONLY_MULTI_SCENE_SYNTHETIC,NO,NO,side_component_spot,IMGGEN-CONVEYOR-BLACK-V1,3010542961,0,5,5,normal_proxy|scratch|body_crack|discoloration|surface_spot,syn-v2-700-lead_breakage-0029|syn-v2-700-scratch-0023|syn-v2-700-body_crack-0047|syn-v2-700-discoloration-0048|syn-v2-700-surface_spot-0097,syn-v4-conv-0355,1280,720,1df5a354dc6d36a25102cb8536836f554e6558a0b0ed709195bc345afab06d0d,3f2a8b5215eb6fd0acbb17594b10aca51e1b09e9310f67d50bcf2809cc829de3,4af62e2bbafcfa6cb4416edb043a70050164b3e589bc13ba2db9c2f6d344feb0,fcc4275adb0596462f5f20a7f9dfcc6313153c309b6573757918a6f8953f26e8,e5b46e22aa42734cc3e0a442385ef1eda79b5c349b43e3801efd7540219be104,31.152792,3.467356,41.000000,142.174683,111.021891,4.563786,0.000000,0.000000,SHADOWLESS_SAME_SENSOR_JPEG,fa5adb968da368a28b85a711cd7b3d0aab6829453361eb686e915af6797cf717,4.0.0,multi-instance-paired-clean-1024-v1,AUTO_PASS_MULTI_INSTANCE_PAIRED_CLEAN_1024,NO,"{""brightness"":0.87221766,""contrast"":0.93309244,""crop_x"":0,""crop_y"":195,""noise_seed"":1174697045,""noise_sigma"":0.99827286,""orientation_degrees"":90,""resized_height"":1280,""resized_width"":1280}","{""blur_radius_px"":0.08736820173833294,""jpeg_quality"":96,""noise_seed"":2901114016,""noise_sigma"":0.4857668917031775}","{""blur_radius_px"":7.787012870675681,""instances"":[{""instance_index"":1,""offset_x_px"":5,""offset_y_px"":9,""opacity"":0.18320712},{""instance_index"":2,""offset_x_px"":0,""offset_y_px"":8,""opacity"":0.22020212},{""instance_index"":3,""offset_x_px"":2,""offset_y_px"":9,""opacity"":0.28216599},{""instance_index"":4,""offset_x_px"":0,""offset_y_px"":7,""opacity"":0.25075957},{""instance_index"":5,""offset_x_px"":5,""offset_y_px"":10,""opacity"":0.20558374}]}"
syn-v4-conv-0356,357,synthetic/v4_conveyor/images/train/syn-v4-conv-0356.jpg,synthetic/v4_conveyor/masks/component_visible_instances/train/syn-v4-conv-0356.png,synthetic/v4_conveyor/masks/defect_semantic/train/syn-v4-conv-0356.png,synthetic/v4_conveyor/labels/yolo_component_status/train/syn-v4-conv-0356.txt,synthetic/v4_conveyor/labels/yolo_defects/train/syn-v4-conv-0356.txt,synthetic_black_conveyor_multi_instance,train,multi_instance_detection_segmentation,TRAIN_ONLY_MULTI_SCENE_SYNTHETIC,NO,NO,neutral_component_spot,IMGGEN-CONVEYOR-BLACK-V1,218933817,0,5,5,scratch|surface_spot|body_chip|lead_breakage|body_crack,syn-v2-700-scratch-0097|syn-v2-700-surface_spot-0077|syn-v2-700-body_chip-0086|syn-v2-700-lead_breakage-0018|syn-v2-700-body_crack-0054,syn-v4-conv-0356,1280,720,dad5da5392803106d7374ed2b985d5f3e1aa230b34f6e8a31b8869de16e27f49,9d84fe80e8762d4acff8a5cc74e275e16ab6fbb395b6db420331d687f68f6055,764791f349490d80653dcc4a15ead96c6f152a94fe3d1f1743dc2049e72ae4ef,0d61484f14e4f59420c4e40b201999609349ffaeaffbc1d2998c62acb429e89c,d96bb92a6581b70ee93811c5dd7d290615d4a0b1cd6fab9467cf0dcf96d8e558,26.481503,2.571862,34.000000,141.152466,114.670963,5.330229,0.000000,0.000000,SHADOWLESS_SAME_SENSOR_JPEG,fa5adb968da368a28b85a711cd7b3d0aab6829453361eb686e915af6797cf717,4.0.0,multi-instance-paired-clean-1024-v1,AUTO_PASS_MULTI_INSTANCE_PAIRED_CLEAN_1024,NO,"{""brightness"":0.77410142,""contrast"":0.93254118,""crop_x"":0,""crop_y"":99,""noise_seed"":2230202222,""noise_sigma"":0.88510331,""orientation_degrees"":180,""resized_height"":1280,""resized_width"":1280}","{""blur_radius_px"":0.1726961868577288,""jpeg_quality"":94,""noise_seed"":4097146403,""noise_sigma"":0.43584261104788397}","{""blur_radius_px"":7.998214619234309,""instances"":[{""instance_index"":1,""offset_x_px"":-1,""offset_y_px"":7,""opacity"":0.20435048},{""instance_index"":2,""offset_x_px"":4,""offset_y_px"":8,""opacity"":0.25967611},{""instance_index"":3,""offset_x_px"":-1,""offset_y_px"":7,""opacity"":0.28053782},{""instance_index"":4,""offset_x_px"":0,""offset_y_px"":10,""opacity"":0.24339388},{""instance_index"":5,""offset_x_px"":3,""offset_y_px"":6,""opacity"":0.28909731}]}"
syn-v4-conv-0357,358,synthetic/v4_conveyor/images/train/syn-v4-conv-0357.jpg,synthetic/v4_conveyor/masks/component_visible_instances/train/syn-v4-conv-0357.png,synthetic/v4_conveyor/masks/defect_semantic/train/syn-v4-conv-0357.png,synthetic/v4_conveyor/labels/yolo_component_status/train/syn-v4-conv-0357.txt,synthetic/v4_conveyor/labels/yolo_defects/train/syn-v4-conv-0357.txt,synthetic_black_conveyor_multi_instance,train,multi_instance_detection_segmentation,TRAIN_ONLY_MULTI_SCENE_SYNTHETIC,NO,NO,warm_component_spot,IMGGEN-CONVEYOR-BLACK-V1,1862199184,0,5,5,lead_breakage|body_crack|contamination|scratch|discoloration,syn-v2-700-lead_breakage-0089|syn-v2-700-body_crack-0052|syn-v2-700-contamination-0090|syn-v2-700-scratch-0018|syn-v2-700-discoloration-0024,syn-v4-conv-0357,1280,720,4a7e65c472649d47563189bf3e7a532f350a5b97c2b44300ef19151ec253fab2,bd5e66f6ce7dc09b4e40c51c17cd8ae79bab4d07e1adea76359ad2c01220796f,490247df29cfe9e6256ab11e1059a2fb0aebda573e55424dd50ea7aaa30bdf23,5bee8c1979576c602f50e0cb807df0a86ec01b87c2935222b3675629c001ac37,f73d6179cfd7e1ea1e1bb56795bf756f5d7b27887f565937da8f2170266f027d,30.894318,4.065888,41.502602,138.464935,107.570618,4.481890,0.000000,0.000000,SHADOWLESS_SAME_SENSOR_JPEG,fa5adb968da368a28b85a711cd7b3d0aab6829453361eb686e915af6797cf717,4.0.0,multi-instance-paired-clean-1024-v1,AUTO_PASS_MULTI_INSTANCE_PAIRED_CLEAN_1024,NO,"{""brightness"":0.87372997,""contrast"":1.0352572,""crop_x"":0,""crop_y"":141,""noise_seed"":382892,""noise_sigma"":0.15083855,""orientation_degrees"":90,""resized_height"":1280,""resized_width"":1280}","{""blur_radius_px"":0.29445379022815005,""jpeg_quality"":93,""noise_seed"":917949938,""noise_sigma"":0.44314389952894123}","{""blur_radius_px"":7.749061972090373,""instances"":[{""instance_index"":1,""offset_x_px"":3,""offset_y_px"":6,""opacity"":0.24489825},{""instance_index"":2,""offset_x_px"":0,""offset_y_px"":6,""opacity"":0.28025748},{""instance_index"":3,""offset_x_px"":4,""offset_y_px"":8,""opacity"":0.29874949},{""instance_index"":4,""offset_x_px"":0,""offset_y_px"":6,""opacity"":0.29223416},{""instance_index"":5,""offset_x_px"":4,""offset_y_px"":10,""opacity"":0.2707669}]}"
syn-v4-conv-0358,359,synthetic/v4_conveyor/images/train/syn-v4-conv-0358.jpg,synthetic/v4_conveyor/masks/component_visible_instances/train/syn-v4-conv-0358.png,synthetic/v4_conveyor/masks/defect_semantic/train/syn-v4-conv-0358.png,synthetic/v4_conveyor/labels/yolo_component_status/train/syn-v4-conv-0358.txt,synthetic/v4_conveyor/labels/yolo_defects/train/syn-v4-conv-0358.txt,synthetic_black_conveyor_multi_instance,train,multi_instance_detection_segmentation,TRAIN_ONLY_MULTI_SCENE_SYNTHETIC,NO,NO,cool_component_spot,IMGGEN-CONVEYOR-BLACK-V1,470681957,0,5,5,scratch|contamination|body_chip|lead_breakage|discoloration,syn-v2-700-scratch-0079|syn-v2-700-contamination-0052|syn-v2-700-body_chip-0050|syn-v2-700-lead_breakage-0082|syn-v2-700-discoloration-0089,syn-v4-conv-0358,1280,720,592fa473fef3b05eda7237761dcfb9b4d6a4702c51b7158ce08d793c48390c14,b46b606dd78259b50e56da61c9d3a9f2f7444bf68a942ae9c4b33eccd2022288,bdfbf11d138681719a8856cb45043baced0f8898248fcf4883371a28d953052e,d0c1bdca91f4bc24d1ec1a2dcbd071f93ead86aa747c2b1379bf708f0f63d92c,9eb7961dd45adb5e12d4422afb4e0e989db8e374ddb3a13095f59ded2fb07a61,29.395130,3.058059,38.144402,135.222183,105.827053,4.600156,0.000000,0.000000,SHADOWLESS_SAME_SENSOR_JPEG,fa5adb968da368a28b85a711cd7b3d0aab6829453361eb686e915af6797cf717,4.0.0,multi-instance-paired-clean-1024-v1,AUTO_PASS_MULTI_INSTANCE_PAIRED_CLEAN_1024,NO,"{""brightness"":0.81305111,""contrast"":0.95548293,""crop_x"":0,""crop_y"":552,""noise_seed"":3748763212,""noise_sigma"":0.35446065,""orientation_degrees"":180,""resized_height"":1280,""resized_width"":1280}","{""blur_radius_px"":0.1374905715931106,""jpeg_quality"":93,""noise_seed"":2805014765,""noise_sigma"":1.0134504806397338}","{""blur_radius_px"":6.33671470768713,""instances"":[{""instance_index"":1,""offset_x_px"":-1,""offset_y_px"":5,""opacity"":0.2636925},{""instance_index"":2,""offset_x_px"":3,""offset_y_px"":10,""opacity"":0.24275394},{""instance_index"":3,""offset_x_px"":0,""offset_y_px"":7,""opacity"":0.24433924},{""instance_index"":4,""offset_x_px"":2,""offset_y_px"":7,""opacity"":0.30267942},{""instance_index"":5,""offset_x_px"":5,""offset_y_px"":6,""opacity"":0.19975178}]}"
syn-v4-conv-0359,360,synthetic/v4_conveyor/images/train/syn-v4-conv-0359.jpg,synthetic/v4_conveyor/masks/component_visible_instances/train/syn-v4-conv-0359.png,synthetic/v4_conveyor/masks/defect_semantic/train/syn-v4-conv-0359.png,synthetic/v4_conveyor/labels/yolo_component_status/train/syn-v4-conv-0359.txt,synthetic/v4_conveyor/labels/yolo_defects/train/syn-v4-conv-0359.txt,synthetic_black_conveyor_multi_instance,train,multi_instance_detection_segmentation,TRAIN_ONLY_MULTI_SCENE_SYNTHETIC,NO,NO,side_component_spot,IMGGEN-CONVEYOR-BLACK-V1,2358889000,0,5,5,scratch|contamination|lead_breakage|body_crack|body_chip,syn-v2-700-scratch-0096|syn-v2-700-contamination-0028|syn-v2-700-lead_breakage-0046|syn-v2-700-body_crack-0054|syn-v2-700-body_chip-0039,syn-v4-conv-0359,1280,720,6b914cbf2a6236ee539160a5d48872855863277e882ed0346246578dcc46760c,ded3ea5377c012f3b1c7b319bf92b554bc94986537b81b01d3fa62c41db47239,deab18b704e2e7ab0fbda61da23a628f7db521b19693884928e4e932c6e092f3,92b7cd846b954b5a7807d6350c5ec175a7f158f1eeb50b056623b6c7430bed6c,bc5cbd44da3585056ff0d380ceaa5a7546fc24c6d4d611acbd17d8fedb56885f,31.860697,3.933195,42.144398,139.378601,107.517904,4.374625,0.000000,0.000000,SHADOWLESS_SAME_SENSOR_JPEG,fa5adb968da368a28b85a711cd7b3d0aab6829453361eb686e915af6797cf717,4.0.0,multi-instance-paired-clean-1024-v1,AUTO_PASS_MULTI_INSTANCE_PAIRED_CLEAN_1024,NO,"{""brightness"":0.91297312,""contrast"":1.07216319,""crop_x"":0,""crop_y"":174,""noise_seed"":3904502059,""noise_sigma"":0.16093982,""orientation_degrees"":180,""resized_height"":1280,""resized_width"":1280}","{""blur_radius_px"":0.0038517203858627444,""jpeg_quality"":94,""noise_seed"":3783098492,""noise_sigma"":1.013726524560017}","{""blur_radius_px"":8.979483947896396,""instances"":[{""instance_index"":1,""offset_x_px"":-3,""offset_y_px"":6,""opacity"":0.22084205},{""instance_index"":2,""offset_x_px"":2,""offset_y_px"":5,""opacity"":0.28508362},{""instance_index"":3,""offset_x_px"":1,""offset_y_px"":6,""opacity"":0.20999568},{""instance_index"":4,""offset_x_px"":-2,""offset_y_px"":10,""opacity"":0.18563598},{""instance_index"":5,""offset_x_px"":4,""offset_y_px"":6,""opacity"":0.19448575}]}"
syn-v4-conv-0360,361,synthetic/v4_conveyor/images/train/syn-v4-conv-0360.jpg,synthetic/v4_conveyor/masks/component_visible_instances/train/syn-v4-conv-0360.png,synthetic/v4_conveyor/masks/defect_semantic/train/syn-v4-conv-0360.png,synthetic/v4_conveyor/labels/yolo_component_status/train/syn-v4-conv-0360.txt,synthetic/v4_conveyor/labels/yolo_defects/train/syn-v4-conv-0360.txt,synthetic_black_conveyor_multi_instance,train,multi_instance_detection_segmentation,TRAIN_ONLY_MULTI_SCENE_SYNTHETIC,NO,NO,neutral_component_spot,IMGGEN-CONVEYOR-BLACK-V1,1513595661,0,5,5,scratch|lead_breakage|body_chip|discoloration|body_crack,syn-v2-700-scratch-0090|syn-v2-700-lead_breakage-0082|syn-v2-700-body_chip-0035|syn-v2-700-discoloration-0080|syn-v2-700-body_crack-0099,syn-v4-conv-0360,1280,720,7ea7c1df855d876087be1a71122236c1e4217bb3d6686607eac3028fa05f05c8,6d3e35de2b5f05affa49c47280dcb92b5b29d79c429d62ba3cca16ff3749c643,2a7f793c8bc0963c4c341cacb560c5863eb863b5577051442434f46d020e85a1,706cb456b199e8c54ff58264f2094240e6c07febc1fdcc322456a459796d5533,a19338a43b62feb2fcbdbfb522c4c55d47d4c252af81f77f0aff555c7fe25b11,25.140038,3.306213,34.000000,140.554398,115.414360,5.590859,0.000000,0.000000,SHADOWLESS_SAME_SENSOR_JPEG,fa5adb968da368a28b85a711cd7b3d0aab6829453361eb686e915af6797cf717,4.0.0,multi-instance-paired-clean-1024-v1,AUTO_PASS_MULTI_INSTANCE_PAIRED_CLEAN_1024,NO,"{""brightness"":0.72399633,""contrast"":1.01226174,""crop_x"":0,""crop_y"":352,""noise_seed"":2125269032,""noise_sigma"":0.49966821,""orientation_degrees"":180,""resized_height"":1280,""resized_width"":1280}","{""blur_radius_px"":0.071842946644982,""jpeg_quality"":95,""noise_seed"":363724056,""noise_sigma"":0.7286110191940349}","{""blur_radius_px"":8.196481433755654,""instances"":[{""instance_index"":1,""offset_x_px"":0,""offset_y_px"":10,""opacity"":0.29403825},{""instance_index"":2,""offset_x_px"":4,""offset_y_px"":9,""opacity"":0.24206008},{""instance_index"":3,""offset_x_px"":-3,""offset_y_px"":6,""opacity"":0.30048355},{""instance_index"":4,""offset_x_px"":3,""offset_y_px"":7,""opacity"":0.18229129},{""instance_index"":5,""offset_x_px"":0,""offset_y_px"":8,""opacity"":0.26600764}]}"
syn-v4-conv-0361,362,synthetic/v4_conveyor/images/train/syn-v4-conv-0361.jpg,synthetic/v4_conveyor/masks/component_visible_instances/train/syn-v4-conv-0361.png,synthetic/v4_conveyor/masks/defect_semantic/train/syn-v4-conv-0361.png,synthetic/v4_conveyor/labels/yolo_component_status/train/syn-v4-conv-0361.txt,synthetic/v4_conveyor/labels/yolo_defects/train/syn-v4-conv-0361.txt,synthetic_black_conveyor_multi_instance,train,multi_instance_detection_segmentation,TRAIN_ONLY_MULTI_SCENE_SYNTHETIC,NO,NO,warm_component_spot,IMGGEN-CONVEYOR-BLACK-V1,1548477001,0,5,5,body_chip|surface_spot|discoloration|scratch|contamination,syn-v2-700-body_chip-0004|syn-v2-700-surface_spot-0037|syn-v2-700-discoloration-0015|syn-v2-700-scratch-0023|syn-v2-700-contamination-0045,syn-v4-conv-0361,1280,720,c5369b70af427ebc6f987dc3d7af311675dab7db22f2f3954031abe6844629eb,55a75c135b1fe0eba13ba43cd5ce9873aef2170e4932d1e9194e22575d37af3f,de1468c711dc1a6f6dbf5e06b34410cd0bfb4d33e2c4477b76738b9d887be847,823f5d108d2e7f841035934d92fd11dbccd0e33aba7751f9b9a8253cf3413012,bf097ea7ff35feed7a2031bdcd9afb49fd83d27a39c17964bccf6dad1a24ae98,31.871855,3.545802,42.000000,136.936127,105.064272,4.296459,0.000000,0.000000,SHADOWLESS_SAME_SENSOR_JPEG,fa5adb968da368a28b85a711cd7b3d0aab6829453361eb686e915af6797cf717,4.0.0,multi-instance-paired-clean-1024-v1,AUTO_PASS_MULTI_INSTANCE_PAIRED_CLEAN_1024,NO,"{""brightness"":0.89861684,""contrast"":0.97836091,""crop_x"":0,""crop_y"":369,""noise_seed"":1936273143,""noise_sigma"":1.19987833,""orientation_degrees"":90,""resized_height"":1280,""resized_width"":1280}","{""blur_radius_px"":0.3329202019420161,""jpeg_quality"":92,""noise_seed"":3978537039,""noise_sigma"":0.5247558443067595}","{""blur_radius_px"":8.455978464898138,""instances"":[{""instance_index"":1,""offset_x_px"":3,""offset_y_px"":7,""opacity"":0.2515657},{""instance_index"":2,""offset_x_px"":2,""offset_y_px"":6,""opacity"":0.28015428},{""instance_index"":3,""offset_x_px"":4,""offset_y_px"":7,""opacity"":0.26952635},{""instance_index"":4,""offset_x_px"":-1,""offset_y_px"":7,""opacity"":0.26052869},{""instance_index"":5,""offset_x_px"":4,""offset_y_px"":10,""opacity"":0.22685547}]}"
syn-v4-conv-0362,363,synthetic/v4_conveyor/images/train/syn-v4-conv-0362.jpg,synthetic/v4_conveyor/masks/component_visible_instances/train/syn-v4-conv-0362.png,synthetic/v4_conveyor/masks/defect_semantic/train/syn-v4-conv-0362.png,synthetic/v4_conveyor/labels/yolo_component_status/train/syn-v4-conv-0362.txt,synthetic/v4_conveyor/labels/yolo_defects/train/syn-v4-conv-0362.txt,synthetic_black_conveyor_multi_instance,train,multi_instance_detection_segmentation,TRAIN_ONLY_MULTI_SCENE_SYNTHETIC,NO,NO,cool_component_spot,IMGGEN-CONVEYOR-BLACK-V1,2334758999,0,5,5,body_crack|normal_proxy|surface_spot|scratch|contamination,syn-v2-700-body_crack-0066|syn-v2-700-lead_breakage-0093|syn-v2-700-surface_spot-0082|syn-v2-700-scratch-0007|syn-v2-700-contamination-0054,syn-v4-conv-0362,1280,720,c6734fb7a7f6334837fd4e50c2ea3ea336c9f8e2b1cd677dcd8777c1ce89cfd7,60b50e84867c110066aafa3a27300f68fda2cd4c1e193d75ee5fa394753a2076,c46ac15d46d3479df85713b184b2af0b003ebc8e247ea3cc569b74699dfbd8a7,18e8cf29312518b6fc1369a3bd198d31f68a8384ec5465bcbea2235a198bf83d,bb47fbff69c84a14c1cc2af3aedd402d718c6478247179e30c3b142ec8be3c7a,30.342051,3.327798,40.000000,142.119446,111.777395,4.683910,0.000000,0.000000,SHADOWLESS_SAME_SENSOR_JPEG,fa5adb968da368a28b85a711cd7b3d0aab6829453361eb686e915af6797cf717,4.0.0,multi-instance-paired-clean-1024-v1,AUTO_PASS_MULTI_INSTANCE_PAIRED_CLEAN_1024,NO,"{""brightness"":0.85657205,""contrast"":0.98563987,""crop_x"":0,""crop_y"":419,""noise_seed"":376204167,""noise_sigma"":0.18974899,""orientation_degrees"":270,""resized_height"":1280,""resized_width"":1280}","{""blur_radius_px"":0.1871391508513341,""jpeg_quality"":95,""noise_seed"":2914653638,""noise_sigma"":0.986832662606467}","{""blur_radius_px"":5.44214068634659,""instances"":[{""instance_index"":1,""offset_x_px"":4,""offset_y_px"":5,""opacity"":0.25518339},{""instance_index"":2,""offset_x_px"":1,""offset_y_px"":9,""opacity"":0.20419949},{""instance_index"":3,""offset_x_px"":-2,""offset_y_px"":9,""opacity"":0.22702192},{""instance_index"":4,""offset_x_px"":-1,""offset_y_px"":5,""opacity"":0.25420578},{""instance_index"":5,""offset_x_px"":2,""offset_y_px"":7,""opacity"":0.28630125}]}"
syn-v4-conv-0363,364,synthetic/v4_conveyor/images/train/syn-v4-conv-0363.jpg,synthetic/v4_conveyor/masks/component_visible_instances/train/syn-v4-conv-0363.png,synthetic/v4_conveyor/masks/defect_semantic/train/syn-v4-conv-0363.png,synthetic/v4_conveyor/labels/yolo_component_status/train/syn-v4-conv-0363.txt,synthetic/v4_conveyor/labels/yolo_defects/train/syn-v4-conv-0363.txt,synthetic_black_conveyor_multi_instance,train,multi_instance_detection_segmentation,TRAIN_ONLY_MULTI_SCENE_SYNTHETIC,NO,NO,side_component_spot,IMGGEN-CONVEYOR-BLACK-V1,642808025,0,5,5,scratch|contamination|body_chip|discoloration|surface_spot,syn-v2-700-scratch-0067|syn-v2-700-contamination-0078|syn-v2-700-body_chip-0050|syn-v2-700-discoloration-0027|syn-v2-700-surface_spot-0021,syn-v4-conv-0363,1280,720,1d9c516728f0481f4f0fd95505110179b6a4d4f524cb63b09b73f625bfa8c10b,890025c047375605c312eb301e329ef369b4f25f2e7b4bfc721561f9f7f16cea,6e07025d0ba976c7b44ea719ea96c67119c544c99f349e186030b6656be221ba,b6641e3a055c11a8e3e01e95ae0fdd8071e471075dc1052737a8943ab7ac7652,073974be25566e95e26d2db1a4c0d053158d2ae65c24202f63c32b69f3428978,29.799412,3.694133,39.497398,137.821487,108.022076,4.624973,0.000000,0.000000,SHADOWLESS_SAME_SENSOR_JPEG,fa5adb968da368a28b85a711cd7b3d0aab6829453361eb686e915af6797cf717,4.0.0,multi-instance-paired-clean-1024-v1,AUTO_PASS_MULTI_INSTANCE_PAIRED_CLEAN_1024,NO,"{""brightness"":0.84086606,""contrast"":1.02270049,""crop_x"":0,""crop_y"":155,""noise_seed"":1502805701,""noise_sigma"":0.03598981,""orientation_degrees"":0,""resized_height"":1280,""resized_width"":1280}","{""blur_radius_px"":0.14799509016006424,""jpeg_quality"":92,""noise_seed"":3481426767,""noise_sigma"":0.410664873736827}","{""blur_radius_px"":6.130044207224328,""instances"":[{""instance_index"":1,""offset_x_px"":5,""offset_y_px"":7,""opacity"":0.19969651},{""instance_index"":2,""offset_x_px"":-2,""offset_y_px"":7,""opacity"":0.2247053},{""instance_index"":3,""offset_x_px"":-1,""offset_y_px"":10,""opacity"":0.20923191},{""instance_index"":4,""offset_x_px"":0,""offset_y_px"":7,""opacity"":0.20169446},{""instance_index"":5,""offset_x_px"":-1,""offset_y_px"":6,""opacity"":0.25237419}]}"
syn-v4-conv-0364,365,synthetic/v4_conveyor/images/train/syn-v4-conv-0364.jpg,synthetic/v4_conveyor/masks/component_visible_instances/train/syn-v4-conv-0364.png,synthetic/v4_conveyor/masks/defect_semantic/train/syn-v4-conv-0364.png,synthetic/v4_conveyor/labels/yolo_component_status/train/syn-v4-conv-0364.txt,synthetic/v4_conveyor/labels/yolo_defects/train/syn-v4-conv-0364.txt,synthetic_black_conveyor_multi_instance,train,multi_instance_detection_segmentation,TRAIN_ONLY_MULTI_SCENE_SYNTHETIC,NO,NO,neutral_component_spot,IMGGEN-CONVEYOR-BLACK-V1,359823303,0,5,5,lead_breakage|contamination|normal_proxy|body_crack|discoloration,syn-v2-700-lead_breakage-0088|syn-v2-700-contamination-0028|syn-v2-700-surface_spot-0071|syn-v2-700-body_crack-0008|syn-v2-700-discoloration-0048,syn-v4-conv-0364,1280,720,9c21128e8181b8b3f68dfc3a315e4b19e9a75d334a66f37cdf9207300ba08234,750a3988e1be7fd3c222e453a62692077ac0636180bf9b977ff2d64ca56023bb,17c4019ca6db38884ceedce7d61bc6a5f9ecc5296bc0e9a9fb281212e6ca1077,c55242a8055026e9bee9fe07727f47dd7937af5eafa737b636d25b101cea39aa,fd2ad37a3041752c34b8a3cd36e49d65aae64afb9139dcdc00cbcc060ee4fdc1,27.929762,3.593350,37.144398,140.251511,112.321749,5.021579,0.000000,0.000000,SHADOWLESS_SAME_SENSOR_JPEG,fa5adb968da368a28b85a711cd7b3d0aab6829453361eb686e915af6797cf717,4.0.0,multi-instance-paired-clean-1024-v1,AUTO_PASS_MULTI_INSTANCE_PAIRED_CLEAN_1024,NO,"{""brightness"":0.79455331,""contrast"":1.0380483,""crop_x"":0,""crop_y"":323,""noise_seed"":1026446548,""noise_sigma"":0.39877254,""orientation_degrees"":180,""resized_height"":1280,""resized_width"":1280}","{""blur_radius_px"":0.1260158927733701,""jpeg_quality"":95,""noise_seed"":1343106710,""noise_sigma"":1.2967546724141952}","{""blur_radius_px"":6.60793793294347,""instances"":[{""instance_index"":1,""offset_x_px"":2,""offset_y_px"":6,""opacity"":0.24966977},{""instance_index"":2,""offset_x_px"":-2,""offset_y_px"":10,""opacity"":0.26727441},{""instance_index"":3,""offset_x_px"":0,""offset_y_px"":7,""opacity"":0.29619565},{""instance_index"":4,""offset_x_px"":1,""offset_y_px"":10,""opacity"":0.23215487},{""instance_index"":5,""offset_x_px"":-1,""offset_y_px"":10,""opacity"":0.18317425}]}"
syn-v4-conv-0365,366,synthetic/v4_conveyor/images/train/syn-v4-conv-0365.jpg,synthetic/v4_conveyor/masks/component_visible_instances/train/syn-v4-conv-0365.png,synthetic/v4_conveyor/masks/defect_semantic/train/syn-v4-conv-0365.png,synthetic/v4_conveyor/labels/yolo_component_status/train/syn-v4-conv-0365.txt,synthetic/v4_conveyor/labels/yolo_defects/train/syn-v4-conv-0365.txt,synthetic_black_conveyor_multi_instance,train,multi_instance_detection_segmentation,TRAIN_ONLY_MULTI_SCENE_SYNTHETIC,NO,NO,warm_component_spot,IMGGEN-CONVEYOR-BLACK-V1,2208116779,0,5,5,body_chip|contamination|normal_proxy|surface_spot|body_crack,syn-v2-700-body_chip-0033|syn-v2-700-contamination-0052|syn-v2-700-scratch-0097|syn-v2-700-surface_spot-0090|syn-v2-700-body_crack-0033,syn-v4-conv-0365,1280,720,560c9c45e9b3b70ae36245c198f233757685449d8fe013fd298b5fb29ba2585d,36b2550abdc4dd80448f403f55eaaaa7de86c6b4fade5d0df392f6bab6042b66,67ab9204e7be9098765b231890db2e0d7fe90859b4ee843509f9a7200f3a8298,fd8f70b1b52d7a917542695800727e05bd3844c36c0045f13161657840fee9bd,45c5fd3df2d895be3674db882ef41d2530c3c381f7fd90d196b6a162fc8961d4,28.652145,3.811480,38.931801,145.666214,117.014069,5.083955,0.000000,0.000000,SHADOWLESS_SAME_SENSOR_JPEG,fa5adb968da368a28b85a711cd7b3d0aab6829453361eb686e915af6797cf717,4.0.0,multi-instance-paired-clean-1024-v1,AUTO_PASS_MULTI_INSTANCE_PAIRED_CLEAN_1024,NO,"{""brightness"":0.80440608,""contrast"":1.02502974,""crop_x"":0,""crop_y"":44,""noise_seed"":3338477336,""noise_sigma"":0.79671122,""orientation_degrees"":0,""resized_height"":1280,""resized_width"":1280}","{""blur_radius_px"":0.1804070650549933,""jpeg_quality"":95,""noise_seed"":2954213151,""noise_sigma"":0.8244986669843959}","{""blur_radius_px"":7.940735368025975,""instances"":[{""instance_index"":1,""offset_x_px"":-2,""offset_y_px"":6,""opacity"":0.22082627},{""instance_index"":2,""offset_x_px"":3,""offset_y_px"":7,""opacity"":0.21223051},{""instance_index"":3,""offset_x_px"":1,""offset_y_px"":8,""opacity"":0.242915},{""instance_index"":4,""offset_x_px"":-3,""offset_y_px"":5,""opacity"":0.31387354},{""instance_index"":5,""offset_x_px"":-2,""offset_y_px"":6,""opacity"":0.31113638}]}"
syn-v4-conv-0366,367,synthetic/v4_conveyor/images/train/syn-v4-conv-0366.jpg,synthetic/v4_conveyor/masks/component_visible_instances/train/syn-v4-conv-0366.png,synthetic/v4_conveyor/masks/defect_semantic/train/syn-v4-conv-0366.png,synthetic/v4_conveyor/labels/yolo_component_status/train/syn-v4-conv-0366.txt,synthetic/v4_conveyor/labels/yolo_defects/train/syn-v4-conv-0366.txt,synthetic_black_conveyor_multi_instance,train,multi_instance_detection_segmentation,TRAIN_ONLY_MULTI_SCENE_SYNTHETIC,NO,NO,cool_component_spot,IMGGEN-CONVEYOR-BLACK-V1,4196298930,0,5,5,contamination|normal_proxy|surface_spot|body_crack|scratch,syn-v2-700-contamination-0054|syn-v2-700-surface_spot-0097|syn-v2-700-surface_spot-0001|syn-v2-700-body_crack-0036|syn-v2-700-scratch-0067,syn-v4-conv-0366,1280,720,3276315f4963eaf890fbf5c0cda8446c77c59b75f99fea7b9ef34731e1a3bb79,b70c2672f11e7aeca51f7f4eb2132c70ce93f53d6d077bfe19f3cfae299b6e72,de00ec61d053795253a5e6319bfdeb2a86cf3af0a3c8a6309824ee9720296b03,6e87a8dc602698b1abeb7f786dfd30768b3db11596c66038ff0f3bf59a6a3ab0,5d1b1ceb7fd8f34e285139e181829b15475a7c6a5018fa70ff0fe0196d15d4a7,27.444059,2.724736,35.144402,133.873566,106.429506,4.878053,0.000000,0.000000,SHADOWLESS_SAME_SENSOR_JPEG,fa5adb968da368a28b85a711cd7b3d0aab6829453361eb686e915af6797cf717,4.0.0,multi-instance-paired-clean-1024-v1,AUTO_PASS_MULTI_INSTANCE_PAIRED_CLEAN_1024,NO,"{""brightness"":0.7925716,""contrast"":0.96012623,""crop_x"":0,""crop_y"":225,""noise_seed"":995115906,""noise_sigma"":0.22912595,""orientation_degrees"":180,""resized_height"":1280,""resized_width"":1280}","{""blur_radius_px"":0.2493726397501362,""jpeg_quality"":95,""noise_seed"":4250472255,""noise_sigma"":0.4211126549000966}","{""blur_radius_px"":7.355816883855505,""instances"":[{""instance_index"":1,""offset_x_px"":5,""offset_y_px"":10,""opacity"":0.19368643},{""instance_index"":2,""offset_x_px"":1,""offset_y_px"":5,""opacity"":0.31320763},{""instance_index"":3,""offset_x_px"":3,""offset_y_px"":5,""opacity"":0.27198054},{""instance_index"":4,""offset_x_px"":-3,""offset_y_px"":6,""opacity"":0.21224025},{""instance_index"":5,""offset_x_px"":0,""offset_y_px"":8,""opacity"":0.27334366}]}"
syn-v4-conv-0367,368,synthetic/v4_conveyor/images/train/syn-v4-conv-0367.jpg,synthetic/v4_conveyor/masks/component_visible_instances/train/syn-v4-conv-0367.png,synthetic/v4_conveyor/masks/defect_semantic/train/syn-v4-conv-0367.png,synthetic/v4_conveyor/labels/yolo_component_status/train/syn-v4-conv-0367.txt,synthetic/v4_conveyor/labels/yolo_defects/train/syn-v4-conv-0367.txt,synthetic_black_conveyor_multi_instance,train,multi_instance_detection_segmentation,TRAIN_ONLY_MULTI_SCENE_SYNTHETIC,NO,NO,side_component_spot,IMGGEN-CONVEYOR-BLACK-V1,2493570793,0,5,5,contamination|normal_proxy|body_crack|lead_breakage|surface_spot,syn-v2-700-contamination-0050|syn-v2-700-scratch-0034|syn-v2-700-body_crack-0054|syn-v2-700-lead_breakage-0029|syn-v2-700-surface_spot-0070,syn-v4-conv-0367,1280,720,b4f912ce0b2f05ce74ff5cdcf9626c84e2bc0ff9129f805872b18d6cd7fb6515,53aebad3ce59905d84e3b95fe6408d48d66d95b5620873956801aaecb6827c9d,c025065c4b3200d0b74d9be583a783fbef1a60e834beb219d4135a8db490d06d,e3527fcc59363da5fb477120e56b7d56cd53639746ea3aa54b827da41f201003,aa0001eab85efebb46776d195786d6dc0d6b35142541ef19452a6abe62fa561d,32.960880,4.423861,45.000000,146.379272,113.418392,4.441000,0.000000,0.000000,SHADOWLESS_SAME_SENSOR_JPEG,fa5adb968da368a28b85a711cd7b3d0aab6829453361eb686e915af6797cf717,4.0.0,multi-instance-paired-clean-1024-v1,AUTO_PASS_MULTI_INSTANCE_PAIRED_CLEAN_1024,NO,"{""brightness"":0.92468722,""contrast"":1.05128471,""crop_x"":0,""crop_y"":422,""noise_seed"":2399527949,""noise_sigma"":0.28018707,""orientation_degrees"":90,""resized_height"":1280,""resized_width"":1280}","{""blur_radius_px"":0.22383662168063087,""jpeg_quality"":95,""noise_seed"":3173375327,""noise_sigma"":1.2182936877495136}","{""blur_radius_px"":5.21450076175833,""instances"":[{""instance_index"":1,""offset_x_px"":5,""offset_y_px"":6,""opacity"":0.31415573},{""instance_index"":2,""offset_x_px"":-2,""offset_y_px"":10,""opacity"":0.28226566},{""instance_index"":3,""offset_x_px"":-1,""offset_y_px"":10,""opacity"":0.27879963},{""instance_index"":4,""offset_x_px"":1,""offset_y_px"":8,""opacity"":0.23877939},{""instance_index"":5,""offset_x_px"":1,""offset_y_px"":9,""opacity"":0.1858027}]}"
syn-v4-conv-0368,369,synthetic/v4_conveyor/images/train/syn-v4-conv-0368.jpg,synthetic/v4_conveyor/masks/component_visible_instances/train/syn-v4-conv-0368.png,synthetic/v4_conveyor/masks/defect_semantic/train/syn-v4-conv-0368.png,synthetic/v4_conveyor/labels/yolo_component_status/train/syn-v4-conv-0368.txt,synthetic/v4_conveyor/labels/yolo_defects/train/syn-v4-conv-0368.txt,synthetic_black_conveyor_multi_instance,train,multi_instance_detection_segmentation,TRAIN_ONLY_MULTI_SCENE_SYNTHETIC,NO,NO,neutral_component_spot,IMGGEN-CONVEYOR-BLACK-V1,2266801235,0,5,5,discoloration|surface_spot|contamination|body_chip|lead_breakage,syn-v2-700-discoloration-0098|syn-v2-700-surface_spot-0097|syn-v2-700-contamination-0020|syn-v2-700-body_chip-0019|syn-v2-700-lead_breakage-0046,syn-v4-conv-0368,1280,720,26bb7ea24f90cca9b396539dd4074fdb77585bd27673e34b6a15de5dc038af14,ff369b18c2a6e2575ea07f55468105dc4687e682ee9c923b8a9ade9bd5892036,bddfde53a12b039cbb959318008fbd8b3e4e1e15aee144201cb2ce1e27378d4a,03d8c88800b6f3bb16e559dabfb84bc447cf05d670164d3451a758cd4adf3b13,6ed361442b128e2dc1cc4e057c8db60c577112c6e94538334ee448f65268eebc,28.981121,2.774793,37.000000,138.981064,109.999943,4.795572,0.000000,0.000000,SHADOWLESS_SAME_SENSOR_JPEG,fa5adb968da368a28b85a711cd7b3d0aab6829453361eb686e915af6797cf717,4.0.0,multi-instance-paired-clean-1024-v1,AUTO_PASS_MULTI_INSTANCE_PAIRED_CLEAN_1024,NO,"{""brightness"":0.83885693,""contrast"":0.92139623,""crop_x"":0,""crop_y"":386,""noise_seed"":3303978025,""noise_sigma"":0.7538736,""orientation_degrees"":0,""resized_height"":1280,""resized_width"":1280}","{""blur_radius_px"":0.17460048275623613,""jpeg_quality"":93,""noise_seed"":1148306692,""noise_sigma"":0.3764337598286808}","{""blur_radius_px"":8.723536704177565,""instances"":[{""instance_index"":1,""offset_x_px"":1,""offset_y_px"":7,""opacity"":0.29579044},{""instance_index"":2,""offset_x_px"":0,""offset_y_px"":10,""opacity"":0.31637293},{""instance_index"":3,""offset_x_px"":-3,""offset_y_px"":9,""opacity"":0.27794813},{""instance_index"":4,""offset_x_px"":-2,""offset_y_px"":8,""opacity"":0.31569839},{""instance_index"":5,""offset_x_px"":2,""offset_y_px"":8,""opacity"":0.29492318}]}"
syn-v4-conv-0369,370,synthetic/v4_conveyor/images/train/syn-v4-conv-0369.jpg,synthetic/v4_conveyor/masks/component_visible_instances/train/syn-v4-conv-0369.png,synthetic/v4_conveyor/masks/defect_semantic/train/syn-v4-conv-0369.png,synthetic/v4_conveyor/labels/yolo_component_status/train/syn-v4-conv-0369.txt,synthetic/v4_conveyor/labels/yolo_defects/train/syn-v4-conv-0369.txt,synthetic_black_conveyor_multi_instance,train,multi_instance_detection_segmentation,TRAIN_ONLY_MULTI_SCENE_SYNTHETIC,NO,NO,warm_component_spot,IMGGEN-CONVEYOR-BLACK-V1,2742157562,0,5,5,discoloration|body_chip|surface_spot|scratch|contamination,syn-v2-700-discoloration-0024|syn-v2-700-body_chip-0033|syn-v2-700-surface_spot-0024|syn-v2-700-scratch-0060|syn-v2-700-contamination-0054,syn-v4-conv-0369,1280,720,7969fb66467ddd20decf4501a8b876db6519a0cf4b364100cb5d1faa073d0e46,61719ebd5f02fd7eaa359ab5bbe0a8690b993e9d0d2a5ac6de3ad5d392f59921,b265bd82bd7ec4582488efb88bd6d151a979fe212e39e82eec5ef8dfbdd7ea01,4ebc5df99b531f7171349f9e84b95bf5b9e7fcd671efcd5982b32fba8218f67e,ea934eb43dc413a54ab6d2c0722ef09ba204f8ea9040b8678a3996215d673645,33.223145,4.466148,45.144398,142.260315,109.037170,4.281964,0.000000,0.000000,SHADOWLESS_SAME_SENSOR_JPEG,fa5adb968da368a28b85a711cd7b3d0aab6829453361eb686e915af6797cf717,4.0.0,multi-instance-paired-clean-1024-v1,AUTO_PASS_MULTI_INSTANCE_PAIRED_CLEAN_1024,NO,"{""brightness"":0.93936491,""contrast"":1.00421512,""crop_x"":0,""crop_y"":90,""noise_seed"":3993649001,""noise_sigma"":0.40061894,""orientation_degrees"":90,""resized_height"":1280,""resized_width"":1280}","{""blur_radius_px"":0.04566822850419589,""jpeg_quality"":93,""noise_seed"":2831108810,""noise_sigma"":0.5281010472049039}","{""blur_radius_px"":8.826987862967796,""instances"":[{""instance_index"":1,""offset_x_px"":4,""offset_y_px"":5,""opacity"":0.24795383},{""instance_index"":2,""offset_x_px"":3,""offset_y_px"":9,""opacity"":0.22696371},{""instance_index"":3,""offset_x_px"":2,""offset_y_px"":8,""opacity"":0.18608451},{""instance_index"":4,""offset_x_px"":4,""offset_y_px"":9,""opacity"":0.31104023},{""instance_index"":5,""offset_x_px"":5,""offset_y_px"":7,""opacity"":0.20990129}]}"
syn-v4-conv-0370,371,synthetic/v4_conveyor/images/train/syn-v4-conv-0370.jpg,synthetic/v4_conveyor/masks/component_visible_instances/train/syn-v4-conv-0370.png,synthetic/v4_conveyor/masks/defect_semantic/train/syn-v4-conv-0370.png,synthetic/v4_conveyor/labels/yolo_component_status/train/syn-v4-conv-0370.txt,synthetic/v4_conveyor/labels/yolo_defects/train/syn-v4-conv-0370.txt,synthetic_black_conveyor_multi_instance,train,multi_instance_detection_segmentation,TRAIN_ONLY_MULTI_SCENE_SYNTHETIC,NO,NO,cool_component_spot,IMGGEN-CONVEYOR-BLACK-V1,104628460,0,5,5,discoloration|body_crack|lead_breakage|surface_spot|body_chip,syn-v2-700-discoloration-0013|syn-v2-700-body_crack-0003|syn-v2-700-lead_breakage-0046|syn-v2-700-surface_spot-0034|syn-v2-700-body_chip-0006,syn-v4-conv-0370,1280,720,4ee5ef5f56f164cbfb9590931173e60001d74ef1860d6a446b8e470f68b36567,7ba8bc51045394ad9ee5828b27085d4d163fffe7428bb8c5e88a213a1473c3eb,70651c7029874706303b4a303653580734dcf1fe9e2b8b2acc343f0e1143306f,cbe99980cfd0c4b29b148ac10e38649fe798525ec25f388a1fc54c634f069fc0,085de627b792b1d3b2c79c3616cd67558638060861e63c487f7a98552389279b,31.701487,3.788335,42.000000,137.782150,106.080664,4.346236,0.000000,0.000000,SHADOWLESS_SAME_SENSOR_JPEG,fa5adb968da368a28b85a711cd7b3d0aab6829453361eb686e915af6797cf717,4.0.0,multi-instance-paired-clean-1024-v1,AUTO_PASS_MULTI_INSTANCE_PAIRED_CLEAN_1024,NO,"{""brightness"":0.91610066,""contrast"":1.02501969,""crop_x"":0,""crop_y"":147,""noise_seed"":3491338796,""noise_sigma"":1.06811238,""orientation_degrees"":180,""resized_height"":1280,""resized_width"":1280}","{""blur_radius_px"":0.11423722163712509,""jpeg_quality"":93,""noise_seed"":3531158361,""noise_sigma"":0.3197776334392955}","{""blur_radius_px"":8.905742286629875,""instances"":[{""instance_index"":1,""offset_x_px"":5,""offset_y_px"":10,""opacity"":0.29021177},{""instance_index"":2,""offset_x_px"":-3,""offset_y_px"":7,""opacity"":0.27012638},{""instance_index"":3,""offset_x_px"":-1,""offset_y_px"":9,""opacity"":0.29830944},{""instance_index"":4,""offset_x_px"":0,""offset_y_px"":8,""opacity"":0.24471114},{""instance_index"":5,""offset_x_px"":0,""offset_y_px"":8,""opacity"":0.30757246}]}"
syn-v4-conv-0371,372,synthetic/v4_conveyor/images/train/syn-v4-conv-0371.jpg,synthetic/v4_conveyor/masks/component_visible_instances/train/syn-v4-conv-0371.png,synthetic/v4_conveyor/masks/defect_semantic/train/syn-v4-conv-0371.png,synthetic/v4_conveyor/labels/yolo_component_status/train/syn-v4-conv-0371.txt,synthetic/v4_conveyor/labels/yolo_defects/train/syn-v4-conv-0371.txt,synthetic_black_conveyor_multi_instance,train,multi_instance_detection_segmentation,TRAIN_ONLY_MULTI_SCENE_SYNTHETIC,NO,NO,side_component_spot,IMGGEN-CONVEYOR-BLACK-V1,3692382621,0,5,5,discoloration|body_chip|body_crack|contamination|normal_proxy,syn-v2-700-discoloration-0015|syn-v2-700-body_chip-0055|syn-v2-700-body_crack-0096|syn-v2-700-contamination-0096|syn-v2-700-contamination-0006,syn-v4-conv-0371,1280,720,70b2522d1452f326503ea538c4295fd48e6c1d5293135ab8fae5444b28a09070,ce36da7f8f424a034d7929cb71d7297fed6446dc5ffceff9d43a06f7d4a988f4,4ab8b5f790ae00472a88b7fa0721a17087708f575586c82b8e19689c4afdaf39,5144c6c8e2d6e5e153458b038edbb62d4d9f9f8833ef6fe1978937044d739bcc,a49340969235231107bb7526ab0062828ce4e2ab4bb1a61d6f3b357b0bd9235e,33.773621,3.530672,44.144402,137.206131,103.432510,4.062524,0.000000,0.000000,SHADOWLESS_SAME_SENSOR_JPEG,fa5adb968da368a28b85a711cd7b3d0aab6829453361eb686e915af6797cf717,4.0.0,multi-instance-paired-clean-1024-v1,AUTO_PASS_MULTI_INSTANCE_PAIRED_CLEAN_1024,NO,"{""brightness"":0.94638567,""contrast"":0.94150535,""crop_x"":0,""crop_y"":224,""noise_seed"":4141896130,""noise_sigma"":0.22127681,""orientation_degrees"":270,""resized_height"":1280,""resized_width"":1280}","{""blur_radius_px"":0.2879153645034825,""jpeg_quality"":95,""noise_seed"":2077369859,""noise_sigma"":0.6264837715966001}","{""blur_radius_px"":6.474920633428708,""instances"":[{""instance_index"":1,""offset_x_px"":2,""offset_y_px"":5,""opacity"":0.26822274},{""instance_index"":2,""offset_x_px"":0,""offset_y_px"":9,""opacity"":0.21312275},{""instance_index"":3,""offset_x_px"":1,""offset_y_px"":9,""opacity"":0.25650448},{""instance_index"":4,""offset_x_px"":3,""offset_y_px"":8,""opacity"":0.22393559},{""instance_index"":5,""offset_x_px"":5,""offset_y_px"":9,""opacity"":0.19657069}]}"
syn-v4-conv-0372,373,synthetic/v4_conveyor/images/train/syn-v4-conv-0372.jpg,synthetic/v4_conveyor/masks/component_visible_instances/train/syn-v4-conv-0372.png,synthetic/v4_conveyor/masks/defect_semantic/train/syn-v4-conv-0372.png,synthetic/v4_conveyor/labels/yolo_component_status/train/syn-v4-conv-0372.txt,synthetic/v4_conveyor/labels/yolo_defects/train/syn-v4-conv-0372.txt,synthetic_black_conveyor_multi_instance,train,multi_instance_detection_segmentation,TRAIN_ONLY_MULTI_SCENE_SYNTHETIC,NO,NO,neutral_component_spot,IMGGEN-CONVEYOR-BLACK-V1,3977694759,0,5,5,body_chip|discoloration|body_crack|contamination|normal_proxy,syn-v2-700-body_chip-0026|syn-v2-700-discoloration-0089|syn-v2-700-body_crack-0034|syn-v2-700-contamination-0054|syn-v2-700-scratch-0008,syn-v4-conv-0372,1280,720,22dc3470d9ed2afcb90525baeccae36a28e7a222d9ba36ce02ada8b2acda0fc6,890c2b04d7014fe16f0d9f2f5e42bd26ced1664190e3f07ff9f33142ed69046d,674fac09e45c15ae26ba58e1389734d0f4138dd070a2ecfb2149f2a4d00d2c23,3dfc025c924decacf15218d63d917766b05b0eec86ce75b16fdac74c35cc5872,116f5619aa22bc5f138efdf327d1c5fba6f433505aaf3a8627288c1c1ff6d6a0,31.418865,3.317381,41.000000,140.396729,108.977863,4.468549,0.000000,0.000000,SHADOWLESS_SAME_SENSOR_JPEG,fa5adb968da368a28b85a711cd7b3d0aab6829453361eb686e915af6797cf717,4.0.0,multi-instance-paired-clean-1024-v1,AUTO_PASS_MULTI_INSTANCE_PAIRED_CLEAN_1024,NO,"{""brightness"":0.87818952,""contrast"":0.93935619,""crop_x"":0,""crop_y"":108,""noise_seed"":1585479767,""noise_sigma"":0.25910201,""orientation_degrees"":0,""resized_height"":1280,""resized_width"":1280}","{""blur_radius_px"":0.33341350353650456,""jpeg_quality"":95,""noise_seed"":1489888055,""noise_sigma"":0.9583077491487773}","{""blur_radius_px"":7.674910799334704,""instances"":[{""instance_index"":1,""offset_x_px"":-2,""offset_y_px"":6,""opacity"":0.27160063},{""instance_index"":2,""offset_x_px"":0,""offset_y_px"":8,""opacity"":0.21683384},{""instance_index"":3,""offset_x_px"":4,""offset_y_px"":5,""opacity"":0.23567361},{""instance_index"":4,""offset_x_px"":-3,""offset_y_px"":8,""opacity"":0.25703222},{""instance_index"":5,""offset_x_px"":3,""offset_y_px"":8,""opacity"":0.28826939}]}"
syn-v4-conv-0373,374,synthetic/v4_conveyor/images/train/syn-v4-conv-0373.jpg,synthetic/v4_conveyor/masks/component_visible_instances/train/syn-v4-conv-0373.png,synthetic/v4_conveyor/masks/defect_semantic/train/syn-v4-conv-0373.png,synthetic/v4_conveyor/labels/yolo_component_status/train/syn-v4-conv-0373.txt,synthetic/v4_conveyor/labels/yolo_defects/train/syn-v4-conv-0373.txt,synthetic_black_conveyor_multi_instance,train,multi_instance_detection_segmentation,TRAIN_ONLY_MULTI_SCENE_SYNTHETIC,NO,NO,warm_component_spot,IMGGEN-CONVEYOR-BLACK-V1,498697747,0,5,5,contamination|surface_spot|body_crack|scratch|body_chip,syn-v2-700-contamination-0054|syn-v2-700-surface_spot-0088|syn-v2-700-body_crack-0036|syn-v2-700-scratch-0096|syn-v2-700-body_chip-0086,syn-v4-conv-0373,1280,720,d21880a780b1fbf6168e48bfbd717d8c00f6386af00e7fe82361099c6fe99c29,6132192feb5867ad8d8371e9cc86d9e5c05893e3e223e4c477b41a32ea746bae,7901f67cd1eeebfe7edabdcd18999bb2777b9f91b0e1cc60abd0c81a4fb092ff,1d57261dd24b09e2fb8ef1f02585672f568efe388f03c515b8bfae029182d934,21b35c4e69e0c516b886dc4acba87f00ab7ec245b829e0498d7c173d9eb21397,31.085140,4.076639,42.000000,145.765015,114.679874,4.689219,0.000000,0.000000,SHADOWLESS_SAME_SENSOR_JPEG,fa5adb968da368a28b85a711cd7b3d0aab6829453361eb686e915af6797cf717,4.0.0,multi-instance-paired-clean-1024-v1,AUTO_PASS_MULTI_INSTANCE_PAIRED_CLEAN_1024,NO,"{""brightness"":0.86837341,""contrast"":1.0679667,""crop_x"":0,""crop_y"":488,""noise_seed"":3895814078,""noise_sigma"":1.13593749,""orientation_degrees"":180,""resized_height"":1280,""resized_width"":1280}","{""blur_radius_px"":0.18814643891023505,""jpeg_quality"":95,""noise_seed"":2851382633,""noise_sigma"":0.6006966884011358}","{""blur_radius_px"":7.6888812032496565,""instances"":[{""instance_index"":1,""offset_x_px"":0,""offset_y_px"":10,""opacity"":0.2151403},{""instance_index"":2,""offset_x_px"":-1,""offset_y_px"":9,""opacity"":0.23134551},{""instance_index"":3,""offset_x_px"":5,""offset_y_px"":8,""opacity"":0.25789971},{""instance_index"":4,""offset_x_px"":-2,""offset_y_px"":6,""opacity"":0.20827407},{""instance_index"":5,""offset_x_px"":5,""offset_y_px"":6,""opacity"":0.2104501}]}"
syn-v4-conv-0374,375,synthetic/v4_conveyor/images/train/syn-v4-conv-0374.jpg,synthetic/v4_conveyor/masks/component_visible_instances/train/syn-v4-conv-0374.png,synthetic/v4_conveyor/masks/defect_semantic/train/syn-v4-conv-0374.png,synthetic/v4_conveyor/labels/yolo_component_status/train/syn-v4-conv-0374.txt,synthetic/v4_conveyor/labels/yolo_defects/train/syn-v4-conv-0374.txt,synthetic_black_conveyor_multi_instance,train,multi_instance_detection_segmentation,TRAIN_ONLY_MULTI_SCENE_SYNTHETIC,NO,NO,cool_component_spot,IMGGEN-CONVEYOR-BLACK-V1,1597369759,0,5,5,lead_breakage|body_chip|body_crack|discoloration|scratch,syn-v2-700-lead_breakage-0089|syn-v2-700-body_chip-0004|syn-v2-700-body_crack-0070|syn-v2-700-discoloration-0098|syn-v2-700-scratch-0005,syn-v4-conv-0374,1280,720,0c70beb9a46b9c4d60ccf3350d6618017a7ad528c4c5a2a4412b5247ab345598,e2039af04f878cd84c4351f69b7550cd9120ee490e7942e1b0a4fea1c09ba0d5,5609b0c63e5057bce0d0a9ffecacc32a4bd137f04d75021ae49c3cace5d2b547,9cab7f942faee64772bf61889d8dd2f5e7bfea096119341ad695ed9c4b01dc1c,6d6fdde731809a0346ca3c5762e6930ae4d16239ba40b41105fe2cdc8b55e2eb,29.767529,2.837511,38.000000,133.040039,103.272511,4.469301,0.000000,0.000000,SHADOWLESS_SAME_SENSOR_JPEG,fa5adb968da368a28b85a711cd7b3d0aab6829453361eb686e915af6797cf717,4.0.0,multi-instance-paired-clean-1024-v1,AUTO_PASS_MULTI_INSTANCE_PAIRED_CLEAN_1024,NO,"{""brightness"":0.86871461,""contrast"":0.93506521,""crop_x"":0,""crop_y"":70,""noise_seed"":896557832,""noise_sigma"":0.48808276,""orientation_degrees"":180,""resized_height"":1280,""resized_width"":1280}","{""blur_radius_px"":0.12107553387869588,""jpeg_quality"":92,""noise_seed"":4030469978,""noise_sigma"":0.42889530986148455}","{""blur_radius_px"":5.0784634808703935,""instances"":[{""instance_index"":1,""offset_x_px"":2,""offset_y_px"":8,""opacity"":0.21761358},{""instance_index"":2,""offset_x_px"":-3,""offset_y_px"":6,""opacity"":0.219142},{""instance_index"":3,""offset_x_px"":2,""offset_y_px"":7,""opacity"":0.20064917},{""instance_index"":4,""offset_x_px"":0,""offset_y_px"":7,""opacity"":0.25967999},{""instance_index"":5,""offset_x_px"":-1,""offset_y_px"":9,""opacity"":0.19876349}]}"
syn-v4-conv-0375,376,synthetic/v4_conveyor/images/train/syn-v4-conv-0375.jpg,synthetic/v4_conveyor/masks/component_visible_instances/train/syn-v4-conv-0375.png,synthetic/v4_conveyor/masks/defect_semantic/train/syn-v4-conv-0375.png,synthetic/v4_conveyor/labels/yolo_component_status/train/syn-v4-conv-0375.txt,synthetic/v4_conveyor/labels/yolo_defects/train/syn-v4-conv-0375.txt,synthetic_black_conveyor_multi_instance,train,multi_instance_detection_segmentation,TRAIN_ONLY_MULTI_SCENE_SYNTHETIC,NO,NO,side_component_spot,IMGGEN-CONVEYOR-BLACK-V1,916764507,0,5,5,contamination|normal_proxy|lead_breakage|body_crack|body_chip,syn-v2-700-contamination-0081|syn-v2-700-body_chip-0086|syn-v2-700-lead_breakage-0088|syn-v2-700-body_crack-0003|syn-v2-700-body_chip-0046,syn-v4-conv-0375,1280,720,e4df0d9319ec1109a93dcada2f8093f17394657b081c21100f4e76278c159da9,c2c14994b29c2c5e92ee4cc43c41076d25d8d5f4f31eda50b3cd9667362e53b6,f5cab455dc082d0768c64ae9d253611e12c87480d0b6225a107821ff1955d2c6,2d783ed174405fb5986dcc027d8a9d9ceba2f56eeda660633cb28468d0758cbc,6e35927d00932651ed5b966eebe7ddff3491c9aa21f13cd8023538a37d66d188,30.868303,3.982682,41.144398,142.708145,111.839842,4.623129,0.000000,0.000000,SHADOWLESS_SAME_SENSOR_JPEG,fa5adb968da368a28b85a711cd7b3d0aab6829453361eb686e915af6797cf717,4.0.0,multi-instance-paired-clean-1024-v1,AUTO_PASS_MULTI_INSTANCE_PAIRED_CLEAN_1024,NO,"{""brightness"":0.87944804,""contrast"":1.07868154,""crop_x"":0,""crop_y"":257,""noise_seed"":3445475171,""noise_sigma"":1.01523937,""orientation_degrees"":0,""resized_height"":1280,""resized_width"":1280}","{""blur_radius_px"":0.10326088569595347,""jpeg_quality"":96,""noise_seed"":1143795029,""noise_sigma"":0.8961605207601}","{""blur_radius_px"":7.592232220189652,""instances"":[{""instance_index"":1,""offset_x_px"":0,""offset_y_px"":8,""opacity"":0.18838515},{""instance_index"":2,""offset_x_px"":5,""offset_y_px"":9,""opacity"":0.31685694},{""instance_index"":3,""offset_x_px"":4,""offset_y_px"":9,""opacity"":0.28234564},{""instance_index"":4,""offset_x_px"":5,""offset_y_px"":10,""opacity"":0.18329211},{""instance_index"":5,""offset_x_px"":2,""offset_y_px"":9,""opacity"":0.30937984}]}"
syn-v4-conv-0376,377,synthetic/v4_conveyor/images/train/syn-v4-conv-0376.jpg,synthetic/v4_conveyor/masks/component_visible_instances/train/syn-v4-conv-0376.png,synthetic/v4_conveyor/masks/defect_semantic/train/syn-v4-conv-0376.png,synthetic/v4_conveyor/labels/yolo_component_status/train/syn-v4-conv-0376.txt,synthetic/v4_conveyor/labels/yolo_defects/train/syn-v4-conv-0376.txt,synthetic_black_conveyor_multi_instance,train,multi_instance_detection_segmentation,TRAIN_ONLY_MULTI_SCENE_SYNTHETIC,NO,NO,neutral_component_spot,IMGGEN-CONVEYOR-BLACK-V1,2539869915,0,5,5,surface_spot|discoloration|contamination|lead_breakage|scratch,syn-v2-700-surface_spot-0097|syn-v2-700-discoloration-0072|syn-v2-700-contamination-0078|syn-v2-700-lead_breakage-0088|syn-v2-700-scratch-0011,syn-v4-conv-0376,1280,720,4fbd46d7ee50caef745a79c07b8b38b0d3e0cca5aef4be010b136840df4e0995,becba09bac5bd721507fa08d6eace9d3fb074783b8a945f10ebfde94b5d73427,3a646e5cc4cc46222cbea0b2d08bd30d4c32a4f87f24070daeb01c122045c4ef,a7b475db6829d9404a0dce26b6b4295c52212ea8f569e5effe7fbda967fc9e3b,f9b89de632b4e937d30b48068b0d2d35dd25986817d6d3e98f7911894ebdafb3,27.625467,3.448524,36.502602,131.325394,103.699926,4.753780,0.000000,0.000000,SHADOWLESS_SAME_SENSOR_JPEG,fa5adb968da368a28b85a711cd7b3d0aab6829453361eb686e915af6797cf717,4.0.0,multi-instance-paired-clean-1024-v1,AUTO_PASS_MULTI_INSTANCE_PAIRED_CLEAN_1024,NO,"{""brightness"":0.80546729,""contrast"":1.02801465,""crop_x"":0,""crop_y"":417,""noise_seed"":3987147660,""noise_sigma"":0.46527359,""orientation_degrees"":0,""resized_height"":1280,""resized_width"":1280}","{""blur_radius_px"":0.2388491206401361,""jpeg_quality"":92,""noise_seed"":2196698163,""noise_sigma"":0.45534251599846903}","{""blur_radius_px"":7.993917391631831,""instances"":[{""instance_index"":1,""offset_x_px"":-2,""offset_y_px"":7,""opacity"":0.27569556},{""instance_index"":2,""offset_x_px"":1,""offset_y_px"":9,""opacity"":0.21140624},{""instance_index"":3,""offset_x_px"":-3,""offset_y_px"":6,""opacity"":0.19754987},{""instance_index"":4,""offset_x_px"":-3,""offset_y_px"":10,""opacity"":0.20794586},{""instance_index"":5,""offset_x_px"":5,""offset_y_px"":9,""opacity"":0.22045057}]}"
syn-v4-conv-0377,378,synthetic/v4_conveyor/images/train/syn-v4-conv-0377.jpg,synthetic/v4_conveyor/masks/component_visible_instances/train/syn-v4-conv-0377.png,synthetic/v4_conveyor/masks/defect_semantic/train/syn-v4-conv-0377.png,synthetic/v4_conveyor/labels/yolo_component_status/train/syn-v4-conv-0377.txt,synthetic/v4_conveyor/labels/yolo_defects/train/syn-v4-conv-0377.txt,synthetic_black_conveyor_multi_instance,train,multi_instance_detection_segmentation,TRAIN_ONLY_MULTI_SCENE_SYNTHETIC,NO,NO,warm_component_spot,IMGGEN-CONVEYOR-BLACK-V1,398512084,0,5,5,normal_proxy|body_chip|contamination|discoloration|lead_breakage,syn-v2-700-lead_breakage-0089|syn-v2-700-body_chip-0074|syn-v2-700-contamination-0051|syn-v2-700-discoloration-0058|syn-v2-700-lead_breakage-0088,syn-v4-conv-0377,1280,720,edec6fa0e29abc858b5b65e4806f90f8e5cf26a93ecd55fa62638d1947ad6f95,aa66fdee90fea6a3068151fafa096a0033d13729fecd070d252301945e9cba95,b68ac60ef48d124712f325b1b442493682324580c45ebf847d59ddf893b2c2b5,e554c3a74323af0b1d6bac609768dada64506d7dd4ec7e642024f2acdbdcba6b,81832c9187472b00b54a289191080b3c66ca8068dbd1e9950dc45ba3fb517419,25.460337,3.306430,34.144402,137.978195,112.517859,5.419339,0.000000,0.000000,SHADOWLESS_SAME_SENSOR_JPEG,fa5adb968da368a28b85a711cd7b3d0aab6829453361eb686e915af6797cf717,4.0.0,multi-instance-paired-clean-1024-v1,AUTO_PASS_MULTI_INSTANCE_PAIRED_CLEAN_1024,NO,"{""brightness"":0.7292182,""contrast"":1.01290854,""crop_x"":0,""crop_y"":355,""noise_seed"":2402072188,""noise_sigma"":0.44805855,""orientation_degrees"":180,""resized_height"":1280,""resized_width"":1280}","{""blur_radius_px"":0.06101448121445936,""jpeg_quality"":93,""noise_seed"":966907600,""noise_sigma"":0.7373704672430976}","{""blur_radius_px"":5.406405033895196,""instances"":[{""instance_index"":1,""offset_x_px"":-3,""offset_y_px"":5,""opacity"":0.24640127},{""instance_index"":2,""offset_x_px"":-2,""offset_y_px"":7,""opacity"":0.29705472},{""instance_index"":3,""offset_x_px"":2,""offset_y_px"":8,""opacity"":0.26731432},{""instance_index"":4,""offset_x_px"":-2,""offset_y_px"":9,""opacity"":0.26743316},{""instance_index"":5,""offset_x_px"":1,""offset_y_px"":8,""opacity"":0.26428795}]}"
syn-v4-conv-0378,379,synthetic/v4_conveyor/images/train/syn-v4-conv-0378.jpg,synthetic/v4_conveyor/masks/component_visible_instances/train/syn-v4-conv-0378.png,synthetic/v4_conveyor/masks/defect_semantic/train/syn-v4-conv-0378.png,synthetic/v4_conveyor/labels/yolo_component_status/train/syn-v4-conv-0378.txt,synthetic/v4_conveyor/labels/yolo_defects/train/syn-v4-conv-0378.txt,synthetic_black_conveyor_multi_instance,train,multi_instance_detection_segmentation,TRAIN_ONLY_MULTI_SCENE_SYNTHETIC,NO,NO,cool_component_spot,IMGGEN-CONVEYOR-BLACK-V1,115187229,0,5,5,normal_proxy|body_crack|surface_spot|discoloration|lead_breakage,syn-v2-700-contamination-0054|syn-v2-700-body_crack-0089|syn-v2-700-surface_spot-0025|syn-v2-700-discoloration-0073|syn-v2-700-lead_breakage-0060,syn-v4-conv-0378,1280,720,46717f14f26405045ae46c9b5da59d942b9b09f046e6c12229f404e564e56c04,eb5ea94070b2bce3a754753ce9dcfba428b4440abc02836f654ea3a125dfa80d,c01bfff63670801fc4307f1b408500b7041a21c211b97adc3edc1406f16ab1e0,c75a77b1d465511ea74a70df8c4335557f4d85196f3e1f7dde18f7f20472a01c,63d67dfac3130897f1ea7d8f780a22c5bfe86f8e3ba88f6383110836280811c2,27.900980,3.798098,38.000000,136.632843,108.731863,4.897063,0.000000,0.000000,SHADOWLESS_SAME_SENSOR_JPEG,fa5adb968da368a28b85a711cd7b3d0aab6829453361eb686e915af6797cf717,4.0.0,multi-instance-paired-clean-1024-v1,AUTO_PASS_MULTI_INSTANCE_PAIRED_CLEAN_1024,NO,"{""brightness"":0.7875906,""contrast"":1.05573717,""crop_x"":0,""crop_y"":234,""noise_seed"":1732969398,""noise_sigma"":0.18059403,""orientation_degrees"":90,""resized_height"":1280,""resized_width"":1280}","{""blur_radius_px"":0.0012891456992430938,""jpeg_quality"":93,""noise_seed"":2663199464,""noise_sigma"":0.5396597805916921}","{""blur_radius_px"":6.5937558706671435,""instances"":[{""instance_index"":1,""offset_x_px"":3,""offset_y_px"":9,""opacity"":0.23022187},{""instance_index"":2,""offset_x_px"":-3,""offset_y_px"":9,""opacity"":0.25906955},{""instance_index"":3,""offset_x_px"":0,""offset_y_px"":8,""opacity"":0.26554351},{""instance_index"":4,""offset_x_px"":-2,""offset_y_px"":6,""opacity"":0.27639272},{""instance_index"":5,""offset_x_px"":4,""offset_y_px"":10,""opacity"":0.29846726}]}"
syn-v4-conv-0379,380,synthetic/v4_conveyor/images/train/syn-v4-conv-0379.jpg,synthetic/v4_conveyor/masks/component_visible_instances/train/syn-v4-conv-0379.png,synthetic/v4_conveyor/masks/defect_semantic/train/syn-v4-conv-0379.png,synthetic/v4_conveyor/labels/yolo_component_status/train/syn-v4-conv-0379.txt,synthetic/v4_conveyor/labels/yolo_defects/train/syn-v4-conv-0379.txt,synthetic_black_conveyor_multi_instance,train,multi_instance_detection_segmentation,TRAIN_ONLY_MULTI_SCENE_SYNTHETIC,NO,NO,side_component_spot,IMGGEN-CONVEYOR-BLACK-V1,963078743,0,5,5,body_chip|body_crack|lead_breakage|scratch|surface_spot,syn-v2-700-body_chip-0074|syn-v2-700-body_crack-0008|syn-v2-700-lead_breakage-0057|syn-v2-700-scratch-0054|syn-v2-700-surface_spot-0034,syn-v4-conv-0379,1280,720,6a6bf04a133e59ff8b7e2a9bfc2880f6225f154dd022c3fed581345df8f228b6,c221ec37c4f9e72b7cba62ded0afff27c00d11806e65917d6a78233c26781a53,3ea0401cf9631863bf3e4693db5a74d6e9d732cf48fd7e6dde2c9dbfa589294d,ef13ba5f31f053e5c3ab07666524ca8e97762ce8fa69510e5f6b02272c1604b8,6b6bbe28ee05148edc9b59843c99946028610ecc03109b63b76b342b52ba2105,26.170607,3.735362,36.000000,139.319153,113.148546,5.323497,0.000000,0.000000,SHADOWLESS_SAME_SENSOR_JPEG,fa5adb968da368a28b85a711cd7b3d0aab6829453361eb686e915af6797cf717,4.0.0,multi-instance-paired-clean-1024-v1,AUTO_PASS_MULTI_INSTANCE_PAIRED_CLEAN_1024,NO,"{""brightness"":0.75668911,""contrast"":1.04428132,""crop_x"":0,""crop_y"":120,""noise_seed"":3890762464,""noise_sigma"":0.20602498,""orientation_degrees"":270,""resized_height"":1280,""resized_width"":1280}","{""blur_radius_px"":0.016968901487800978,""jpeg_quality"":93,""noise_seed"":811463730,""noise_sigma"":1.2954964760841061}","{""blur_radius_px"":7.454184732550058,""instances"":[{""instance_index"":1,""offset_x_px"":4,""offset_y_px"":9,""opacity"":0.2219914},{""instance_index"":2,""offset_x_px"":3,""offset_y_px"":9,""opacity"":0.18145609},{""instance_index"":3,""offset_x_px"":-1,""offset_y_px"":9,""opacity"":0.20529536},{""instance_index"":4,""offset_x_px"":-1,""offset_y_px"":8,""opacity"":0.22393107},{""instance_index"":5,""offset_x_px"":2,""offset_y_px"":6,""opacity"":0.20345316}]}"
syn-v4-conv-0380,381,synthetic/v4_conveyor/images/train/syn-v4-conv-0380.jpg,synthetic/v4_conveyor/masks/component_visible_instances/train/syn-v4-conv-0380.png,synthetic/v4_conveyor/masks/defect_semantic/train/syn-v4-conv-0380.png,synthetic/v4_conveyor/labels/yolo_component_status/train/syn-v4-conv-0380.txt,synthetic/v4_conveyor/labels/yolo_defects/train/syn-v4-conv-0380.txt,synthetic_black_conveyor_multi_instance,train,multi_instance_detection_segmentation,TRAIN_ONLY_MULTI_SCENE_SYNTHETIC,NO,NO,neutral_component_spot,IMGGEN-CONVEYOR-BLACK-V1,1628741643,0,5,5,discoloration|scratch|normal_proxy|body_crack|surface_spot,syn-v2-700-discoloration-0018|syn-v2-700-scratch-0023|syn-v2-700-body_chip-0033|syn-v2-700-body_crack-0079|syn-v2-700-surface_spot-0046,syn-v4-conv-0380,1280,720,ca714d72c5fd690f3eea535b4b663b0dfc1b8c8ee477fd24852112323cf6d75a,c7da08bbe22b3856debdb5315bf187d9e4211369c321ff123ac0135a01c1e91c,b1f98ed3855a55ce4a2fbce4791be41e25bb5aceed6cef62153811d49ce09a85,5419695a03dd13562adc018af8beb26e04000b02df1a19f5d4c952496dec20b7,29f56245bc80ea0d322e5f960b5b7f2043e0f65c583f678710583970920e19aa,31.723011,4.264256,43.000000,141.947067,110.224056,4.474577,0.000000,0.000000,SHADOWLESS_SAME_SENSOR_JPEG,fa5adb968da368a28b85a711cd7b3d0aab6829453361eb686e915af6797cf717,4.0.0,multi-instance-paired-clean-1024-v1,AUTO_PASS_MULTI_INSTANCE_PAIRED_CLEAN_1024,NO,"{""brightness"":0.89411817,""contrast"":1.04273401,""crop_x"":0,""crop_y"":260,""noise_seed"":1174651416,""noise_sigma"":0.04326147,""orientation_degrees"":90,""resized_height"":1280,""resized_width"":1280}","{""blur_radius_px"":0.20435883572981087,""jpeg_quality"":96,""noise_seed"":3388626620,""noise_sigma"":1.244609776731828}","{""blur_radius_px"":7.339206721494085,""instances"":[{""instance_index"":1,""offset_x_px"":3,""offset_y_px"":10,""opacity"":0.19851347},{""instance_index"":2,""offset_x_px"":3,""offset_y_px"":6,""opacity"":0.27457262},{""instance_index"":3,""offset_x_px"":2,""offset_y_px"":9,""opacity"":0.30148933},{""instance_index"":4,""offset_x_px"":5,""offset_y_px"":8,""opacity"":0.23716427},{""instance_index"":5,""offset_x_px"":2,""offset_y_px"":10,""opacity"":0.22904126}]}"
syn-v4-conv-0381,382,synthetic/v4_conveyor/images/train/syn-v4-conv-0381.jpg,synthetic/v4_conveyor/masks/component_visible_instances/train/syn-v4-conv-0381.png,synthetic/v4_conveyor/masks/defect_semantic/train/syn-v4-conv-0381.png,synthetic/v4_conveyor/labels/yolo_component_status/train/syn-v4-conv-0381.txt,synthetic/v4_conveyor/labels/yolo_defects/train/syn-v4-conv-0381.txt,synthetic_black_conveyor_multi_instance,train,multi_instance_detection_segmentation,TRAIN_ONLY_MULTI_SCENE_SYNTHETIC,NO,NO,warm_component_spot,IMGGEN-CONVEYOR-BLACK-V1,2707126680,0,5,5,surface_spot|normal_proxy|scratch|lead_breakage|contamination,syn-v2-700-surface_spot-0027|syn-v2-700-scratch-0005|syn-v2-700-scratch-0097|syn-v2-700-lead_breakage-0076|syn-v2-700-contamination-0006,syn-v4-conv-0381,1280,720,cac29dd274fd19a26278ca728334c05af49afd8e3e0796673d8e774cd62ee756,30a2d7b5eef28e228f83fbfc47bd21a6518ba5e9fff91208a991b546d25ac649,68bb4e5a0a5dfdfa06692726008e0d976f57d4a1672670924c6e733946dcc694,0315f4b0b0e105c06f829dd94e6498ef9f9775f7ef00fe6ecd047858b10b2ec3,4965e5e404a6b2ad5428db5d46db05e932eee6cb18848363bb652e52927cb621,31.706602,3.158353,41.000000,143.881424,112.174822,4.537901,0.000000,0.000000,SHADOWLESS_SAME_SENSOR_JPEG,fa5adb968da368a28b85a711cd7b3d0aab6829453361eb686e915af6797cf717,4.0.0,multi-instance-paired-clean-1024-v1,AUTO_PASS_MULTI_INSTANCE_PAIRED_CLEAN_1024,NO,"{""brightness"":0.8881876,""contrast"":0.95775422,""crop_x"":0,""crop_y"":438,""noise_seed"":769192945,""noise_sigma"":0.27195246,""orientation_degrees"":180,""resized_height"":1280,""resized_width"":1280}","{""blur_radius_px"":0.18690775004042887,""jpeg_quality"":92,""noise_seed"":2925637220,""noise_sigma"":0.4519868975953916}","{""blur_radius_px"":6.548972229616981,""instances"":[{""instance_index"":1,""offset_x_px"":5,""offset_y_px"":9,""opacity"":0.19846776},{""instance_index"":2,""offset_x_px"":3,""offset_y_px"":7,""opacity"":0.31944139},{""instance_index"":3,""offset_x_px"":0,""offset_y_px"":5,""opacity"":0.26220309},{""instance_index"":4,""offset_x_px"":2,""offset_y_px"":8,""opacity"":0.20755515},{""instance_index"":5,""offset_x_px"":-3,""offset_y_px"":8,""opacity"":0.26849005}]}"
syn-v4-conv-0382,383,synthetic/v4_conveyor/images/train/syn-v4-conv-0382.jpg,synthetic/v4_conveyor/masks/component_visible_instances/train/syn-v4-conv-0382.png,synthetic/v4_conveyor/masks/defect_semantic/train/syn-v4-conv-0382.png,synthetic/v4_conveyor/labels/yolo_component_status/train/syn-v4-conv-0382.txt,synthetic/v4_conveyor/labels/yolo_defects/train/syn-v4-conv-0382.txt,synthetic_black_conveyor_multi_instance,train,multi_instance_detection_segmentation,TRAIN_ONLY_MULTI_SCENE_SYNTHETIC,NO,NO,cool_component_spot,IMGGEN-CONVEYOR-BLACK-V1,2957983153,0,5,5,normal_proxy|lead_breakage|contamination|scratch|body_crack,syn-v2-700-body_chip-0011|syn-v2-700-lead_breakage-0076|syn-v2-700-contamination-0081|syn-v2-700-scratch-0097|syn-v2-700-body_crack-0097,syn-v4-conv-0382,1280,720,13b9f655254eee71f78906a70629c5d58a0560b9da858df1638ba5e9a4a14ba2,f60984a155944c11c6441ef7d0b3931631c212ae4e9a6cc2371c034f502cc9c1,7f1a5a81cbdc0c80cdf4c2c3d20183810c2459cc1e717066d5707643ea508b5d,ccf0e87abed4d41977590cfb4305dcbdb9d8a1016038de089e1205eabcfba3fd,4cfdd67465c80381b2b67c6731af2a5d8a9e32fc1eb5166e2a560d45340c83d3,32.781422,4.248135,44.144402,140.684937,107.903515,4.291606,0.000000,0.000000,SHADOWLESS_SAME_SENSOR_JPEG,fa5adb968da368a28b85a711cd7b3d0aab6829453361eb686e915af6797cf717,4.0.0,multi-instance-paired-clean-1024-v1,AUTO_PASS_MULTI_INSTANCE_PAIRED_CLEAN_1024,NO,"{""brightness"":0.92016359,""contrast"":1.03697742,""crop_x"":0,""crop_y"":77,""noise_seed"":554129770,""noise_sigma"":0.12085915,""orientation_degrees"":90,""resized_height"":1280,""resized_width"":1280}","{""blur_radius_px"":0.13728005477694608,""jpeg_quality"":95,""noise_seed"":4239644369,""noise_sigma"":0.9156780564795701}","{""blur_radius_px"":5.052617478170809,""instances"":[{""instance_index"":1,""offset_x_px"":2,""offset_y_px"":9,""opacity"":0.18307784},{""instance_index"":2,""offset_x_px"":5,""offset_y_px"":5,""opacity"":0.28754664},{""instance_index"":3,""offset_x_px"":-1,""offset_y_px"":7,""opacity"":0.26769783},{""instance_index"":4,""offset_x_px"":1,""offset_y_px"":8,""opacity"":0.28390369},{""instance_index"":5,""offset_x_px"":2,""offset_y_px"":8,""opacity"":0.3044518}]}"
syn-v4-conv-0383,384,synthetic/v4_conveyor/images/train/syn-v4-conv-0383.jpg,synthetic/v4_conveyor/masks/component_visible_instances/train/syn-v4-conv-0383.png,synthetic/v4_conveyor/masks/defect_semantic/train/syn-v4-conv-0383.png,synthetic/v4_conveyor/labels/yolo_component_status/train/syn-v4-conv-0383.txt,synthetic/v4_conveyor/labels/yolo_defects/train/syn-v4-conv-0383.txt,synthetic_black_conveyor_multi_instance,train,multi_instance_detection_segmentation,TRAIN_ONLY_MULTI_SCENE_SYNTHETIC,NO,NO,side_component_spot,IMGGEN-CONVEYOR-BLACK-V1,747085607,0,5,5,normal_proxy|surface_spot|body_chip|lead_breakage|scratch,syn-v2-700-surface_spot-0024|syn-v2-700-surface_spot-0092|syn-v2-700-body_chip-0019|syn-v2-700-lead_breakage-0014|syn-v2-700-scratch-0047,syn-v4-conv-0383,1280,720,0f5d3c50197c642c042c1af65a0c63062876905deb6f2fddf78fd97fa2f30378,ea007559ae814c26fdd0a4d1950a462a8e67ad86f7de32a25d3f38cab5f03e36,c90ca0ccddf547db527a8618add9090f7085d4bcc2770f378440e98b608d3cfc,88d5b752d4a30888d2c236c3c6359c4c329aa31c67740f487ac9a40f8277ca36,96bec04aae4e2aeda2e76ddd179aad158d01d76e2c2d41386a7ddfe8d0cc142a,30.970779,4.100800,42.000000,138.597809,107.627029,4.475115,0.000000,0.000000,SHADOWLESS_SAME_SENSOR_JPEG,fa5adb968da368a28b85a711cd7b3d0aab6829453361eb686e915af6797cf717,4.0.0,multi-instance-paired-clean-1024-v1,AUTO_PASS_MULTI_INSTANCE_PAIRED_CLEAN_1024,NO,"{""brightness"":0.88156765,""contrast"":1.06589059,""crop_x"":0,""crop_y"":168,""noise_seed"":2824679176,""noise_sigma"":0.12237065,""orientation_degrees"":90,""resized_height"":1280,""resized_width"":1280}","{""blur_radius_px"":0.19785473889272792,""jpeg_quality"":92,""noise_seed"":2953636408,""noise_sigma"":0.7001026542304567}","{""blur_radius_px"":8.266015292011934,""instances"":[{""instance_index"":1,""offset_x_px"":1,""offset_y_px"":5,""opacity"":0.26187767},{""instance_index"":2,""offset_x_px"":5,""offset_y_px"":9,""opacity"":0.30028366},{""instance_index"":3,""offset_x_px"":-1,""offset_y_px"":5,""opacity"":0.22915433},{""instance_index"":4,""offset_x_px"":2,""offset_y_px"":6,""opacity"":0.23430837},{""instance_index"":5,""offset_x_px"":5,""offset_y_px"":10,""opacity"":0.25085001}]}"
