sample_id,image_path,true_class,severity,predicted_class,correct,confidence,probability_scratch,probability_surface_spot,probability_discoloration,probability_contamination,probability_lead_breakage,probability_body_chip,probability_body_crack
syn-v2-700-scratch-0021,synthetic/v2_700/images/scratch/syn-v2-700-scratch-0021.jpg,scratch,mild,scratch,YES,0.900573273500,0.900573273500,0.005907369118,0.001200717137,0.002307589748,0.016020340224,0.069674261225,0.004316456150
syn-v2-700-scratch-0035,synthetic/v2_700/images/scratch/syn-v2-700-scratch-0035.jpg,scratch,mild,scratch,YES,0.968886633714,0.968886633714,0.010749559772,0.000290372263,0.001333034520,0.008881564563,0.005918902578,0.003939947307
syn-v2-700-scratch-0077,synthetic/v2_700/images/scratch/syn-v2-700-scratch-0077.jpg,scratch,mild,scratch,YES,0.926069418589,0.926069418589,0.002582724982,0.000351351618,0.001328828201,0.055482235427,0.013352012883,0.000833518240
syn-v2-700-scratch-0045,synthetic/v2_700/images/scratch/syn-v2-700-scratch-0045.jpg,scratch,mild,scratch,YES,0.999767661095,0.999767661095,0.000044917168,0.000031931138,0.000037082952,0.000029546443,0.000028243378,0.000060673678
syn-v2-700-scratch-0088,synthetic/v2_700/images/scratch/syn-v2-700-scratch-0088.jpg,scratch,mild,scratch,YES,0.999896208445,0.999896208445,0.000023964530,0.000001696954,0.000005520744,0.000003422639,0.000047158260,0.000021990385
syn-v2-700-scratch-0069,synthetic/v2_700/images/scratch/syn-v2-700-scratch-0069.jpg,scratch,mild,scratch,YES,0.999250094096,0.999250094096,0.000045591007,0.000021515571,0.000059251942,0.000087003418,0.000321571444,0.000215008641
syn-v2-700-scratch-0017,synthetic/v2_700/images/scratch/syn-v2-700-scratch-0017.jpg,scratch,mild,scratch,YES,0.999391714732,0.999391714732,0.000127450051,0.000018044195,0.000033723553,0.000174955915,0.000083730113,0.000170357721
syn-v2-700-scratch-0042,synthetic/v2_700/images/scratch/syn-v2-700-scratch-0042.jpg,scratch,mild,scratch,YES,0.999665439129,0.999665439129,0.000153711754,0.000017575115,0.000029451886,0.000011774680,0.000082220552,0.000039866893
syn-v2-700-scratch-0048,synthetic/v2_700/images/scratch/syn-v2-700-scratch-0048.jpg,scratch,mild,scratch,YES,0.998669167360,0.998669167360,0.000582254637,0.000021658815,0.000059062363,0.000174546888,0.000403333903,0.000090000603
syn-v2-700-scratch-0013,synthetic/v2_700/images/scratch/syn-v2-700-scratch-0013.jpg,scratch,mild,scratch,YES,0.526182562113,0.526182562113,0.009331190959,0.003980738266,0.026051706828,0.110326429208,0.319144465029,0.004982871935
syn-v2-700-scratch-0056,synthetic/v2_700/images/scratch/syn-v2-700-scratch-0056.jpg,scratch,mild,scratch,YES,0.999978264173,0.999978264173,0.000007235865,0.000000377399,0.000001149971,0.000001670177,0.000003296742,0.000008023940
syn-v2-700-scratch-0050,synthetic/v2_700/images/scratch/syn-v2-700-scratch-0050.jpg,scratch,mild,body_chip,NO,0.301472052932,0.092241644859,0.213231593991,0.004158087385,0.033362227802,0.101148980980,0.301472052932,0.254385372003
syn-v2-700-scratch-0046,synthetic/v2_700/images/scratch/syn-v2-700-scratch-0046.jpg,scratch,mild,scratch,YES,0.973526696364,0.973526696364,0.001201955078,0.000498293438,0.001400516388,0.019017967706,0.002842594035,0.001511905769
syn-v2-700-scratch-0020,synthetic/v2_700/images/scratch/syn-v2-700-scratch-0020.jpg,scratch,mild,scratch,YES,0.992401142915,0.992401142915,0.003090545613,0.000060492441,0.000342278033,0.001912035116,0.001051807252,0.001141692143
syn-v2-700-scratch-0095,synthetic/v2_700/images/scratch/syn-v2-700-scratch-0095.jpg,scratch,mild,scratch,YES,0.999588727951,0.999588727951,0.000184878055,0.000004029666,0.000009405343,0.000104566401,0.000059229894,0.000049180086
syn-v2-700-scratch-0055,synthetic/v2_700/images/scratch/syn-v2-700-scratch-0055.jpg,scratch,mild,scratch,YES,0.999716460705,0.999716460705,0.000073447611,0.000013924565,0.000013316670,0.000140054509,0.000015189924,0.000027587473
syn-v2-700-scratch-0009,synthetic/v2_700/images/scratch/syn-v2-700-scratch-0009.jpg,scratch,mild,scratch,YES,0.999699374040,0.999699374040,0.000065627896,0.000028148889,0.000045292479,0.000049278959,0.000055121628,0.000057202254
syn-v2-700-scratch-0031,synthetic/v2_700/images/scratch/syn-v2-700-scratch-0031.jpg,scratch,mild,scratch,YES,0.999880333742,0.999880333742,0.000042329902,0.000003776463,0.000006888091,0.000044974614,0.000009391540,0.000012308064
syn-v2-700-scratch-0002,synthetic/v2_700/images/scratch/syn-v2-700-scratch-0002.jpg,scratch,mild,scratch,YES,0.998578687509,0.998578687509,0.000206919519,0.000046651257,0.000147791715,0.000146308669,0.000590036997,0.000283635685
syn-v2-700-scratch-0089,synthetic/v2_700/images/scratch/syn-v2-700-scratch-0089.jpg,scratch,mild,scratch,YES,0.999853551388,0.999853551388,0.000018789089,0.000009069592,0.000012772766,0.000033247838,0.000042165792,0.000030373115
syn-v2-700-scratch-0078,synthetic/v2_700/images/scratch/syn-v2-700-scratch-0078.jpg,scratch,mild,scratch,YES,0.999777436256,0.999777436256,0.000077448555,0.000004060185,0.000021029227,0.000067462154,0.000029794135,0.000022657716
syn-v2-700-scratch-0083,synthetic/v2_700/images/scratch/syn-v2-700-scratch-0083.jpg,scratch,mild,scratch,YES,0.956906775633,0.956906775633,0.027867176570,0.000196727759,0.001321620094,0.008951057990,0.003275178218,0.001481525522
syn-v2-700-scratch-0070,synthetic/v2_700/images/scratch/syn-v2-700-scratch-0070.jpg,scratch,mild,scratch,YES,0.997929493586,0.997929493586,0.000717971401,0.000021442053,0.000032484412,0.000585733778,0.000466571102,0.000246302802
syn-v2-700-scratch-0052,synthetic/v2_700/images/scratch/syn-v2-700-scratch-0052.jpg,scratch,mild,scratch,YES,0.999847670396,0.999847670396,0.000070508406,0.000001295840,0.000004101316,0.000011123171,0.000044857266,0.000020439613
syn-v2-700-scratch-0030,synthetic/v2_700/images/scratch/syn-v2-700-scratch-0030.jpg,scratch,mild,scratch,YES,0.999825179577,0.999825179577,0.000051327414,0.000010370580,0.000021670468,0.000036041535,0.000022760833,0.000032618081
syn-v2-700-scratch-0051,synthetic/v2_700/images/scratch/syn-v2-700-scratch-0051.jpg,scratch,mild,scratch,YES,0.999278883139,0.999278883139,0.000232023114,0.000027046556,0.000050235819,0.000172446857,0.000168284596,0.000071117268
syn-v2-700-scratch-0059,synthetic/v2_700/images/scratch/syn-v2-700-scratch-0059.jpg,scratch,mild,scratch,YES,0.566631356875,0.566631356875,0.041696699336,0.002690042059,0.005749369351,0.112951615204,0.263343177736,0.006937710879
syn-v2-700-scratch-0086,synthetic/v2_700/images/scratch/syn-v2-700-scratch-0086.jpg,scratch,mild,scratch,YES,0.969011624654,0.969011624654,0.017494135459,0.000107552825,0.000175360149,0.002260421412,0.009211339833,0.001739537596
syn-v2-700-scratch-0063,synthetic/v2_700/images/scratch/syn-v2-700-scratch-0063.jpg,scratch,mild,scratch,YES,0.991917570432,0.991917570432,0.005331120803,0.000052356164,0.000297161803,0.001052406219,0.000793106485,0.000556246766
syn-v2-700-scratch-0033,synthetic/v2_700/images/scratch/syn-v2-700-scratch-0033.jpg,scratch,moderate,scratch,YES,0.999954064687,0.999954064687,0.000023245044,0.000003071091,0.000005581235,0.000002712128,0.000004299491,0.000007020362
syn-v2-700-scratch-0064,synthetic/v2_700/images/scratch/syn-v2-700-scratch-0064.jpg,scratch,moderate,scratch,YES,0.999877532323,0.999877532323,0.000064696157,0.000001746890,0.000003946853,0.000026278242,0.000010905956,0.000014910360
syn-v2-700-scratch-0085,synthetic/v2_700/images/scratch/syn-v2-700-scratch-0085.jpg,scratch,moderate,scratch,YES,0.994390924772,0.994390924772,0.004329782212,0.000046481920,0.000326899472,0.000393409592,0.000175080206,0.000337429650
syn-v2-700-scratch-0037,synthetic/v2_700/images/scratch/syn-v2-700-scratch-0037.jpg,scratch,moderate,scratch,YES,0.999764641126,0.999764641126,0.000053738517,0.000009998729,0.000014737711,0.000018513507,0.000026195992,0.000112222724
syn-v2-700-scratch-0038,synthetic/v2_700/images/scratch/syn-v2-700-scratch-0038.jpg,scratch,moderate,scratch,YES,0.999350488186,0.999350488186,0.000114001520,0.000047983223,0.000085920911,0.000077621036,0.000187562347,0.000136432541
syn-v2-700-scratch-0039,synthetic/v2_700/images/scratch/syn-v2-700-scratch-0039.jpg,scratch,moderate,scratch,YES,0.999684353669,0.999684353669,0.000203568651,0.000003307749,0.000008345777,0.000041310546,0.000024340887,0.000034793463
syn-v2-700-scratch-0025,synthetic/v2_700/images/scratch/syn-v2-700-scratch-0025.jpg,scratch,moderate,scratch,YES,0.999753216902,0.999753216902,0.000073807119,0.000013383382,0.000033429476,0.000018566456,0.000080115549,0.000027481459
syn-v2-700-scratch-0024,synthetic/v2_700/images/scratch/syn-v2-700-scratch-0024.jpg,scratch,moderate,scratch,YES,0.999946554502,0.999946554502,0.000009270137,0.000005562753,0.000007796340,0.000005877132,0.000006146185,0.000018770051
syn-v2-700-scratch-0019,synthetic/v2_700/images/scratch/syn-v2-700-scratch-0019.jpg,scratch,moderate,scratch,YES,0.999975085258,0.999975085258,0.000013942479,0.000001817112,0.000002894051,0.000001267487,0.000001094827,0.000003920107
syn-v2-700-scratch-0061,synthetic/v2_700/images/scratch/syn-v2-700-scratch-0061.jpg,scratch,moderate,scratch,YES,0.999828696251,0.999828696251,0.000072256598,0.000017862780,0.000031769559,0.000008809869,0.000025464824,0.000015149961
syn-v2-700-scratch-0071,synthetic/v2_700/images/scratch/syn-v2-700-scratch-0071.jpg,scratch,moderate,scratch,YES,0.999431709448,0.999431709448,0.000273619211,0.000027634042,0.000041570907,0.000028060658,0.000071685956,0.000125710942
syn-v2-700-scratch-0049,synthetic/v2_700/images/scratch/syn-v2-700-scratch-0049.jpg,scratch,moderate,scratch,YES,0.998596350352,0.998596350352,0.000474948126,0.000027302001,0.000045926944,0.000767559060,0.000046500982,0.000041379484
syn-v2-700-scratch-0099,synthetic/v2_700/images/scratch/syn-v2-700-scratch-0099.jpg,scratch,moderate,scratch,YES,0.999829789003,0.999829789003,0.000005018426,0.000003218720,0.000009240929,0.000001495827,0.000004250651,0.000146986965
syn-v2-700-scratch-0053,synthetic/v2_700/images/scratch/syn-v2-700-scratch-0053.jpg,scratch,moderate,scratch,YES,0.999812046687,0.999812046687,0.000078634481,0.000006370508,0.000017855814,0.000039098227,0.000014541944,0.000031441751
syn-v2-700-scratch-0098,synthetic/v2_700/images/scratch/syn-v2-700-scratch-0098.jpg,scratch,moderate,scratch,YES,0.999963800112,0.999963800112,0.000020753615,0.000001350868,0.000002625422,0.000001165281,0.000001936864,0.000008337101
syn-v2-700-scratch-0066,synthetic/v2_700/images/scratch/syn-v2-700-scratch-0066.jpg,scratch,moderate,scratch,YES,0.999229609966,0.999229609966,0.000227424743,0.000008742167,0.000070655156,0.000049949935,0.000062931659,0.000350733870
syn-v2-700-scratch-0032,synthetic/v2_700/images/scratch/syn-v2-700-scratch-0032.jpg,scratch,moderate,scratch,YES,0.999341309071,0.999341309071,0.000231745787,0.000030290803,0.000032759397,0.000134198036,0.000155623505,0.000074128044
syn-v2-700-scratch-0093,synthetic/v2_700/images/scratch/syn-v2-700-scratch-0093.jpg,scratch,moderate,scratch,YES,0.993558029334,0.993558029334,0.000481789515,0.000192063623,0.000411978908,0.002794960456,0.002042688497,0.000518543845
syn-v2-700-scratch-0029,synthetic/v2_700/images/scratch/syn-v2-700-scratch-0029.jpg,scratch,moderate,scratch,YES,0.999967734019,0.999967734019,0.000012492257,0.000001254238,0.000003813453,0.000003293414,0.000003494249,0.000007861923
syn-v2-700-scratch-0026,synthetic/v2_700/images/scratch/syn-v2-700-scratch-0026.jpg,scratch,moderate,scratch,YES,0.925820509593,0.925820509593,0.003357434451,0.003031741983,0.003440122799,0.015472355920,0.047072224940,0.001805660315
syn-v2-700-scratch-0012,synthetic/v2_700/images/scratch/syn-v2-700-scratch-0012.jpg,scratch,moderate,scratch,YES,0.999159117540,0.999159117540,0.000219713717,0.000031127270,0.000027496728,0.000470965485,0.000023674268,0.000067889683
syn-v2-700-scratch-0036,synthetic/v2_700/images/scratch/syn-v2-700-scratch-0036.jpg,scratch,moderate,scratch,YES,0.982359309991,0.982359309991,0.000912323711,0.000484833157,0.000833712291,0.011386765904,0.003180454786,0.000842586604
syn-v2-700-scratch-0080,synthetic/v2_700/images/scratch/syn-v2-700-scratch-0080.jpg,scratch,moderate,scratch,YES,0.999680876732,0.999680876732,0.000124916848,0.000016132699,0.000036441263,0.000003448476,0.000007678319,0.000130486655
syn-v2-700-scratch-0081,synthetic/v2_700/images/scratch/syn-v2-700-scratch-0081.jpg,scratch,moderate,scratch,YES,0.817068417867,0.817068417867,0.011828669347,0.000918009396,0.002649473880,0.102770205587,0.057922314852,0.006842946789
syn-v2-700-scratch-0041,synthetic/v2_700/images/scratch/syn-v2-700-scratch-0041.jpg,scratch,moderate,scratch,YES,0.999780635039,0.999780635039,0.000122110194,0.000019522969,0.000029217986,0.000016847148,0.000006025756,0.000025578623
syn-v2-700-scratch-0040,synthetic/v2_700/images/scratch/syn-v2-700-scratch-0040.jpg,scratch,moderate,scratch,YES,0.975363632043,0.975363632043,0.010076237144,0.000226851088,0.000962350876,0.010954545074,0.001576438750,0.000839918289
syn-v2-700-scratch-0004,synthetic/v2_700/images/scratch/syn-v2-700-scratch-0004.jpg,scratch,moderate,scratch,YES,0.999626298745,0.999626298745,0.000193579681,0.000005800979,0.000028999264,0.000052876149,0.000009595342,0.000082835037
syn-v2-700-scratch-0022,synthetic/v2_700/images/scratch/syn-v2-700-scratch-0022.jpg,scratch,moderate,scratch,YES,0.999728719393,0.999728719393,0.000056591072,0.000010661736,0.000021928347,0.000037336758,0.000029181418,0.000115613691
syn-v2-700-scratch-0062,synthetic/v2_700/images/scratch/syn-v2-700-scratch-0062.jpg,scratch,moderate,scratch,YES,0.999950806300,0.999950806300,0.000025540019,0.000004256277,0.000004995025,0.000003555606,0.000001129489,0.000009610661
syn-v2-700-scratch-0082,synthetic/v2_700/images/scratch/syn-v2-700-scratch-0082.jpg,scratch,severe,scratch,YES,0.999836842219,0.999836842219,0.000026551001,0.000005597747,0.000012375217,0.000012847709,0.000026988624,0.000078859511
syn-v2-700-scratch-0003,synthetic/v2_700/images/scratch/syn-v2-700-scratch-0003.jpg,scratch,severe,scratch,YES,0.999815384547,0.999815384547,0.000106969640,0.000009245843,0.000017238673,0.000013291950,0.000010347397,0.000027525355
syn-v2-700-scratch-0016,synthetic/v2_700/images/scratch/syn-v2-700-scratch-0016.jpg,scratch,severe,scratch,YES,0.999833842119,0.999833842119,0.000023164537,0.000002041423,0.000009983031,0.000003173840,0.000004306405,0.000123426248
syn-v2-700-scratch-0006,synthetic/v2_700/images/scratch/syn-v2-700-scratch-0006.jpg,scratch,severe,scratch,YES,0.999829411507,0.999829411507,0.000092761728,0.000016344484,0.000011525500,0.000019493914,0.000010804830,0.000019608601
syn-v2-700-scratch-0092,synthetic/v2_700/images/scratch/syn-v2-700-scratch-0092.jpg,scratch,severe,scratch,YES,0.999871234099,0.999871234099,0.000076086346,0.000011885897,0.000014407767,0.000005182766,0.000009496772,0.000011726299
syn-v2-700-scratch-0027,synthetic/v2_700/images/scratch/syn-v2-700-scratch-0027.jpg,scratch,severe,scratch,YES,0.999979138374,0.999979138374,0.000008754071,0.000001526528,0.000002490133,0.000001501918,0.000001939456,0.000004671298
syn-v2-700-scratch-0074,synthetic/v2_700/images/scratch/syn-v2-700-scratch-0074.jpg,scratch,severe,scratch,YES,0.999334176381,0.999334176381,0.000274248028,0.000065133124,0.000117357305,0.000100673096,0.000049444388,0.000058928703
syn-v2-700-scratch-0072,synthetic/v2_700/images/scratch/syn-v2-700-scratch-0072.jpg,scratch,severe,scratch,YES,0.999773283799,0.999773283799,0.000124540903,0.000010451862,0.000016440213,0.000007696539,0.000005725576,0.000061838341
syn-v2-700-scratch-0068,synthetic/v2_700/images/scratch/syn-v2-700-scratch-0068.jpg,scratch,severe,scratch,YES,0.999644478162,0.999644478162,0.000112477045,0.000008597372,0.000024105152,0.000028287285,0.000030419410,0.000151611093
syn-v2-700-scratch-0075,synthetic/v2_700/images/scratch/syn-v2-700-scratch-0075.jpg,scratch,severe,scratch,YES,0.999939322472,0.999939322472,0.000017121101,0.000002034993,0.000008251037,0.000007466865,0.000004530311,0.000021256194
syn-v2-700-scratch-0014,synthetic/v2_700/images/scratch/syn-v2-700-scratch-0014.jpg,scratch,severe,scratch,YES,0.999865710735,0.999865710735,0.000046475874,0.000004594804,0.000016839304,0.000021535740,0.000010234745,0.000034596678
syn-v2-700-scratch-0084,synthetic/v2_700/images/scratch/syn-v2-700-scratch-0084.jpg,scratch,severe,scratch,YES,0.999981045723,0.999981045723,0.000003752254,0.000001706222,0.000002273103,0.000000448940,0.000003180934,0.000007598037
syn-v2-700-scratch-0058,synthetic/v2_700/images/scratch/syn-v2-700-scratch-0058.jpg,scratch,severe,scratch,YES,0.999732295672,0.999732295672,0.000167921877,0.000004608815,0.000019285228,0.000003616036,0.000003041464,0.000069237246
syn-v2-700-scratch-0010,synthetic/v2_700/images/scratch/syn-v2-700-scratch-0010.jpg,scratch,severe,scratch,YES,0.999879439672,0.999879439672,0.000016355196,0.000005175885,0.000016555859,0.000003185422,0.000005852289,0.000073402261
syn-v2-700-surface_spot-0061,synthetic/v2_700/images/surface_spot/syn-v2-700-surface_spot-0061.jpg,surface_spot,mild,surface_spot,YES,0.997080008189,0.000114065992,0.997080008189,0.000050652584,0.002199204067,0.000121286096,0.000355095695,0.000079677180
syn-v2-700-surface_spot-0051,synthetic/v2_700/images/surface_spot/syn-v2-700-surface_spot-0051.jpg,surface_spot,mild,surface_spot,YES,0.940213600794,0.001040276188,0.940213600794,0.001658125781,0.047613797651,0.002445643671,0.004136242555,0.002892272062
syn-v2-700-surface_spot-0096,synthetic/v2_700/images/surface_spot/syn-v2-700-surface_spot-0096.jpg,surface_spot,mild,surface_spot,YES,0.999901751677,0.000016988546,0.999901751677,0.000001229999,0.000030338082,0.000020442061,0.000023952629,0.000005355404
syn-v2-700-surface_spot-0042,synthetic/v2_700/images/surface_spot/syn-v2-700-surface_spot-0042.jpg,surface_spot,mild,surface_spot,YES,0.999095777671,0.000028730406,0.999095777671,0.000010134790,0.000427952731,0.000331715244,0.000084593195,0.000021187734
syn-v2-700-surface_spot-0002,synthetic/v2_700/images/surface_spot/syn-v2-700-surface_spot-0002.jpg,surface_spot,mild,surface_spot,YES,0.944983283679,0.002191813503,0.944983283679,0.000272876166,0.050064999771,0.001053070933,0.000777899224,0.000656012309
syn-v2-700-surface_spot-0013,synthetic/v2_700/images/surface_spot/syn-v2-700-surface_spot-0013.jpg,surface_spot,mild,surface_spot,YES,0.998352587223,0.000037882638,0.998352587223,0.000013067337,0.000998583077,0.000414535452,0.000148822711,0.000034555945
syn-v2-700-surface_spot-0012,synthetic/v2_700/images/surface_spot/syn-v2-700-surface_spot-0012.jpg,surface_spot,mild,surface_spot,YES,0.999257345994,0.000050602137,0.999257345994,0.000006821745,0.000535454896,0.000060607510,0.000065594091,0.000023611471
syn-v2-700-surface_spot-0031,synthetic/v2_700/images/surface_spot/syn-v2-700-surface_spot-0031.jpg,surface_spot,mild,surface_spot,YES,0.938223143419,0.001319685640,0.938223143419,0.000442447656,0.055452572492,0.001045877977,0.002431526508,0.001084772336
syn-v2-700-surface_spot-0041,synthetic/v2_700/images/surface_spot/syn-v2-700-surface_spot-0041.jpg,surface_spot,mild,surface_spot,YES,0.891415119171,0.000806203294,0.891415119171,0.000652362072,0.099146325878,0.001605897791,0.005663317813,0.000710781356
syn-v2-700-surface_spot-0023,synthetic/v2_700/images/surface_spot/syn-v2-700-surface_spot-0023.jpg,surface_spot,mild,surface_spot,YES,0.999158680439,0.000063360207,0.999158680439,0.000025593561,0.000395793014,0.000061065669,0.000266562660,0.000028864611
syn-v2-700-surface_spot-0010,synthetic/v2_700/images/surface_spot/syn-v2-700-surface_spot-0010.jpg,surface_spot,mild,surface_spot,YES,0.998955925306,0.000049056896,0.998955925306,0.000004812238,0.000432774896,0.000363130725,0.000166897991,0.000027429964
syn-v2-700-surface_spot-0036,synthetic/v2_700/images/surface_spot/syn-v2-700-surface_spot-0036.jpg,surface_spot,mild,surface_spot,YES,0.997398793697,0.000237691114,0.997398793697,0.000049578247,0.001264481155,0.000780360628,0.000176228462,0.000092875848
syn-v2-700-surface_spot-0056,synthetic/v2_700/images/surface_spot/syn-v2-700-surface_spot-0056.jpg,surface_spot,mild,surface_spot,YES,0.998580654462,0.000097243491,0.998580654462,0.000014514306,0.000594479199,0.000322601906,0.000312519985,0.000077944479
syn-v2-700-surface_spot-0075,synthetic/v2_700/images/surface_spot/syn-v2-700-surface_spot-0075.jpg,surface_spot,mild,surface_spot,YES,0.999204715093,0.000042183890,0.999204715093,0.000003819503,0.000613235448,0.000042788932,0.000075445925,0.000017859214
syn-v2-700-surface_spot-0040,synthetic/v2_700/images/surface_spot/syn-v2-700-surface_spot-0040.jpg,surface_spot,mild,surface_spot,YES,0.999245166779,0.000105867556,0.999245166779,0.000008499585,0.000434806878,0.000074013279,0.000096753029,0.000034906733
syn-v2-700-surface_spot-0035,synthetic/v2_700/images/surface_spot/syn-v2-700-surface_spot-0035.jpg,surface_spot,mild,surface_spot,YES,0.754477083683,0.003222201543,0.754477083683,0.002119460609,0.217362818037,0.008401156946,0.012411913058,0.002005364629
syn-v2-700-surface_spot-0093,synthetic/v2_700/images/surface_spot/syn-v2-700-surface_spot-0093.jpg,surface_spot,mild,surface_spot,YES,0.995608846347,0.000376268808,0.995608846347,0.000036701978,0.002497633322,0.000785557146,0.000517185175,0.000177765424
syn-v2-700-surface_spot-0017,synthetic/v2_700/images/surface_spot/syn-v2-700-surface_spot-0017.jpg,surface_spot,mild,surface_spot,YES,0.762220919132,0.001556454537,0.762220919132,0.003672933478,0.224895731856,0.001533021733,0.003060374040,0.003060522237
syn-v2-700-surface_spot-0087,synthetic/v2_700/images/surface_spot/syn-v2-700-surface_spot-0087.jpg,surface_spot,mild,surface_spot,YES,0.993155638377,0.000628441658,0.993155638377,0.000054533497,0.003402939904,0.000527661073,0.002040881225,0.000189852492
syn-v2-700-surface_spot-0073,synthetic/v2_700/images/surface_spot/syn-v2-700-surface_spot-0073.jpg,surface_spot,mild,surface_spot,YES,0.996928890546,0.000289309024,0.996928890546,0.000041225960,0.001980506913,0.000204837093,0.000470452623,0.000084797888
syn-v2-700-surface_spot-0074,synthetic/v2_700/images/surface_spot/syn-v2-700-surface_spot-0074.jpg,surface_spot,mild,surface_spot,YES,0.993389546871,0.000183314058,0.993389546871,0.000287072213,0.004378831949,0.000128700603,0.001527511592,0.000105036971
syn-v2-700-surface_spot-0016,synthetic/v2_700/images/surface_spot/syn-v2-700-surface_spot-0016.jpg,surface_spot,mild,surface_spot,YES,0.753433694442,0.001852708519,0.753433694442,0.001313077664,0.227066455098,0.005514396743,0.009900965883,0.000918711089
syn-v2-700-surface_spot-0085,synthetic/v2_700/images/surface_spot/syn-v2-700-surface_spot-0085.jpg,surface_spot,mild,surface_spot,YES,0.999390780926,0.000086737172,0.999390780926,0.000006537054,0.000312346891,0.000072137046,0.000103087232,0.000028398626
syn-v2-700-surface_spot-0086,synthetic/v2_700/images/surface_spot/syn-v2-700-surface_spot-0086.jpg,surface_spot,mild,surface_spot,YES,0.857420643171,0.004057120158,0.857420643171,0.001376844341,0.103014237597,0.026447704042,0.006178017900,0.001505446101
syn-v2-700-surface_spot-0007,synthetic/v2_700/images/surface_spot/syn-v2-700-surface_spot-0007.jpg,surface_spot,mild,surface_spot,YES,0.999539275964,0.000073381770,0.999539275964,0.000004913968,0.000141787814,0.000133807217,0.000072968894,0.000033890595
syn-v2-700-surface_spot-0026,synthetic/v2_700/images/surface_spot/syn-v2-700-surface_spot-0026.jpg,surface_spot,mild,surface_spot,YES,0.989261507988,0.000311801269,0.989261507988,0.000124291307,0.009024148453,0.000387400505,0.000764329770,0.000126529191
syn-v2-700-surface_spot-0000,synthetic/v2_700/images/surface_spot/syn-v2-700-surface_spot-0000.jpg,surface_spot,mild,surface_spot,YES,0.997965594133,0.000158619279,0.997965594133,0.000011669271,0.001065941232,0.000199354936,0.000536516534,0.000062299696
syn-v2-700-surface_spot-0003,synthetic/v2_700/images/surface_spot/syn-v2-700-surface_spot-0003.jpg,surface_spot,mild,surface_spot,YES,0.996190528075,0.000463207597,0.996190528075,0.000073298054,0.001922441083,0.000614127947,0.000582928415,0.000153463356
syn-v2-700-surface_spot-0022,synthetic/v2_700/images/surface_spot/syn-v2-700-surface_spot-0022.jpg,surface_spot,mild,surface_spot,YES,0.999292512735,0.000101237902,0.999292512735,0.000006646952,0.000147776825,0.000209532809,0.000214579384,0.000027701920
syn-v2-700-surface_spot-0091,synthetic/v2_700/images/surface_spot/syn-v2-700-surface_spot-0091.jpg,surface_spot,moderate,surface_spot,YES,0.997273921967,0.000229316011,0.997273921967,0.000073685458,0.002092963627,0.000088295254,0.000169221440,0.000072579909
syn-v2-700-surface_spot-0079,synthetic/v2_700/images/surface_spot/syn-v2-700-surface_spot-0079.jpg,surface_spot,moderate,surface_spot,YES,0.998167951902,0.000192526820,0.998167951902,0.000049858041,0.000454003493,0.000240975576,0.000772689663,0.000122011952
syn-v2-700-surface_spot-0032,synthetic/v2_700/images/surface_spot/syn-v2-700-surface_spot-0032.jpg,surface_spot,moderate,surface_spot,YES,0.999742488066,0.000074897188,0.999742488066,0.000010116470,0.000054528155,0.000035595756,0.000054581341,0.000027769899
syn-v2-700-surface_spot-0080,synthetic/v2_700/images/surface_spot/syn-v2-700-surface_spot-0080.jpg,surface_spot,moderate,surface_spot,YES,0.999635815620,0.000039916676,0.999635815620,0.000004548891,0.000225826276,0.000018494935,0.000058550245,0.000016860623
syn-v2-700-surface_spot-0098,synthetic/v2_700/images/surface_spot/syn-v2-700-surface_spot-0098.jpg,surface_spot,moderate,surface_spot,YES,0.999714334806,0.000014298889,0.999714334806,0.000004219456,0.000196055184,0.000040209864,0.000022351427,0.000008489988
syn-v2-700-surface_spot-0081,synthetic/v2_700/images/surface_spot/syn-v2-700-surface_spot-0081.jpg,surface_spot,moderate,surface_spot,YES,0.999741554260,0.000052276122,0.999741554260,0.000008659799,0.000090950333,0.000063317389,0.000030939876,0.000012278447
syn-v2-700-surface_spot-0067,synthetic/v2_700/images/surface_spot/syn-v2-700-surface_spot-0067.jpg,surface_spot,moderate,surface_spot,YES,0.999782502651,0.000023297274,0.999782502651,0.000006830541,0.000098116348,0.000048161111,0.000029339943,0.000011768834
syn-v2-700-surface_spot-0066,synthetic/v2_700/images/surface_spot/syn-v2-700-surface_spot-0066.jpg,surface_spot,moderate,surface_spot,YES,0.983092923959,0.000513567810,0.983092923959,0.000389007584,0.013365481573,0.000200636647,0.001701544451,0.000736794323
syn-v2-700-surface_spot-0014,synthetic/v2_700/images/surface_spot/syn-v2-700-surface_spot-0014.jpg,surface_spot,moderate,surface_spot,YES,0.999866088231,0.000019765858,0.999866088231,0.000001495479,0.000062539819,0.000016837864,0.000027654467,0.000005568900
syn-v2-700-surface_spot-0009,synthetic/v2_700/images/surface_spot/syn-v2-700-surface_spot-0009.jpg,surface_spot,moderate,surface_spot,YES,0.998992562294,0.000066003029,0.998992562294,0.000033982828,0.000715394527,0.000096597311,0.000058528001,0.000036885160
syn-v2-700-surface_spot-0008,synthetic/v2_700/images/surface_spot/syn-v2-700-surface_spot-0008.jpg,surface_spot,moderate,surface_spot,YES,0.999731977781,0.000040456505,0.999731977781,0.000004110695,0.000181200421,0.000010218146,0.000018991534,0.000013133509
syn-v2-700-surface_spot-0054,synthetic/v2_700/images/surface_spot/syn-v2-700-surface_spot-0054.jpg,surface_spot,moderate,surface_spot,YES,0.999242941538,0.000077534666,0.999242941538,0.000019013072,0.000149786438,0.000121877774,0.000316664722,0.000072171342
syn-v2-700-surface_spot-0084,synthetic/v2_700/images/surface_spot/syn-v2-700-surface_spot-0084.jpg,surface_spot,moderate,surface_spot,YES,0.991331756115,0.000816022832,0.991331756115,0.000795074433,0.004115735899,0.000975831160,0.001325918071,0.000639666357
syn-v2-700-surface_spot-0028,synthetic/v2_700/images/surface_spot/syn-v2-700-surface_spot-0028.jpg,surface_spot,moderate,surface_spot,YES,0.983661035697,0.000314054543,0.983661035697,0.000266592854,0.014437612146,0.000548184015,0.000329186415,0.000443354482
syn-v2-700-surface_spot-0052,synthetic/v2_700/images/surface_spot/syn-v2-700-surface_spot-0052.jpg,surface_spot,moderate,surface_spot,YES,0.999318599701,0.000033744322,0.999318599701,0.000008073534,0.000382562248,0.000020160108,0.000187405492,0.000049411624
syn-v2-700-surface_spot-0099,synthetic/v2_700/images/surface_spot/syn-v2-700-surface_spot-0099.jpg,surface_spot,moderate,surface_spot,YES,0.997823337714,0.000093634461,0.997823337714,0.000013570151,0.001728017984,0.000146780116,0.000141380527,0.000053299675
syn-v2-700-surface_spot-0050,synthetic/v2_700/images/surface_spot/syn-v2-700-surface_spot-0050.jpg,surface_spot,moderate,surface_spot,YES,0.985236028830,0.000400926253,0.985236028830,0.000344609138,0.009739362186,0.000537670921,0.002991661759,0.000749780650
syn-v2-700-surface_spot-0029,synthetic/v2_700/images/surface_spot/syn-v2-700-surface_spot-0029.jpg,surface_spot,moderate,surface_spot,YES,0.999835391839,0.000027551168,0.999835391839,0.000002418024,0.000024211474,0.000062354890,0.000036212922,0.000011798819
syn-v2-700-surface_spot-0065,synthetic/v2_700/images/surface_spot/syn-v2-700-surface_spot-0065.jpg,surface_spot,moderate,surface_spot,YES,0.999948819478,0.000021060484,0.999948819478,0.000001018465,0.000014037942,0.000004671241,0.000006277853,0.000004013695
syn-v2-700-surface_spot-0015,synthetic/v2_700/images/surface_spot/syn-v2-700-surface_spot-0015.jpg,surface_spot,moderate,surface_spot,YES,0.999663015207,0.000108199765,0.999663015207,0.000010181836,0.000049242690,0.000084199204,0.000046073061,0.000039063542
syn-v2-700-surface_spot-0006,synthetic/v2_700/images/surface_spot/syn-v2-700-surface_spot-0006.jpg,surface_spot,moderate,surface_spot,YES,0.999755740166,0.000026732395,0.999755740166,0.000002594846,0.000075444447,0.000031821722,0.000079645315,0.000027967972
syn-v2-700-surface_spot-0069,synthetic/v2_700/images/surface_spot/syn-v2-700-surface_spot-0069.jpg,surface_spot,moderate,surface_spot,YES,0.999875783920,0.000018398586,0.999875783920,0.000001802776,0.000080115786,0.000012154700,0.000005347023,0.000006436683
syn-v2-700-surface_spot-0078,synthetic/v2_700/images/surface_spot/syn-v2-700-surface_spot-0078.jpg,surface_spot,moderate,surface_spot,YES,0.999852518241,0.000055228820,0.999852518241,0.000001960358,0.000050845634,0.000018419738,0.000013269105,0.000007774096
syn-v2-700-surface_spot-0068,synthetic/v2_700/images/surface_spot/syn-v2-700-surface_spot-0068.jpg,surface_spot,moderate,surface_spot,YES,0.997867306074,0.001183222582,0.997867306074,0.000076485171,0.000581523151,0.000071016667,0.000146055931,0.000074404129
syn-v2-700-surface_spot-0057,synthetic/v2_700/images/surface_spot/syn-v2-700-surface_spot-0057.jpg,surface_spot,moderate,surface_spot,YES,0.997087657452,0.000508289331,0.997087657452,0.000044425228,0.002143996132,0.000027218449,0.000063211347,0.000125210461
syn-v2-700-surface_spot-0058,synthetic/v2_700/images/surface_spot/syn-v2-700-surface_spot-0058.jpg,surface_spot,moderate,surface_spot,YES,0.999581217766,0.000027267615,0.999581217766,0.000004763038,0.000226501501,0.000071675246,0.000067778135,0.000020832107
syn-v2-700-surface_spot-0030,synthetic/v2_700/images/surface_spot/syn-v2-700-surface_spot-0030.jpg,surface_spot,moderate,surface_spot,YES,0.999891698360,0.000024703255,0.999891698360,0.000002010150,0.000028917150,0.000020771714,0.000025214688,0.000006712681
syn-v2-700-surface_spot-0019,synthetic/v2_700/images/surface_spot/syn-v2-700-surface_spot-0019.jpg,surface_spot,moderate,surface_spot,YES,0.997237682343,0.000170415437,0.997237682343,0.000052915748,0.001004529857,0.000494175263,0.000934116746,0.000106231929
syn-v2-700-surface_spot-0063,synthetic/v2_700/images/surface_spot/syn-v2-700-surface_spot-0063.jpg,surface_spot,moderate,surface_spot,YES,0.961947600047,0.000819509044,0.961947600047,0.001222914240,0.019889444603,0.012559442315,0.003092945224,0.000468107227
syn-v2-700-surface_spot-0072,synthetic/v2_700/images/surface_spot/syn-v2-700-surface_spot-0072.jpg,surface_spot,severe,surface_spot,YES,0.996232012908,0.000497794185,0.996232012908,0.000208967683,0.002461637376,0.000087133515,0.000355343818,0.000157152276
syn-v2-700-surface_spot-0020,synthetic/v2_700/images/surface_spot/syn-v2-700-surface_spot-0020.jpg,surface_spot,severe,surface_spot,YES,0.999759296576,0.000050847674,0.999759296576,0.000015439142,0.000116236819,0.000013312992,0.000023229054,0.000021648779
syn-v2-700-surface_spot-0038,synthetic/v2_700/images/surface_spot/syn-v2-700-surface_spot-0038.jpg,surface_spot,severe,surface_spot,YES,0.995843450228,0.001218762278,0.995843450228,0.000359757032,0.000968069352,0.000485937785,0.000927350430,0.000196672770
syn-v2-700-surface_spot-0044,synthetic/v2_700/images/surface_spot/syn-v2-700-surface_spot-0044.jpg,surface_spot,severe,surface_spot,YES,0.999872028828,0.000039455552,0.999872028828,0.000004867044,0.000058305486,0.000007259660,0.000010009182,0.000008108385
syn-v2-700-surface_spot-0062,synthetic/v2_700/images/surface_spot/syn-v2-700-surface_spot-0062.jpg,surface_spot,severe,surface_spot,YES,0.999852776527,0.000011694108,0.999852776527,0.000008456371,0.000078863134,0.000012346520,0.000025048800,0.000010797088
syn-v2-700-surface_spot-0094,synthetic/v2_700/images/surface_spot/syn-v2-700-surface_spot-0094.jpg,surface_spot,severe,surface_spot,YES,0.999309400717,0.000116734303,0.999309400717,0.000019957820,0.000331834027,0.000084682639,0.000081654200,0.000055773702
syn-v2-700-surface_spot-0055,synthetic/v2_700/images/surface_spot/syn-v2-700-surface_spot-0055.jpg,surface_spot,severe,surface_spot,YES,0.999729752541,0.000070069199,0.999729752541,0.000006686313,0.000151481934,0.000009147030,0.000016565188,0.000016271232
syn-v2-700-surface_spot-0089,synthetic/v2_700/images/surface_spot/syn-v2-700-surface_spot-0089.jpg,surface_spot,severe,surface_spot,YES,0.999894738197,0.000037576419,0.999894738197,0.000005964984,0.000024548305,0.000007580728,0.000016546364,0.000012995261
syn-v2-700-surface_spot-0043,synthetic/v2_700/images/surface_spot/syn-v2-700-surface_spot-0043.jpg,surface_spot,severe,surface_spot,YES,0.999347507954,0.000378115219,0.999347507954,0.000013403625,0.000157316052,0.000024553792,0.000041719610,0.000037391885
syn-v2-700-surface_spot-0005,synthetic/v2_700/images/surface_spot/syn-v2-700-surface_spot-0005.jpg,surface_spot,severe,surface_spot,YES,0.999793251355,0.000052535934,0.999793251355,0.000005984489,0.000077405779,0.000034165931,0.000022246810,0.000014393432
syn-v2-700-surface_spot-0045,synthetic/v2_700/images/surface_spot/syn-v2-700-surface_spot-0045.jpg,surface_spot,severe,surface_spot,YES,0.999102155368,0.000058320304,0.999102155368,0.000337235292,0.000373095061,0.000027999406,0.000033656387,0.000067497485
syn-v2-700-surface_spot-0083,synthetic/v2_700/images/surface_spot/syn-v2-700-surface_spot-0083.jpg,surface_spot,severe,surface_spot,YES,0.999895036221,0.000023309251,0.999895036221,0.000003998705,0.000051502569,0.000004474527,0.000011403200,0.000010308055
syn-v2-700-surface_spot-0059,synthetic/v2_700/images/surface_spot/syn-v2-700-surface_spot-0059.jpg,surface_spot,severe,surface_spot,YES,0.889774998029,0.004473286293,0.889774998029,0.046483702958,0.054235115647,0.000152432864,0.000583394877,0.004297060271
syn-v2-700-surface_spot-0039,synthetic/v2_700/images/surface_spot/syn-v2-700-surface_spot-0039.jpg,surface_spot,severe,surface_spot,YES,0.999870518843,0.000028481915,0.999870518843,0.000004157683,0.000052375900,0.000016006312,0.000019727674,0.000008735218
syn-v2-700-discoloration-0087,synthetic/v2_700/images/discoloration/syn-v2-700-discoloration-0087.jpg,discoloration,mild,discoloration,YES,0.999401211739,0.000014368663,0.000262593304,0.999401211739,0.000093037534,0.000116185503,0.000050124126,0.000062477546
syn-v2-700-discoloration-0026,synthetic/v2_700/images/discoloration/syn-v2-700-discoloration-0026.jpg,discoloration,mild,discoloration,YES,0.999810576439,0.000013216427,0.000030754083,0.999810576439,0.000032816239,0.000053487452,0.000028619671,0.000030520625
syn-v2-700-discoloration-0064,synthetic/v2_700/images/discoloration/syn-v2-700-discoloration-0064.jpg,discoloration,mild,discoloration,YES,0.999848465125,0.000004853410,0.000026595583,0.999848465125,0.000067253396,0.000019488743,0.000019074419,0.000014275527
syn-v2-700-discoloration-0008,synthetic/v2_700/images/discoloration/syn-v2-700-discoloration-0008.jpg,discoloration,mild,discoloration,YES,0.999483446280,0.000009808350,0.000071895693,0.999483446280,0.000202196878,0.000114906480,0.000085748707,0.000031997364
syn-v2-700-discoloration-0035,synthetic/v2_700/images/discoloration/syn-v2-700-discoloration-0035.jpg,discoloration,mild,discoloration,YES,0.998601555824,0.000046680931,0.000415532064,0.998601555824,0.000126703167,0.000308202196,0.000323027896,0.000178347545
syn-v2-700-discoloration-0029,synthetic/v2_700/images/discoloration/syn-v2-700-discoloration-0029.jpg,discoloration,mild,discoloration,YES,0.999540686607,0.000021622858,0.000035424571,0.999540686607,0.000193185804,0.000084635953,0.000075769879,0.000048705937
syn-v2-700-discoloration-0084,synthetic/v2_700/images/discoloration/syn-v2-700-discoloration-0084.jpg,discoloration,mild,body_chip,NO,0.570017288129,0.004926656198,0.021928951726,0.330357254793,0.004127201702,0.064485971195,0.570017288129,0.004156636986
syn-v2-700-discoloration-0067,synthetic/v2_700/images/discoloration/syn-v2-700-discoloration-0067.jpg,discoloration,mild,discoloration,YES,0.986410399278,0.000190621591,0.001920255386,0.986410399278,0.002305063264,0.006252595767,0.002104426268,0.000816581858
syn-v2-700-discoloration-0034,synthetic/v2_700/images/discoloration/syn-v2-700-discoloration-0034.jpg,discoloration,mild,discoloration,YES,0.999616781871,0.000025365311,0.000160233920,0.999616781871,0.000056010494,0.000089959751,0.000019847574,0.000031846367
syn-v2-700-discoloration-0043,synthetic/v2_700/images/discoloration/syn-v2-700-discoloration-0043.jpg,discoloration,mild,discoloration,YES,0.998627603054,0.000093978738,0.000430938058,0.998627603054,0.000460222863,0.000133745196,0.000072343071,0.000181173377
syn-v2-700-discoloration-0062,synthetic/v2_700/images/discoloration/syn-v2-700-discoloration-0062.jpg,discoloration,mild,discoloration,YES,0.998260815938,0.000086350442,0.000585242255,0.998260815938,0.000292644613,0.000417998097,0.000114469983,0.000242532284
syn-v2-700-discoloration-0079,synthetic/v2_700/images/discoloration/syn-v2-700-discoloration-0079.jpg,discoloration,mild,discoloration,YES,0.997979402542,0.000023493502,0.000351935814,0.997979402542,0.000178284764,0.000330307543,0.001030686670,0.000105895119
syn-v2-700-discoloration-0090,synthetic/v2_700/images/discoloration/syn-v2-700-discoloration-0090.jpg,discoloration,mild,discoloration,YES,0.999287684759,0.000041788600,0.000162836036,0.999287684759,0.000141859394,0.000112208400,0.000139904264,0.000113731567
syn-v2-700-discoloration-0038,synthetic/v2_700/images/discoloration/syn-v2-700-discoloration-0038.jpg,discoloration,mild,discoloration,YES,0.999862531821,0.000003907635,0.000023626180,0.999862531821,0.000050184878,0.000022234477,0.000017249741,0.000020226861
syn-v2-700-discoloration-0004,synthetic/v2_700/images/discoloration/syn-v2-700-discoloration-0004.jpg,discoloration,mild,discoloration,YES,0.999930143356,0.000003917202,0.000008239643,0.999930143356,0.000034400098,0.000008068933,0.000006223795,0.000008974171
syn-v2-700-discoloration-0044,synthetic/v2_700/images/discoloration/syn-v2-700-discoloration-0044.jpg,discoloration,mild,discoloration,YES,0.999881625175,0.000002297424,0.000021965916,0.999881625175,0.000037545822,0.000034843537,0.000015580455,0.000006155391
syn-v2-700-discoloration-0050,synthetic/v2_700/images/discoloration/syn-v2-700-discoloration-0050.jpg,discoloration,mild,discoloration,YES,0.999618291855,0.000004732997,0.000004609670,0.999618291855,0.000226090837,0.000127045292,0.000006870017,0.000012373563
syn-v2-700-discoloration-0005,synthetic/v2_700/images/discoloration/syn-v2-700-discoloration-0005.jpg,discoloration,mild,discoloration,YES,0.999944210052,0.000002345822,0.000005042322,0.999944210052,0.000032696734,0.000004885158,0.000005855340,0.000004984736
syn-v2-700-discoloration-0093,synthetic/v2_700/images/discoloration/syn-v2-700-discoloration-0093.jpg,discoloration,mild,discoloration,YES,0.999406039715,0.000032403635,0.000148665926,0.999406039715,0.000125369437,0.000151148486,0.000075645143,0.000060733604
syn-v2-700-discoloration-0096,synthetic/v2_700/images/discoloration/syn-v2-700-discoloration-0096.jpg,discoloration,mild,discoloration,YES,0.999534368515,0.000076376926,0.000038777217,0.999534368515,0.000131274963,0.000090139886,0.000075177666,0.000053908971
syn-v2-700-discoloration-0012,synthetic/v2_700/images/discoloration/syn-v2-700-discoloration-0012.jpg,discoloration,mild,discoloration,YES,0.999654511611,0.000004605694,0.000036218236,0.999654511611,0.000066791590,0.000202600068,0.000024275434,0.000011005208
syn-v2-700-discoloration-0077,synthetic/v2_700/images/discoloration/syn-v2-700-discoloration-0077.jpg,discoloration,mild,discoloration,YES,0.999916752179,0.000006434523,0.000011477346,0.999916752179,0.000027097366,0.000020919090,0.000006085836,0.000011226121
syn-v2-700-discoloration-0056,synthetic/v2_700/images/discoloration/syn-v2-700-discoloration-0056.jpg,discoloration,mild,discoloration,YES,0.999972979228,0.000001061571,0.000003954565,0.999972979228,0.000006498188,0.000004496066,0.000004927655,0.000006079061
syn-v2-700-discoloration-0088,synthetic/v2_700/images/discoloration/syn-v2-700-discoloration-0088.jpg,discoloration,mild,discoloration,YES,0.998074968656,0.000036451454,0.000586690100,0.998074968656,0.000782441746,0.000261117074,0.000113905421,0.000144411248
syn-v2-700-discoloration-0076,synthetic/v2_700/images/discoloration/syn-v2-700-discoloration-0076.jpg,discoloration,mild,discoloration,YES,0.999246378740,0.000013900660,0.000233887430,0.999246378740,0.000195698919,0.000074095358,0.000058068978,0.000177957828
syn-v2-700-discoloration-0014,synthetic/v2_700/images/discoloration/syn-v2-700-discoloration-0014.jpg,discoloration,mild,discoloration,YES,0.998413980007,0.000104236547,0.000513534382,0.998413980007,0.000195898977,0.000483882788,0.000128142799,0.000160320941
syn-v2-700-discoloration-0021,synthetic/v2_700/images/discoloration/syn-v2-700-discoloration-0021.jpg,discoloration,mild,discoloration,YES,0.999860167503,0.000003600857,0.000016996358,0.999860167503,0.000030323861,0.000021825357,0.000042121438,0.000024986807
syn-v2-700-discoloration-0030,synthetic/v2_700/images/discoloration/syn-v2-700-discoloration-0030.jpg,discoloration,mild,discoloration,YES,0.999823053678,0.000007831779,0.000028288575,0.999823053678,0.000047470869,0.000035937150,0.000042139861,0.000015214387
syn-v2-700-discoloration-0060,synthetic/v2_700/images/discoloration/syn-v2-700-discoloration-0060.jpg,discoloration,mild,discoloration,YES,0.998949368795,0.000042896202,0.000278875246,0.998949368795,0.000164738762,0.000431425549,0.000083752154,0.000048949857
syn-v2-700-discoloration-0036,synthetic/v2_700/images/discoloration/syn-v2-700-discoloration-0036.jpg,discoloration,moderate,discoloration,YES,0.999771773815,0.000014152453,0.000012527939,0.999771773815,0.000136738597,0.000008259182,0.000035816157,0.000020692324
syn-v2-700-discoloration-0055,synthetic/v2_700/images/discoloration/syn-v2-700-discoloration-0055.jpg,discoloration,moderate,discoloration,YES,0.999839703242,0.000009380183,0.000031859320,0.999839703242,0.000080033613,0.000009997441,0.000010110043,0.000018888191
syn-v2-700-discoloration-0091,synthetic/v2_700/images/discoloration/syn-v2-700-discoloration-0091.jpg,discoloration,moderate,discoloration,YES,0.999826073647,0.000007641114,0.000083566376,0.999826073647,0.000024853143,0.000013139730,0.000022306673,0.000022440459
syn-v2-700-discoloration-0099,synthetic/v2_700/images/discoloration/syn-v2-700-discoloration-0099.jpg,discoloration,moderate,discoloration,YES,0.999786158403,0.000010550964,0.000042510388,0.999786158403,0.000044515724,0.000030854875,0.000041487687,0.000043946945
syn-v2-700-discoloration-0019,synthetic/v2_700/images/discoloration/syn-v2-700-discoloration-0019.jpg,discoloration,moderate,discoloration,YES,0.999965826670,0.000001230126,0.000012667495,0.999965826670,0.000006838786,0.000005511327,0.000001897684,0.000006020634
syn-v2-700-discoloration-0069,synthetic/v2_700/images/discoloration/syn-v2-700-discoloration-0069.jpg,discoloration,moderate,discoloration,YES,0.996016959349,0.000267738083,0.000410865661,0.996016959349,0.000950053664,0.001517712090,0.000640323025,0.000196327637
syn-v2-700-discoloration-0032,synthetic/v2_700/images/discoloration/syn-v2-700-discoloration-0032.jpg,discoloration,moderate,discoloration,YES,0.999899188677,0.000005161985,0.000015464307,0.999899188677,0.000025944768,0.000013706460,0.000006569445,0.000033915292
syn-v2-700-discoloration-0037,synthetic/v2_700/images/discoloration/syn-v2-700-discoloration-0037.jpg,discoloration,moderate,discoloration,YES,0.999449690183,0.000015363326,0.000280797962,0.999449690183,0.000099417094,0.000071361454,0.000021867132,0.000061533231
syn-v2-700-discoloration-0051,synthetic/v2_700/images/discoloration/syn-v2-700-discoloration-0051.jpg,discoloration,moderate,discoloration,YES,0.999297479788,0.000013377183,0.000241223976,0.999297479788,0.000228191204,0.000064026170,0.000064783744,0.000090951736
syn-v2-700-discoloration-0000,synthetic/v2_700/images/discoloration/syn-v2-700-discoloration-0000.jpg,discoloration,moderate,discoloration,YES,0.998239596685,0.000130033489,0.000221474591,0.998239596685,0.000492641256,0.000563037785,0.000127713841,0.000225563184
syn-v2-700-discoloration-0081,synthetic/v2_700/images/discoloration/syn-v2-700-discoloration-0081.jpg,discoloration,moderate,discoloration,YES,0.999976793925,0.000001368091,0.000002995306,0.999976793925,0.000016483030,0.000000597594,0.000000646362,0.000001120690
syn-v2-700-discoloration-0092,synthetic/v2_700/images/discoloration/syn-v2-700-discoloration-0092.jpg,discoloration,moderate,discoloration,YES,0.999898533026,0.000005956882,0.000022955989,0.999898533026,0.000059376446,0.000003767181,0.000002730308,0.000006682118
syn-v2-700-discoloration-0006,synthetic/v2_700/images/discoloration/syn-v2-700-discoloration-0006.jpg,discoloration,moderate,discoloration,YES,0.999748428663,0.000010927799,0.000108823286,0.999748428663,0.000035760831,0.000052777011,0.000019062871,0.000024240707
syn-v2-700-discoloration-0031,synthetic/v2_700/images/discoloration/syn-v2-700-discoloration-0031.jpg,discoloration,moderate,discoloration,YES,0.999762117863,0.000010722365,0.000090089323,0.999762117863,0.000066601098,0.000026862513,0.000022229644,0.000021339920
syn-v2-700-discoloration-0094,synthetic/v2_700/images/discoloration/syn-v2-700-discoloration-0094.jpg,discoloration,moderate,discoloration,YES,0.999914944172,0.000006555092,0.000022656571,0.999914944172,0.000027154853,0.000014026125,0.000003249332,0.000011428737
syn-v2-700-discoloration-0033,synthetic/v2_700/images/discoloration/syn-v2-700-discoloration-0033.jpg,discoloration,moderate,discoloration,YES,0.999920884768,0.000009663527,0.000013349223,0.999920884768,0.000029823658,0.000006601672,0.000009004178,0.000010718165
syn-v2-700-discoloration-0011,synthetic/v2_700/images/discoloration/syn-v2-700-discoloration-0011.jpg,discoloration,moderate,discoloration,YES,0.999956409136,0.000001192801,0.000002475900,0.999956409136,0.000030385711,0.000003274824,0.000004612760,0.000001605301
syn-v2-700-discoloration-0052,synthetic/v2_700/images/discoloration/syn-v2-700-discoloration-0052.jpg,discoloration,moderate,discoloration,YES,0.999840537707,0.000007098939,0.000039043758,0.999840537707,0.000063768104,0.000024824428,0.000010842801,0.000013898221
syn-v2-700-discoloration-0046,synthetic/v2_700/images/discoloration/syn-v2-700-discoloration-0046.jpg,discoloration,moderate,discoloration,YES,0.999991734823,0.000000527765,0.000001235542,0.999991734823,0.000002888165,0.000001262226,0.000000751249,0.000001556214
syn-v2-700-discoloration-0020,synthetic/v2_700/images/discoloration/syn-v2-700-discoloration-0020.jpg,discoloration,moderate,discoloration,YES,0.999897638957,0.000010349573,0.000036813170,0.999897638957,0.000035936015,0.000007342223,0.000006330125,0.000005646336
syn-v2-700-discoloration-0083,synthetic/v2_700/images/discoloration/syn-v2-700-discoloration-0083.jpg,discoloration,moderate,discoloration,YES,0.999713460604,0.000017222039,0.000147532435,0.999713460604,0.000065347958,0.000012322709,0.000021958458,0.000022241348
syn-v2-700-discoloration-0022,synthetic/v2_700/images/discoloration/syn-v2-700-discoloration-0022.jpg,discoloration,moderate,discoloration,YES,0.999732653300,0.000029500457,0.000050789902,0.999732653300,0.000064749556,0.000055067193,0.000038391280,0.000028806594
syn-v2-700-discoloration-0063,synthetic/v2_700/images/discoloration/syn-v2-700-discoloration-0063.jpg,discoloration,moderate,discoloration,YES,0.999937812487,0.000003284253,0.000005415889,0.999937812487,0.000031831160,0.000008934554,0.000006157087,0.000006547672
syn-v2-700-discoloration-0059,synthetic/v2_700/images/discoloration/syn-v2-700-discoloration-0059.jpg,discoloration,moderate,discoloration,YES,0.999394655228,0.000011636598,0.000266143572,0.999394655228,0.000131434996,0.000055072958,0.000028758770,0.000112327315
syn-v2-700-discoloration-0057,synthetic/v2_700/images/discoloration/syn-v2-700-discoloration-0057.jpg,discoloration,moderate,discoloration,YES,0.999420483907,0.000044436107,0.000122382224,0.999420483907,0.000206143369,0.000056315964,0.000064388601,0.000085891521
syn-v2-700-discoloration-0003,synthetic/v2_700/images/discoloration/syn-v2-700-discoloration-0003.jpg,discoloration,moderate,discoloration,YES,0.999986569087,0.000000667535,0.000003439078,0.999986569087,0.000003075872,0.000002268622,0.000002180820,0.000001771120
syn-v2-700-discoloration-0028,synthetic/v2_700/images/discoloration/syn-v2-700-discoloration-0028.jpg,discoloration,moderate,discoloration,YES,0.999235828718,0.000036042030,0.000167627716,0.999235828718,0.000254281552,0.000196951403,0.000045845049,0.000063380288
syn-v2-700-discoloration-0040,synthetic/v2_700/images/discoloration/syn-v2-700-discoloration-0040.jpg,discoloration,moderate,discoloration,YES,0.999848743280,0.000007155371,0.000047284931,0.999848743280,0.000053552714,0.000013563691,0.000016819709,0.000012865742
syn-v2-700-discoloration-0078,synthetic/v2_700/images/discoloration/syn-v2-700-discoloration-0078.jpg,discoloration,moderate,discoloration,YES,0.999910036723,0.000007025382,0.000005538260,0.999910036723,0.000025024648,0.000011642939,0.000024724085,0.000016026940
syn-v2-700-discoloration-0041,synthetic/v2_700/images/discoloration/syn-v2-700-discoloration-0041.jpg,discoloration,severe,discoloration,YES,0.999944845835,0.000003352001,0.000013913379,0.999944845835,0.000022197165,0.000004621021,0.000002021726,0.000009068007
syn-v2-700-discoloration-0002,synthetic/v2_700/images/discoloration/syn-v2-700-discoloration-0002.jpg,discoloration,severe,discoloration,YES,0.998916725318,0.000062232557,0.000412288510,0.998916725318,0.000238781526,0.000093296612,0.000052693703,0.000224022624
syn-v2-700-discoloration-0001,synthetic/v2_700/images/discoloration/syn-v2-700-discoloration-0001.jpg,discoloration,severe,discoloration,YES,0.999645213286,0.000025099881,0.000148403551,0.999645213286,0.000058455793,0.000008766657,0.000011430027,0.000102667986
syn-v2-700-discoloration-0065,synthetic/v2_700/images/discoloration/syn-v2-700-discoloration-0065.jpg,discoloration,severe,discoloration,YES,0.999570111434,0.000023119001,0.000154650175,0.999570111434,0.000114181517,0.000085262138,0.000010269231,0.000042374101
syn-v2-700-discoloration-0097,synthetic/v2_700/images/discoloration/syn-v2-700-discoloration-0097.jpg,discoloration,severe,discoloration,YES,0.998504916827,0.000134950283,0.000400098230,0.998504916827,0.000434917791,0.000028449448,0.000033880075,0.000462769492
syn-v2-700-discoloration-0049,synthetic/v2_700/images/discoloration/syn-v2-700-discoloration-0049.jpg,discoloration,severe,discoloration,YES,0.999704698722,0.000015413491,0.000089836012,0.999704698722,0.000056441004,0.000057401304,0.000015276210,0.000060912558
syn-v2-700-discoloration-0007,synthetic/v2_700/images/discoloration/syn-v2-700-discoloration-0007.jpg,discoloration,severe,discoloration,YES,0.999022324880,0.000077428741,0.000249180516,0.999022324880,0.000159721208,0.000105535662,0.000053587638,0.000332250735
syn-v2-700-discoloration-0086,synthetic/v2_700/images/discoloration/syn-v2-700-discoloration-0086.jpg,discoloration,severe,discoloration,YES,0.999926726023,0.000019461357,0.000008418824,0.999926726023,0.000025166701,0.000007315611,0.000007008432,0.000005902210
syn-v2-700-discoloration-0075,synthetic/v2_700/images/discoloration/syn-v2-700-discoloration-0075.jpg,discoloration,severe,discoloration,YES,0.998194833597,0.000124439650,0.000267376350,0.998194833597,0.000309474895,0.000081651319,0.000052798236,0.000969397874
syn-v2-700-discoloration-0016,synthetic/v2_700/images/discoloration/syn-v2-700-discoloration-0016.jpg,discoloration,severe,discoloration,YES,0.999976913134,0.000001118879,0.000005526234,0.999976913134,0.000010459251,0.000000776102,0.000001761362,0.000003501397
syn-v2-700-discoloration-0066,synthetic/v2_700/images/discoloration/syn-v2-700-discoloration-0066.jpg,discoloration,severe,discoloration,YES,0.999687969685,0.000041007324,0.000071358802,0.999687969685,0.000114409645,0.000019485921,0.000022693372,0.000043066890
syn-v2-700-discoloration-0074,synthetic/v2_700/images/discoloration/syn-v2-700-discoloration-0074.jpg,discoloration,severe,discoloration,YES,0.999798436960,0.000016360917,0.000041763589,0.999798436960,0.000057389628,0.000021509789,0.000007062551,0.000057387809
syn-v2-700-discoloration-0085,synthetic/v2_700/images/discoloration/syn-v2-700-discoloration-0085.jpg,discoloration,severe,discoloration,YES,0.999798794587,0.000012835017,0.000058705740,0.999798794587,0.000078357419,0.000018049747,0.000015955092,0.000017316029
syn-v2-700-discoloration-0010,synthetic/v2_700/images/discoloration/syn-v2-700-discoloration-0010.jpg,discoloration,severe,discoloration,YES,0.997335970402,0.000255983185,0.000795211876,0.997335970402,0.000284294278,0.000439204727,0.000231941708,0.000657442084
syn-v2-700-contamination-0019,synthetic/v2_700/images/contamination/syn-v2-700-contamination-0019.jpg,contamination,mild,contamination,YES,0.999868849913,0.000003090792,0.000038884703,0.000002634792,0.999868849913,0.000026434045,0.000001177327,0.000058923036
syn-v2-700-contamination-0030,synthetic/v2_700/images/contamination/syn-v2-700-contamination-0030.jpg,contamination,mild,contamination,YES,0.810402313868,0.006770693173,0.066050417721,0.089900740733,0.810402313868,0.015415823204,0.007860721826,0.003599315591
syn-v2-700-contamination-0022,synthetic/v2_700/images/contamination/syn-v2-700-contamination-0022.jpg,contamination,mild,contamination,YES,0.999879121780,0.000006146293,0.000028718485,0.000053974896,0.999879121780,0.000011723652,0.000007204541,0.000013084357
syn-v2-700-contamination-0003,synthetic/v2_700/images/contamination/syn-v2-700-contamination-0003.jpg,contamination,mild,contamination,YES,0.555828134219,0.001863812717,0.019985561259,0.001650367553,0.555828134219,0.010148752326,0.314973677198,0.095549685260
syn-v2-700-contamination-0008,synthetic/v2_700/images/contamination/syn-v2-700-contamination-0008.jpg,contamination,mild,discoloration,NO,0.401577899853,0.035304451982,0.024331579606,0.401577899853,0.387929327786,0.062353567531,0.072143073504,0.016360113708
syn-v2-700-contamination-0083,synthetic/v2_700/images/contamination/syn-v2-700-contamination-0083.jpg,contamination,mild,contamination,YES,0.999927600225,0.000002220494,0.000035817222,0.000003373678,0.999927600225,0.000004565400,0.000001056707,0.000025347853
syn-v2-700-contamination-0039,synthetic/v2_700/images/contamination/syn-v2-700-contamination-0039.jpg,contamination,mild,surface_spot,NO,0.447407061855,0.013941986331,0.447407061855,0.084191031754,0.408168057601,0.010399080192,0.020859439857,0.015033341789
syn-v2-700-contamination-0056,synthetic/v2_700/images/contamination/syn-v2-700-contamination-0056.jpg,contamination,mild,contamination,YES,0.999956846237,0.000001015844,0.000006978121,0.000003007670,0.999956846237,0.000003398153,0.000000286824,0.000028468601
syn-v2-700-contamination-0099,synthetic/v2_700/images/contamination/syn-v2-700-contamination-0099.jpg,contamination,mild,contamination,YES,0.999595185121,0.000003846428,0.000295404044,0.000021056305,0.999595185121,0.000014538107,0.000011017738,0.000058945032
syn-v2-700-contamination-0067,synthetic/v2_700/images/contamination/syn-v2-700-contamination-0067.jpg,contamination,mild,contamination,YES,0.856429358323,0.044863840876,0.014445467386,0.024267736201,0.856429358323,0.020061746705,0.011552305349,0.028379542753
syn-v2-700-contamination-0072,synthetic/v2_700/images/contamination/syn-v2-700-contamination-0072.jpg,contamination,mild,contamination,YES,0.976167579492,0.000146242804,0.014412745601,0.000562853927,0.976167579492,0.008376940076,0.000115372752,0.000218214465
syn-v2-700-contamination-0064,synthetic/v2_700/images/contamination/syn-v2-700-contamination-0064.jpg,contamination,mild,contamination,YES,0.998707254728,0.000003350994,0.000440849932,0.000061455072,0.998707254728,0.000051255786,0.000044251961,0.000691611873
syn-v2-700-contamination-0012,synthetic/v2_700/images/contamination/syn-v2-700-contamination-0012.jpg,contamination,mild,contamination,YES,0.988964458307,0.000535395365,0.009067778088,0.000216240291,0.988964458307,0.000242834304,0.000604574724,0.000368744804
syn-v2-700-contamination-0061,synthetic/v2_700/images/contamination/syn-v2-700-contamination-0061.jpg,contamination,mild,contamination,YES,0.995646476746,0.000019931347,0.002009457521,0.000098052852,0.995646476746,0.000254866547,0.000251013210,0.001720186866
syn-v2-700-contamination-0015,synthetic/v2_700/images/contamination/syn-v2-700-contamination-0015.jpg,contamination,mild,contamination,YES,0.996599634488,0.000050031590,0.002748788664,0.000056890626,0.996599634488,0.000202475887,0.000055290157,0.000286832762
syn-v2-700-contamination-0023,synthetic/v2_700/images/contamination/syn-v2-700-contamination-0023.jpg,contamination,mild,contamination,YES,0.978274703026,0.000577842516,0.008808135948,0.007631208282,0.978274703026,0.001053015148,0.002149876964,0.001505188916
syn-v2-700-contamination-0042,synthetic/v2_700/images/contamination/syn-v2-700-contamination-0042.jpg,contamination,mild,contamination,YES,0.710837006569,0.000264316058,0.283675799457,0.002897003860,0.710837006569,0.000361361772,0.001572835550,0.000391670770
syn-v2-700-contamination-0038,synthetic/v2_700/images/contamination/syn-v2-700-contamination-0038.jpg,contamination,mild,contamination,YES,0.666639993588,0.006056755083,0.274072151631,0.002544226571,0.666639993588,0.016510234777,0.033422380686,0.000754226727
syn-v2-700-contamination-0087,synthetic/v2_700/images/contamination/syn-v2-700-contamination-0087.jpg,contamination,mild,contamination,YES,0.999357104301,0.000115382183,0.000128846320,0.000162368538,0.999357104301,0.000092134400,0.000082228272,0.000061961435
syn-v2-700-contamination-0080,synthetic/v2_700/images/contamination/syn-v2-700-contamination-0080.jpg,contamination,mild,contamination,YES,0.998888015747,0.000012361668,0.000686785429,0.000051385017,0.998888015747,0.000063959911,0.000042941029,0.000254489467
syn-v2-700-contamination-0082,synthetic/v2_700/images/contamination/syn-v2-700-contamination-0082.jpg,contamination,mild,contamination,YES,0.999665379524,0.000002135875,0.000050591302,0.000005103667,0.999665379524,0.000009089051,0.000002822242,0.000264916537
syn-v2-700-contamination-0000,synthetic/v2_700/images/contamination/syn-v2-700-contamination-0000.jpg,contamination,mild,contamination,YES,0.999467353026,0.000012153258,0.000251591809,0.000060635334,0.999467353026,0.000004702059,0.000058847222,0.000144677249
syn-v2-700-contamination-0074,synthetic/v2_700/images/contamination/syn-v2-700-contamination-0074.jpg,contamination,mild,contamination,YES,0.994181931019,0.000352462050,0.003859136467,0.000514423067,0.994181931019,0.000653228936,0.000343311197,0.000095538653
syn-v2-700-contamination-0043,synthetic/v2_700/images/contamination/syn-v2-700-contamination-0043.jpg,contamination,mild,contamination,YES,0.999781866868,0.000008134577,0.000065830799,0.000017002100,0.999781866868,0.000112460970,0.000006505981,0.000008200367
syn-v2-700-contamination-0063,synthetic/v2_700/images/contamination/syn-v2-700-contamination-0063.jpg,contamination,mild,contamination,YES,0.993818819523,0.000433661635,0.001573862430,0.002054293873,0.993818819523,0.001196358644,0.000466259206,0.000456755932
syn-v2-700-contamination-0024,synthetic/v2_700/images/contamination/syn-v2-700-contamination-0024.jpg,contamination,mild,contamination,YES,0.999942859014,0.000001679025,0.000023467546,0.000001639978,0.999942859014,0.000006719401,0.000000457193,0.000023165625
syn-v2-700-contamination-0009,synthetic/v2_700/images/contamination/syn-v2-700-contamination-0009.jpg,contamination,mild,contamination,YES,0.999841968218,0.000009026068,0.000068502902,0.000030091993,0.999841968218,0.000020780262,0.000021398047,0.000008244822
syn-v2-700-contamination-0058,synthetic/v2_700/images/contamination/syn-v2-700-contamination-0058.jpg,contamination,mild,contamination,YES,0.997628033161,0.000185688902,0.000238664931,0.000241445077,0.997628033161,0.000737877148,0.000756296014,0.000211995139
syn-v2-700-contamination-0070,synthetic/v2_700/images/contamination/syn-v2-700-contamination-0070.jpg,contamination,mild,contamination,YES,0.914800087611,0.001147807149,0.070587230225,0.000959751749,0.914800087611,0.003479880436,0.007808726203,0.001216501696
syn-v2-700-contamination-0068,synthetic/v2_700/images/contamination/syn-v2-700-contamination-0068.jpg,contamination,moderate,contamination,YES,0.686868712306,0.000957947993,0.285540372172,0.014095226225,0.686868712306,0.002121712654,0.007334982860,0.003081018173
syn-v2-700-contamination-0092,synthetic/v2_700/images/contamination/syn-v2-700-contamination-0092.jpg,contamination,moderate,contamination,YES,0.979295690854,0.000734464877,0.015356197022,0.001135190018,0.979295690854,0.001117949937,0.000815889740,0.001544599906
syn-v2-700-contamination-0010,synthetic/v2_700/images/contamination/syn-v2-700-contamination-0010.jpg,contamination,moderate,contamination,YES,0.999963998795,0.000001461612,0.000021496212,0.000000826705,0.999963998795,0.000003218691,0.000000697588,0.000008325268
syn-v2-700-contamination-0091,synthetic/v2_700/images/contamination/syn-v2-700-contamination-0091.jpg,contamination,moderate,contamination,YES,0.929961085320,0.000988542507,0.053644251854,0.005685061721,0.929961085320,0.000664068910,0.005711783713,0.003345153256
syn-v2-700-contamination-0048,synthetic/v2_700/images/contamination/syn-v2-700-contamination-0048.jpg,contamination,moderate,contamination,YES,0.999550362428,0.000017297062,0.000145623548,0.000048284462,0.999550362428,0.000130492774,0.000044883128,0.000063056855
syn-v2-700-contamination-0071,synthetic/v2_700/images/contamination/syn-v2-700-contamination-0071.jpg,contamination,moderate,contamination,YES,0.999019086361,0.000043576708,0.000042500168,0.000729224407,0.999019086361,0.000093860559,0.000016350804,0.000055371071
syn-v2-700-contamination-0066,synthetic/v2_700/images/contamination/syn-v2-700-contamination-0066.jpg,contamination,moderate,contamination,YES,0.999866505464,0.000002478529,0.000019502787,0.000046628195,0.999866505464,0.000008015762,0.000006780743,0.000050071840
syn-v2-700-contamination-0079,synthetic/v2_700/images/contamination/syn-v2-700-contamination-0079.jpg,contamination,moderate,contamination,YES,0.999593456586,0.000009755536,0.000236630863,0.000010077324,0.999593456586,0.000114354196,0.000010426957,0.000025347658
syn-v2-700-contamination-0046,synthetic/v2_700/images/contamination/syn-v2-700-contamination-0046.jpg,contamination,moderate,contamination,YES,0.999077558517,0.000040621131,0.000412099029,0.000167240985,0.999077558517,0.000057054108,0.000038463388,0.000206983280
syn-v2-700-contamination-0017,synthetic/v2_700/images/contamination/syn-v2-700-contamination-0017.jpg,contamination,moderate,contamination,YES,0.999962409337,0.000004682278,0.000005231136,0.000013636694,0.999962409337,0.000003146961,0.000007317584,0.000003563106
syn-v2-700-contamination-0053,synthetic/v2_700/images/contamination/syn-v2-700-contamination-0053.jpg,contamination,moderate,contamination,YES,0.999971151352,0.000000845192,0.000013987768,0.000002088962,0.999971151352,0.000004822981,0.000000869767,0.000006281976
syn-v2-700-contamination-0041,synthetic/v2_700/images/contamination/syn-v2-700-contamination-0041.jpg,contamination,moderate,contamination,YES,0.999808251858,0.000031158297,0.000036228969,0.000071829786,0.999808251858,0.000012165924,0.000008354349,0.000031958990
syn-v2-700-contamination-0094,synthetic/v2_700/images/contamination/syn-v2-700-contamination-0094.jpg,contamination,moderate,contamination,YES,0.999492327372,0.000170192833,0.000201010376,0.000043249134,0.999492327372,0.000018221845,0.000051781920,0.000023179129
syn-v2-700-contamination-0031,synthetic/v2_700/images/contamination/syn-v2-700-contamination-0031.jpg,contamination,moderate,contamination,YES,0.999736607075,0.000035792598,0.000043051853,0.000103301065,0.999736607075,0.000039822987,0.000018426318,0.000022962178
syn-v2-700-contamination-0069,synthetic/v2_700/images/contamination/syn-v2-700-contamination-0069.jpg,contamination,moderate,contamination,YES,0.998761236668,0.000016618624,0.000282534607,0.000053852647,0.998761236668,0.000126116848,0.000012014421,0.000747623611
syn-v2-700-contamination-0059,synthetic/v2_700/images/contamination/syn-v2-700-contamination-0059.jpg,contamination,moderate,contamination,YES,0.868031541506,0.000237268599,0.012549122136,0.001486341314,0.868031541506,0.003517393646,0.071952406007,0.042225951950
syn-v2-700-contamination-0097,synthetic/v2_700/images/contamination/syn-v2-700-contamination-0097.jpg,contamination,moderate,contamination,YES,0.999808311462,0.000007608941,0.000091429010,0.000016543621,0.999808311462,0.000021156849,0.000005164632,0.000049792007
syn-v2-700-contamination-0025,synthetic/v2_700/images/contamination/syn-v2-700-contamination-0025.jpg,contamination,moderate,contamination,YES,0.999946832657,0.000001605104,0.000027741759,0.000002774151,0.999946832657,0.000010628438,0.000001415240,0.000009006111
syn-v2-700-contamination-0033,synthetic/v2_700/images/contamination/syn-v2-700-contamination-0033.jpg,contamination,moderate,contamination,YES,0.999580125014,0.000046183501,0.000085999013,0.000180663876,0.999580125014,0.000027845474,0.000044707015,0.000034453324
syn-v2-700-contamination-0089,synthetic/v2_700/images/contamination/syn-v2-700-contamination-0089.jpg,contamination,moderate,contamination,YES,0.998191912969,0.000251547530,0.000584096342,0.000372442005,0.998191912969,0.000235713504,0.000078593296,0.000285726763
syn-v2-700-contamination-0065,synthetic/v2_700/images/contamination/syn-v2-700-contamination-0065.jpg,contamination,moderate,contamination,YES,0.998256305854,0.000035401651,0.000621501230,0.000053398691,0.998256305854,0.000159176717,0.000023201413,0.000851051101
syn-v2-700-contamination-0004,synthetic/v2_700/images/contamination/syn-v2-700-contamination-0004.jpg,contamination,moderate,contamination,YES,0.760624746482,0.083779677128,0.057850094823,0.044167276782,0.760624746482,0.019585458562,0.029193847130,0.004798912346
syn-v2-700-contamination-0013,synthetic/v2_700/images/contamination/syn-v2-700-contamination-0013.jpg,contamination,moderate,contamination,YES,0.689766357342,0.100628106855,0.016343861508,0.047684009808,0.689766357342,0.019922624497,0.120920769249,0.004734318665
syn-v2-700-contamination-0005,synthetic/v2_700/images/contamination/syn-v2-700-contamination-0005.jpg,contamination,moderate,contamination,YES,0.986045936743,0.000061343405,0.011504560243,0.000284065708,0.986045936743,0.000960668292,0.000442187098,0.000701264915
syn-v2-700-contamination-0076,synthetic/v2_700/images/contamination/syn-v2-700-contamination-0076.jpg,contamination,moderate,contamination,YES,0.999744176865,0.000040042599,0.000053447857,0.000107616705,0.999744176865,0.000017159016,0.000011747383,0.000025837135
syn-v2-700-contamination-0098,synthetic/v2_700/images/contamination/syn-v2-700-contamination-0098.jpg,contamination,moderate,contamination,YES,0.999812960625,0.000005461398,0.000116193718,0.000030042341,0.999812960625,0.000008027416,0.000006758585,0.000020510512
syn-v2-700-contamination-0026,synthetic/v2_700/images/contamination/syn-v2-700-contamination-0026.jpg,contamination,moderate,contamination,YES,0.999196072419,0.000026874561,0.000248117877,0.000074961479,0.999196072419,0.000073301001,0.000007963116,0.000372725859
syn-v2-700-contamination-0055,synthetic/v2_700/images/contamination/syn-v2-700-contamination-0055.jpg,contamination,moderate,contamination,YES,0.999918222427,0.000002237726,0.000036275143,0.000005890545,0.999918222427,0.000014923127,0.000000904592,0.000021565346
syn-v2-700-contamination-0040,synthetic/v2_700/images/contamination/syn-v2-700-contamination-0040.jpg,contamination,moderate,contamination,YES,0.999303102493,0.000046190713,0.000476423542,0.000040240301,0.999303102493,0.000029430954,0.000030859027,0.000073745986
syn-v2-700-contamination-0037,synthetic/v2_700/images/contamination/syn-v2-700-contamination-0037.jpg,contamination,severe,contamination,YES,0.995213846366,0.000149492589,0.002407443718,0.000180317278,0.995213846366,0.001488524703,0.000117875061,0.000442478270
syn-v2-700-contamination-0049,synthetic/v2_700/images/contamination/syn-v2-700-contamination-0049.jpg,contamination,severe,contamination,YES,0.991350690524,0.000150776347,0.001740379477,0.001136413528,0.991350690524,0.001211113712,0.001977430695,0.002433157106
syn-v2-700-contamination-0093,synthetic/v2_700/images/contamination/syn-v2-700-contamination-0093.jpg,contamination,severe,contamination,YES,0.999392668406,0.000001786320,0.000422258895,0.000018965632,0.999392668406,0.000012099803,0.000047700734,0.000104487772
syn-v2-700-contamination-0021,synthetic/v2_700/images/contamination/syn-v2-700-contamination-0021.jpg,contamination,severe,contamination,YES,0.999894519647,0.000002709103,0.000059151493,0.000003187867,0.999894519647,0.000019959619,0.000002840666,0.000017570418
syn-v2-700-contamination-0032,synthetic/v2_700/images/contamination/syn-v2-700-contamination-0032.jpg,contamination,severe,contamination,YES,0.795587480068,0.000619303396,0.019713942582,0.004579475150,0.795587480068,0.035686332732,0.031442632278,0.112370828787
syn-v2-700-contamination-0027,synthetic/v2_700/images/contamination/syn-v2-700-contamination-0027.jpg,contamination,severe,contamination,YES,0.999853074551,0.000007529105,0.000097634259,0.000007422750,0.999853074551,0.000013861077,0.000003565603,0.000016849077
syn-v2-700-contamination-0095,synthetic/v2_700/images/contamination/syn-v2-700-contamination-0095.jpg,contamination,severe,contamination,YES,0.999993443489,0.000000398106,0.000003332171,0.000001093865,0.999993443489,0.000000539977,0.000000105139,0.000001067438
syn-v2-700-contamination-0029,synthetic/v2_700/images/contamination/syn-v2-700-contamination-0029.jpg,contamination,severe,contamination,YES,0.984394133091,0.000185796088,0.012941836612,0.000523004186,0.984394133091,0.000495454403,0.000223492174,0.001236311926
syn-v2-700-contamination-0047,synthetic/v2_700/images/contamination/syn-v2-700-contamination-0047.jpg,contamination,severe,contamination,YES,0.996672431628,0.000037451281,0.000258669747,0.000074377963,0.996672431628,0.000456881489,0.000141729048,0.002358434683
syn-v2-700-contamination-0001,synthetic/v2_700/images/contamination/syn-v2-700-contamination-0001.jpg,contamination,severe,contamination,YES,0.999070366224,0.000029336856,0.000492428129,0.000011101242,0.999070366224,0.000027711748,0.000011127072,0.000357957795
syn-v2-700-contamination-0016,synthetic/v2_700/images/contamination/syn-v2-700-contamination-0016.jpg,contamination,severe,contamination,YES,0.999960104624,0.000003524542,0.000010681050,0.000015142260,0.999960104624,0.000004478640,0.000000711607,0.000005374728
syn-v2-700-contamination-0036,synthetic/v2_700/images/contamination/syn-v2-700-contamination-0036.jpg,contamination,severe,contamination,YES,0.999855935574,0.000003794843,0.000113829004,0.000014286941,0.999855935574,0.000001995837,0.000002025755,0.000008129899
syn-v2-700-contamination-0018,synthetic/v2_700/images/contamination/syn-v2-700-contamination-0018.jpg,contamination,severe,contamination,YES,0.998132208983,0.000018497386,0.001480207487,0.000120850487,0.998132208983,0.000079694367,0.000039519250,0.000129008099
syn-v2-700-contamination-0060,synthetic/v2_700/images/contamination/syn-v2-700-contamination-0060.jpg,contamination,severe,contamination,YES,0.999985973040,0.000000864734,0.000008640761,0.000001281923,0.999985973040,0.000001104982,0.000000233442,0.000001976769
syn-v2-700-lead_breakage-0001,synthetic/v2_700/images/lead_breakage/syn-v2-700-lead_breakage-0001.jpg,lead_breakage,mild,lead_breakage,YES,0.998617827892,0.000013811735,0.000033500965,0.000020708098,0.000246420547,0.998617827892,0.001017331437,0.000050340925
syn-v2-700-lead_breakage-0038,synthetic/v2_700/images/lead_breakage/syn-v2-700-lead_breakage-0038.jpg,lead_breakage,mild,lead_breakage,YES,0.999662558238,0.000014194482,0.000071501217,0.000009207627,0.000130052894,0.999662558238,0.000080009221,0.000032505234
syn-v2-700-lead_breakage-0016,synthetic/v2_700/images/lead_breakage/syn-v2-700-lead_breakage-0016.jpg,lead_breakage,mild,lead_breakage,YES,0.999724964301,0.000050220984,0.000050607388,0.000026286923,0.000065409127,0.999724964301,0.000025765739,0.000056747727
syn-v2-700-lead_breakage-0040,synthetic/v2_700/images/lead_breakage/syn-v2-700-lead_breakage-0040.jpg,lead_breakage,mild,lead_breakage,YES,0.999454736710,0.000050296172,0.000053432603,0.000008099371,0.000038720075,0.999454736710,0.000357122743,0.000037557776
syn-v2-700-lead_breakage-0091,synthetic/v2_700/images/lead_breakage/syn-v2-700-lead_breakage-0091.jpg,lead_breakage,mild,lead_breakage,YES,0.999823848406,0.000018929745,0.000022682739,0.000007223580,0.000073882463,0.999823848406,0.000037993404,0.000015409920
syn-v2-700-lead_breakage-0033,synthetic/v2_700/images/lead_breakage/syn-v2-700-lead_breakage-0033.jpg,lead_breakage,mild,lead_breakage,YES,0.999887585640,0.000006786506,0.000023240929,0.000005215068,0.000013654302,0.999887585640,0.000047837391,0.000015631858
syn-v2-700-lead_breakage-0048,synthetic/v2_700/images/lead_breakage/syn-v2-700-lead_breakage-0048.jpg,lead_breakage,mild,lead_breakage,YES,0.999574065208,0.000039168346,0.000151834300,0.000005135748,0.000024522836,0.999574065208,0.000148067263,0.000057240642
syn-v2-700-lead_breakage-0079,synthetic/v2_700/images/lead_breakage/syn-v2-700-lead_breakage-0079.jpg,lead_breakage,mild,lead_breakage,YES,0.997593700886,0.000134502847,0.000032441052,0.000048991096,0.000191565077,0.997593700886,0.001793744480,0.000205034739
syn-v2-700-lead_breakage-0075,synthetic/v2_700/images/lead_breakage/syn-v2-700-lead_breakage-0075.jpg,lead_breakage,mild,lead_breakage,YES,0.998834153016,0.000525132091,0.000083343874,0.000035768252,0.000303122530,0.998834153016,0.000078383380,0.000140044044
syn-v2-700-lead_breakage-0011,synthetic/v2_700/images/lead_breakage/syn-v2-700-lead_breakage-0011.jpg,lead_breakage,mild,lead_breakage,YES,0.995510677497,0.000081353156,0.000143254986,0.000099459097,0.002010360988,0.995510677497,0.001792574854,0.000362308875
syn-v2-700-lead_breakage-0007,synthetic/v2_700/images/lead_breakage/syn-v2-700-lead_breakage-0007.jpg,lead_breakage,mild,lead_breakage,YES,0.978749553363,0.002025715735,0.004727401538,0.000318370313,0.000714473402,0.978749553363,0.011203888881,0.002260573519
syn-v2-700-lead_breakage-0015,synthetic/v2_700/images/lead_breakage/syn-v2-700-lead_breakage-0015.jpg,lead_breakage,mild,lead_breakage,YES,0.997149686019,0.000364960346,0.000329368311,0.000397778543,0.000442224128,0.997149686019,0.000387247070,0.000928737349
syn-v2-700-lead_breakage-0032,synthetic/v2_700/images/lead_breakage/syn-v2-700-lead_breakage-0032.jpg,lead_breakage,mild,lead_breakage,YES,0.999444087346,0.000031205117,0.000022409994,0.000006763516,0.000020938362,0.999444087346,0.000392753903,0.000081821078
syn-v2-700-lead_breakage-0066,synthetic/v2_700/images/lead_breakage/syn-v2-700-lead_breakage-0066.jpg,lead_breakage,mild,lead_breakage,YES,0.999548395475,0.000012308596,0.000076723746,0.000006867580,0.000016443968,0.999548395475,0.000313026935,0.000026198387
syn-v2-700-lead_breakage-0028,synthetic/v2_700/images/lead_breakage/syn-v2-700-lead_breakage-0028.jpg,lead_breakage,mild,lead_breakage,YES,0.999901930491,0.000017136812,0.000023101275,0.000009573564,0.000006033299,0.999901930491,0.000026958630,0.000015307023
syn-v2-700-lead_breakage-0080,synthetic/v2_700/images/lead_breakage/syn-v2-700-lead_breakage-0080.jpg,lead_breakage,mild,lead_breakage,YES,0.999782661597,0.000007051920,0.000073932635,0.000005442453,0.000014977457,0.999782661597,0.000094695399,0.000021244592
syn-v2-700-lead_breakage-0065,synthetic/v2_700/images/lead_breakage/syn-v2-700-lead_breakage-0065.jpg,lead_breakage,mild,lead_breakage,YES,0.967062393824,0.002145781686,0.002425149529,0.000232539324,0.000894713351,0.967062393824,0.024213874092,0.003025547679
syn-v2-700-lead_breakage-0064,synthetic/v2_700/images/lead_breakage/syn-v2-700-lead_breakage-0064.jpg,lead_breakage,mild,lead_breakage,YES,0.999353448550,0.000114532208,0.000143593841,0.000011584345,0.000022096942,0.999353448550,0.000304016904,0.000050739249
syn-v2-700-lead_breakage-0035,synthetic/v2_700/images/lead_breakage/syn-v2-700-lead_breakage-0035.jpg,lead_breakage,mild,lead_breakage,YES,0.999899764856,0.000004027649,0.000004498843,0.000003648209,0.000018881139,0.999899764856,0.000058739348,0.000010473011
syn-v2-700-lead_breakage-0090,synthetic/v2_700/images/lead_breakage/syn-v2-700-lead_breakage-0090.jpg,lead_breakage,mild,lead_breakage,YES,0.995677471161,0.000119980172,0.002745236309,0.000072557365,0.000562291180,0.995677471161,0.000425083075,0.000397415963
syn-v2-700-lead_breakage-0061,synthetic/v2_700/images/lead_breakage/syn-v2-700-lead_breakage-0061.jpg,lead_breakage,mild,lead_breakage,YES,0.998971859614,0.000043692501,0.000052524618,0.000083151663,0.000322716032,0.998971859614,0.000442184754,0.000083817056
syn-v2-700-lead_breakage-0086,synthetic/v2_700/images/lead_breakage/syn-v2-700-lead_breakage-0086.jpg,lead_breakage,mild,lead_breakage,YES,0.999809622765,0.000004406896,0.000011579003,0.000005218077,0.000013048224,0.999809622765,0.000117274200,0.000038856486
syn-v2-700-lead_breakage-0058,synthetic/v2_700/images/lead_breakage/syn-v2-700-lead_breakage-0058.jpg,lead_breakage,mild,lead_breakage,YES,0.981340706348,0.000627975081,0.001320130075,0.000029963434,0.000100394709,0.981340706348,0.016173642944,0.000407209474
syn-v2-700-lead_breakage-0036,synthetic/v2_700/images/lead_breakage/syn-v2-700-lead_breakage-0036.jpg,lead_breakage,mild,lead_breakage,YES,0.999861677488,0.000022499104,0.000056835472,0.000007398214,0.000018781990,0.999861677488,0.000017851781,0.000014985081
syn-v2-700-lead_breakage-0094,synthetic/v2_700/images/lead_breakage/syn-v2-700-lead_breakage-0094.jpg,lead_breakage,mild,lead_breakage,YES,0.981963296731,0.002307767475,0.000901469379,0.000145034775,0.000829012623,0.981963296731,0.012380561510,0.001472821867
syn-v2-700-lead_breakage-0055,synthetic/v2_700/images/lead_breakage/syn-v2-700-lead_breakage-0055.jpg,lead_breakage,mild,lead_breakage,YES,0.999349196752,0.000026314462,0.000042137020,0.000009002682,0.000110238781,0.999349196752,0.000445969961,0.000017119074
syn-v2-700-lead_breakage-0021,synthetic/v2_700/images/lead_breakage/syn-v2-700-lead_breakage-0021.jpg,lead_breakage,mild,lead_breakage,YES,0.999327301979,0.000006153622,0.000013202518,0.000005770564,0.000064141074,0.999327301979,0.000526964386,0.000056443125
syn-v2-700-lead_breakage-0027,synthetic/v2_700/images/lead_breakage/syn-v2-700-lead_breakage-0027.jpg,lead_breakage,mild,lead_breakage,YES,0.998682697614,0.000097952484,0.000267902869,0.000022093765,0.000055126596,0.998682697614,0.000771075279,0.000103110586
syn-v2-700-lead_breakage-0098,synthetic/v2_700/images/lead_breakage/syn-v2-700-lead_breakage-0098.jpg,lead_breakage,mild,lead_breakage,YES,0.999045292536,0.000023052814,0.000048374376,0.000030734704,0.000150164569,0.999045292536,0.000608864352,0.000093548263
syn-v2-700-lead_breakage-0004,synthetic/v2_700/images/lead_breakage/syn-v2-700-lead_breakage-0004.jpg,lead_breakage,moderate,lead_breakage,YES,0.999944925308,0.000005386156,0.000019218294,0.000003072930,0.000016416612,0.999944925308,0.000004972722,0.000005947353
syn-v2-700-lead_breakage-0070,synthetic/v2_700/images/lead_breakage/syn-v2-700-lead_breakage-0070.jpg,lead_breakage,moderate,lead_breakage,YES,0.999665399392,0.000097971816,0.000007254513,0.000023751996,0.000103372500,0.999665399392,0.000061260363,0.000040992240
syn-v2-700-lead_breakage-0084,synthetic/v2_700/images/lead_breakage/syn-v2-700-lead_breakage-0084.jpg,lead_breakage,moderate,lead_breakage,YES,0.999802788099,0.000028125104,0.000030730568,0.000009554638,0.000023181137,0.999802788099,0.000061720342,0.000043904935
syn-v2-700-lead_breakage-0023,synthetic/v2_700/images/lead_breakage/syn-v2-700-lead_breakage-0023.jpg,lead_breakage,moderate,lead_breakage,YES,0.997869928678,0.000180720114,0.001371714325,0.000053357740,0.000350791158,0.997869928678,0.000039634145,0.000133925581
syn-v2-700-lead_breakage-0045,synthetic/v2_700/images/lead_breakage/syn-v2-700-lead_breakage-0045.jpg,lead_breakage,moderate,lead_breakage,YES,0.996913274129,0.000085552073,0.000101730058,0.000215649384,0.000769149202,0.996913274129,0.001725910212,0.000188765326
syn-v2-700-lead_breakage-0054,synthetic/v2_700/images/lead_breakage/syn-v2-700-lead_breakage-0054.jpg,lead_breakage,moderate,lead_breakage,YES,0.998657822609,0.000313804592,0.000301826532,0.000060192609,0.000152022111,0.998657822609,0.000405159504,0.000109165155
syn-v2-700-lead_breakage-0009,synthetic/v2_700/images/lead_breakage/syn-v2-700-lead_breakage-0009.jpg,lead_breakage,moderate,lead_breakage,YES,0.998993754387,0.000084975485,0.000123142494,0.000040523952,0.000496185082,0.998993754387,0.000197432296,0.000063972971
syn-v2-700-lead_breakage-0062,synthetic/v2_700/images/lead_breakage/syn-v2-700-lead_breakage-0062.jpg,lead_breakage,moderate,lead_breakage,YES,0.999910096327,0.000030333546,0.000023993348,0.000004916417,0.000010957318,0.999910096327,0.000005767489,0.000013977696
syn-v2-700-lead_breakage-0003,synthetic/v2_700/images/lead_breakage/syn-v2-700-lead_breakage-0003.jpg,lead_breakage,moderate,lead_breakage,YES,0.997715314229,0.000377364243,0.000618874299,0.000056058900,0.000131393041,0.997715314229,0.000864170400,0.000236795371
syn-v2-700-lead_breakage-0013,synthetic/v2_700/images/lead_breakage/syn-v2-700-lead_breakage-0013.jpg,lead_breakage,moderate,lead_breakage,YES,0.999815960725,0.000007685552,0.000027342801,0.000023179658,0.000083303570,0.999815960725,0.000026861443,0.000015674750
syn-v2-700-lead_breakage-0002,synthetic/v2_700/images/lead_breakage/syn-v2-700-lead_breakage-0002.jpg,lead_breakage,moderate,lead_breakage,YES,0.998824536800,0.000400458632,0.000051463605,0.000033461245,0.000227875981,0.998824536800,0.000385455382,0.000076717621
syn-v2-700-lead_breakage-0024,synthetic/v2_700/images/lead_breakage/syn-v2-700-lead_breakage-0024.jpg,lead_breakage,moderate,lead_breakage,YES,0.999182025592,0.000019664244,0.000029340238,0.000020337120,0.000160337995,0.999182025592,0.000550442671,0.000037848253
syn-v2-700-lead_breakage-0047,synthetic/v2_700/images/lead_breakage/syn-v2-700-lead_breakage-0047.jpg,lead_breakage,moderate,lead_breakage,YES,0.998986860116,0.000074033203,0.000211797854,0.000024573894,0.000046770090,0.998986860116,0.000591989694,0.000064022711
syn-v2-700-lead_breakage-0043,synthetic/v2_700/images/lead_breakage/syn-v2-700-lead_breakage-0043.jpg,lead_breakage,moderate,lead_breakage,YES,0.988202035427,0.000811674458,0.000768721943,0.000149838094,0.000996022640,0.988202035427,0.008677616793,0.000394101837
syn-v2-700-lead_breakage-0095,synthetic/v2_700/images/lead_breakage/syn-v2-700-lead_breakage-0095.jpg,lead_breakage,moderate,lead_breakage,YES,0.999846339226,0.000022586680,0.000022222553,0.000010073316,0.000060596233,0.999846339226,0.000017312287,0.000020893161
syn-v2-700-lead_breakage-0041,synthetic/v2_700/images/lead_breakage/syn-v2-700-lead_breakage-0041.jpg,lead_breakage,moderate,lead_breakage,YES,0.999783535798,0.000017220153,0.000059510154,0.000014691527,0.000061475825,0.999783535798,0.000044249343,0.000019313011
syn-v2-700-lead_breakage-0030,synthetic/v2_700/images/lead_breakage/syn-v2-700-lead_breakage-0030.jpg,lead_breakage,moderate,lead_breakage,YES,0.999171853065,0.000009483985,0.000055980391,0.000031615035,0.000331358452,0.999171853065,0.000356085324,0.000043630739
syn-v2-700-lead_breakage-0087,synthetic/v2_700/images/lead_breakage/syn-v2-700-lead_breakage-0087.jpg,lead_breakage,moderate,lead_breakage,YES,0.999300022920,0.000031227712,0.000048452907,0.000020980615,0.000247730552,0.999300022920,0.000144575102,0.000207014392
syn-v2-700-lead_breakage-0050,synthetic/v2_700/images/lead_breakage/syn-v2-700-lead_breakage-0050.jpg,lead_breakage,moderate,lead_breakage,YES,0.999688724677,0.000057326059,0.000016086905,0.000012730157,0.000105940191,0.999688724677,0.000097967541,0.000021168068
syn-v2-700-lead_breakage-0044,synthetic/v2_700/images/lead_breakage/syn-v2-700-lead_breakage-0044.jpg,lead_breakage,moderate,lead_breakage,YES,0.998929580053,0.000125415544,0.000068291986,0.000123594694,0.000336285220,0.998929580053,0.000354343189,0.000062535813
syn-v2-700-lead_breakage-0052,synthetic/v2_700/images/lead_breakage/syn-v2-700-lead_breakage-0052.jpg,lead_breakage,moderate,lead_breakage,YES,0.999336143335,0.000174668336,0.000089233848,0.000010540678,0.000217905547,0.999336143335,0.000052036903,0.000119463766
syn-v2-700-lead_breakage-0000,synthetic/v2_700/images/lead_breakage/syn-v2-700-lead_breakage-0000.jpg,lead_breakage,moderate,lead_breakage,YES,0.997709651788,0.000066392275,0.000829353941,0.000023716064,0.000079699524,0.997709651788,0.001160588765,0.000130597187
syn-v2-700-lead_breakage-0026,synthetic/v2_700/images/lead_breakage/syn-v2-700-lead_breakage-0026.jpg,lead_breakage,moderate,lead_breakage,YES,0.996881743272,0.000118386223,0.000039384759,0.000207814074,0.001486819127,0.996881743272,0.000926172349,0.000339763801
syn-v2-700-lead_breakage-0037,synthetic/v2_700/images/lead_breakage/syn-v2-700-lead_breakage-0037.jpg,lead_breakage,moderate,lead_breakage,YES,0.999387145042,0.000009597989,0.000013843353,0.000022047691,0.000053099987,0.999387145042,0.000482261660,0.000032047293
syn-v2-700-lead_breakage-0074,synthetic/v2_700/images/lead_breakage/syn-v2-700-lead_breakage-0074.jpg,lead_breakage,moderate,lead_breakage,YES,0.998476505280,0.000072040179,0.000079358346,0.000028323923,0.000287839904,0.998476505280,0.000915222467,0.000140797082
syn-v2-700-lead_breakage-0096,synthetic/v2_700/images/lead_breakage/syn-v2-700-lead_breakage-0096.jpg,lead_breakage,moderate,lead_breakage,YES,0.999771952629,0.000069256606,0.000020997215,0.000005012252,0.000044763450,0.999771952629,0.000054870195,0.000033125733
syn-v2-700-lead_breakage-0042,synthetic/v2_700/images/lead_breakage/syn-v2-700-lead_breakage-0042.jpg,lead_breakage,moderate,lead_breakage,YES,0.999415695667,0.000053391941,0.000114929716,0.000033559778,0.000177454002,0.999415695667,0.000137133766,0.000067819239
syn-v2-700-lead_breakage-0049,synthetic/v2_700/images/lead_breakage/syn-v2-700-lead_breakage-0049.jpg,lead_breakage,moderate,lead_breakage,YES,0.996886710326,0.000049530874,0.000043049692,0.000047548391,0.000313134613,0.996886710326,0.002604055970,0.000055977617
syn-v2-700-lead_breakage-0077,synthetic/v2_700/images/lead_breakage/syn-v2-700-lead_breakage-0077.jpg,lead_breakage,moderate,lead_breakage,YES,0.999564250310,0.000037933818,0.000151678330,0.000014733822,0.000054721624,0.999564250310,0.000128520585,0.000048192277
syn-v2-700-lead_breakage-0071,synthetic/v2_700/images/lead_breakage/syn-v2-700-lead_breakage-0071.jpg,lead_breakage,severe,lead_breakage,YES,0.999694267909,0.000031686752,0.000030774047,0.000012706475,0.000171636827,0.999694267909,0.000033079524,0.000025865207
syn-v2-700-lead_breakage-0034,synthetic/v2_700/images/lead_breakage/syn-v2-700-lead_breakage-0034.jpg,lead_breakage,severe,lead_breakage,YES,0.999741017818,0.000028186950,0.000035751164,0.000009176092,0.000116163299,0.999741017818,0.000018590604,0.000051121630
syn-v2-700-lead_breakage-0039,synthetic/v2_700/images/lead_breakage/syn-v2-700-lead_breakage-0039.jpg,lead_breakage,severe,lead_breakage,YES,0.999598999818,0.000070448910,0.000046985184,0.000018631189,0.000094386840,0.999598999818,0.000106331777,0.000064225558
syn-v2-700-lead_breakage-0006,synthetic/v2_700/images/lead_breakage/syn-v2-700-lead_breakage-0006.jpg,lead_breakage,severe,lead_breakage,YES,0.999293526014,0.000111029856,0.000095811813,0.000038077592,0.000161366491,0.999293526014,0.000141116536,0.000159058922
syn-v2-700-lead_breakage-0031,synthetic/v2_700/images/lead_breakage/syn-v2-700-lead_breakage-0031.jpg,lead_breakage,severe,lead_breakage,YES,0.997950712840,0.000743283817,0.000213657388,0.000082363267,0.000443019276,0.997950712840,0.000417895204,0.000149035165
syn-v2-700-lead_breakage-0019,synthetic/v2_700/images/lead_breakage/syn-v2-700-lead_breakage-0019.jpg,lead_breakage,severe,lead_breakage,YES,0.999531904856,0.000120625291,0.000106194896,0.000030347802,0.000120215002,0.999531904856,0.000035326937,0.000055324939
syn-v2-700-lead_breakage-0022,synthetic/v2_700/images/lead_breakage/syn-v2-700-lead_breakage-0022.jpg,lead_breakage,severe,lead_breakage,YES,0.999942024549,0.000014722534,0.000011531845,0.000002022073,0.000016056199,0.999942024549,0.000001646575,0.000011926452
syn-v2-700-lead_breakage-0078,synthetic/v2_700/images/lead_breakage/syn-v2-700-lead_breakage-0078.jpg,lead_breakage,severe,lead_breakage,YES,0.998209238052,0.000032032801,0.000050087728,0.000036107390,0.000108924931,0.998209238052,0.001522090193,0.000041496605
syn-v2-700-lead_breakage-0083,synthetic/v2_700/images/lead_breakage/syn-v2-700-lead_breakage-0083.jpg,lead_breakage,severe,lead_breakage,YES,0.997748017311,0.000147570478,0.000388854275,0.000117666350,0.000354761854,0.997748017311,0.001018897388,0.000224203628
syn-v2-700-lead_breakage-0063,synthetic/v2_700/images/lead_breakage/syn-v2-700-lead_breakage-0063.jpg,lead_breakage,severe,lead_breakage,YES,0.995397786299,0.000412326583,0.001213620756,0.000059120544,0.000202141263,0.995397786299,0.002559235164,0.000155756328
syn-v2-700-lead_breakage-0025,synthetic/v2_700/images/lead_breakage/syn-v2-700-lead_breakage-0025.jpg,lead_breakage,severe,lead_breakage,YES,0.999662101269,0.000032538375,0.000035715423,0.000022764206,0.000201154128,0.999662101269,0.000014172084,0.000031515413
syn-v2-700-lead_breakage-0005,synthetic/v2_700/images/lead_breakage/syn-v2-700-lead_breakage-0005.jpg,lead_breakage,severe,lead_breakage,YES,0.999952912331,0.000000927919,0.000007045139,0.000004028952,0.000016919730,0.999952912331,0.000009211715,0.000008932181
syn-v2-700-lead_breakage-0081,synthetic/v2_700/images/lead_breakage/syn-v2-700-lead_breakage-0081.jpg,lead_breakage,severe,lead_breakage,YES,0.998327394327,0.000309211813,0.000793937322,0.000027336910,0.000107142473,0.998327394327,0.000354318555,0.000080697777
syn-v2-700-lead_breakage-0097,synthetic/v2_700/images/lead_breakage/syn-v2-700-lead_breakage-0097.jpg,lead_breakage,severe,lead_breakage,YES,0.997035662333,0.000375089963,0.000326263345,0.000146486496,0.000530965071,0.997035662333,0.001449830888,0.000135707407
syn-v2-700-body_chip-0038,synthetic/v2_700/images/body_chip/syn-v2-700-body_chip-0038.jpg,body_chip,mild,body_chip,YES,0.632767866055,0.001971144035,0.004723103639,0.000240001842,0.001589291380,0.357760126392,0.632767866055,0.000948469077
syn-v2-700-body_chip-0040,synthetic/v2_700/images/body_chip/syn-v2-700-body_chip-0040.jpg,body_chip,mild,body_chip,YES,0.999818364779,0.000002003701,0.000008966145,0.000000930342,0.000023987910,0.000059659287,0.999818364779,0.000086087379
syn-v2-700-body_chip-0089,synthetic/v2_700/images/body_chip/syn-v2-700-body_chip-0089.jpg,body_chip,mild,body_chip,YES,0.999937176704,0.000002512716,0.000004369382,0.000000232455,0.000005717924,0.000036721305,0.999937176704,0.000013272201
syn-v2-700-body_chip-0068,synthetic/v2_700/images/body_chip/syn-v2-700-body_chip-0068.jpg,body_chip,mild,body_chip,YES,0.990951855977,0.000441075531,0.000960018794,0.000028485284,0.000099313483,0.006994365656,0.990951855977,0.000524853623
syn-v2-700-body_chip-0093,synthetic/v2_700/images/body_chip/syn-v2-700-body_chip-0093.jpg,body_chip,mild,body_chip,YES,0.998703817526,0.000045576805,0.000132019652,0.000036399594,0.000094184889,0.000798998593,0.998703817526,0.000188959114
syn-v2-700-body_chip-0003,synthetic/v2_700/images/body_chip/syn-v2-700-body_chip-0003.jpg,body_chip,mild,body_chip,YES,0.994566460450,0.000039310964,0.000233572249,0.000050617016,0.000161774757,0.004627712585,0.994566460450,0.000320616646
syn-v2-700-body_chip-0010,synthetic/v2_700/images/body_chip/syn-v2-700-body_chip-0010.jpg,body_chip,mild,body_chip,YES,0.757051984469,0.009830946219,0.022616129912,0.002067071793,0.002119258124,0.202391338845,0.757051984469,0.003923302866
syn-v2-700-body_chip-0061,synthetic/v2_700/images/body_chip/syn-v2-700-body_chip-0061.jpg,body_chip,mild,body_chip,YES,0.998727063338,0.000101140980,0.000115675713,0.000034375218,0.000267441318,0.000581535912,0.998727063338,0.000172754340
syn-v2-700-body_chip-0023,synthetic/v2_700/images/body_chip/syn-v2-700-body_chip-0023.jpg,body_chip,mild,body_chip,YES,0.912693321705,0.006108130794,0.002740690679,0.000190868423,0.000894410633,0.075823369436,0.912693321705,0.001549256781
syn-v2-700-body_chip-0009,synthetic/v2_700/images/body_chip/syn-v2-700-body_chip-0009.jpg,body_chip,mild,body_chip,YES,0.999207576116,0.000261948684,0.000039775033,0.000020556316,0.000048701686,0.000284314861,0.999207576116,0.000137156732
syn-v2-700-body_chip-0042,synthetic/v2_700/images/body_chip/syn-v2-700-body_chip-0042.jpg,body_chip,mild,body_chip,YES,0.984456062317,0.000391462390,0.000835736525,0.000047802076,0.000527578361,0.012711134817,0.984456062317,0.001030245010
syn-v2-700-body_chip-0044,synthetic/v2_700/images/body_chip/syn-v2-700-body_chip-0044.jpg,body_chip,mild,body_chip,YES,0.991417149703,0.000114823946,0.000348862595,0.000052373923,0.000279294180,0.007422128886,0.991417149703,0.000365443930
syn-v2-700-body_chip-0024,synthetic/v2_700/images/body_chip/syn-v2-700-body_chip-0024.jpg,body_chip,mild,body_chip,YES,0.806762218475,0.000550178069,0.001895777292,0.000459402380,0.001524687560,0.188168668188,0.806762218475,0.000639060289
syn-v2-700-body_chip-0092,synthetic/v2_700/images/body_chip/syn-v2-700-body_chip-0092.jpg,body_chip,mild,body_chip,YES,0.993002315362,0.000351934659,0.000575519629,0.000061428795,0.000562052175,0.004815730771,0.993002315362,0.000630970855
syn-v2-700-body_chip-0032,synthetic/v2_700/images/body_chip/syn-v2-700-body_chip-0032.jpg,body_chip,mild,body_chip,YES,0.999268750350,0.000007724279,0.000115668652,0.000009236902,0.000031603177,0.000436966184,0.999268750350,0.000130053748
syn-v2-700-body_chip-0037,synthetic/v2_700/images/body_chip/syn-v2-700-body_chip-0037.jpg,body_chip,mild,body_chip,YES,0.993777175744,0.000309947183,0.000106069176,0.000054460323,0.000254239949,0.004869968827,0.993777175744,0.000628174501
syn-v2-700-body_chip-0043,synthetic/v2_700/images/body_chip/syn-v2-700-body_chip-0043.jpg,body_chip,mild,body_chip,YES,0.822210649649,0.011614589409,0.001738858768,0.001894503895,0.016918063106,0.139916194060,0.822210649649,0.005707120212
syn-v2-700-body_chip-0090,synthetic/v2_700/images/body_chip/syn-v2-700-body_chip-0090.jpg,body_chip,mild,body_chip,YES,0.993542651335,0.000133033017,0.000221590463,0.000093354742,0.000157037997,0.005074797741,0.993542651335,0.000777563754
syn-v2-700-body_chip-0048,synthetic/v2_700/images/body_chip/syn-v2-700-body_chip-0048.jpg,body_chip,mild,body_chip,YES,0.999752938747,0.000002497405,0.000015078717,0.000003977593,0.000039410657,0.000103334836,0.999752938747,0.000082757681
syn-v2-700-body_chip-0007,synthetic/v2_700/images/body_chip/syn-v2-700-body_chip-0007.jpg,body_chip,mild,body_chip,YES,0.999596198400,0.000005446978,0.000011506999,0.000001520034,0.000012040769,0.000303538241,0.999596198400,0.000069697780
syn-v2-700-body_chip-0013,synthetic/v2_700/images/body_chip/syn-v2-700-body_chip-0013.jpg,body_chip,mild,body_chip,YES,0.986432214578,0.003170014587,0.000557338921,0.000682137137,0.001249827207,0.005160878403,0.986432214578,0.002747573696
syn-v2-700-body_chip-0085,synthetic/v2_700/images/body_chip/syn-v2-700-body_chip-0085.jpg,body_chip,mild,body_chip,YES,0.999984224637,0.000000456843,0.000000331797,0.000000245628,0.000007097842,0.000001465111,0.999984224637,0.000006163100
syn-v2-700-body_chip-0066,synthetic/v2_700/images/body_chip/syn-v2-700-body_chip-0066.jpg,body_chip,mild,body_chip,YES,0.587967534860,0.028766394903,0.047709588582,0.008840456915,0.010962093715,0.301160876950,0.587967534860,0.014593011700
syn-v2-700-body_chip-0000,synthetic/v2_700/images/body_chip/syn-v2-700-body_chip-0000.jpg,body_chip,mild,body_chip,YES,0.999627252420,0.000009005611,0.000071176497,0.000014748454,0.000031714774,0.000154772889,0.999627252420,0.000091315479
syn-v2-700-body_chip-0083,synthetic/v2_700/images/body_chip/syn-v2-700-body_chip-0083.jpg,body_chip,mild,body_chip,YES,0.997015456359,0.000327877121,0.000090517312,0.000078158343,0.000090153840,0.001862677753,0.997015456359,0.000535180763
syn-v2-700-body_chip-0070,synthetic/v2_700/images/body_chip/syn-v2-700-body_chip-0070.jpg,body_chip,mild,body_chip,YES,0.956064581871,0.001674510745,0.000955934920,0.000062088666,0.000503824744,0.038397091907,0.956064581871,0.002342037275
syn-v2-700-body_chip-0067,synthetic/v2_700/images/body_chip/syn-v2-700-body_chip-0067.jpg,body_chip,mild,body_chip,YES,0.999101221561,0.000046788073,0.000101817367,0.000007552485,0.000025563397,0.000503643855,0.999101221561,0.000213355138
syn-v2-700-body_chip-0034,synthetic/v2_700/images/body_chip/syn-v2-700-body_chip-0034.jpg,body_chip,mild,body_chip,YES,0.978145837784,0.000535860803,0.001522697014,0.000151711195,0.000954869436,0.015962362289,0.978145837784,0.002726640708
syn-v2-700-body_chip-0071,synthetic/v2_700/images/body_chip/syn-v2-700-body_chip-0071.jpg,body_chip,mild,body_chip,YES,0.860155542692,0.000882369781,0.006800420251,0.002335353866,0.000999227777,0.127645224216,0.860155542692,0.001181848245
syn-v2-700-body_chip-0027,synthetic/v2_700/images/body_chip/syn-v2-700-body_chip-0027.jpg,body_chip,moderate,body_chip,YES,0.999964316686,0.000000505865,0.000002019176,0.000000505720,0.000007214644,0.000007953307,0.999964316686,0.000017500390
syn-v2-700-body_chip-0076,synthetic/v2_700/images/body_chip/syn-v2-700-body_chip-0076.jpg,body_chip,moderate,body_chip,YES,0.999850094318,0.000007273646,0.000009973645,0.000002372103,0.000037517933,0.000017376944,0.999850094318,0.000075385139
syn-v2-700-body_chip-0031,synthetic/v2_700/images/body_chip/syn-v2-700-body_chip-0031.jpg,body_chip,moderate,body_chip,YES,0.999989509583,0.000000399990,0.000002697080,0.000000118901,0.000001693732,0.000002829782,0.999989509583,0.000002755304
syn-v2-700-body_chip-0002,synthetic/v2_700/images/body_chip/syn-v2-700-body_chip-0002.jpg,body_chip,moderate,body_chip,YES,0.999911487103,0.000012538832,0.000021469176,0.000001241005,0.000012570562,0.000020442925,0.999911487103,0.000020295990
syn-v2-700-body_chip-0001,synthetic/v2_700/images/body_chip/syn-v2-700-body_chip-0001.jpg,body_chip,moderate,body_chip,YES,0.999977628390,0.000000579949,0.000001911116,0.000000158615,0.000003779181,0.000009667460,0.999977628390,0.000006298904
syn-v2-700-body_chip-0008,synthetic/v2_700/images/body_chip/syn-v2-700-body_chip-0008.jpg,body_chip,moderate,body_chip,YES,0.999565939109,0.000010847688,0.000043938837,0.000020010208,0.000049197823,0.000125962606,0.999565939109,0.000184048826
syn-v2-700-body_chip-0057,synthetic/v2_700/images/body_chip/syn-v2-700-body_chip-0057.jpg,body_chip,moderate,body_chip,YES,0.881089647611,0.001125011438,0.002479803768,0.000163547561,0.000610423371,0.070238174250,0.881089647611,0.044293403625
syn-v2-700-body_chip-0022,synthetic/v2_700/images/body_chip/syn-v2-700-body_chip-0022.jpg,body_chip,moderate,body_chip,YES,0.999779939651,0.000083963387,0.000046590342,0.000000688535,0.000024624193,0.000017142206,0.999779939651,0.000047133945
syn-v2-700-body_chip-0082,synthetic/v2_700/images/body_chip/syn-v2-700-body_chip-0082.jpg,body_chip,moderate,body_chip,YES,0.999812463919,0.000001975854,0.000003672605,0.000001515568,0.000006895991,0.000015726720,0.999812463919,0.000157709910
syn-v2-700-body_chip-0012,synthetic/v2_700/images/body_chip/syn-v2-700-body_chip-0012.jpg,body_chip,moderate,body_chip,YES,0.999885698160,0.000002547955,0.000079413224,0.000001501162,0.000005536393,0.000018656675,0.999885698160,0.000006640820
syn-v2-700-body_chip-0052,synthetic/v2_700/images/body_chip/syn-v2-700-body_chip-0052.jpg,body_chip,moderate,body_chip,YES,0.884352604548,0.085104573518,0.008356904262,0.002425903707,0.004201145668,0.013835392504,0.884352604548,0.001723497301
syn-v2-700-body_chip-0081,synthetic/v2_700/images/body_chip/syn-v2-700-body_chip-0081.jpg,body_chip,moderate,body_chip,YES,0.996356944243,0.000678013947,0.000136120691,0.000080185653,0.000137954157,0.001951006229,0.996356944243,0.000659714442
syn-v2-700-body_chip-0084,synthetic/v2_700/images/body_chip/syn-v2-700-body_chip-0084.jpg,body_chip,moderate,body_chip,YES,0.998651921749,0.000004007097,0.000014076111,0.000014596948,0.000327356577,0.000056547701,0.998651921749,0.000931474089
syn-v2-700-body_chip-0028,synthetic/v2_700/images/body_chip/syn-v2-700-body_chip-0028.jpg,body_chip,moderate,body_chip,YES,0.999351024628,0.000003451778,0.000005024222,0.000001998055,0.000371508813,0.000046523147,0.999351024628,0.000220498410
syn-v2-700-body_chip-0069,synthetic/v2_700/images/body_chip/syn-v2-700-body_chip-0069.jpg,body_chip,moderate,body_chip,YES,0.999732454618,0.000005052274,0.000084708243,0.000003495642,0.000028951339,0.000108679656,0.999732454618,0.000036618773
syn-v2-700-body_chip-0017,synthetic/v2_700/images/body_chip/syn-v2-700-body_chip-0017.jpg,body_chip,moderate,body_chip,YES,0.999742309252,0.000012025431,0.000039513209,0.000001284827,0.000010066512,0.000151280682,0.999742309252,0.000043519989
syn-v2-700-body_chip-0021,synthetic/v2_700/images/body_chip/syn-v2-700-body_chip-0021.jpg,body_chip,moderate,body_chip,YES,0.993945479393,0.001713138345,0.000466932671,0.000355500394,0.000723784067,0.002473708475,0.993945479393,0.000321468406
syn-v2-700-body_chip-0049,synthetic/v2_700/images/body_chip/syn-v2-700-body_chip-0049.jpg,body_chip,moderate,body_chip,YES,0.997637887796,0.000031234774,0.000272393886,0.000009862264,0.000089567449,0.000366031056,0.997637887796,0.001593037906
syn-v2-700-body_chip-0036,synthetic/v2_700/images/body_chip/syn-v2-700-body_chip-0036.jpg,body_chip,moderate,body_chip,YES,0.999271869659,0.000066311369,0.000056289722,0.000009460496,0.000036701346,0.000324324440,0.999271869659,0.000235057817
syn-v2-700-body_chip-0065,synthetic/v2_700/images/body_chip/syn-v2-700-body_chip-0065.jpg,body_chip,moderate,body_chip,YES,0.999863684177,0.000006555266,0.000020020737,0.000004494503,0.000017823475,0.000044689249,0.999863684177,0.000042684421
syn-v2-700-body_chip-0078,synthetic/v2_700/images/body_chip/syn-v2-700-body_chip-0078.jpg,body_chip,moderate,body_chip,YES,0.995544373989,0.000257806474,0.000550138027,0.000046682911,0.000200159672,0.002359707791,0.995544373989,0.001041196917
syn-v2-700-body_chip-0087,synthetic/v2_700/images/body_chip/syn-v2-700-body_chip-0087.jpg,body_chip,moderate,body_chip,YES,0.994905094306,0.000155161807,0.000548775871,0.000365695868,0.000728305119,0.001207186850,0.994905094306,0.002089801400
syn-v2-700-body_chip-0015,synthetic/v2_700/images/body_chip/syn-v2-700-body_chip-0015.jpg,body_chip,moderate,body_chip,YES,0.999985655149,0.000000170859,0.000007939751,0.000000099578,0.000002335338,0.000002724105,0.999985655149,0.000001067260
syn-v2-700-body_chip-0045,synthetic/v2_700/images/body_chip/syn-v2-700-body_chip-0045.jpg,body_chip,moderate,body_chip,YES,0.990508576234,0.000638583762,0.000453415560,0.000059087891,0.000918078741,0.001532844850,0.990508576234,0.005889396882
syn-v2-700-body_chip-0077,synthetic/v2_700/images/body_chip/syn-v2-700-body_chip-0077.jpg,body_chip,moderate,body_chip,YES,0.999981045723,0.000000858517,0.000003794170,0.000000781921,0.000002741519,0.000005267344,0.999981045723,0.000005522174
syn-v2-700-body_chip-0030,synthetic/v2_700/images/body_chip/syn-v2-700-body_chip-0030.jpg,body_chip,moderate,body_chip,YES,0.999115745227,0.000389186764,0.000060307103,0.000009405227,0.000023161179,0.000052463306,0.999115745227,0.000349667862
syn-v2-700-body_chip-0056,synthetic/v2_700/images/body_chip/syn-v2-700-body_chip-0056.jpg,body_chip,moderate,body_chip,YES,0.997985084852,0.000056952551,0.000337228305,0.000018247166,0.000238483190,0.000732570382,0.997985084852,0.000631473900
syn-v2-700-body_chip-0029,synthetic/v2_700/images/body_chip/syn-v2-700-body_chip-0029.jpg,body_chip,moderate,body_chip,YES,0.994983990987,0.000555477531,0.000375964820,0.000147391688,0.000155773966,0.001622414575,0.994983990987,0.002159027548
syn-v2-700-body_chip-0014,synthetic/v2_700/images/body_chip/syn-v2-700-body_chip-0014.jpg,body_chip,moderate,body_chip,YES,0.993362128735,0.000263510031,0.001081054980,0.000036994101,0.000099156434,0.001502422490,0.993362128735,0.003654802732
syn-v2-700-body_chip-0080,synthetic/v2_700/images/body_chip/syn-v2-700-body_chip-0080.jpg,body_chip,severe,body_chip,YES,0.999195992947,0.000065200173,0.000187362401,0.000020238366,0.000057971051,0.000350418602,0.999195992947,0.000122840208
syn-v2-700-body_chip-0098,synthetic/v2_700/images/body_chip/syn-v2-700-body_chip-0098.jpg,body_chip,severe,body_chip,YES,0.974612553914,0.000854598407,0.004517892667,0.000454609522,0.002731635002,0.015300396985,0.974612553914,0.001528361832
syn-v2-700-body_chip-0059,synthetic/v2_700/images/body_chip/syn-v2-700-body_chip-0059.jpg,body_chip,severe,body_chip,YES,0.999895870686,0.000002760961,0.000007842926,0.000001588342,0.000043907665,0.000029427287,0.999895870686,0.000018549249
syn-v2-700-body_chip-0091,synthetic/v2_700/images/body_chip/syn-v2-700-body_chip-0091.jpg,body_chip,severe,body_chip,YES,0.997290074825,0.000010279920,0.000159426837,0.000099351007,0.000180188297,0.001989668371,0.997290074825,0.000271001792
syn-v2-700-body_chip-0095,synthetic/v2_700/images/body_chip/syn-v2-700-body_chip-0095.jpg,body_chip,severe,body_chip,YES,0.998696227868,0.000106820880,0.000059772068,0.000008393517,0.000112040546,0.000060357098,0.998696227868,0.000956432394
syn-v2-700-body_chip-0041,synthetic/v2_700/images/body_chip/syn-v2-700-body_chip-0041.jpg,body_chip,severe,body_chip,YES,0.999849776427,0.000004058010,0.000036602089,0.000001219026,0.000014940206,0.000057528008,0.999849776427,0.000035857369
syn-v2-700-body_chip-0064,synthetic/v2_700/images/body_chip/syn-v2-700-body_chip-0064.jpg,body_chip,severe,body_chip,YES,0.999546190103,0.000012585276,0.000115104306,0.000007142731,0.000083994115,0.000073449664,0.999546190103,0.000161580234
syn-v2-700-body_chip-0020,synthetic/v2_700/images/body_chip/syn-v2-700-body_chip-0020.jpg,body_chip,severe,body_chip,YES,0.910218497117,0.002175736682,0.000863245793,0.000202921651,0.000276194132,0.085530044977,0.910218497117,0.000733366755
syn-v2-700-body_chip-0047,synthetic/v2_700/images/body_chip/syn-v2-700-body_chip-0047.jpg,body_chip,severe,body_chip,YES,0.999981641769,0.000000372911,0.000001478270,0.000000604768,0.000003385920,0.000003071383,0.999981641769,0.000009403433
syn-v2-700-body_chip-0097,synthetic/v2_700/images/body_chip/syn-v2-700-body_chip-0097.jpg,body_chip,severe,body_chip,YES,0.999519745509,0.000016179171,0.000138071895,0.000007469562,0.000037290016,0.000030179550,0.999519745509,0.000250971041
syn-v2-700-body_chip-0016,synthetic/v2_700/images/body_chip/syn-v2-700-body_chip-0016.jpg,body_chip,severe,body_chip,YES,0.999953667323,0.000000617930,0.000005992721,0.000001393725,0.000027282532,0.000002534645,0.999953667323,0.000008484350
syn-v2-700-body_chip-0096,synthetic/v2_700/images/body_chip/syn-v2-700-body_chip-0096.jpg,body_chip,severe,body_chip,YES,0.998548428218,0.000550533262,0.000225366831,0.000008606826,0.000117441657,0.000292856067,0.998548428218,0.000256823852
syn-v2-700-body_chip-0054,synthetic/v2_700/images/body_chip/syn-v2-700-body_chip-0054.jpg,body_chip,severe,body_chip,YES,0.999981403351,0.000001083648,0.000005151920,0.000001006750,0.000005792349,0.000002004132,0.999981403351,0.000003566441
syn-v2-700-body_chip-0072,synthetic/v2_700/images/body_chip/syn-v2-700-body_chip-0072.jpg,body_chip,severe,body_chip,YES,0.999959031741,0.000005721291,0.000015746062,0.000001012372,0.000011244049,0.000002088530,0.999959031741,0.000005219083
syn-v2-700-body_crack-0022,synthetic/v2_700/images/body_crack/syn-v2-700-body_crack-0022.jpg,body_crack,mild,body_crack,YES,0.998910228411,0.000060815461,0.000096062315,0.000038388218,0.000268537204,0.000192070398,0.000433895310,0.998910228411
syn-v2-700-body_crack-0046,synthetic/v2_700/images/body_crack/syn-v2-700-body_crack-0046.jpg,body_crack,mild,body_crack,YES,0.999879022439,0.000025246667,0.000012084435,0.000005168841,0.000044350246,0.000019238829,0.000014871088,0.999879022439
syn-v2-700-body_crack-0060,synthetic/v2_700/images/body_crack/syn-v2-700-body_crack-0060.jpg,body_crack,mild,body_crack,YES,0.999261200428,0.000089208391,0.000058068256,0.000025427975,0.000055196621,0.000378358311,0.000132492814,0.999261200428
syn-v2-700-body_crack-0059,synthetic/v2_700/images/body_crack/syn-v2-700-body_crack-0059.jpg,body_crack,mild,body_crack,YES,0.975430528323,0.000348776395,0.000488452555,0.000440307776,0.001670978110,0.001709220912,0.019911773192,0.975430528323
syn-v2-700-body_crack-0050,synthetic/v2_700/images/body_crack/syn-v2-700-body_crack-0050.jpg,body_crack,mild,body_crack,YES,0.999887009462,0.000006057194,0.000010708652,0.000001595921,0.000060438859,0.000012742518,0.000021466424,0.999887009462
syn-v2-700-body_crack-0073,synthetic/v2_700/images/body_crack/syn-v2-700-body_crack-0073.jpg,body_crack,mild,body_crack,YES,0.999857346217,0.000025262821,0.000006748118,0.000006058614,0.000017246927,0.000048186001,0.000039156379,0.999857346217
syn-v2-700-body_crack-0002,synthetic/v2_700/images/body_crack/syn-v2-700-body_crack-0002.jpg,body_crack,mild,body_crack,YES,0.999264955521,0.000049296051,0.000087710718,0.000030245456,0.000079366298,0.000060098810,0.000428421112,0.999264955521
syn-v2-700-body_crack-0004,synthetic/v2_700/images/body_crack/syn-v2-700-body_crack-0004.jpg,body_crack,mild,body_crack,YES,0.988453249137,0.000597421866,0.000274261613,0.000248861591,0.001621728453,0.000473079568,0.008331428515,0.988453249137
syn-v2-700-body_crack-0064,synthetic/v2_700/images/body_crack/syn-v2-700-body_crack-0064.jpg,body_crack,mild,body_crack,YES,0.998877346516,0.000050297485,0.000042966910,0.000021869924,0.000529381209,0.000406039767,0.000072091926,0.998877346516
syn-v2-700-body_crack-0011,synthetic/v2_700/images/body_crack/syn-v2-700-body_crack-0011.jpg,body_crack,mild,body_crack,YES,0.997705916564,0.000833408155,0.000184700770,0.000064118950,0.000533304100,0.000222924706,0.000455640053,0.997705916564
syn-v2-700-body_crack-0088,synthetic/v2_700/images/body_crack/syn-v2-700-body_crack-0088.jpg,body_crack,mild,body_crack,YES,0.999784310659,0.000127484438,0.000009419964,0.000009585838,0.000033833984,0.000030644260,0.000004681292,0.999784310659
syn-v2-700-body_crack-0053,synthetic/v2_700/images/body_crack/syn-v2-700-body_crack-0053.jpg,body_crack,mild,body_crack,YES,0.927864889304,0.003333624220,0.003652622923,0.006783106287,0.011216907452,0.029643160601,0.017505735780,0.927864889304
syn-v2-700-body_crack-0086,synthetic/v2_700/images/body_crack/syn-v2-700-body_crack-0086.jpg,body_crack,mild,body_crack,YES,0.999974767367,0.000004190815,0.000005404303,0.000001420023,0.000008213747,0.000003554914,0.000002437620,0.999974767367
syn-v2-700-body_crack-0015,synthetic/v2_700/images/body_crack/syn-v2-700-body_crack-0015.jpg,body_crack,mild,body_crack,YES,0.999840716521,0.000030795936,0.000019934204,0.000014268570,0.000042702838,0.000027458897,0.000024096467,0.999840716521
syn-v2-700-body_crack-0017,synthetic/v2_700/images/body_crack/syn-v2-700-body_crack-0017.jpg,body_crack,mild,body_chip,NO,0.858654240767,0.011990624092,0.014046850847,0.002623032740,0.004863451351,0.077730253339,0.858654240767,0.030091499910
syn-v2-700-body_crack-0045,synthetic/v2_700/images/body_crack/syn-v2-700-body_crack-0045.jpg,body_crack,mild,body_crack,YES,0.999938050906,0.000045815672,0.000002438352,0.000000406672,0.000008014062,0.000004653912,0.000000590781,0.999938050906
syn-v2-700-body_crack-0083,synthetic/v2_700/images/body_crack/syn-v2-700-body_crack-0083.jpg,body_crack,mild,body_crack,YES,0.999980131785,0.000001108482,0.000000221522,0.000000165172,0.000016708947,0.000000475791,0.000001194349,0.999980131785
syn-v2-700-body_crack-0012,synthetic/v2_700/images/body_crack/syn-v2-700-body_crack-0012.jpg,body_crack,mild,body_crack,YES,0.999749978383,0.000053507053,0.000010131464,0.000002220314,0.000087416231,0.000081819336,0.000014970294,0.999749978383
syn-v2-700-body_crack-0029,synthetic/v2_700/images/body_crack/syn-v2-700-body_crack-0029.jpg,body_crack,mild,body_crack,YES,0.999709884326,0.000044186716,0.000026512304,0.000007447790,0.000154311839,0.000025458768,0.000032257911,0.999709884326
syn-v2-700-body_crack-0023,synthetic/v2_700/images/body_crack/syn-v2-700-body_crack-0023.jpg,body_crack,mild,body_crack,YES,0.999353488286,0.000056225377,0.000035141991,0.000042965515,0.000301223872,0.000130394318,0.000080508801,0.999353488286
syn-v2-700-body_crack-0098,synthetic/v2_700/images/body_crack/syn-v2-700-body_crack-0098.jpg,body_crack,mild,body_chip,NO,0.441528121630,0.065837863833,0.006433928308,0.039427595834,0.058896495029,0.017455810526,0.441528121630,0.370420197646
syn-v2-700-body_crack-0071,synthetic/v2_700/images/body_crack/syn-v2-700-body_crack-0071.jpg,body_crack,mild,body_crack,YES,0.999942859014,0.000023299786,0.000004060198,0.000001240297,0.000017643297,0.000006389948,0.000004512720,0.999942859014
syn-v2-700-body_crack-0058,synthetic/v2_700/images/body_crack/syn-v2-700-body_crack-0058.jpg,body_crack,mild,body_crack,YES,0.995192646980,0.000139597854,0.000045590446,0.000164389324,0.003250770892,0.000081799343,0.001125174322,0.995192646980
syn-v2-700-body_crack-0056,synthetic/v2_700/images/body_crack/syn-v2-700-body_crack-0056.jpg,body_crack,mild,body_crack,YES,0.999988277753,0.000001130813,0.000001136398,0.000000221502,0.000007278135,0.000001308239,0.000000630678,0.999988277753
syn-v2-700-body_crack-0074,synthetic/v2_700/images/body_crack/syn-v2-700-body_crack-0074.jpg,body_crack,mild,body_crack,YES,0.999973654747,0.000014882252,0.000001495504,0.000000438129,0.000004173303,0.000004140303,0.000001185147,0.999973654747
syn-v2-700-body_crack-0016,synthetic/v2_700/images/body_crack/syn-v2-700-body_crack-0016.jpg,body_crack,mild,body_chip,NO,0.494570702314,0.004103339355,0.005519400506,0.020535103977,0.022446776430,0.074565755824,0.494570702314,0.378258958459
syn-v2-700-body_crack-0049,synthetic/v2_700/images/body_crack/syn-v2-700-body_crack-0049.jpg,body_crack,mild,body_crack,YES,0.997164448102,0.000296142520,0.000154293130,0.000132142147,0.000985114370,0.001138445111,0.000129418925,0.997164448102
syn-v2-700-body_crack-0005,synthetic/v2_700/images/body_crack/syn-v2-700-body_crack-0005.jpg,body_crack,mild,body_crack,YES,0.998266160488,0.000044761012,0.000053129512,0.000011014986,0.000440520599,0.001010213942,0.000174223736,0.998266160488
syn-v2-700-body_crack-0068,synthetic/v2_700/images/body_crack/syn-v2-700-body_crack-0068.jpg,body_crack,mild,body_crack,YES,0.997496386369,0.000290392850,0.000103418241,0.000019466452,0.000740382064,0.000933877115,0.000416074501,0.997496386369
syn-v2-700-body_crack-0038,synthetic/v2_700/images/body_crack/syn-v2-700-body_crack-0038.jpg,body_crack,moderate,body_crack,YES,0.996058066686,0.000729131231,0.000428300817,0.000118462628,0.000466044876,0.001520790092,0.000679263884,0.996058066686
syn-v2-700-body_crack-0021,synthetic/v2_700/images/body_crack/syn-v2-700-body_crack-0021.jpg,body_crack,moderate,body_crack,YES,0.999977231026,0.000004363566,0.000002373764,0.000001181127,0.000007395448,0.000002496677,0.000004920459,0.999977231026
syn-v2-700-body_crack-0040,synthetic/v2_700/images/body_crack/syn-v2-700-body_crack-0040.jpg,body_crack,moderate,body_crack,YES,0.999451180299,0.000122106031,0.000096119186,0.000028289867,0.000179838758,0.000063385423,0.000059068718,0.999451180299
syn-v2-700-body_crack-0076,synthetic/v2_700/images/body_crack/syn-v2-700-body_crack-0076.jpg,body_crack,moderate,body_crack,YES,0.999992211660,0.000001679839,0.000000340074,0.000000132228,0.000003937634,0.000001411747,0.000000271969,0.999992211660
syn-v2-700-body_crack-0075,synthetic/v2_700/images/body_crack/syn-v2-700-body_crack-0075.jpg,body_crack,moderate,body_crack,YES,0.999943653742,0.000016755709,0.000008577852,0.000005754387,0.000015589665,0.000003498500,0.000006213554,0.999943653742
syn-v2-700-body_crack-0035,synthetic/v2_700/images/body_crack/syn-v2-700-body_crack-0035.jpg,body_crack,moderate,body_crack,YES,0.999810894330,0.000041249083,0.000025333144,0.000009178241,0.000079217010,0.000028828548,0.000005332189,0.999810894330
syn-v2-700-body_crack-0019,synthetic/v2_700/images/body_crack/syn-v2-700-body_crack-0019.jpg,body_crack,moderate,body_crack,YES,0.999579767386,0.000042272055,0.000040299406,0.000011473127,0.000132912673,0.000170881694,0.000022401644,0.999579767386
syn-v2-700-body_crack-0032,synthetic/v2_700/images/body_crack/syn-v2-700-body_crack-0032.jpg,body_crack,moderate,body_crack,YES,0.998891949654,0.000096444664,0.000211683577,0.000045894123,0.000243987373,0.000374949547,0.000135065185,0.998891949654
syn-v2-700-body_crack-0065,synthetic/v2_700/images/body_crack/syn-v2-700-body_crack-0065.jpg,body_crack,moderate,body_crack,YES,0.999980449677,0.000001874649,0.000001107986,0.000001181078,0.000006673787,0.000007416765,0.000001286663,0.999980449677
syn-v2-700-body_crack-0061,synthetic/v2_700/images/body_crack/syn-v2-700-body_crack-0061.jpg,body_crack,moderate,body_crack,YES,0.999923427900,0.000005911204,0.000011731414,0.000004064517,0.000016785711,0.000027564839,0.000010491792,0.999923427900
syn-v2-700-body_crack-0095,synthetic/v2_700/images/body_crack/syn-v2-700-body_crack-0095.jpg,body_crack,moderate,body_crack,YES,0.999986529350,0.000002013406,0.000000864012,0.000000208542,0.000008396912,0.000001519177,0.000000471806,0.999986529350
syn-v2-700-body_crack-0013,synthetic/v2_700/images/body_crack/syn-v2-700-body_crack-0013.jpg,body_crack,moderate,body_crack,YES,0.999796211720,0.000062662799,0.000009697540,0.000003946757,0.000099097080,0.000021747179,0.000006630238,0.999796211720
syn-v2-700-body_crack-0085,synthetic/v2_700/images/body_crack/syn-v2-700-body_crack-0085.jpg,body_crack,moderate,body_crack,YES,0.999419828256,0.000021721188,0.000099344163,0.000011499015,0.000174455217,0.000247793752,0.000025318464,0.999419828256
syn-v2-700-body_crack-0007,synthetic/v2_700/images/body_crack/syn-v2-700-body_crack-0007.jpg,body_crack,moderate,body_crack,YES,0.999972144763,0.000004240605,0.000001604498,0.000003574237,0.000011892843,0.000001203467,0.000005331162,0.999972144763
syn-v2-700-body_crack-0018,synthetic/v2_700/images/body_crack/syn-v2-700-body_crack-0018.jpg,body_crack,moderate,body_crack,YES,0.999973654747,0.000005519765,0.000002571762,0.000000905478,0.000013744386,0.000002838925,0.000000752103,0.999973654747
syn-v2-700-body_crack-0014,synthetic/v2_700/images/body_crack/syn-v2-700-body_crack-0014.jpg,body_crack,moderate,body_crack,YES,0.999916513761,0.000004663072,0.000005286777,0.000002372585,0.000066034787,0.000002964933,0.000002103105,0.999916513761
syn-v2-700-body_crack-0009,synthetic/v2_700/images/body_crack/syn-v2-700-body_crack-0009.jpg,body_crack,moderate,body_crack,YES,0.999731123447,0.000016378401,0.000029042057,0.000006044070,0.000100281536,0.000057484609,0.000059685801,0.999731123447
syn-v2-700-body_crack-0024,synthetic/v2_700/images/body_crack/syn-v2-700-body_crack-0024.jpg,body_crack,moderate,body_crack,YES,0.999974687894,0.000005867390,0.000002191826,0.000001250074,0.000010004746,0.000004028864,0.000002042035,0.999974687894
syn-v2-700-body_crack-0055,synthetic/v2_700/images/body_crack/syn-v2-700-body_crack-0055.jpg,body_crack,moderate,body_crack,YES,0.999519666036,0.000022394387,0.000024369380,0.000003994930,0.000309233551,0.000112002842,0.000008318402,0.999519666036
syn-v2-700-body_crack-0087,synthetic/v2_700/images/body_crack/syn-v2-700-body_crack-0087.jpg,body_crack,moderate,body_crack,YES,0.975720127424,0.000906489169,0.001414842302,0.002542127758,0.015855642424,0.001217280151,0.002343410141,0.975720127424
syn-v2-700-body_crack-0028,synthetic/v2_700/images/body_crack/syn-v2-700-body_crack-0028.jpg,body_crack,moderate,body_crack,YES,0.994351824125,0.000306088327,0.000089575722,0.000040136039,0.005025629420,0.000158907323,0.000027782330,0.994351824125
syn-v2-700-body_crack-0092,synthetic/v2_700/images/body_crack/syn-v2-700-body_crack-0092.jpg,body_crack,moderate,body_crack,YES,0.999844332536,0.000050458371,0.000010738703,0.000006627368,0.000009314537,0.000004512659,0.000073969028,0.999844332536
syn-v2-700-body_crack-0090,synthetic/v2_700/images/body_crack/syn-v2-700-body_crack-0090.jpg,body_crack,moderate,body_crack,YES,0.999823371569,0.000020449892,0.000019599905,0.000009139107,0.000032482161,0.000086399682,0.000008564656,0.999823371569
syn-v2-700-body_crack-0091,synthetic/v2_700/images/body_crack/syn-v2-700-body_crack-0091.jpg,body_crack,moderate,body_crack,YES,0.985651751359,0.000732719413,0.001073832779,0.000535472587,0.005816973338,0.003422743903,0.002766551799,0.985651751359
syn-v2-700-body_crack-0069,synthetic/v2_700/images/body_crack/syn-v2-700-body_crack-0069.jpg,body_crack,moderate,body_crack,YES,0.999693850676,0.000023801804,0.000021033489,0.000004372222,0.000186520844,0.000052058311,0.000018381725,0.999693850676
syn-v2-700-body_crack-0043,synthetic/v2_700/images/body_crack/syn-v2-700-body_crack-0043.jpg,body_crack,moderate,body_crack,YES,0.998438338439,0.000032567007,0.000040260952,0.000011038247,0.001424568395,0.000023925238,0.000029319215,0.998438338439
syn-v2-700-body_crack-0082,synthetic/v2_700/images/body_crack/syn-v2-700-body_crack-0082.jpg,body_crack,moderate,body_crack,YES,0.916605353355,0.003590084651,0.003525180665,0.006971105002,0.054483604307,0.002134429121,0.012690231359,0.916605353355
syn-v2-700-body_crack-0042,synthetic/v2_700/images/body_crack/syn-v2-700-body_crack-0042.jpg,body_crack,moderate,body_crack,YES,0.999795973301,0.000062341464,0.000028887844,0.000009656766,0.000039767900,0.000043853989,0.000019563681,0.999795973301
syn-v2-700-body_crack-0063,synthetic/v2_700/images/body_crack/syn-v2-700-body_crack-0063.jpg,body_crack,moderate,body_crack,YES,0.999994476636,0.000001975163,0.000000355946,0.000000178674,0.000002190377,0.000000099750,0.000000675930,0.999994476636
syn-v2-700-body_crack-0000,synthetic/v2_700/images/body_crack/syn-v2-700-body_crack-0000.jpg,body_crack,severe,body_crack,YES,0.999864697456,0.000008177710,0.000006616813,0.000009341549,0.000081352762,0.000011995075,0.000017827858,0.999864697456
syn-v2-700-body_crack-0093,synthetic/v2_700/images/body_crack/syn-v2-700-body_crack-0093.jpg,body_crack,severe,body_crack,YES,0.995351751645,0.000030610151,0.000037679243,0.000052668106,0.004480755577,0.000040086798,0.000006413467,0.995351751645
syn-v2-700-body_crack-0072,synthetic/v2_700/images/body_crack/syn-v2-700-body_crack-0072.jpg,body_crack,severe,body_crack,YES,0.998639285564,0.000382424575,0.000066607561,0.000086549217,0.000374127081,0.000026236001,0.000424771885,0.998639285564
syn-v2-700-body_crack-0062,synthetic/v2_700/images/body_crack/syn-v2-700-body_crack-0062.jpg,body_crack,severe,body_crack,YES,0.998963038127,0.000075027065,0.000088730401,0.000149877783,0.000511212337,0.000081731544,0.000130368098,0.998963038127
syn-v2-700-body_crack-0041,synthetic/v2_700/images/body_crack/syn-v2-700-body_crack-0041.jpg,body_crack,severe,body_crack,YES,0.999594867229,0.000071657098,0.000018269948,0.000007369516,0.000279352828,0.000010443039,0.000017998014,0.999594867229
syn-v2-700-body_crack-0026,synthetic/v2_700/images/body_crack/syn-v2-700-body_crack-0026.jpg,body_crack,severe,body_crack,YES,0.999926765760,0.000009083371,0.000008068202,0.000001883307,0.000036639778,0.000014875590,0.000002650008,0.999926765760
syn-v2-700-body_crack-0025,synthetic/v2_700/images/body_crack/syn-v2-700-body_crack-0025.jpg,body_crack,severe,body_crack,YES,0.999960263570,0.000008548476,0.000002971013,0.000001427447,0.000020865574,0.000003424646,0.000002476872,0.999960263570
syn-v2-700-body_crack-0080,synthetic/v2_700/images/body_crack/syn-v2-700-body_crack-0080.jpg,body_crack,severe,body_crack,YES,0.999336282412,0.000034144046,0.000011717249,0.000007361677,0.000597217431,0.000010119231,0.000003179558,0.999336282412
syn-v2-700-body_crack-0048,synthetic/v2_700/images/body_crack/syn-v2-700-body_crack-0048.jpg,body_crack,severe,body_crack,YES,0.999856511752,0.000018028871,0.000001357771,0.000001591526,0.000118074387,0.000001104655,0.000003377420,0.999856511752
syn-v2-700-body_crack-0067,synthetic/v2_700/images/body_crack/syn-v2-700-body_crack-0067.jpg,body_crack,severe,body_crack,YES,0.999850074450,0.000031535620,0.000014472968,0.000003881093,0.000060680688,0.000033884013,0.000005459210,0.999850074450
syn-v2-700-body_crack-0006,synthetic/v2_700/images/body_crack/syn-v2-700-body_crack-0006.jpg,body_crack,severe,body_crack,YES,0.999800562859,0.000088634757,0.000047072268,0.000003386456,0.000037558906,0.000011728912,0.000011041809,0.999800562859
syn-v2-700-body_crack-0001,synthetic/v2_700/images/body_crack/syn-v2-700-body_crack-0001.jpg,body_crack,severe,body_crack,YES,0.999955733617,0.000003759922,0.000002748372,0.000003497165,0.000030535691,0.000002397235,0.000001372285,0.999955733617
syn-v2-700-body_crack-0010,synthetic/v2_700/images/body_crack/syn-v2-700-body_crack-0010.jpg,body_crack,severe,body_crack,YES,0.994396169980,0.000023745672,0.000007966206,0.000011231681,0.005545420941,0.000004098548,0.000011375698,0.994396169980
syn-v2-700-body_crack-0020,synthetic/v2_700/images/body_crack/syn-v2-700-body_crack-0020.jpg,body_crack,severe,body_crack,YES,0.997922897339,0.001149460838,0.000242546768,0.000030170331,0.000486495177,0.000116755057,0.000051659842,0.997922897339
