member_id,training_seed,sample_id,true_class,severity,predicted_class,confidence,probability_scratch,probability_surface_spot,probability_discoloration,probability_contamination,probability_lead_breakage,probability_body_chip,probability_body_crack
seed_2700701,2700701,syn-v2-700-scratch-0021,scratch,mild,scratch,0.926077783108,0.926077783108,0.002900118241,0.001549459412,0.003144243965,0.007405177690,0.053958222270,0.004964986816
seed_2700701,2700701,syn-v2-700-scratch-0035,scratch,mild,scratch,0.982914805412,0.982914805412,0.004487233702,0.000275284838,0.001458751736,0.002205281053,0.007245078217,0.001413551276
seed_2700701,2700701,syn-v2-700-scratch-0077,scratch,mild,scratch,0.891312897205,0.891312897205,0.000982410042,0.000367883797,0.001850242843,0.085695669055,0.018884172663,0.000906845205
seed_2700701,2700701,syn-v2-700-scratch-0045,scratch,mild,scratch,0.999718487263,0.999718487263,0.000074909018,0.000038080358,0.000039978684,0.000051168889,0.000039182290,0.000038233011
seed_2700701,2700701,syn-v2-700-scratch-0088,scratch,mild,scratch,0.999829411507,0.999829411507,0.000030900213,0.000003052262,0.000009250177,0.000001909559,0.000089281268,0.000036119949
seed_2700701,2700701,syn-v2-700-scratch-0069,scratch,mild,scratch,0.998633325100,0.998633325100,0.000076471690,0.000041160012,0.000089647612,0.000084567851,0.000702929567,0.000371899194
seed_2700701,2700701,syn-v2-700-scratch-0017,scratch,mild,scratch,0.998813867569,0.998813867569,0.000191806161,0.000039002061,0.000066465764,0.000340994709,0.000183543234,0.000364329491
seed_2700701,2700701,syn-v2-700-scratch-0042,scratch,mild,scratch,0.999527215958,0.999527215958,0.000135882015,0.000039679046,0.000050416551,0.000007168798,0.000176357280,0.000063299332
seed_2700701,2700701,syn-v2-700-scratch-0048,scratch,mild,scratch,0.997229516506,0.997229516506,0.001049590181,0.000049513546,0.000116643540,0.000295675360,0.001129677170,0.000129385284
seed_2700701,2700701,syn-v2-700-scratch-0013,scratch,mild,body_chip,0.689597129822,0.225834935904,0.006362500601,0.003685944946,0.005375045817,0.063760995865,0.689597129822,0.005383356009
seed_2700701,2700701,syn-v2-700-scratch-0056,scratch,mild,scratch,0.999963045120,0.999963045120,0.000010106580,0.000000664560,0.000001802573,0.000001469533,0.000006636071,0.000016204051
seed_2700701,2700701,syn-v2-700-scratch-0050,scratch,mild,body_chip,0.543942809105,0.038004137576,0.007919194177,0.002766487189,0.036909792572,0.028232248500,0.543942809105,0.342225283384
seed_2700701,2700701,syn-v2-700-scratch-0046,scratch,mild,scratch,0.963957607746,0.963957607746,0.001218873309,0.000792402541,0.002781470073,0.026332585141,0.002743519377,0.002173515037
seed_2700701,2700701,syn-v2-700-scratch-0020,scratch,mild,scratch,0.988844692707,0.988844692707,0.003980023321,0.000061408355,0.000385501044,0.003163107904,0.002201062161,0.001364209340
seed_2700701,2700701,syn-v2-700-scratch-0095,scratch,mild,scratch,0.999832153320,0.999832153320,0.000057593868,0.000002326859,0.000007011526,0.000025113048,0.000049220664,0.000026544732
seed_2700701,2700701,syn-v2-700-scratch-0055,scratch,mild,scratch,0.999746024609,0.999746024609,0.000076567194,0.000012793037,0.000010798852,0.000121698482,0.000015606161,0.000016474465
seed_2700701,2700701,syn-v2-700-scratch-0009,scratch,mild,scratch,0.999791324139,0.999791324139,0.000062702959,0.000018501793,0.000026323296,0.000044196717,0.000036724323,0.000020278234
seed_2700701,2700701,syn-v2-700-scratch-0031,scratch,mild,scratch,0.999934792519,0.999934792519,0.000027151986,0.000002289659,0.000006955487,0.000010745842,0.000009551443,0.000008541682
seed_2700701,2700701,syn-v2-700-scratch-0002,scratch,mild,scratch,0.996873617172,0.996873617172,0.000502238981,0.000090731402,0.000246586715,0.000258391345,0.001465130947,0.000563381589
seed_2700701,2700701,syn-v2-700-scratch-0089,scratch,mild,scratch,0.999747097492,0.999747097492,0.000026002250,0.000019039333,0.000012261995,0.000048980764,0.000098407938,0.000048124177
seed_2700701,2700701,syn-v2-700-scratch-0078,scratch,mild,scratch,0.999831318855,0.999831318855,0.000046973946,0.000002179758,0.000017654516,0.000032130407,0.000049618586,0.000019979334
seed_2700701,2700701,syn-v2-700-scratch-0083,scratch,mild,scratch,0.968779206276,0.968779206276,0.008592801169,0.000352051720,0.002707027597,0.011080801487,0.006905793678,0.001582284342
seed_2700701,2700701,syn-v2-700-scratch-0070,scratch,mild,scratch,0.999611675739,0.999611675739,0.000065170825,0.000006575796,0.000011010738,0.000049539089,0.000180541130,0.000075578937
seed_2700701,2700701,syn-v2-700-scratch-0052,scratch,mild,scratch,0.999878883362,0.999878883362,0.000046438458,0.000001175347,0.000003739434,0.000005246065,0.000049085193,0.000015378451
seed_2700701,2700701,syn-v2-700-scratch-0030,scratch,mild,scratch,0.999717891216,0.999717891216,0.000052644460,0.000018913204,0.000046897589,0.000058398728,0.000051044623,0.000054121570
seed_2700701,2700701,syn-v2-700-scratch-0051,scratch,mild,scratch,0.998422265053,0.998422265053,0.000505403266,0.000064675856,0.000113777678,0.000329143746,0.000425025995,0.000139756608
seed_2700701,2700701,syn-v2-700-scratch-0059,scratch,mild,body_chip,0.636287748814,0.259474277496,0.035564064980,0.003543464467,0.011341227219,0.049969177693,0.636287748814,0.003820018843
seed_2700701,2700701,syn-v2-700-scratch-0086,scratch,mild,scratch,0.989764451981,0.989764451981,0.003170810407,0.000083964966,0.000133538240,0.000399051962,0.005974720698,0.000473479799
seed_2700701,2700701,syn-v2-700-scratch-0063,scratch,mild,scratch,0.982357978821,0.982357978821,0.011983226053,0.000106265623,0.000777874608,0.001885411330,0.002142183715,0.000747138518
seed_2700701,2700701,syn-v2-700-scratch-0033,scratch,moderate,scratch,0.999920368195,0.999920368195,0.000046933976,0.000004895616,0.000010454563,0.000001630053,0.000005879750,0.000009783265
seed_2700701,2700701,syn-v2-700-scratch-0064,scratch,moderate,scratch,0.999899744987,0.999899744987,0.000049125738,0.000002941044,0.000005812409,0.000005125614,0.000017934395,0.000019378320
seed_2700701,2700701,syn-v2-700-scratch-0085,scratch,moderate,scratch,0.992625534534,0.992625534534,0.005054505076,0.000091900074,0.000757805596,0.000583671033,0.000308286923,0.000578250852
seed_2700701,2700701,syn-v2-700-scratch-0037,scratch,moderate,scratch,0.999569237232,0.999569237232,0.000090599511,0.000021642014,0.000024124975,0.000019577530,0.000053780193,0.000221095310
seed_2700701,2700701,syn-v2-700-scratch-0038,scratch,moderate,scratch,0.998521149158,0.998521149158,0.000238027525,0.000097385200,0.000209218866,0.000157903793,0.000472656131,0.000303664419
seed_2700701,2700701,syn-v2-700-scratch-0039,scratch,moderate,scratch,0.999792397022,0.999792397022,0.000078050653,0.000004723348,0.000008981849,0.000032319658,0.000034484216,0.000049002370
seed_2700701,2700701,syn-v2-700-scratch-0025,scratch,moderate,scratch,0.999865293503,0.999865293503,0.000018092851,0.000008887673,0.000030080606,0.000001302254,0.000057870075,0.000018438339
seed_2700701,2700701,syn-v2-700-scratch-0024,scratch,moderate,scratch,0.999904990196,0.999904990196,0.000016613556,0.000011320313,0.000015158686,0.000006615094,0.000010966824,0.000034287266
seed_2700701,2700701,syn-v2-700-scratch-0019,scratch,moderate,scratch,0.999946594238,0.999946594238,0.000030392644,0.000003980512,0.000005843964,0.000002489062,0.000002647716,0.000008102707
seed_2700701,2700701,syn-v2-700-scratch-0061,scratch,moderate,scratch,0.999620318413,0.999620318413,0.000169757564,0.000038408903,0.000072494513,0.000009456297,0.000061318868,0.000028215974
seed_2700701,2700701,syn-v2-700-scratch-0071,scratch,moderate,scratch,0.999632120132,0.999632120132,0.000133226262,0.000017877041,0.000029304325,0.000012444318,0.000086709915,0.000088299108
seed_2700701,2700701,syn-v2-700-scratch-0049,scratch,moderate,scratch,0.998220384121,0.998220384121,0.000462840952,0.000058220066,0.000077545468,0.001038827584,0.000084178821,0.000057881312
seed_2700701,2700701,syn-v2-700-scratch-0099,scratch,moderate,scratch,0.999753654003,0.999753654003,0.000006963604,0.000002407710,0.000009754210,0.000001207412,0.000006918723,0.000219163005
seed_2700701,2700701,syn-v2-700-scratch-0053,scratch,moderate,scratch,0.999855041504,0.999855041504,0.000048952144,0.000009745288,0.000009852040,0.000030318708,0.000018393137,0.000027642196
seed_2700701,2700701,syn-v2-700-scratch-0098,scratch,moderate,scratch,0.999953985214,0.999953985214,0.000026048092,0.000001535338,0.000002446841,0.000000868761,0.000003520119,0.000011594463
seed_2700701,2700701,syn-v2-700-scratch-0066,scratch,moderate,scratch,0.999591767788,0.999591767788,0.000098866614,0.000009799199,0.000081935948,0.000010991624,0.000092422517,0.000114243419
seed_2700701,2700701,syn-v2-700-scratch-0032,scratch,moderate,scratch,0.999700784683,0.999700784683,0.000037568443,0.000040818210,0.000028042845,0.000024704503,0.000129995315,0.000038253409
seed_2700701,2700701,syn-v2-700-scratch-0093,scratch,moderate,scratch,0.984104275703,0.984104275703,0.001046392717,0.000405893632,0.000940201397,0.006895823404,0.005347346421,0.001260145218
seed_2700701,2700701,syn-v2-700-scratch-0029,scratch,moderate,scratch,0.999972701073,0.999972701073,0.000009181503,0.000001276861,0.000004404775,0.000001279237,0.000003064851,0.000008066449
seed_2700701,2700701,syn-v2-700-scratch-0026,scratch,moderate,scratch,0.850285470486,0.850285470486,0.002862941241,0.005175827071,0.008356297389,0.011029031128,0.120259478688,0.002030969597
seed_2700701,2700701,syn-v2-700-scratch-0012,scratch,moderate,scratch,0.998869717121,0.998869717121,0.000287324190,0.000066942914,0.000050199120,0.000592139550,0.000036265850,0.000097345277
seed_2700701,2700701,syn-v2-700-scratch-0036,scratch,moderate,scratch,0.960574626923,0.960574626923,0.001986708958,0.000972186215,0.001743078930,0.024593885988,0.008386009373,0.001743491157
seed_2700701,2700701,syn-v2-700-scratch-0080,scratch,moderate,scratch,0.999561607838,0.999561607838,0.000172367465,0.000029647241,0.000043797318,0.000003003611,0.000016423806,0.000173098873
seed_2700701,2700701,syn-v2-700-scratch-0081,scratch,moderate,scratch,0.891653954983,0.891653954983,0.005005045794,0.000798796362,0.002131847898,0.031276408583,0.066094525158,0.003039491363
seed_2700701,2700701,syn-v2-700-scratch-0041,scratch,moderate,scratch,0.999657750130,0.999657750130,0.000163820601,0.000046496025,0.000055322602,0.000028315259,0.000008566011,0.000039612762
seed_2700701,2700701,syn-v2-700-scratch-0040,scratch,moderate,scratch,0.969253480434,0.969253480434,0.012448494323,0.000409539556,0.001781480736,0.012195343152,0.002830387792,0.001081259106
seed_2700701,2700701,syn-v2-700-scratch-0004,scratch,moderate,scratch,0.999759256840,0.999759256840,0.000106975334,0.000006155288,0.000018414681,0.000044233162,0.000011883982,0.000053021817
seed_2700701,2700701,syn-v2-700-scratch-0022,scratch,moderate,scratch,0.999601900578,0.999601900578,0.000060010803,0.000018321873,0.000033554068,0.000034851004,0.000041828822,0.000209659745
seed_2700701,2700701,syn-v2-700-scratch-0062,scratch,moderate,scratch,0.999910235405,0.999910235405,0.000049070772,0.000009952707,0.000007380103,0.000006526510,0.000002256058,0.000014439800
seed_2700701,2700701,syn-v2-700-scratch-0082,scratch,severe,scratch,0.999819695950,0.999819695950,0.000030999912,0.000006014482,0.000014227868,0.000004928550,0.000044291050,0.000079941099
seed_2700701,2700701,syn-v2-700-scratch-0003,scratch,severe,scratch,0.999661326408,0.999661326408,0.000178311384,0.000018583733,0.000030691452,0.000024317473,0.000025886484,0.000060916864
seed_2700701,2700701,syn-v2-700-scratch-0016,scratch,severe,scratch,0.999779284000,0.999779284000,0.000023305749,0.000002504615,0.000012237972,0.000000944497,0.000006235951,0.000175394438
seed_2700701,2700701,syn-v2-700-scratch-0006,scratch,severe,scratch,0.999680519104,0.999680519104,0.000177801470,0.000039535920,0.000022885695,0.000031284762,0.000020365675,0.000027615477
seed_2700701,2700701,syn-v2-700-scratch-0092,scratch,severe,scratch,0.999727904797,0.999727904797,0.000162050215,0.000029936655,0.000030422707,0.000009190310,0.000022213620,0.000018294291
seed_2700701,2700701,syn-v2-700-scratch-0027,scratch,severe,scratch,0.999974846840,0.999974846840,0.000009641719,0.000002703629,0.000003610369,0.000000774888,0.000002128713,0.000006278685
seed_2700701,2700701,syn-v2-700-scratch-0074,scratch,severe,scratch,0.999218344688,0.999218344688,0.000263703696,0.000122005316,0.000193369619,0.000077187244,0.000055328990,0.000070012000
seed_2700701,2700701,syn-v2-700-scratch-0072,scratch,severe,scratch,0.999637722969,0.999637722969,0.000194276829,0.000023926183,0.000029371751,0.000010568336,0.000011973757,0.000092131166
seed_2700701,2700701,syn-v2-700-scratch-0068,scratch,severe,scratch,0.999705970287,0.999705970287,0.000130568020,0.000009207434,0.000019064079,0.000011443733,0.000037434347,0.000086193759
seed_2700701,2700701,syn-v2-700-scratch-0075,scratch,severe,scratch,0.999942660332,0.999942660332,0.000024756193,0.000002704785,0.000006301174,0.000003443472,0.000005999272,0.000014061276
seed_2700701,2700701,syn-v2-700-scratch-0014,scratch,severe,scratch,0.999760448933,0.999760448933,0.000089552319,0.000008575671,0.000029381355,0.000035174937,0.000017581842,0.000059328817
seed_2700701,2700701,syn-v2-700-scratch-0084,scratch,severe,scratch,0.999968886375,0.999968886375,0.000005005206,0.000003575221,0.000003882591,0.000000366733,0.000003525874,0.000014778206
seed_2700701,2700701,syn-v2-700-scratch-0058,scratch,severe,scratch,0.999723136425,0.999723136425,0.000122238547,0.000006696296,0.000027625003,0.000002266187,0.000004124878,0.000113941678
seed_2700701,2700701,syn-v2-700-scratch-0010,scratch,severe,scratch,0.999833345413,0.999833345413,0.000026407812,0.000010259590,0.000014453350,0.000002354075,0.000012437341,0.000100719080
seed_2700701,2700701,syn-v2-700-surface_spot-0061,surface_spot,mild,surface_spot,0.991729080677,0.000288004318,0.991729080677,0.000135050301,0.006419947371,0.000245131057,0.000971184752,0.000211544640
seed_2700701,2700701,syn-v2-700-surface_spot-0051,surface_spot,mild,surface_spot,0.878314137459,0.001064563170,0.878314137459,0.001994426362,0.107238970697,0.003093377454,0.005730676465,0.002563726157
seed_2700701,2700701,syn-v2-700-surface_spot-0096,surface_spot,mild,surface_spot,0.999809563160,0.000021757967,0.999809563160,0.000001915217,0.000076430806,0.000026660604,0.000053419670,0.000010278285
seed_2700701,2700701,syn-v2-700-surface_spot-0042,surface_spot,mild,surface_spot,0.998261511326,0.000027947090,0.998261511326,0.000014347427,0.001086190110,0.000430105865,0.000146744147,0.000033221426
seed_2700701,2700701,syn-v2-700-surface_spot-0002,surface_spot,mild,surface_spot,0.837708175182,0.006265061907,0.837708175182,0.000776563131,0.148361921310,0.002838206245,0.002206935547,0.001843121485
seed_2700701,2700701,syn-v2-700-surface_spot-0013,surface_spot,mild,surface_spot,0.996082365513,0.000054474043,0.996082365513,0.000025895448,0.002813044470,0.000614555494,0.000333645905,0.000076076554
seed_2700701,2700701,syn-v2-700-surface_spot-0012,surface_spot,mild,surface_spot,0.997994065285,0.000122027006,0.997994065285,0.000017169283,0.001524085063,0.000121411547,0.000160404845,0.000060811559
seed_2700701,2700701,syn-v2-700-surface_spot-0031,surface_spot,mild,surface_spot,0.823499023914,0.003204387845,0.823499023914,0.001033916604,0.161213457584,0.002097168239,0.006297949236,0.002654146636
seed_2700701,2700701,syn-v2-700-surface_spot-0041,surface_spot,mild,surface_spot,0.709290206432,0.001798217301,0.709290206432,0.001470667077,0.269350588322,0.002091185190,0.014548762701,0.001450366341
seed_2700701,2700701,syn-v2-700-surface_spot-0023,surface_spot,mild,surface_spot,0.997813701630,0.000136550108,0.997813701630,0.000066095265,0.001094507286,0.000109444045,0.000706857420,0.000072670897
seed_2700701,2700701,syn-v2-700-surface_spot-0010,surface_spot,mild,surface_spot,0.998052477837,0.000081072467,0.998052477837,0.000007396830,0.001134276506,0.000367169938,0.000317885657,0.000039695118
seed_2700701,2700701,syn-v2-700-surface_spot-0036,surface_spot,mild,surface_spot,0.995345652103,0.000188928083,0.995345652103,0.000033415021,0.002840818604,0.001181166037,0.000329315139,0.000080683829
seed_2700701,2700701,syn-v2-700-surface_spot-0056,surface_spot,mild,surface_spot,0.997266530991,0.000104653045,0.997266530991,0.000022930237,0.001568491687,0.000391718670,0.000510063313,0.000135657334
seed_2700701,2700701,syn-v2-700-surface_spot-0075,surface_spot,mild,surface_spot,0.997822761536,0.000077482866,0.997822761536,0.000007441275,0.001788468682,0.000072732080,0.000195101660,0.000036150530
seed_2700701,2700701,syn-v2-700-surface_spot-0040,surface_spot,mild,surface_spot,0.998174190521,0.000258557033,0.998174190521,0.000019436860,0.001031696331,0.000186846097,0.000246669049,0.000082583138
seed_2700701,2700701,syn-v2-700-surface_spot-0035,surface_spot,mild,surface_spot,0.644615530968,0.004061082378,0.644615530968,0.002971400972,0.325346529484,0.003705989337,0.016593195498,0.002706242260
seed_2700701,2700701,syn-v2-700-surface_spot-0093,surface_spot,mild,surface_spot,0.989336133003,0.000889455259,0.989336133003,0.000083528350,0.006458404008,0.001511518843,0.001317712129,0.000403212791
seed_2700701,2700701,syn-v2-700-surface_spot-0017,surface_spot,mild,contamination,0.625559329987,0.002003134927,0.351245641708,0.006357543636,0.625559329987,0.002316026948,0.006628760137,0.005889576860
seed_2700701,2700701,syn-v2-700-surface_spot-0087,surface_spot,mild,surface_spot,0.982394397259,0.001331808511,0.982394397259,0.000143293481,0.009301104583,0.000813053339,0.005569179077,0.000447032246
seed_2700701,2700701,syn-v2-700-surface_spot-0073,surface_spot,mild,surface_spot,0.991262674332,0.000784258649,0.991262674332,0.000111597845,0.005707181990,0.000565460825,0.001337974798,0.000230884849
seed_2700701,2700701,syn-v2-700-surface_spot-0074,surface_spot,mild,surface_spot,0.980984210968,0.000426848332,0.980984210968,0.000793481362,0.012868743390,0.000201249160,0.004462768789,0.000262744870
seed_2700701,2700701,syn-v2-700-surface_spot-0016,surface_spot,mild,contamination,0.573693156242,0.003250854556,0.400162786245,0.001482448191,0.573693156242,0.005436247680,0.014120887965,0.001853602123
seed_2700701,2700701,syn-v2-700-surface_spot-0085,surface_spot,mild,surface_spot,0.998573899269,0.000144726029,0.998573899269,0.000013936222,0.000848171941,0.000118136464,0.000242772745,0.000058411842
seed_2700701,2700701,syn-v2-700-surface_spot-0086,surface_spot,mild,surface_spot,0.659078240395,0.009981277399,0.659078240395,0.003206992522,0.259489893913,0.047533746809,0.016990615055,0.003719160333
seed_2700701,2700701,syn-v2-700-surface_spot-0007,surface_spot,mild,surface_spot,0.999299645424,0.000067357003,0.999299645424,0.000006761898,0.000351073308,0.000121634403,0.000107606116,0.000045984238
seed_2700701,2700701,syn-v2-700-surface_spot-0026,surface_spot,mild,surface_spot,0.969230771065,0.000726107159,0.969230771065,0.000319365616,0.026333635673,0.000901852152,0.002157637849,0.000330643816
seed_2700701,2700701,syn-v2-700-surface_spot-0000,surface_spot,mild,surface_spot,0.994879841805,0.000273083482,0.994879841805,0.000018644454,0.002857008018,0.000434574846,0.001423175680,0.000113628041
seed_2700701,2700701,syn-v2-700-surface_spot-0003,surface_spot,mild,surface_spot,0.991589844227,0.000695936789,0.991589844227,0.000109051784,0.005162336398,0.000852139376,0.001281607314,0.000309129333
seed_2700701,2700701,syn-v2-700-surface_spot-0022,surface_spot,mild,surface_spot,0.998578310013,0.000123617603,0.998578310013,0.000007593707,0.000346096203,0.000396551419,0.000511984574,0.000035868030
seed_2700701,2700701,syn-v2-700-surface_spot-0091,surface_spot,moderate,surface_spot,0.992343127728,0.000550437253,0.992343127728,0.000179885741,0.006095661782,0.000202524097,0.000452523906,0.000175790439
seed_2700701,2700701,syn-v2-700-surface_spot-0079,surface_spot,moderate,surface_spot,0.996925175190,0.000243775328,0.996925175190,0.000049316226,0.000967325177,0.000187392347,0.001490805531,0.000136191651
seed_2700701,2700701,syn-v2-700-surface_spot-0032,surface_spot,moderate,surface_spot,0.999620199203,0.000056124645,0.999620199203,0.000009037565,0.000098110031,0.000062508829,0.000122663987,0.000031389238
seed_2700701,2700701,syn-v2-700-surface_spot-0080,surface_spot,moderate,surface_spot,0.999088525772,0.000077806566,0.999088525772,0.000010183133,0.000620957231,0.000033239405,0.000134879563,0.000034456090
seed_2700701,2700701,syn-v2-700-surface_spot-0098,surface_spot,moderate,surface_spot,0.999463975430,0.000013268699,0.999463975430,0.000003507717,0.000433534966,0.000049817758,0.000027534761,0.000008320676
seed_2700701,2700701,syn-v2-700-surface_spot-0081,surface_spot,moderate,surface_spot,0.999639153481,0.000041268431,0.999639153481,0.000006103138,0.000228650591,0.000035164634,0.000040529168,0.000009122477
seed_2700701,2700701,syn-v2-700-surface_spot-0067,surface_spot,moderate,surface_spot,0.999622106552,0.000023348712,0.999622106552,0.000004212111,0.000208233643,0.000075739554,0.000052303647,0.000014034667
seed_2700701,2700701,syn-v2-700-surface_spot-0066,surface_spot,moderate,surface_spot,0.955677807331,0.001048268634,0.955677807331,0.000893746153,0.035617101938,0.000395329000,0.004508798942,0.001858844073
seed_2700701,2700701,syn-v2-700-surface_spot-0014,surface_spot,moderate,surface_spot,0.999658823013,0.000034757824,0.999658823013,0.000003285742,0.000179077819,0.000040229021,0.000071594957,0.000012163096
seed_2700701,2700701,syn-v2-700-surface_spot-0009,surface_spot,moderate,surface_spot,0.997607469559,0.000101230027,0.997607469559,0.000054248078,0.001899079769,0.000134480826,0.000121245714,0.000082097111
seed_2700701,2700701,syn-v2-700-surface_spot-0008,surface_spot,moderate,surface_spot,0.999643087387,0.000044774602,0.999643087387,0.000004090710,0.000226545861,0.000021177815,0.000038550112,0.000021867812
seed_2700701,2700701,syn-v2-700-surface_spot-0054,surface_spot,moderate,surface_spot,0.999103844166,0.000044508444,0.999103844166,0.000011255127,0.000214385465,0.000102424150,0.000458570517,0.000064994631
seed_2700701,2700701,syn-v2-700-surface_spot-0084,surface_spot,moderate,surface_spot,0.983442127705,0.001415073755,0.983442127705,0.001077627297,0.009399219416,0.001062027295,0.002579681808,0.001024196623
seed_2700701,2700701,syn-v2-700-surface_spot-0028,surface_spot,moderate,surface_spot,0.958806097507,0.000532217324,0.958806097507,0.000468803220,0.037742868066,0.000969840330,0.000636414799,0.000843774644
seed_2700701,2700701,syn-v2-700-surface_spot-0052,surface_spot,moderate,surface_spot,0.998323023319,0.000063071187,0.998323023319,0.000011809738,0.001004023477,0.000031374853,0.000469200837,0.000097344062
seed_2700701,2700701,syn-v2-700-surface_spot-0099,surface_spot,moderate,surface_spot,0.993995785713,0.000237075350,0.993995785713,0.000033428118,0.004869666882,0.000366595195,0.000356576493,0.000140945311
seed_2700701,2700701,syn-v2-700-surface_spot-0050,surface_spot,moderate,surface_spot,0.960923254490,0.000773681328,0.960923254490,0.000746877224,0.027017900720,0.000800707785,0.007789782248,0.001947818906
seed_2700701,2700701,syn-v2-700-surface_spot-0029,surface_spot,moderate,surface_spot,0.999843358994,0.000009666994,0.999843358994,0.000000740986,0.000034707562,0.000055260578,0.000050031344,0.000006189024
seed_2700701,2700701,syn-v2-700-surface_spot-0065,surface_spot,moderate,surface_spot,0.999928116798,0.000016694035,0.999928116798,0.000001087315,0.000030758343,0.000007064035,0.000011044801,0.000005170594
seed_2700701,2700701,syn-v2-700-surface_spot-0015,surface_spot,moderate,surface_spot,0.999469935894,0.000137434050,0.999469935894,0.000011219314,0.000085037886,0.000146119026,0.000098256976,0.000051927029
seed_2700701,2700701,syn-v2-700-surface_spot-0006,surface_spot,moderate,surface_spot,0.999576151371,0.000031633666,0.999576151371,0.000003025787,0.000137334006,0.000054143267,0.000166807513,0.000030836727
seed_2700701,2700701,syn-v2-700-surface_spot-0069,surface_spot,moderate,surface_spot,0.999693632126,0.000026841954,0.999693632126,0.000003538125,0.000224164192,0.000023971899,0.000012469782,0.000015398726
seed_2700701,2700701,syn-v2-700-surface_spot-0078,surface_spot,moderate,surface_spot,0.999787986279,0.000055027234,0.999787986279,0.000002030370,0.000088349188,0.000036213645,0.000021108834,0.000009346465
seed_2700701,2700701,syn-v2-700-surface_spot-0068,surface_spot,moderate,surface_spot,0.998992264271,0.000307690992,0.998992264271,0.000011358729,0.000469644583,0.000033122513,0.000152143723,0.000033639430
seed_2700701,2700701,syn-v2-700-surface_spot-0057,surface_spot,moderate,surface_spot,0.991992592812,0.001125737210,0.991992592812,0.000118315882,0.006165768951,0.000072469906,0.000177040230,0.000348015456
seed_2700701,2700701,syn-v2-700-surface_spot-0058,surface_spot,moderate,surface_spot,0.998972058296,0.000054595257,0.998972058296,0.000010291716,0.000620864914,0.000137986237,0.000155578440,0.000048677462
seed_2700701,2700701,syn-v2-700-surface_spot-0030,surface_spot,moderate,surface_spot,0.999777376652,0.000032149084,0.999777376652,0.000003047150,0.000070580259,0.000046622499,0.000057699395,0.000012623895
seed_2700701,2700701,syn-v2-700-surface_spot-0019,surface_spot,moderate,surface_spot,0.995214939117,0.000169302075,0.995214939117,0.000057961744,0.001930663013,0.000587321236,0.001884276397,0.000155701768
seed_2700701,2700701,syn-v2-700-surface_spot-0063,surface_spot,moderate,surface_spot,0.919994950294,0.001231495989,0.919994950294,0.001528023044,0.054415356368,0.015869108960,0.006193695124,0.000767250836
seed_2700701,2700701,syn-v2-700-surface_spot-0072,surface_spot,severe,surface_spot,0.991553962231,0.000986858737,0.991553962231,0.000300506712,0.005981537513,0.000108107015,0.000733866822,0.000335135206
seed_2700701,2700701,syn-v2-700-surface_spot-0020,surface_spot,severe,surface_spot,0.999492764473,0.000092802584,0.999492764473,0.000028732045,0.000259187393,0.000025947413,0.000053839765,0.000046686731
seed_2700701,2700701,syn-v2-700-surface_spot-0038,surface_spot,severe,surface_spot,0.989956021309,0.002511073370,0.989956021309,0.000850601878,0.002766098361,0.001006149221,0.002461200813,0.000448850595
seed_2700701,2700701,syn-v2-700-surface_spot-0044,surface_spot,severe,surface_spot,0.999804556370,0.000030092637,0.999804556370,0.000004479646,0.000120147815,0.000012988146,0.000015545220,0.000012274411
seed_2700701,2700701,syn-v2-700-surface_spot-0062,surface_spot,severe,surface_spot,0.999614715576,0.000027431604,0.999614715576,0.000017246977,0.000217759909,0.000030976393,0.000063708110,0.000028128738
seed_2700701,2700701,syn-v2-700-surface_spot-0094,surface_spot,severe,surface_spot,0.998602330685,0.000171791326,0.998602330685,0.000035675122,0.000771689112,0.000156382870,0.000161161835,0.000101055462
seed_2700701,2700701,syn-v2-700-surface_spot-0055,surface_spot,severe,surface_spot,0.999560892582,0.000063739382,0.999560892582,0.000005969740,0.000319026265,0.000006575550,0.000025205292,0.000018547484
seed_2700701,2700701,syn-v2-700-surface_spot-0089,surface_spot,severe,surface_spot,0.999879360199,0.000030049519,0.999879360199,0.000002708320,0.000042280699,0.000010020906,0.000025096182,0.000010332527
seed_2700701,2700701,syn-v2-700-surface_spot-0043,surface_spot,severe,surface_spot,0.998877227306,0.000551760430,0.998877227306,0.000016987298,0.000367212400,0.000044252509,0.000078396486,0.000064126216
seed_2700701,2700701,syn-v2-700-surface_spot-0005,surface_spot,severe,surface_spot,0.999626278877,0.000058793241,0.999626278877,0.000009499795,0.000171488922,0.000065571090,0.000044396107,0.000023884164
seed_2700701,2700701,syn-v2-700-surface_spot-0045,surface_spot,severe,surface_spot,0.999109685421,0.000031452561,0.999109685421,0.000077893143,0.000692423142,0.000020864110,0.000026545822,0.000041021642
seed_2700701,2700701,syn-v2-700-surface_spot-0083,surface_spot,severe,surface_spot,0.999779522419,0.000033149878,0.999779522419,0.000006346018,0.000131591471,0.000008625827,0.000021708918,0.000019144793
seed_2700701,2700701,syn-v2-700-surface_spot-0059,surface_spot,severe,surface_spot,0.851682901382,0.006987689529,0.851682901382,0.041191142052,0.096150994301,0.000090292204,0.000860329135,0.003036649665
seed_2700701,2700701,syn-v2-700-surface_spot-0039,surface_spot,severe,surface_spot,0.999731957912,0.000047173668,0.999731957912,0.000004458174,0.000124001424,0.000033497872,0.000042743995,0.000016213908
seed_2700701,2700701,syn-v2-700-discoloration-0087,discoloration,mild,discoloration,0.999807417393,0.000002007537,0.000024075625,0.999807417393,0.000088428031,0.000029641524,0.000020131118,0.000028304863
seed_2700701,2700701,syn-v2-700-discoloration-0026,discoloration,mild,discoloration,0.999866008759,0.000009213511,0.000010250643,0.999866008759,0.000049292459,0.000022551621,0.000029138246,0.000013473380
seed_2700701,2700701,syn-v2-700-discoloration-0064,discoloration,mild,discoloration,0.999841332436,0.000008235745,0.000005584245,0.999841332436,0.000108186381,0.000007632648,0.000017623792,0.000011468719
seed_2700701,2700701,syn-v2-700-discoloration-0008,discoloration,mild,discoloration,0.999505996704,0.000014603618,0.000031543364,0.999505996704,0.000241620495,0.000077423443,0.000099904850,0.000028899260
seed_2700701,2700701,syn-v2-700-discoloration-0035,discoloration,mild,discoloration,0.999129712582,0.000030897558,0.000107144762,0.999129712582,0.000215240376,0.000152697161,0.000288660318,0.000075738935
seed_2700701,2700701,syn-v2-700-discoloration-0029,discoloration,mild,discoloration,0.999373257160,0.000028531338,0.000010656970,0.999373257160,0.000411638815,0.000032693813,0.000093414790,0.000049813192
seed_2700701,2700701,syn-v2-700-discoloration-0084,discoloration,mild,body_chip,0.944989860058,0.000458264898,0.001529669273,0.037400994450,0.002486813115,0.012434759177,0.944989860058,0.000699606666
seed_2700701,2700701,syn-v2-700-discoloration-0067,discoloration,mild,discoloration,0.989143073559,0.000279186788,0.000753227330,0.989143073559,0.004511136562,0.002609893912,0.002104802290,0.000598646468
seed_2700701,2700701,syn-v2-700-discoloration-0034,discoloration,mild,discoloration,0.999873042107,0.000018479444,0.000019044184,0.999873042107,0.000043476906,0.000018879138,0.000011310045,0.000015903168
seed_2700701,2700701,syn-v2-700-discoloration-0043,discoloration,mild,discoloration,0.999245166779,0.000046236113,0.000089207133,0.999245166779,0.000454861176,0.000048082769,0.000034073910,0.000082386825
seed_2700701,2700701,syn-v2-700-discoloration-0062,discoloration,mild,discoloration,0.999297857285,0.000053149241,0.000069318754,0.999297857285,0.000357266224,0.000048203852,0.000066615845,0.000107622749
seed_2700701,2700701,syn-v2-700-discoloration-0079,discoloration,mild,discoloration,0.999515652657,0.000004076318,0.000008373854,0.999515652657,0.000123913385,0.000013545703,0.000324701221,0.000009724566
seed_2700701,2700701,syn-v2-700-discoloration-0090,discoloration,mild,discoloration,0.999465882778,0.000019943083,0.000030666728,0.999465882778,0.000256598752,0.000023933297,0.000117297655,0.000085687745
seed_2700701,2700701,syn-v2-700-discoloration-0038,discoloration,mild,discoloration,0.999914407730,0.000002493672,0.000002871524,0.999914407730,0.000043800326,0.000008111825,0.000010758451,0.000017513523
seed_2700701,2700701,syn-v2-700-discoloration-0004,discoloration,mild,discoloration,0.999948501587,0.000003672020,0.000000975400,0.999948501587,0.000040204966,0.000001433117,0.000002843124,0.000002333126
seed_2700701,2700701,syn-v2-700-discoloration-0044,discoloration,mild,discoloration,0.999846100807,0.000003427339,0.000019533914,0.999846100807,0.000074855016,0.000024752741,0.000025538306,0.000005826154
seed_2700701,2700701,syn-v2-700-discoloration-0050,discoloration,mild,discoloration,0.999479711056,0.000007872964,0.000007809082,0.999479711056,0.000261728186,0.000211102670,0.000013353122,0.000018426903
seed_2700701,2700701,syn-v2-700-discoloration-0005,discoloration,mild,discoloration,0.999928355217,0.000002906971,0.000001262074,0.999928355217,0.000060077196,0.000001508465,0.000003792193,0.000002112613
seed_2700701,2700701,syn-v2-700-discoloration-0093,discoloration,mild,discoloration,0.999310493469,0.000028047007,0.000167119812,0.999310493469,0.000192964653,0.000092714188,0.000127624473,0.000081020058
seed_2700701,2700701,syn-v2-700-discoloration-0096,discoloration,mild,discoloration,0.998941123486,0.000199361952,0.000088064306,0.998941123486,0.000280441134,0.000189326136,0.000185873098,0.000115820621
seed_2700701,2700701,syn-v2-700-discoloration-0012,discoloration,mild,discoloration,0.999817311764,0.000002512157,0.000005922504,0.999817311764,0.000087653265,0.000066937188,0.000013040304,0.000006513511
seed_2700701,2700701,syn-v2-700-discoloration-0077,discoloration,mild,discoloration,0.999951720238,0.000003442210,0.000001364577,0.999951720238,0.000035057747,0.000004408111,0.000001600650,0.000002399269
seed_2700701,2700701,syn-v2-700-discoloration-0056,discoloration,mild,discoloration,0.999983787537,0.000000627260,0.000000648388,0.999983787537,0.000006355673,0.000001766527,0.000003724529,0.000003051641
seed_2700701,2700701,syn-v2-700-discoloration-0088,discoloration,mild,discoloration,0.997349023819,0.000040459810,0.000421414210,0.997349023819,0.001578969299,0.000313325407,0.000149086904,0.000147664105
seed_2700701,2700701,syn-v2-700-discoloration-0076,discoloration,mild,discoloration,0.999412417412,0.000004761018,0.000066462228,0.999412417412,0.000327775604,0.000024060766,0.000064675383,0.000099890152
seed_2700701,2700701,syn-v2-700-discoloration-0014,discoloration,mild,discoloration,0.998920083046,0.000085814849,0.000162267243,0.998920083046,0.000270164543,0.000245638803,0.000162685930,0.000153340545
seed_2700701,2700701,syn-v2-700-discoloration-0021,discoloration,mild,discoloration,0.999817669392,0.000005717086,0.000007067109,0.999817669392,0.000048893817,0.000022127821,0.000066472821,0.000032103530
seed_2700701,2700701,syn-v2-700-discoloration-0030,discoloration,mild,discoloration,0.999917864799,0.000002419749,0.000004496179,0.999917864799,0.000045301316,0.000005002040,0.000019077579,0.000005817012
seed_2700701,2700701,syn-v2-700-discoloration-0060,discoloration,mild,discoloration,0.999199807644,0.000043646975,0.000193175816,0.999199807644,0.000235538711,0.000175471403,0.000104440558,0.000047939200
seed_2700701,2700701,syn-v2-700-discoloration-0036,discoloration,moderate,discoloration,0.999656558037,0.000012344786,0.000006280722,0.999656558037,0.000253959006,0.000003692873,0.000046459576,0.000020614443
seed_2700701,2700701,syn-v2-700-discoloration-0055,discoloration,moderate,discoloration,0.999731004238,0.000016699501,0.000036883415,0.999731004238,0.000167689315,0.000015387413,0.000013589138,0.000018684210
seed_2700701,2700701,syn-v2-700-discoloration-0091,discoloration,moderate,discoloration,0.999903917313,0.000007342897,0.000020731601,0.999903917313,0.000033044093,0.000004086894,0.000020000289,0.000010885266
seed_2700701,2700701,syn-v2-700-discoloration-0099,discoloration,moderate,discoloration,0.999814212322,0.000009104274,0.000016392367,0.999814212322,0.000066557848,0.000013463306,0.000059523903,0.000020869327
seed_2700701,2700701,syn-v2-700-discoloration-0019,discoloration,moderate,discoloration,0.999974370003,0.000001148789,0.000004008064,0.999974370003,0.000009415293,0.000004811297,0.000002329737,0.000003894104
seed_2700701,2700701,syn-v2-700-discoloration-0069,discoloration,moderate,discoloration,0.995773613453,0.000186878562,0.000508207595,0.995773613453,0.001399184694,0.000989553868,0.000991464010,0.000151006694
seed_2700701,2700701,syn-v2-700-discoloration-0032,discoloration,moderate,discoloration,0.999949216843,0.000004788280,0.000005791134,0.999949216843,0.000019109151,0.000004947207,0.000005482915,0.000010557353
seed_2700701,2700701,syn-v2-700-discoloration-0037,discoloration,moderate,discoloration,0.999407649040,0.000025085155,0.000272293022,0.999407649040,0.000192818203,0.000032739244,0.000025649950,0.000043899119
seed_2700701,2700701,syn-v2-700-discoloration-0051,discoloration,moderate,discoloration,0.999312758446,0.000015027656,0.000097936383,0.999312758446,0.000460709736,0.000029770343,0.000030899184,0.000052906737
seed_2700701,2700701,syn-v2-700-discoloration-0000,discoloration,moderate,discoloration,0.997600495815,0.000172597705,0.000243287606,0.997600495815,0.000756239111,0.000644201238,0.000276818260,0.000306401431
seed_2700701,2700701,syn-v2-700-discoloration-0081,discoloration,moderate,discoloration,0.999946475029,0.000003284654,0.000004721135,0.999946475029,0.000042476240,0.000000602137,0.000001204808,0.000001240703
seed_2700701,2700701,syn-v2-700-discoloration-0092,discoloration,moderate,discoloration,0.999812543392,0.000012990728,0.000041144169,0.999812543392,0.000116841322,0.000005583503,0.000004106359,0.000006852615
seed_2700701,2700701,syn-v2-700-discoloration-0006,discoloration,moderate,discoloration,0.999918818474,0.000005136668,0.000011611495,0.999918818474,0.000034896413,0.000009884687,0.000012378940,0.000007272305
seed_2700701,2700701,syn-v2-700-discoloration-0031,discoloration,moderate,discoloration,0.999858617783,0.000004322093,0.000024697683,0.999858617783,0.000094689349,0.000003868466,0.000010347972,0.000003500125
seed_2700701,2700701,syn-v2-700-discoloration-0094,discoloration,moderate,discoloration,0.999958992004,0.000005386849,0.000005424473,0.999958992004,0.000016990864,0.000007957831,0.000001454705,0.000003866759
seed_2700701,2700701,syn-v2-700-discoloration-0033,discoloration,moderate,discoloration,0.999933958054,0.000007283535,0.000004872199,0.999933958054,0.000042373831,0.000001771530,0.000004577409,0.000005183066
seed_2700701,2700701,syn-v2-700-discoloration-0011,discoloration,moderate,discoloration,0.999926447868,0.000001522667,0.000001467122,0.999926447868,0.000059381800,0.000002493809,0.000006729485,0.000001924912
seed_2700701,2700701,syn-v2-700-discoloration-0052,discoloration,moderate,discoloration,0.999810755253,0.000012024124,0.000012223322,0.999810755253,0.000123131831,0.000017716455,0.000010090384,0.000014060869
seed_2700701,2700701,syn-v2-700-discoloration-0046,discoloration,moderate,discoloration,0.999993562698,0.000000445783,0.000000859739,0.999993562698,0.000002586143,0.000000667557,0.000000912009,0.000000908710
seed_2700701,2700701,syn-v2-700-discoloration-0020,discoloration,moderate,discoloration,0.999916434288,0.000012073751,0.000011032670,0.999916434288,0.000051158229,0.000001718159,0.000005216278,0.000002436188
seed_2700701,2700701,syn-v2-700-discoloration-0083,discoloration,moderate,discoloration,0.999574482441,0.000038903330,0.000164130965,0.999574482441,0.000137404393,0.000015717529,0.000040306997,0.000029101040
seed_2700701,2700701,syn-v2-700-discoloration-0022,discoloration,moderate,discoloration,0.999711573124,0.000052033585,0.000046851696,0.999711573124,0.000088645407,0.000031137446,0.000045539364,0.000024143212
seed_2700701,2700701,syn-v2-700-discoloration-0063,discoloration,moderate,discoloration,0.999929070473,0.000004934131,0.000004400984,0.999929070473,0.000042554402,0.000003872814,0.000006905981,0.000008240168
seed_2700701,2700701,syn-v2-700-discoloration-0059,discoloration,moderate,discoloration,0.999566972256,0.000008024208,0.000120702622,0.999566972256,0.000200739931,0.000012639693,0.000029218785,0.000061749481
seed_2700701,2700701,syn-v2-700-discoloration-0057,discoloration,moderate,discoloration,0.999520182610,0.000031773754,0.000022390237,0.999520182610,0.000320945488,0.000013659311,0.000067044850,0.000024097071
seed_2700701,2700701,syn-v2-700-discoloration-0003,discoloration,moderate,discoloration,0.999997615814,0.000000159070,0.000000178815,0.999997615814,0.000001435352,0.000000091795,0.000000270090,0.000000189219
seed_2700701,2700701,syn-v2-700-discoloration-0028,discoloration,moderate,discoloration,0.998542785645,0.000080038895,0.000327797577,0.998542785645,0.000556202431,0.000334099925,0.000085424865,0.000073670548
seed_2700701,2700701,syn-v2-700-discoloration-0040,discoloration,moderate,discoloration,0.999790370464,0.000007637617,0.000027330085,0.999790370464,0.000117141535,0.000012170241,0.000036884761,0.000008466321
seed_2700701,2700701,syn-v2-700-discoloration-0078,discoloration,moderate,discoloration,0.999853491783,0.000013108645,0.000005295998,0.999853491783,0.000057357425,0.000012794570,0.000035328627,0.000022631097
seed_2700701,2700701,syn-v2-700-discoloration-0041,discoloration,severe,discoloration,0.999967098236,0.000003676623,0.000003498045,0.999967098236,0.000018747727,0.000001087820,0.000001995494,0.000003917782
seed_2700701,2700701,syn-v2-700-discoloration-0002,discoloration,severe,discoloration,0.998888552189,0.000058647689,0.000373630377,0.998888552189,0.000423540827,0.000037076006,0.000056489265,0.000162055527
seed_2700701,2700701,syn-v2-700-discoloration-0001,discoloration,severe,discoloration,0.999119579792,0.000067108544,0.000397067110,0.999119579792,0.000144041798,0.000018935389,0.000024372792,0.000228936624
seed_2700701,2700701,syn-v2-700-discoloration-0065,discoloration,severe,discoloration,0.999540567398,0.000029581206,0.000136515475,0.999540567398,0.000189984858,0.000070251648,0.000005618933,0.000027488280
seed_2700701,2700701,syn-v2-700-discoloration-0097,discoloration,severe,discoloration,0.998828351498,0.000088248140,0.000270425633,0.998828351498,0.000421104924,0.000012491838,0.000044193832,0.000335195975
seed_2700701,2700701,syn-v2-700-discoloration-0049,discoloration,severe,discoloration,0.999723374844,0.000011636449,0.000063669664,0.999723374844,0.000092448347,0.000032108499,0.000017810415,0.000058974168
seed_2700701,2700701,syn-v2-700-discoloration-0007,discoloration,severe,discoloration,0.999375998974,0.000051914965,0.000163410121,0.999375998974,0.000216235640,0.000054088719,0.000038112572,0.000100240170
seed_2700701,2700701,syn-v2-700-discoloration-0086,discoloration,severe,discoloration,0.999885201454,0.000038768219,0.000011174440,0.999885201454,0.000036857458,0.000010962508,0.000012224793,0.000004795989
seed_2700701,2700701,syn-v2-700-discoloration-0075,discoloration,severe,discoloration,0.997838199139,0.000180419098,0.000217224078,0.997838199139,0.000499930640,0.000060295872,0.000079053534,0.001124849892
seed_2700701,2700701,syn-v2-700-discoloration-0016,discoloration,severe,discoloration,0.999988079071,0.000000602009,0.000001176109,0.999988079071,0.000008617940,0.000000149051,0.000000820816,0.000000599933
seed_2700701,2700701,syn-v2-700-discoloration-0066,discoloration,severe,discoloration,0.999716937542,0.000038034457,0.000020280555,0.999716937542,0.000168742365,0.000005766551,0.000014240686,0.000035849735
seed_2700701,2700701,syn-v2-700-discoloration-0074,discoloration,severe,discoloration,0.999833822250,0.000013607162,0.000049385639,0.999833822250,0.000069373600,0.000007364572,0.000006946148,0.000019396824
seed_2700701,2700701,syn-v2-700-discoloration-0085,discoloration,severe,discoloration,0.999930381775,0.000005882237,0.000008591242,0.999930381775,0.000046919366,0.000002492944,0.000003446167,0.000002277217
seed_2700701,2700701,syn-v2-700-discoloration-0010,discoloration,severe,discoloration,0.998652517796,0.000244065232,0.000266621908,0.998652517796,0.000208017940,0.000122258658,0.000162880140,0.000343723805
seed_2700701,2700701,syn-v2-700-contamination-0019,contamination,mild,contamination,0.999886512756,0.000004168932,0.000069613256,0.000001728560,0.999886512756,0.000020139087,0.000000627318,0.000017196771
seed_2700701,2700701,syn-v2-700-contamination-0030,contamination,mild,contamination,0.981180429459,0.000903744076,0.002084648237,0.013722252101,0.981180429459,0.000372179202,0.001169507275,0.000567237905
seed_2700701,2700701,syn-v2-700-contamination-0022,contamination,mild,contamination,0.999861001968,0.000009690610,0.000025288087,0.000063325053,0.999861001968,0.000011971681,0.000008575126,0.000020116056
seed_2700701,2700701,syn-v2-700-contamination-0003,contamination,mild,contamination,0.688189327717,0.000859730237,0.003460459178,0.001002691220,0.688189327717,0.003485078458,0.246205210686,0.056797541678
seed_2700701,2700701,syn-v2-700-contamination-0008,contamination,mild,contamination,0.564696907997,0.023391256109,0.010341571644,0.229656398296,0.564696907997,0.034516554326,0.129525169730,0.007872140035
seed_2700701,2700701,syn-v2-700-contamination-0083,contamination,mild,contamination,0.999954342842,0.000001691450,0.000029134233,0.000001962311,0.999954342842,0.000001191558,0.000001008570,0.000010685858
seed_2700701,2700701,syn-v2-700-contamination-0039,contamination,mild,contamination,0.689309954643,0.023579737172,0.161278709769,0.067045830190,0.689309954643,0.008366965689,0.034356418997,0.016062390059
seed_2700701,2700701,syn-v2-700-contamination-0056,contamination,mild,contamination,0.999986052513,0.000000545814,0.000005503538,0.000000915091,0.999986052513,0.000001366810,0.000000151067,0.000005570233
seed_2700701,2700701,syn-v2-700-contamination-0099,contamination,mild,contamination,0.999189436436,0.000006766139,0.000691247173,0.000031495205,0.999189436436,0.000027432201,0.000013184400,0.000040481893
seed_2700701,2700701,syn-v2-700-contamination-0067,contamination,mild,contamination,0.917966783047,0.029903238639,0.010981705040,0.007118289359,0.917966783047,0.009843790904,0.016512185335,0.007674014196
seed_2700701,2700701,syn-v2-700-contamination-0072,contamination,mild,contamination,0.992497622967,0.000146223378,0.002534595551,0.000543111179,0.992497622967,0.003996202257,0.000132573696,0.000149601910
seed_2700701,2700701,syn-v2-700-contamination-0064,contamination,mild,contamination,0.998890817165,0.000001695769,0.000322217151,0.000017929971,0.998890817165,0.000009788068,0.000042328295,0.000715344329
seed_2700701,2700701,syn-v2-700-contamination-0012,contamination,mild,contamination,0.993679106236,0.000473874650,0.004143362865,0.000170521351,0.993679106236,0.000303139503,0.000946261804,0.000283790956
seed_2700701,2700701,syn-v2-700-contamination-0061,contamination,mild,contamination,0.994575142860,0.000025562367,0.003304831451,0.000138952557,0.994575142860,0.000045369812,0.000465555757,0.001444531488
seed_2700701,2700701,syn-v2-700-contamination-0015,contamination,mild,contamination,0.992605686188,0.000119266799,0.006298350636,0.000125489067,0.992605686188,0.000266859395,0.000130874076,0.000453456130
seed_2700701,2700701,syn-v2-700-contamination-0023,contamination,mild,contamination,0.990594983101,0.000301222666,0.001525457832,0.005403636489,0.990594983101,0.000301102613,0.000891101488,0.000982507830
seed_2700701,2700701,syn-v2-700-contamination-0042,contamination,mild,contamination,0.996223568916,0.000032817705,0.001937239431,0.000669339788,0.996223568916,0.000040680312,0.000911585113,0.000184839810
seed_2700701,2700701,syn-v2-700-contamination-0038,contamination,mild,contamination,0.923593163490,0.001980531262,0.046369511634,0.000859236054,0.923593163490,0.000928011548,0.026071267202,0.000198260619
seed_2700701,2700701,syn-v2-700-contamination-0087,contamination,mild,contamination,0.999273002148,0.000160515614,0.000124042170,0.000222173330,0.999273002148,0.000037183814,0.000118652330,0.000064481799
seed_2700701,2700701,syn-v2-700-contamination-0080,contamination,mild,contamination,0.999173820019,0.000009493929,0.000543858216,0.000040174240,0.999173820019,0.000020254929,0.000065177206,0.000147175393
seed_2700701,2700701,syn-v2-700-contamination-0082,contamination,mild,contamination,0.999896883965,0.000001516058,0.000034167944,0.000001870986,0.999896883965,0.000002916001,0.000003053259,0.000059637990
seed_2700701,2700701,syn-v2-700-contamination-0000,contamination,mild,contamination,0.999333918095,0.000022234808,0.000310669770,0.000096012198,0.999333918095,0.000005396369,0.000087427856,0.000144312784
seed_2700701,2700701,syn-v2-700-contamination-0074,contamination,mild,contamination,0.999338567257,0.000051148367,0.000218737579,0.000152592373,0.999338567257,0.000142526376,0.000072198069,0.000024277602
seed_2700701,2700701,syn-v2-700-contamination-0043,contamination,mild,contamination,0.999773204327,0.000015460817,0.000084363586,0.000015594997,0.999773204327,0.000101001679,0.000005863151,0.000004486958
seed_2700701,2700701,syn-v2-700-contamination-0063,contamination,mild,contamination,0.997372984886,0.000299889361,0.000380453072,0.001045681071,0.997372984886,0.000642956409,0.000122469966,0.000135594979
seed_2700701,2700701,syn-v2-700-contamination-0024,contamination,mild,contamination,0.999949336052,0.000002048386,0.000027977658,0.000000612930,0.999949336052,0.000007216586,0.000000359615,0.000012382706
seed_2700701,2700701,syn-v2-700-contamination-0009,contamination,mild,contamination,0.999905586243,0.000005968439,0.000043482676,0.000013167893,0.999905586243,0.000006309395,0.000021770955,0.000003794603
seed_2700701,2700701,syn-v2-700-contamination-0058,contamination,mild,contamination,0.996165871620,0.000289712392,0.000484085322,0.000163962017,0.996165871620,0.000911893614,0.001786926412,0.000197567642
seed_2700701,2700701,syn-v2-700-contamination-0070,contamination,mild,contamination,0.986227810383,0.001102567185,0.005554749630,0.000296856539,0.986227810383,0.000643790001,0.004829383455,0.001344812335
seed_2700701,2700701,syn-v2-700-contamination-0068,contamination,moderate,contamination,0.994821071625,0.000063194639,0.001880899188,0.002262335038,0.994821071625,0.000155885093,0.000404351973,0.000412265741
seed_2700701,2700701,syn-v2-700-contamination-0092,contamination,moderate,contamination,0.994549095631,0.000364819629,0.001870427281,0.000698118587,0.994549095631,0.000931886665,0.000703044643,0.000882634136
seed_2700701,2700701,syn-v2-700-contamination-0010,contamination,moderate,contamination,0.999969363213,0.000001888599,0.000022485312,0.000000708846,0.999969363213,0.000002280178,0.000000430785,0.000002873603
seed_2700701,2700701,syn-v2-700-contamination-0091,contamination,moderate,contamination,0.989183008671,0.000617372338,0.002149761189,0.004404785112,0.989183008671,0.000116086871,0.001440721331,0.002088185400
seed_2700701,2700701,syn-v2-700-contamination-0048,contamination,moderate,contamination,0.999609410763,0.000030404541,0.000141091907,0.000022085163,0.999609410763,0.000112863083,0.000034023389,0.000050097020
seed_2700701,2700701,syn-v2-700-contamination-0071,contamination,moderate,contamination,0.999402046204,0.000026011030,0.000030054973,0.000374053227,0.999402046204,0.000085367450,0.000020275735,0.000062200561
seed_2700701,2700701,syn-v2-700-contamination-0066,contamination,moderate,contamination,0.999953031540,0.000000442656,0.000011571432,0.000014678164,0.999953031540,0.000001059359,0.000002694499,0.000016526144
seed_2700701,2700701,syn-v2-700-contamination-0079,contamination,moderate,contamination,0.999809801579,0.000005907065,0.000118282784,0.000005321707,0.999809801579,0.000054950346,0.000002134726,0.000003676279
seed_2700701,2700701,syn-v2-700-contamination-0046,contamination,moderate,contamination,0.999599635601,0.000031959815,0.000066502005,0.000107501561,0.999599635601,0.000039738767,0.000026584434,0.000128102387
seed_2700701,2700701,syn-v2-700-contamination-0017,contamination,moderate,contamination,0.999952316284,0.000006137811,0.000009115089,0.000014493995,0.999952316284,0.000002105860,0.000012065585,0.000003708550
seed_2700701,2700701,syn-v2-700-contamination-0053,contamination,moderate,contamination,0.999988794327,0.000000696135,0.000007593302,0.000000531976,0.999988794327,0.000001329565,0.000000213681,0.000000848911
seed_2700701,2700701,syn-v2-700-contamination-0041,contamination,moderate,contamination,0.999804079533,0.000036374797,0.000011022596,0.000112658992,0.999804079533,0.000010975353,0.000008720873,0.000016122127
seed_2700701,2700701,syn-v2-700-contamination-0094,contamination,moderate,contamination,0.999268591404,0.000324816356,0.000230642298,0.000047384136,0.999268591404,0.000016920036,0.000084779880,0.000026855580
seed_2700701,2700701,syn-v2-700-contamination-0031,contamination,moderate,contamination,0.999486327171,0.000059663784,0.000073217481,0.000207343823,0.999486327171,0.000081342943,0.000040536230,0.000051503044
seed_2700701,2700701,syn-v2-700-contamination-0069,contamination,moderate,contamination,0.999651670456,0.000006709772,0.000161021773,0.000016300664,0.999651670456,0.000020863507,0.000004456328,0.000138922944
seed_2700701,2700701,syn-v2-700-contamination-0059,contamination,moderate,contamination,0.990998983383,0.000023486578,0.000536029402,0.000263217487,0.990998983383,0.000108014567,0.002722921781,0.005347376689
seed_2700701,2700701,syn-v2-700-contamination-0097,contamination,moderate,contamination,0.999778807163,0.000014707649,0.000122731071,0.000021991609,0.999778807163,0.000024954956,0.000004244282,0.000032580254
seed_2700701,2700701,syn-v2-700-contamination-0025,contamination,moderate,contamination,0.999952435493,0.000001361101,0.000027792285,0.000001262130,0.999952435493,0.000012528362,0.000000397013,0.000004255367
seed_2700701,2700701,syn-v2-700-contamination-0033,contamination,moderate,contamination,0.999497294426,0.000059612281,0.000100907091,0.000211831619,0.999497294426,0.000030465504,0.000060459981,0.000039411796
seed_2700701,2700701,syn-v2-700-contamination-0089,contamination,moderate,contamination,0.999063193798,0.000196396039,0.000179149050,0.000184182674,0.999063193798,0.000199675356,0.000045746419,0.000131659559
seed_2700701,2700701,syn-v2-700-contamination-0065,contamination,moderate,contamination,0.999386191368,0.000022678798,0.000297287916,0.000022486822,0.999386191368,0.000041479158,0.000014362400,0.000215532709
seed_2700701,2700701,syn-v2-700-contamination-0004,contamination,moderate,contamination,0.956507682800,0.023396013305,0.003194191493,0.009282373823,0.956507682800,0.001411140896,0.005497147329,0.000711435627
seed_2700701,2700701,syn-v2-700-contamination-0013,contamination,moderate,contamination,0.724997341633,0.052248477936,0.005635428708,0.026622140780,0.724997341633,0.002821703674,0.183699205518,0.003975731321
seed_2700701,2700701,syn-v2-700-contamination-0005,contamination,moderate,contamination,0.993152499199,0.000009206007,0.006089331117,0.000082760169,0.993152499199,0.000124468163,0.000240628084,0.000301119784
seed_2700701,2700701,syn-v2-700-contamination-0076,contamination,moderate,contamination,0.999764740467,0.000050057668,0.000031078311,0.000105458617,0.999764740467,0.000013283493,0.000015026969,0.000020353838
seed_2700701,2700701,syn-v2-700-contamination-0098,contamination,moderate,contamination,0.999912023544,0.000003977267,0.000035594014,0.000026893817,0.999912023544,0.000005868290,0.000005256124,0.000010302470
seed_2700701,2700701,syn-v2-700-contamination-0026,contamination,moderate,contamination,0.999246835709,0.000033112694,0.000343279360,0.000085010070,0.999246835709,0.000048524245,0.000013540807,0.000229832105
seed_2700701,2700701,syn-v2-700-contamination-0055,contamination,moderate,contamination,0.999917864799,0.000002641920,0.000055761971,0.000002494530,0.999917864799,0.000008902434,0.000000358462,0.000011997359
seed_2700701,2700701,syn-v2-700-contamination-0040,contamination,moderate,contamination,0.999820530415,0.000022967091,0.000072632007,0.000031444546,0.999820530415,0.000014178508,0.000011120743,0.000027145079
seed_2700701,2700701,syn-v2-700-contamination-0037,contamination,severe,contamination,0.990295708179,0.000365418877,0.006329115480,0.000367007393,0.990295708179,0.001678299974,0.000274723483,0.000689735229
seed_2700701,2700701,syn-v2-700-contamination-0049,contamination,severe,contamination,0.999525666237,0.000095314739,0.000062307110,0.000040183324,0.999525666237,0.000034517285,0.000144746853,0.000097234522
seed_2700701,2700701,syn-v2-700-contamination-0093,contamination,severe,contamination,0.999724566936,0.000000831509,0.000127352774,0.000003622601,0.999724566936,0.000004132763,0.000067935856,0.000071551956
seed_2700701,2700701,syn-v2-700-contamination-0021,contamination,severe,contamination,0.999927163124,0.000002254742,0.000053710712,0.000001745786,0.999927163124,0.000005631790,0.000002021644,0.000007365806
seed_2700701,2700701,syn-v2-700-contamination-0032,contamination,severe,contamination,0.826208651066,0.000606120680,0.029138071463,0.003890670603,0.826208651066,0.021943278611,0.029073473066,0.089139737189
seed_2700701,2700701,syn-v2-700-contamination-0027,contamination,severe,contamination,0.999827623367,0.000016097021,0.000124031038,0.000006752006,0.999827623367,0.000009108548,0.000003868796,0.000012486425
seed_2700701,2700701,syn-v2-700-contamination-0095,contamination,severe,contamination,0.999989986420,0.000000919442,0.000007182124,0.000000690101,0.999989986420,0.000000278268,0.000000111962,0.000000829395
seed_2700701,2700701,syn-v2-700-contamination-0029,contamination,severe,contamination,0.957812726498,0.000494839798,0.036248825490,0.001126424177,0.957812726498,0.000751849904,0.000601875829,0.002963466337
seed_2700701,2700701,syn-v2-700-contamination-0047,contamination,severe,contamination,0.999434649944,0.000013947410,0.000235812127,0.000022839233,0.999434649944,0.000076164542,0.000022565444,0.000193962653
seed_2700701,2700701,syn-v2-700-contamination-0001,contamination,severe,contamination,0.998350620270,0.000074018099,0.000972203503,0.000016762322,0.998350620270,0.000051962350,0.000025263977,0.000509246893
seed_2700701,2700701,syn-v2-700-contamination-0016,contamination,severe,contamination,0.999938726425,0.000007174438,0.000014255614,0.000023917939,0.999938726425,0.000009132707,0.000000952970,0.000005795073
seed_2700701,2700701,syn-v2-700-contamination-0036,contamination,severe,contamination,0.999953866005,0.000003910111,0.000018593531,0.000014487095,0.999953866005,0.000001347165,0.000001992710,0.000005821061
seed_2700701,2700701,syn-v2-700-contamination-0018,contamination,severe,contamination,0.999323368073,0.000006547684,0.000547380652,0.000045235971,0.999323368073,0.000020306958,0.000014223897,0.000042943564
seed_2700701,2700701,syn-v2-700-contamination-0060,contamination,severe,contamination,0.999986171722,0.000000951858,0.000011474243,0.000000589079,0.999986171722,0.000000200942,0.000000141494,0.000000569935
seed_2700701,2700701,syn-v2-700-lead_breakage-0001,lead_breakage,mild,lead_breakage,0.996320366859,0.000030232794,0.000071127506,0.000051277173,0.000629749324,0.996320366859,0.002786795143,0.000110326677
seed_2700701,2700701,syn-v2-700-lead_breakage-0038,lead_breakage,mild,lead_breakage,0.999580919743,0.000002377891,0.000009426500,0.000003848855,0.000290552591,0.999580919743,0.000100687699,0.000012277167
seed_2700701,2700701,syn-v2-700-lead_breakage-0016,lead_breakage,mild,lead_breakage,0.999603211880,0.000059304668,0.000061639577,0.000030954976,0.000109740642,0.999603211880,0.000057376656,0.000077774814
seed_2700701,2700701,syn-v2-700-lead_breakage-0040,lead_breakage,mild,lead_breakage,0.998817741871,0.000043052860,0.000030728141,0.000010225210,0.000067202905,0.998817741871,0.000998486183,0.000032569860
seed_2700701,2700701,syn-v2-700-lead_breakage-0091,lead_breakage,mild,lead_breakage,0.999615430832,0.000038006157,0.000028895727,0.000010658719,0.000168811661,0.999615430832,0.000105638741,0.000032502190
seed_2700701,2700701,syn-v2-700-lead_breakage-0033,lead_breakage,mild,lead_breakage,0.999850511551,0.000004356426,0.000005678173,0.000004289909,0.000016809117,0.999850511551,0.000109599488,0.000008703663
seed_2700701,2700701,syn-v2-700-lead_breakage-0048,lead_breakage,mild,lead_breakage,0.999813497066,0.000011008866,0.000036262260,0.000002985133,0.000013906652,0.999813497066,0.000105941275,0.000016438695
seed_2700701,2700701,syn-v2-700-lead_breakage-0079,lead_breakage,mild,lead_breakage,0.993955671787,0.000171642518,0.000047210389,0.000095898118,0.000416911585,0.993955671787,0.004873507656,0.000439067226
seed_2700701,2700701,syn-v2-700-lead_breakage-0075,lead_breakage,mild,lead_breakage,0.998932301998,0.000349576381,0.000033642322,0.000026508982,0.000484488701,0.998932301998,0.000121122590,0.000052373336
seed_2700701,2700701,syn-v2-700-lead_breakage-0011,lead_breakage,mild,lead_breakage,0.987995803356,0.000099576071,0.000127895531,0.000209620979,0.005838939454,0.987995803356,0.004872797523,0.000855396676
seed_2700701,2700701,syn-v2-700-lead_breakage-0007,lead_breakage,mild,lead_breakage,0.967611253262,0.001410800731,0.003863583785,0.000349613169,0.000885908434,0.967611253262,0.023462811485,0.002415991621
seed_2700701,2700701,syn-v2-700-lead_breakage-0015,lead_breakage,mild,lead_breakage,0.996885359287,0.000300838408,0.000157484174,0.000326126290,0.000648967165,0.996885359287,0.000577274070,0.001103881281
seed_2700701,2700701,syn-v2-700-lead_breakage-0032,lead_breakage,mild,lead_breakage,0.999092459679,0.000019798383,0.000012167895,0.000005758416,0.000026832207,0.999092459679,0.000761948351,0.000081033824
seed_2700701,2700701,syn-v2-700-lead_breakage-0066,lead_breakage,mild,lead_breakage,0.999521851540,0.000003815656,0.000025056124,0.000004639640,0.000028405228,0.999521851540,0.000402271166,0.000013966450
seed_2700701,2700701,syn-v2-700-lead_breakage-0028,lead_breakage,mild,lead_breakage,0.999920487404,0.000004419250,0.000005909105,0.000005579624,0.000006160727,0.999920487404,0.000049377111,0.000008140974
seed_2700701,2700701,syn-v2-700-lead_breakage-0080,lead_breakage,mild,lead_breakage,0.999832868576,0.000005162529,0.000023603065,0.000005457957,0.000023459665,0.999832868576,0.000090640082,0.000018878885
seed_2700701,2700701,syn-v2-700-lead_breakage-0065,lead_breakage,mild,lead_breakage,0.937818467617,0.003275685944,0.000954062853,0.000420060824,0.002013726393,0.937818467617,0.051548238844,0.003969740588
seed_2700701,2700701,syn-v2-700-lead_breakage-0064,lead_breakage,mild,lead_breakage,0.999076366425,0.000041187617,0.000034949011,0.000007436462,0.000040610284,0.999076366425,0.000753028376,0.000046415746
seed_2700701,2700701,syn-v2-700-lead_breakage-0035,lead_breakage,mild,lead_breakage,0.999765217304,0.000006242254,0.000005753964,0.000005331467,0.000043150329,0.999765217304,0.000157295028,0.000017106264
seed_2700701,2700701,syn-v2-700-lead_breakage-0090,lead_breakage,mild,lead_breakage,0.994013488293,0.000173386463,0.002922998974,0.000085263542,0.001271714806,0.994013488293,0.001067411155,0.000465774763
seed_2700701,2700701,syn-v2-700-lead_breakage-0061,lead_breakage,mild,lead_breakage,0.997568190098,0.000062773193,0.000048349550,0.000136873568,0.000828706136,0.997568190098,0.001200567582,0.000154434470
seed_2700701,2700701,syn-v2-700-lead_breakage-0086,lead_breakage,mild,lead_breakage,0.999709904194,0.000002016204,0.000006086828,0.000002850125,0.000013541141,0.999709904194,0.000237394503,0.000028113982
seed_2700701,2700701,syn-v2-700-lead_breakage-0058,lead_breakage,mild,lead_breakage,0.955556392670,0.000451044732,0.000561822089,0.000037717426,0.000178222530,0.955556392670,0.042853910476,0.000360893231
seed_2700701,2700701,syn-v2-700-lead_breakage-0036,lead_breakage,mild,lead_breakage,0.999887228012,0.000016574742,0.000032963155,0.000004149515,0.000027316524,0.999887228012,0.000020817695,0.000010965762
seed_2700701,2700701,syn-v2-700-lead_breakage-0094,lead_breakage,mild,lead_breakage,0.954806029797,0.003310688771,0.000796197273,0.000243436749,0.001926047029,0.954806029797,0.035697929561,0.003219556995
seed_2700701,2700701,syn-v2-700-lead_breakage-0055,lead_breakage,mild,lead_breakage,0.998371422291,0.000044122837,0.000059470276,0.000011586008,0.000273191486,0.998371422291,0.001215108088,0.000025047462
seed_2700701,2700701,syn-v2-700-lead_breakage-0021,lead_breakage,mild,lead_breakage,0.998390555382,0.000009307571,0.000017783210,0.000008913054,0.000151735570,0.998390555382,0.001318741706,0.000103014070
seed_2700701,2700701,syn-v2-700-lead_breakage-0027,lead_breakage,mild,lead_breakage,0.997166931629,0.000169504754,0.000295884151,0.000029115456,0.000117768919,0.997166931629,0.002061249688,0.000159503557
seed_2700701,2700701,syn-v2-700-lead_breakage-0098,lead_breakage,mild,lead_breakage,0.998595774174,0.000031601376,0.000050195114,0.000044483175,0.000245801813,0.998595774174,0.000928573834,0.000103660612
seed_2700701,2700701,syn-v2-700-lead_breakage-0004,lead_breakage,moderate,lead_breakage,0.999933958054,0.000004476151,0.000017639011,0.000002016648,0.000023379996,0.999933958054,0.000011732490,0.000006680606
seed_2700701,2700701,syn-v2-700-lead_breakage-0070,lead_breakage,moderate,lead_breakage,0.999634385109,0.000046685374,0.000003982614,0.000015916470,0.000131250286,0.999634385109,0.000126989704,0.000040806044
seed_2700701,2700701,syn-v2-700-lead_breakage-0084,lead_breakage,moderate,lead_breakage,0.999923229218,0.000005124054,0.000001928355,0.000004810243,0.000021077651,0.999923229218,0.000032624230,0.000011196829
seed_2700701,2700701,syn-v2-700-lead_breakage-0023,lead_breakage,moderate,lead_breakage,0.997996211052,0.000163716220,0.000878850347,0.000060327624,0.000720633427,0.997996211052,0.000089635461,0.000090692316
seed_2700701,2700701,syn-v2-700-lead_breakage-0045,lead_breakage,moderate,lead_breakage,0.992750883102,0.000186986785,0.000106754836,0.000433019624,0.001571853878,0.992750883102,0.004545794800,0.000404802646
seed_2700701,2700701,syn-v2-700-lead_breakage-0054,lead_breakage,moderate,lead_breakage,0.997944533825,0.000446320948,0.000147453713,0.000096119766,0.000328905648,0.997944533825,0.000950957008,0.000085679232
seed_2700701,2700701,syn-v2-700-lead_breakage-0009,lead_breakage,moderate,lead_breakage,0.997794508934,0.000140964752,0.000145498809,0.000061066297,0.001250484958,0.997794508934,0.000512529630,0.000094943811
seed_2700701,2700701,syn-v2-700-lead_breakage-0062,lead_breakage,moderate,lead_breakage,0.999962329865,0.000005399304,0.000006050435,0.000002583383,0.000011400889,0.999962329865,0.000008103514,0.000004227149
seed_2700701,2700701,syn-v2-700-lead_breakage-0003,lead_breakage,moderate,lead_breakage,0.996230423450,0.000500526570,0.000618037127,0.000100592144,0.000239984947,0.996230423450,0.002078287536,0.000232098391
seed_2700701,2700701,syn-v2-700-lead_breakage-0013,lead_breakage,moderate,lead_breakage,0.999713838100,0.000009703599,0.000020202062,0.000030991876,0.000170886487,0.999713838100,0.000038192855,0.000016222955
seed_2700701,2700701,syn-v2-700-lead_breakage-0002,lead_breakage,moderate,lead_breakage,0.998176336288,0.000335662509,0.000060276634,0.000046099573,0.000268154690,0.998176336288,0.000989914872,0.000123560065
seed_2700701,2700701,syn-v2-700-lead_breakage-0024,lead_breakage,moderate,lead_breakage,0.997983574867,0.000022261185,0.000029549303,0.000026528725,0.000374000520,0.997983574867,0.001513474737,0.000050534556
seed_2700701,2700701,syn-v2-700-lead_breakage-0047,lead_breakage,moderate,lead_breakage,0.998119652271,0.000082619044,0.000133072273,0.000021112775,0.000076496377,0.998119652271,0.001488219597,0.000078872268
seed_2700701,2700701,syn-v2-700-lead_breakage-0043,lead_breakage,moderate,lead_breakage,0.978694200516,0.000733858207,0.000234007093,0.000113209382,0.001540993224,0.978694200516,0.018362840638,0.000320927764
seed_2700701,2700701,syn-v2-700-lead_breakage-0095,lead_breakage,moderate,lead_breakage,0.999818623066,0.000013524595,0.000007436098,0.000007064340,0.000096211414,0.999818623066,0.000034848388,0.000022386630
seed_2700701,2700701,syn-v2-700-lead_breakage-0041,lead_breakage,moderate,lead_breakage,0.999673128128,0.000023317658,0.000043583110,0.000010913820,0.000133785317,0.999673128128,0.000087359578,0.000027957956
seed_2700701,2700701,syn-v2-700-lead_breakage-0030,lead_breakage,moderate,lead_breakage,0.998159110546,0.000012359748,0.000056114004,0.000022854700,0.000873895537,0.998159110546,0.000834535691,0.000041126852
seed_2700701,2700701,syn-v2-700-lead_breakage-0087,lead_breakage,moderate,lead_breakage,0.998603999615,0.000034428576,0.000035179743,0.000022388751,0.000601216627,0.998603999615,0.000304864283,0.000397948752
seed_2700701,2700701,syn-v2-700-lead_breakage-0050,lead_breakage,moderate,lead_breakage,0.999287188053,0.000121688798,0.000013812884,0.000026087160,0.000268537609,0.999287188053,0.000242819006,0.000039784540
seed_2700701,2700701,syn-v2-700-lead_breakage-0044,lead_breakage,moderate,lead_breakage,0.998043537140,0.000260209606,0.000043855551,0.000192660664,0.000507107412,0.998043537140,0.000868675357,0.000083961007
seed_2700701,2700701,syn-v2-700-lead_breakage-0052,lead_breakage,moderate,lead_breakage,0.999198734760,0.000076457647,0.000109659108,0.000007435061,0.000380591955,0.999198734760,0.000113130343,0.000113916896
seed_2700701,2700701,syn-v2-700-lead_breakage-0000,lead_breakage,moderate,lead_breakage,0.997470498085,0.000030388970,0.000073621974,0.000011069240,0.000139526484,0.997470498085,0.002223044867,0.000051872892
seed_2700701,2700701,syn-v2-700-lead_breakage-0026,lead_breakage,moderate,lead_breakage,0.990992546082,0.000337649370,0.000084240011,0.000589699368,0.004343634471,0.990992546082,0.002674116055,0.000978213851
seed_2700701,2700701,syn-v2-700-lead_breakage-0037,lead_breakage,moderate,lead_breakage,0.998475015163,0.000005824738,0.000004419183,0.000024544777,0.000093750823,0.998475015163,0.001350899111,0.000045519664
seed_2700701,2700701,syn-v2-700-lead_breakage-0074,lead_breakage,moderate,lead_breakage,0.996896028519,0.000096398995,0.000069706075,0.000043932519,0.000717212562,0.996896028519,0.001997129060,0.000179638504
seed_2700701,2700701,syn-v2-700-lead_breakage-0096,lead_breakage,moderate,lead_breakage,0.999532580376,0.000094441340,0.000040105046,0.000008405929,0.000104299535,0.999532580376,0.000148514329,0.000071650669
seed_2700701,2700701,syn-v2-700-lead_breakage-0042,lead_breakage,moderate,lead_breakage,0.999465167522,0.000009245775,0.000022216276,0.000018704215,0.000377434335,0.999465167522,0.000085997475,0.000021184791
seed_2700701,2700701,syn-v2-700-lead_breakage-0049,lead_breakage,moderate,lead_breakage,0.991812586784,0.000055018463,0.000028613655,0.000068634828,0.000597958686,0.991812586784,0.007346160244,0.000091086942
seed_2700701,2700701,syn-v2-700-lead_breakage-0077,lead_breakage,moderate,lead_breakage,0.999601066113,0.000023888508,0.000051350922,0.000007939484,0.000079724479,0.999601066113,0.000201940144,0.000034120490
seed_2700701,2700701,syn-v2-700-lead_breakage-0071,lead_breakage,severe,lead_breakage,0.999587237835,0.000030447303,0.000023345314,0.000018887951,0.000277198211,0.999587237835,0.000027133516,0.000035727371
seed_2700701,2700701,syn-v2-700-lead_breakage-0034,lead_breakage,severe,lead_breakage,0.999437391758,0.000057826830,0.000058500387,0.000017651886,0.000282564637,0.999437391758,0.000048433078,0.000097647164
seed_2700701,2700701,syn-v2-700-lead_breakage-0039,lead_breakage,severe,lead_breakage,0.999436676502,0.000083856787,0.000025090954,0.000031497169,0.000177476424,0.999436676502,0.000160035488,0.000085419510
seed_2700701,2700701,syn-v2-700-lead_breakage-0006,lead_breakage,severe,lead_breakage,0.998529195786,0.000246393029,0.000122621743,0.000071738446,0.000384598272,0.998529195786,0.000323512941,0.000321880361
seed_2700701,2700701,syn-v2-700-lead_breakage-0031,lead_breakage,severe,lead_breakage,0.994722366333,0.001802081242,0.000528409146,0.000200682014,0.001241057180,0.994722366333,0.001200397499,0.000305068796
seed_2700701,2700701,syn-v2-700-lead_breakage-0019,lead_breakage,severe,lead_breakage,0.999369800091,0.000134469243,0.000114767929,0.000018446292,0.000246035983,0.999369800091,0.000066831271,0.000049527149
seed_2700701,2700701,syn-v2-700-lead_breakage-0022,lead_breakage,severe,lead_breakage,0.999917626381,0.000018446690,0.000016795999,0.000003185386,0.000032032272,0.999917626381,0.000001824214,0.000010041915
seed_2700701,2700701,syn-v2-700-lead_breakage-0078,lead_breakage,severe,lead_breakage,0.995271623135,0.000041657426,0.000059105827,0.000067166795,0.000290518423,0.995271623135,0.004206549376,0.000063400475
seed_2700701,2700701,syn-v2-700-lead_breakage-0083,lead_breakage,severe,lead_breakage,0.996489703655,0.000198329144,0.000184917561,0.000118326134,0.000722822908,0.996489703655,0.001968320925,0.000317569269
seed_2700701,2700701,syn-v2-700-lead_breakage-0063,lead_breakage,severe,lead_breakage,0.992338180542,0.000795151747,0.000401427504,0.000112613721,0.000414978480,0.992338180542,0.005677967332,0.000259630964
seed_2700701,2700701,syn-v2-700-lead_breakage-0025,lead_breakage,severe,lead_breakage,0.999486565590,0.000034137152,0.000037011025,0.000021475935,0.000362786086,0.999486565590,0.000025731608,0.000032208834
seed_2700701,2700701,syn-v2-700-lead_breakage-0005,lead_breakage,severe,lead_breakage,0.999954938889,0.000000257453,0.000002192109,0.000001313525,0.000016021078,0.999954938889,0.000019333682,0.000005944115
seed_2700701,2700701,syn-v2-700-lead_breakage-0081,lead_breakage,severe,lead_breakage,0.996945083141,0.000388444838,0.001514730626,0.000026865977,0.000183420809,0.996945083141,0.000870813150,0.000070757451
seed_2700701,2700701,syn-v2-700-lead_breakage-0097,lead_breakage,severe,lead_breakage,0.993513047695,0.000834967825,0.000258733373,0.000208366560,0.001311831758,0.993513047695,0.003658947535,0.000214116124
seed_2700701,2700701,syn-v2-700-body_chip-0038,body_chip,mild,body_chip,0.795810639858,0.000998883392,0.002108868910,0.000256874860,0.001348807709,0.198499098420,0.795810639858,0.000976804178
seed_2700701,2700701,syn-v2-700-body_chip-0040,body_chip,mild,body_chip,0.999962449074,0.000000455862,0.000009343230,0.000000160431,0.000002968362,0.000007734398,0.999962449074,0.000016897973
seed_2700701,2700701,syn-v2-700-body_chip-0089,body_chip,mild,body_chip,0.999993085861,0.000000317034,0.000001411435,0.000000034540,0.000000297271,0.000001206176,0.999993085861,0.000003663600
seed_2700701,2700701,syn-v2-700-body_chip-0068,body_chip,mild,body_chip,0.999566257000,0.000026971729,0.000098927288,0.000002687386,0.000012258035,0.000251015474,0.999566257000,0.000041884530
seed_2700701,2700701,syn-v2-700-body_chip-0093,body_chip,mild,body_chip,0.999956250191,0.000001381211,0.000004872130,0.000001216329,0.000007852776,0.000015681780,0.999956250191,0.000012660928
seed_2700701,2700701,syn-v2-700-body_chip-0003,body_chip,mild,body_chip,0.999500513077,0.000008802162,0.000021114220,0.000005748267,0.000022793020,0.000317952741,0.999500513077,0.000123177946
seed_2700701,2700701,syn-v2-700-body_chip-0010,body_chip,mild,body_chip,0.937708199024,0.001681982889,0.001242214581,0.000731132750,0.001603923505,0.055388368666,0.937708199024,0.001644256641
seed_2700701,2700701,syn-v2-700-body_chip-0061,body_chip,mild,body_chip,0.999754846096,0.000008149359,0.000012254959,0.000006366149,0.000116473020,0.000039665418,0.999754846096,0.000062276602
seed_2700701,2700701,syn-v2-700-body_chip-0023,body_chip,mild,body_chip,0.992665112019,0.000783311669,0.000413259491,0.000052404292,0.000320346968,0.005486355163,0.992665112019,0.000279231259
seed_2700701,2700701,syn-v2-700-body_chip-0009,body_chip,mild,body_chip,0.999854564667,0.000044090470,0.000009452697,0.000002895940,0.000003415361,0.000039074737,0.999854564667,0.000046531532
seed_2700701,2700701,syn-v2-700-body_chip-0042,body_chip,mild,body_chip,0.998682796955,0.000046338650,0.000223201961,0.000007343707,0.000044615193,0.000847845571,0.998682796955,0.000147848186
seed_2700701,2700701,syn-v2-700-body_chip-0044,body_chip,mild,body_chip,0.998571753502,0.000024133331,0.000153016284,0.000010058063,0.000056478675,0.001005112543,0.998571753502,0.000179552037
seed_2700701,2700701,syn-v2-700-body_chip-0024,body_chip,mild,body_chip,0.985364139080,0.000144686303,0.000069271518,0.000061357474,0.000461501273,0.013589720242,0.985364139080,0.000309265772
seed_2700701,2700701,syn-v2-700-body_chip-0092,body_chip,mild,body_chip,0.999043405056,0.000024664489,0.000025751000,0.000014719063,0.000150607375,0.000546698109,0.999043405056,0.000194077846
seed_2700701,2700701,syn-v2-700-body_chip-0032,body_chip,mild,body_chip,0.999950170517,0.000000597605,0.000013235335,0.000000802913,0.000003098538,0.000013848848,0.999950170517,0.000018213621
seed_2700701,2700701,syn-v2-700-body_chip-0037,body_chip,mild,body_chip,0.999685883522,0.000042971147,0.000011703141,0.000007894461,0.000034712688,0.000117729542,0.999685883522,0.000099160345
seed_2700701,2700701,syn-v2-700-body_chip-0043,body_chip,mild,body_chip,0.993081033230,0.001043156954,0.000099657133,0.000225326730,0.001057864400,0.003712520236,0.993081033230,0.000780394534
seed_2700701,2700701,syn-v2-700-body_chip-0090,body_chip,mild,body_chip,0.997015476227,0.000093649760,0.000128000509,0.000040652081,0.000164656027,0.001778838225,0.997015476227,0.000778797257
seed_2700701,2700701,syn-v2-700-body_chip-0048,body_chip,mild,body_chip,0.999952077866,0.000000660798,0.000001648785,0.000001865975,0.000005831414,0.000006463405,0.999952077866,0.000031388248
seed_2700701,2700701,syn-v2-700-body_chip-0007,body_chip,mild,body_chip,0.999969720840,0.000000566478,0.000000993587,0.000000161060,0.000002208917,0.000005175338,0.999969720840,0.000021145353
seed_2700701,2700701,syn-v2-700-body_chip-0013,body_chip,mild,body_chip,0.998948633671,0.000143466343,0.000094357463,0.000024434781,0.000094329298,0.000459755218,0.998948633671,0.000235064421
seed_2700701,2700701,syn-v2-700-body_chip-0085,body_chip,mild,body_chip,0.999998688698,0.000000110783,0.000000137570,0.000000029736,0.000000259841,0.000000217354,0.999998688698,0.000000547398
seed_2700701,2700701,syn-v2-700-body_chip-0066,body_chip,mild,body_chip,0.889124214649,0.009628735483,0.002366029657,0.007689252030,0.014413368888,0.064514234662,0.889124214649,0.012264028192
seed_2700701,2700701,syn-v2-700-body_chip-0000,body_chip,mild,body_chip,0.999975562096,0.000000716093,0.000006031687,0.000000990032,0.000003511538,0.000005160455,0.999975562096,0.000008054235
seed_2700701,2700701,syn-v2-700-body_chip-0083,body_chip,mild,body_chip,0.999737203121,0.000009111138,0.000007852576,0.000009627815,0.000027915041,0.000089583562,0.999737203121,0.000118769269
seed_2700701,2700701,syn-v2-700-body_chip-0070,body_chip,mild,body_chip,0.995063126087,0.000090442751,0.000059354155,0.000011311617,0.000057684261,0.004104750697,0.995063126087,0.000613396405
seed_2700701,2700701,syn-v2-700-body_chip-0067,body_chip,mild,body_chip,0.999858498573,0.000020879190,0.000010680636,0.000004074948,0.000016602884,0.000035866608,0.999858498573,0.000053331987
seed_2700701,2700701,syn-v2-700-body_chip-0034,body_chip,mild,body_chip,0.996735751629,0.000087202381,0.000399573735,0.000018925301,0.000237500877,0.002246414311,0.996735751629,0.000274605583
seed_2700701,2700701,syn-v2-700-body_chip-0071,body_chip,mild,body_chip,0.998403489590,0.000013805487,0.000039148141,0.000118350945,0.000251132908,0.001021623262,0.998403489590,0.000152395209
seed_2700701,2700701,syn-v2-700-body_chip-0027,body_chip,moderate,body_chip,0.999967336655,0.000000587201,0.000002436045,0.000000195436,0.000002570185,0.000011743359,0.999967336655,0.000015133948
seed_2700701,2700701,syn-v2-700-body_chip-0076,body_chip,moderate,body_chip,0.999746143818,0.000011182895,0.000010052581,0.000002661508,0.000080868915,0.000006276955,0.999746143818,0.000142764911
seed_2700701,2700701,syn-v2-700-body_chip-0031,body_chip,moderate,body_chip,0.999997258186,0.000000112217,0.000001080463,0.000000029772,0.000000064265,0.000000502351,0.999997258186,0.000000880867
seed_2700701,2700701,syn-v2-700-body_chip-0002,body_chip,moderate,body_chip,0.999968528748,0.000004836387,0.000017910279,0.000000355863,0.000001554576,0.000002481592,0.999968528748,0.000004371441
seed_2700701,2700701,syn-v2-700-body_chip-0001,body_chip,moderate,body_chip,0.999994397163,0.000000484748,0.000001421621,0.000000057415,0.000000622801,0.000001237564,0.999994397163,0.000001777296
seed_2700701,2700701,syn-v2-700-body_chip-0008,body_chip,moderate,body_chip,0.999645113945,0.000008991204,0.000009953400,0.000011057186,0.000030110887,0.000025511095,0.999645113945,0.000269135606
seed_2700701,2700701,syn-v2-700-body_chip-0057,body_chip,moderate,body_chip,0.960717976093,0.000235891086,0.000688831613,0.000059141959,0.000317515427,0.008363423869,0.960717976093,0.029617216438
seed_2700701,2700701,syn-v2-700-body_chip-0022,body_chip,moderate,body_chip,0.999927639961,0.000032560063,0.000013402571,0.000000168129,0.000002667137,0.000005139987,0.999927639961,0.000018499763
seed_2700701,2700701,syn-v2-700-body_chip-0082,body_chip,moderate,body_chip,0.999940514565,0.000000424762,0.000001030493,0.000000110956,0.000001512488,0.000002683807,0.999940514565,0.000053592572
seed_2700701,2700701,syn-v2-700-body_chip-0012,body_chip,moderate,body_chip,0.999995946884,0.000000073007,0.000000949331,0.000000153010,0.000001235446,0.000000259519,0.999995946884,0.000001451911
seed_2700701,2700701,syn-v2-700-body_chip-0052,body_chip,moderate,body_chip,0.981384873390,0.011116856709,0.001214629388,0.001061938819,0.003499977989,0.000610482646,0.981384873390,0.001111280289
seed_2700701,2700701,syn-v2-700-body_chip-0081,body_chip,moderate,body_chip,0.999576032162,0.000036830392,0.000079103811,0.000006128765,0.000030958981,0.000123454927,0.999576032162,0.000147397877
seed_2700701,2700701,syn-v2-700-body_chip-0084,body_chip,moderate,body_chip,0.999777019024,0.000000750994,0.000006709653,0.000000937089,0.000012031655,0.000004216261,0.999777019024,0.000198389374
seed_2700701,2700701,syn-v2-700-body_chip-0028,body_chip,moderate,body_chip,0.999864339828,0.000001725113,0.000003083078,0.000001198291,0.000035799294,0.000012037642,0.999864339828,0.000081831138
seed_2700701,2700701,syn-v2-700-body_chip-0069,body_chip,moderate,body_chip,0.999900221825,0.000001211060,0.000063161555,0.000000374257,0.000013083404,0.000015547925,0.999900221825,0.000006344975
seed_2700701,2700701,syn-v2-700-body_chip-0017,body_chip,moderate,body_chip,0.999964237213,0.000000966875,0.000006712830,0.000000107104,0.000000802543,0.000023013854,0.999964237213,0.000004171300
seed_2700701,2700701,syn-v2-700-body_chip-0021,body_chip,moderate,body_chip,0.998703598976,0.000379001838,0.000070871647,0.000058194611,0.000123859703,0.000562363304,0.998703598976,0.000102150996
seed_2700701,2700701,syn-v2-700-body_chip-0049,body_chip,moderate,body_chip,0.998098671436,0.000032826683,0.000273753132,0.000005691787,0.000082265396,0.000217803405,0.998098671436,0.001289056847
seed_2700701,2700701,syn-v2-700-body_chip-0036,body_chip,moderate,body_chip,0.999908804893,0.000011146976,0.000014822668,0.000000649569,0.000006558902,0.000020502448,0.999908804893,0.000037521866
seed_2700701,2700701,syn-v2-700-body_chip-0065,body_chip,moderate,body_chip,0.999916553497,0.000010133818,0.000009841678,0.000003241636,0.000004072473,0.000027866823,0.999916553497,0.000028236504
seed_2700701,2700701,syn-v2-700-body_chip-0078,body_chip,moderate,body_chip,0.996676445007,0.000364831969,0.000657095108,0.000025800871,0.000254458282,0.001669480116,0.996676445007,0.000351938274
seed_2700701,2700701,syn-v2-700-body_chip-0087,body_chip,moderate,body_chip,0.997278273106,0.000071895054,0.000052105868,0.000143430399,0.000608679897,0.000367356377,0.997278273106,0.001478295540
seed_2700701,2700701,syn-v2-700-body_chip-0015,body_chip,moderate,body_chip,0.999998211861,0.000000028719,0.000000318413,0.000000051313,0.000000641527,0.000000104285,0.999998211861,0.000000685609
seed_2700701,2700701,syn-v2-700-body_chip-0045,body_chip,moderate,body_chip,0.993658363819,0.000278121297,0.000129256921,0.000030974745,0.001112969127,0.000197157380,0.993658363819,0.004593131132
seed_2700701,2700701,syn-v2-700-body_chip-0077,body_chip,moderate,body_chip,0.999998450279,0.000000076719,0.000000131921,0.000000034434,0.000000475844,0.000000167760,0.999998450279,0.000000665477
seed_2700701,2700701,syn-v2-700-body_chip-0030,body_chip,moderate,body_chip,0.999967694283,0.000012948980,0.000003646518,0.000000348375,0.000000752053,0.000001189753,0.999967694283,0.000013358877
seed_2700701,2700701,syn-v2-700-body_chip-0056,body_chip,moderate,body_chip,0.998504281044,0.000015187830,0.000270451070,0.000008995060,0.000274996302,0.000516842701,0.998504281044,0.000409376691
seed_2700701,2700701,syn-v2-700-body_chip-0029,body_chip,moderate,body_chip,0.999528884888,0.000026458698,0.000027987642,0.000010151969,0.000035882043,0.000062696781,0.999528884888,0.000307997834
seed_2700701,2700701,syn-v2-700-body_chip-0014,body_chip,moderate,body_chip,0.999691009521,0.000009712377,0.000010411337,0.000002231064,0.000017576564,0.000123102305,0.999691009521,0.000146100210
seed_2700701,2700701,syn-v2-700-body_chip-0080,body_chip,severe,body_chip,0.999942064285,0.000004809481,0.000012984941,0.000001408774,0.000006002101,0.000010274306,0.999942064285,0.000022455535
seed_2700701,2700701,syn-v2-700-body_chip-0098,body_chip,severe,body_chip,0.995881795883,0.000223537878,0.000881585234,0.000048000329,0.000817992026,0.001198947895,0.995881795883,0.000948153262
seed_2700701,2700701,syn-v2-700-body_chip-0059,body_chip,severe,body_chip,0.999994158745,0.000000154363,0.000001526136,0.000000071776,0.000001004738,0.000001056232,0.999994158745,0.000001996985
seed_2700701,2700701,syn-v2-700-body_chip-0091,body_chip,severe,body_chip,0.998375296593,0.000011908572,0.000114484261,0.000016265791,0.000114389419,0.001183140324,0.998375296593,0.000184502598
seed_2700701,2700701,syn-v2-700-body_chip-0095,body_chip,severe,body_chip,0.999668955803,0.000025831760,0.000015896192,0.000002882350,0.000060874820,0.000003337019,0.999668955803,0.000222297196
seed_2700701,2700701,syn-v2-700-body_chip-0041,body_chip,severe,body_chip,0.999933004379,0.000002907733,0.000012980862,0.000000311735,0.000009709690,0.000012820017,0.999933004379,0.000028362247
seed_2700701,2700701,syn-v2-700-body_chip-0064,body_chip,severe,body_chip,0.999461829662,0.000009857449,0.000140037082,0.000003634531,0.000129176871,0.000113103815,0.999461829662,0.000142462814
seed_2700701,2700701,syn-v2-700-body_chip-0020,body_chip,severe,body_chip,0.997745692730,0.000182337521,0.000118400283,0.000021273883,0.000062921201,0.001707223244,0.997745692730,0.000162129494
seed_2700701,2700701,syn-v2-700-body_chip-0047,body_chip,severe,body_chip,0.999987840652,0.000000296450,0.000000308887,0.000000233990,0.000000756284,0.000000342021,0.999987840652,0.000010166719
seed_2700701,2700701,syn-v2-700-body_chip-0097,body_chip,severe,body_chip,0.999930500984,0.000003753498,0.000011054480,0.000000843555,0.000006863817,0.000001644784,0.999930500984,0.000045210905
seed_2700701,2700701,syn-v2-700-body_chip-0016,body_chip,severe,body_chip,0.999995708466,0.000000160019,0.000000296009,0.000000175231,0.000001392054,0.000000105345,0.999995708466,0.000002204124
seed_2700701,2700701,syn-v2-700-body_chip-0096,body_chip,severe,body_chip,0.998076915741,0.000954848481,0.000187814527,0.000013284828,0.000135786075,0.000128268570,0.998076915741,0.000503082701
seed_2700701,2700701,syn-v2-700-body_chip-0054,body_chip,severe,body_chip,0.999989509583,0.000000286833,0.000000426198,0.000000371731,0.000006113229,0.000000148569,0.999989509583,0.000003178687
seed_2700701,2700701,syn-v2-700-body_chip-0072,body_chip,severe,body_chip,0.999987125397,0.000005553155,0.000002932330,0.000000292576,0.000002770738,0.000000217068,0.999987125397,0.000001148509
seed_2700701,2700701,syn-v2-700-body_crack-0022,body_crack,mild,body_crack,0.999334871769,0.000032430009,0.000039209976,0.000031381413,0.000137969357,0.000023404686,0.000400696881,0.999334871769
seed_2700701,2700701,syn-v2-700-body_crack-0046,body_crack,mild,body_crack,0.999966382980,0.000002996109,0.000003814562,0.000002260868,0.000018185174,0.000001858445,0.000004430416,0.999966382980
seed_2700701,2700701,syn-v2-700-body_crack-0060,body_crack,mild,body_crack,0.999787271023,0.000003985404,0.000010143037,0.000006388635,0.000018336530,0.000104357554,0.000069457215,0.999787271023
seed_2700701,2700701,syn-v2-700-body_crack-0059,body_crack,mild,body_crack,0.966968774796,0.000131623150,0.000246258103,0.000275607192,0.000800436712,0.000175844936,0.031401466578,0.966968774796
seed_2700701,2700701,syn-v2-700-body_crack-0050,body_crack,mild,body_crack,0.999780237675,0.000004459444,0.000019460262,0.000002879928,0.000132537418,0.000016774082,0.000043730761,0.999780237675
seed_2700701,2700701,syn-v2-700-body_crack-0073,body_crack,mild,body_crack,0.999947667122,0.000004774725,0.000001869636,0.000002300508,0.000005393512,0.000008058359,0.000029917230,0.999947667122
seed_2700701,2700701,syn-v2-700-body_crack-0002,body_crack,mild,body_crack,0.999153494835,0.000013221612,0.000025168241,0.000030261568,0.000085426422,0.000018380722,0.000674142095,0.999153494835
seed_2700701,2700701,syn-v2-700-body_crack-0004,body_crack,mild,body_crack,0.996177077293,0.000338503014,0.000056458615,0.000080148951,0.000609045150,0.000036930855,0.002701909048,0.996177077293
seed_2700701,2700701,syn-v2-700-body_crack-0064,body_crack,mild,body_crack,0.999226570129,0.000042086918,0.000043953030,0.000024945975,0.000486339239,0.000098206925,0.000077932498,0.999226570129
seed_2700701,2700701,syn-v2-700-body_crack-0011,body_crack,mild,body_crack,0.999296188354,0.000070364666,0.000040132403,0.000018101324,0.000166753482,0.000017683189,0.000390758651,0.999296188354
seed_2700701,2700701,syn-v2-700-body_crack-0088,body_crack,mild,body_crack,0.999977350235,0.000004517301,0.000000753287,0.000002948718,0.000010145623,0.000003110783,0.000001138038,0.999977350235
seed_2700701,2700701,syn-v2-700-body_crack-0053,body_crack,mild,body_crack,0.971556901932,0.002546841279,0.001268469263,0.002644412918,0.009355930611,0.002550730482,0.010076733306,0.971556901932
seed_2700701,2700701,syn-v2-700-body_crack-0086,body_crack,mild,body_crack,0.999963760376,0.000005302722,0.000009568205,0.000002681030,0.000011267177,0.000003493489,0.000003951581,0.999963760376
seed_2700701,2700701,syn-v2-700-body_crack-0015,body_crack,mild,body_crack,0.999779522419,0.000025284722,0.000021478911,0.000027687516,0.000077770877,0.000020678181,0.000047579979,0.999779522419
seed_2700701,2700701,syn-v2-700-body_crack-0017,body_crack,mild,body_chip,0.940519273281,0.001071722945,0.002432612935,0.000955209485,0.004597650841,0.027056738734,0.940519273281,0.023366730660
seed_2700701,2700701,syn-v2-700-body_crack-0045,body_crack,mild,body_crack,0.999981284142,0.000009289165,0.000001072742,0.000000402075,0.000006464647,0.000000939475,0.000000615833,0.999981284142
seed_2700701,2700701,syn-v2-700-body_crack-0083,body_crack,mild,body_crack,0.999996900558,0.000000086147,0.000000050152,0.000000111319,0.000001926513,0.000000019383,0.000000853788,0.999996900558
seed_2700701,2700701,syn-v2-700-body_crack-0012,body_crack,mild,body_crack,0.999785602093,0.000048609112,0.000011358041,0.000003596725,0.000100079946,0.000030313711,0.000020553127,0.999785602093
seed_2700701,2700701,syn-v2-700-body_crack-0029,body_crack,mild,body_crack,0.999778687954,0.000025454134,0.000022287555,0.000009897987,0.000104407925,0.000010103455,0.000049249582,0.999778687954
seed_2700701,2700701,syn-v2-700-body_crack-0023,body_crack,mild,body_crack,0.999397993088,0.000037269412,0.000044299446,0.000074016796,0.000298542436,0.000013545568,0.000134288362,0.999397993088
seed_2700701,2700701,syn-v2-700-body_crack-0098,body_crack,mild,body_chip,0.786012709141,0.022627089173,0.003371264553,0.018786773086,0.018239395693,0.004833258223,0.786012709141,0.146129637957
seed_2700701,2700701,syn-v2-700-body_crack-0071,body_crack,mild,body_crack,0.999935030937,0.000026780872,0.000006123842,0.000002139826,0.000018069972,0.000003489274,0.000008369454,0.999935030937
seed_2700701,2700701,syn-v2-700-body_crack-0058,body_crack,mild,body_crack,0.997116923332,0.000024581059,0.000014479317,0.000156434646,0.001171654323,0.000002629060,0.001513281255,0.997116923332
seed_2700701,2700701,syn-v2-700-body_crack-0056,body_crack,mild,body_crack,0.999990701675,0.000000681972,0.000000992089,0.000000279127,0.000006318622,0.000000351473,0.000000674578,0.999990701675
seed_2700701,2700701,syn-v2-700-body_crack-0074,body_crack,mild,body_crack,0.999997019768,0.000001266154,0.000000248647,0.000000100718,0.000000526901,0.000000351658,0.000000411779,0.999997019768
seed_2700701,2700701,syn-v2-700-body_crack-0016,body_crack,mild,body_chip,0.517895042896,0.003065197496,0.002816170454,0.012812109664,0.020439375192,0.059665754437,0.517895042896,0.383306384087
seed_2700701,2700701,syn-v2-700-body_crack-0049,body_crack,mild,body_crack,0.997722089291,0.000257110223,0.000126510437,0.000090063113,0.001444341498,0.000147512255,0.000212324085,0.997722089291
seed_2700701,2700701,syn-v2-700-body_crack-0005,body_crack,mild,body_crack,0.999458014965,0.000008636329,0.000012364859,0.000010165451,0.000211026228,0.000201922026,0.000097982753,0.999458014965
seed_2700701,2700701,syn-v2-700-body_crack-0068,body_crack,mild,body_crack,0.996809780598,0.000324907625,0.000103294689,0.000036989291,0.001411174424,0.000637347286,0.000676497584,0.996809780598
seed_2700701,2700701,syn-v2-700-body_crack-0038,body_crack,moderate,body_crack,0.997536540031,0.000357745303,0.000487171521,0.000081751656,0.000291827600,0.000438213377,0.000806875643,0.997536540031
seed_2700701,2700701,syn-v2-700-body_crack-0021,body_crack,moderate,body_crack,0.999997138977,0.000000206913,0.000000390689,0.000000317442,0.000000763185,0.000000120422,0.000001018308,0.999997138977
seed_2700701,2700701,syn-v2-700-body_crack-0040,body_crack,moderate,body_crack,0.999799549580,0.000009488980,0.000054717340,0.000021555821,0.000061398678,0.000015217136,0.000038074508,0.999799549580
seed_2700701,2700701,syn-v2-700-body_crack-0076,body_crack,moderate,body_crack,0.999998331070,0.000000225074,0.000000169673,0.000000083393,0.000000949064,0.000000155904,0.000000070031,0.999998331070
seed_2700701,2700701,syn-v2-700-body_crack-0075,body_crack,moderate,body_crack,0.999952793121,0.000010898669,0.000009688598,0.000006358956,0.000010486487,0.000001281177,0.000008522015,0.999952793121
seed_2700701,2700701,syn-v2-700-body_crack-0035,body_crack,moderate,body_crack,0.999954342842,0.000005508861,0.000014886797,0.000002171069,0.000018191564,0.000002658204,0.000002241112,0.999954342842
seed_2700701,2700701,syn-v2-700-body_crack-0019,body_crack,moderate,body_crack,0.999842882156,0.000009702660,0.000032371110,0.000009666630,0.000061774481,0.000031532549,0.000012049317,0.999842882156
seed_2700701,2700701,syn-v2-700-body_crack-0032,body_crack,moderate,body_crack,0.998894035816,0.000122340702,0.000302434550,0.000074620955,0.000301521621,0.000139280979,0.000165710502,0.998894035816
seed_2700701,2700701,syn-v2-700-body_crack-0065,body_crack,moderate,body_crack,0.999994158745,0.000000426207,0.000000534905,0.000000708859,0.000002349555,0.000000983665,0.000000753670,0.999994158745
seed_2700701,2700701,syn-v2-700-body_crack-0061,body_crack,moderate,body_crack,0.999952793121,0.000001931892,0.000008609298,0.000003934038,0.000016377857,0.000007373691,0.000008990403,0.999952793121
seed_2700701,2700701,syn-v2-700-body_crack-0095,body_crack,moderate,body_crack,0.999993920326,0.000000503124,0.000000802848,0.000000218405,0.000003557007,0.000000405573,0.000000501614,0.999993920326
seed_2700701,2700701,syn-v2-700-body_crack-0013,body_crack,moderate,body_crack,0.999961733818,0.000014941466,0.000003052642,0.000001639562,0.000015821493,0.000000853688,0.000001880470,0.999961733818
seed_2700701,2700701,syn-v2-700-body_crack-0085,body_crack,moderate,body_crack,0.999786674976,0.000007051992,0.000036428526,0.000011745818,0.000117088159,0.000022945647,0.000017938182,0.999786674976
seed_2700701,2700701,syn-v2-700-body_crack-0007,body_crack,moderate,body_crack,0.999987125397,0.000001987341,0.000000611005,0.000001358245,0.000005765063,0.000000182646,0.000003077155,0.999987125397
seed_2700701,2700701,syn-v2-700-body_crack-0018,body_crack,moderate,body_crack,0.999989390373,0.000002648653,0.000001175950,0.000000459561,0.000005701411,0.000000187790,0.000000358280,0.999989390373
seed_2700701,2700701,syn-v2-700-body_crack-0014,body_crack,moderate,body_crack,0.999958634377,0.000001301905,0.000004041818,0.000002360379,0.000030483608,0.000001583537,0.000001538611,0.999958634377
seed_2700701,2700701,syn-v2-700-body_crack-0009,body_crack,moderate,body_crack,0.999910593033,0.000003296784,0.000005548665,0.000003973212,0.000050589078,0.000005202550,0.000020831707,0.999910593033
seed_2700701,2700701,syn-v2-700-body_crack-0024,body_crack,moderate,body_crack,0.999981522560,0.000003774372,0.000001775472,0.000001354165,0.000009602179,0.000001145074,0.000000916303,0.999981522560
seed_2700701,2700701,syn-v2-700-body_crack-0055,body_crack,moderate,body_crack,0.999612510204,0.000015860240,0.000037311274,0.000006672391,0.000265180424,0.000047578880,0.000014963165,0.999612510204
seed_2700701,2700701,syn-v2-700-body_crack-0087,body_crack,moderate,body_crack,0.985613048077,0.000548438635,0.000567444309,0.002807747340,0.007858351804,0.000187336016,0.002417592099,0.985613048077
seed_2700701,2700701,syn-v2-700-body_crack-0028,body_crack,moderate,body_crack,0.997463941574,0.000193872300,0.000084112951,0.000065363885,0.002148499014,0.000028636310,0.000015548947,0.997463941574
seed_2700701,2700701,syn-v2-700-body_crack-0092,body_crack,moderate,body_crack,0.999842286110,0.000027962502,0.000008413394,0.000005803817,0.000007722310,0.000001917195,0.000105771695,0.999842286110
seed_2700701,2700701,syn-v2-700-body_crack-0090,body_crack,moderate,body_crack,0.999948501587,0.000006218512,0.000005650767,0.000004598170,0.000016802782,0.000015485604,0.000002742197,0.999948501587
seed_2700701,2700701,syn-v2-700-body_crack-0091,body_crack,moderate,body_crack,0.994582116604,0.000206429162,0.000565761817,0.000433097244,0.002894336591,0.000280917709,0.001037422451,0.994582116604
seed_2700701,2700701,syn-v2-700-body_crack-0069,body_crack,moderate,body_crack,0.999746859074,0.000028999744,0.000027663569,0.000007290121,0.000149901811,0.000011485979,0.000027728784,0.999746859074
seed_2700701,2700701,syn-v2-700-body_crack-0043,body_crack,moderate,body_crack,0.998518288136,0.000053445860,0.000073526608,0.000018477687,0.001286234125,0.000004701637,0.000045298086,0.998518288136
seed_2700701,2700701,syn-v2-700-body_crack-0082,body_crack,moderate,body_crack,0.939893007278,0.001840042882,0.001033449429,0.007185663562,0.038464996964,0.000223987226,0.011358765885,0.939893007278
seed_2700701,2700701,syn-v2-700-body_crack-0042,body_crack,moderate,body_crack,0.999788701534,0.000062884064,0.000034400982,0.000015423560,0.000037775855,0.000028209342,0.000032744672,0.999788701534
seed_2700701,2700701,syn-v2-700-body_crack-0063,body_crack,moderate,body_crack,0.999995827675,0.000001611931,0.000000356419,0.000000135039,0.000001239231,0.000000038535,0.000000806395,0.999995827675
seed_2700701,2700701,syn-v2-700-body_crack-0000,body_crack,severe,body_crack,0.999975562096,0.000001560021,0.000002174205,0.000002488997,0.000014074712,0.000000501683,0.000003681327,0.999975562096
seed_2700701,2700701,syn-v2-700-body_crack-0093,body_crack,severe,body_crack,0.999383687973,0.000011062236,0.000019208763,0.000025469983,0.000549297372,0.000004643664,0.000006506769,0.999383687973
seed_2700701,2700701,syn-v2-700-body_crack-0072,body_crack,severe,body_crack,0.998036801815,0.000459055707,0.000082281549,0.000162962999,0.000147399856,0.000013708100,0.001097759698,0.998036801815
seed_2700701,2700701,syn-v2-700-body_crack-0062,body_crack,severe,body_crack,0.999577343464,0.000025453279,0.000047481157,0.000069619280,0.000163572331,0.000018145762,0.000098380711,0.999577343464
seed_2700701,2700701,syn-v2-700-body_crack-0041,body_crack,severe,body_crack,0.999850153923,0.000036202295,0.000011082408,0.000006240267,0.000079250865,0.000001818588,0.000015224614,0.999850153923
seed_2700701,2700701,syn-v2-700-body_crack-0026,body_crack,severe,body_crack,0.999931097031,0.000008972247,0.000014519393,0.000002856163,0.000031145766,0.000007881486,0.000003524631,0.999931097031
seed_2700701,2700701,syn-v2-700-body_crack-0025,body_crack,severe,body_crack,0.999995827675,0.000000133301,0.000000684740,0.000000173101,0.000002721541,0.000000167812,0.000000266589,0.999995827675
seed_2700701,2700701,syn-v2-700-body_crack-0080,body_crack,severe,body_crack,0.999492049217,0.000006455159,0.000012312705,0.000004079792,0.000479991140,0.000002853706,0.000002305322,0.999492049217
seed_2700701,2700701,syn-v2-700-body_crack-0048,body_crack,severe,body_crack,0.999695539474,0.000046606681,0.000003202490,0.000003645268,0.000239919449,0.000001696737,0.000009463378,0.999695539474
seed_2700701,2700701,syn-v2-700-body_crack-0067,body_crack,severe,body_crack,0.999946594238,0.000012036256,0.000010335281,0.000002708903,0.000020881647,0.000004532347,0.000002824329,0.999946594238
seed_2700701,2700701,syn-v2-700-body_crack-0006,body_crack,severe,body_crack,0.999840378761,0.000025944681,0.000072061688,0.000003581361,0.000041575811,0.000005665134,0.000010845730,0.999840378761
seed_2700701,2700701,syn-v2-700-body_crack-0001,body_crack,severe,body_crack,0.999966144562,0.000003022122,0.000003620437,0.000004574465,0.000019611956,0.000001471016,0.000001568710,0.999966144562
seed_2700701,2700701,syn-v2-700-body_crack-0010,body_crack,severe,body_crack,0.998970866203,0.000006799112,0.000004772199,0.000011363448,0.000993898720,0.000000338041,0.000012068224,0.998970866203
seed_2700701,2700701,syn-v2-700-body_crack-0020,body_crack,severe,body_crack,0.999094724655,0.000390159170,0.000151908200,0.000022089060,0.000268724369,0.000041764721,0.000030636984,0.999094724655
seed_2700711,2700711,syn-v2-700-scratch-0021,scratch,mild,scratch,0.970787763596,0.970787763596,0.001240002573,0.001139547443,0.002799824113,0.009936449118,0.011313148774,0.002783236094
seed_2700711,2700711,syn-v2-700-scratch-0035,scratch,mild,scratch,0.982012629509,0.982012629509,0.003683806630,0.000298499042,0.001099474612,0.006828512531,0.003507743822,0.002569387201
seed_2700711,2700711,syn-v2-700-scratch-0077,scratch,mild,scratch,0.926154792309,0.926154792309,0.003161775181,0.000507274119,0.001747712377,0.060982789844,0.006372648291,0.001073062886
seed_2700711,2700711,syn-v2-700-scratch-0045,scratch,mild,scratch,0.999706566334,0.999706566334,0.000039722214,0.000042416912,0.000038990045,0.000021558504,0.000027878272,0.000122910657
seed_2700711,2700711,syn-v2-700-scratch-0088,scratch,mild,scratch,0.999936461449,0.999936461449,0.000014690861,0.000001138580,0.000004980821,0.000004144767,0.000020715534,0.000017795293
seed_2700711,2700711,syn-v2-700-scratch-0069,scratch,mild,scratch,0.999595940113,0.999595940113,0.000019057290,0.000011507158,0.000063742715,0.000082853992,0.000101626618,0.000125344290
seed_2700711,2700711,syn-v2-700-scratch-0017,scratch,mild,scratch,0.999515414238,0.999515414238,0.000151335960,0.000012345091,0.000026315203,0.000148823281,0.000042265587,0.000103454622
seed_2700711,2700711,syn-v2-700-scratch-0042,scratch,mild,scratch,0.999797642231,0.999797642231,0.000113421294,0.000006386020,0.000022919827,0.000009746586,0.000028064505,0.000021877326
seed_2700711,2700711,syn-v2-700-scratch-0048,scratch,mild,scratch,0.999572813511,0.999572813511,0.000217467488,0.000008230133,0.000015640644,0.000119526208,0.000030134852,0.000036197707
seed_2700711,2700711,syn-v2-700-scratch-0013,scratch,mild,scratch,0.621220648289,0.621220648289,0.009517501108,0.006943278946,0.070947147906,0.175776675344,0.109026588500,0.006568139885
seed_2700711,2700711,syn-v2-700-scratch-0056,scratch,mild,scratch,0.999987721443,0.999987721443,0.000006107367,0.000000291063,0.000000729445,0.000001343991,0.000001295795,0.000002611368
seed_2700711,2700711,syn-v2-700-scratch-0050,scratch,mild,body_crack,0.276931583881,0.182420536876,0.114807218313,0.007433951367,0.049951978028,0.190027326345,0.178427413106,0.276931583881
seed_2700711,2700711,syn-v2-700-scratch-0046,scratch,mild,scratch,0.978053092957,0.978053092957,0.000873705430,0.000508696830,0.000992512447,0.017317403108,0.000881167420,0.001373336068
seed_2700711,2700711,syn-v2-700-scratch-0020,scratch,mild,scratch,0.990669488907,0.990669488907,0.004299204797,0.000100560341,0.000533511455,0.002256673062,0.000615602126,0.001524914289
seed_2700711,2700711,syn-v2-700-scratch-0095,scratch,mild,scratch,0.999535322189,0.999535322189,0.000219185356,0.000003590492,0.000010845843,0.000119674231,0.000055111890,0.000056385263
seed_2700711,2700711,syn-v2-700-scratch-0055,scratch,mild,scratch,0.999515771866,0.999515771866,0.000107522792,0.000024898403,0.000022496277,0.000255707913,0.000021405527,0.000052228002
seed_2700711,2700711,syn-v2-700-scratch-0009,scratch,mild,scratch,0.999567449093,0.999567449093,0.000088941939,0.000051655588,0.000048694768,0.000062838975,0.000065156572,0.000115293544
seed_2700711,2700711,syn-v2-700-scratch-0031,scratch,mild,scratch,0.999802172184,0.999802172184,0.000060711194,0.000007351349,0.000007506578,0.000095448275,0.000010171173,0.000016562335
seed_2700711,2700711,syn-v2-700-scratch-0002,scratch,mild,scratch,0.999339401722,0.999339401722,0.000056665067,0.000030986885,0.000147601662,0.000064398075,0.000141685305,0.000219235226
seed_2700711,2700711,syn-v2-700-scratch-0089,scratch,mild,scratch,0.999911189079,0.999911189079,0.000007556003,0.000004236008,0.000018077744,0.000020491725,0.000012519520,0.000025910738
seed_2700711,2700711,syn-v2-700-scratch-0078,scratch,mild,scratch,0.999774277210,0.999774277210,0.000066773129,0.000004199411,0.000027417282,0.000078994271,0.000024219260,0.000024023797
seed_2700711,2700711,syn-v2-700-scratch-0083,scratch,mild,scratch,0.977891325951,0.977891325951,0.009396039881,0.000082148559,0.000617731654,0.010468563996,0.000299740816,0.001244503655
seed_2700711,2700711,syn-v2-700-scratch-0070,scratch,mild,scratch,0.997568905354,0.997568905354,0.000636049546,0.000036028454,0.000035697936,0.000965521846,0.000469165359,0.000288597454
seed_2700711,2700711,syn-v2-700-scratch-0052,scratch,mild,scratch,0.999890327454,0.999890327454,0.000042644486,0.000001203771,0.000002622826,0.000006605276,0.000036065630,0.000020605507
seed_2700711,2700711,syn-v2-700-scratch-0030,scratch,mild,scratch,0.999842047691,0.999842047691,0.000068213281,0.000008989348,0.000013806946,0.000028471888,0.000008173919,0.000030241587
seed_2700711,2700711,syn-v2-700-scratch-0051,scratch,mild,scratch,0.999724566936,0.999724566936,0.000108293272,0.000009148132,0.000028174924,0.000053986925,0.000024352363,0.000051509520
seed_2700711,2700711,syn-v2-700-scratch-0059,scratch,mild,scratch,0.644586920738,0.644586920738,0.023640928790,0.002723671030,0.003985820804,0.219028025866,0.096384599805,0.009650012478
seed_2700711,2700711,syn-v2-700-scratch-0086,scratch,mild,scratch,0.969985783100,0.969985783100,0.011814608239,0.000121607547,0.000182675765,0.003342086216,0.012232545763,0.002320639789
seed_2700711,2700711,syn-v2-700-scratch-0063,scratch,mild,scratch,0.995691955090,0.995691955090,0.002406015294,0.000033720022,0.000063025720,0.001073906198,0.000146517123,0.000584784953
seed_2700711,2700711,syn-v2-700-scratch-0033,scratch,moderate,scratch,0.999976754189,0.999976754189,0.000010416378,0.000002659305,0.000001545548,0.000001598822,0.000002705303,0.000004348944
seed_2700711,2700711,syn-v2-700-scratch-0064,scratch,moderate,scratch,0.999835610390,0.999835610390,0.000086837150,0.000001694510,0.000003126267,0.000048752725,0.000009762659,0.000014106255
seed_2700711,2700711,syn-v2-700-scratch-0085,scratch,moderate,scratch,0.995608747005,0.995608747005,0.003538706573,0.000032934611,0.000140518649,0.000368696987,0.000124157916,0.000186296020
seed_2700711,2700711,syn-v2-700-scratch-0037,scratch,moderate,scratch,0.999929904938,0.999929904938,0.000018321121,0.000002988956,0.000005486240,0.000010833106,0.000010814917,0.000021733935
seed_2700711,2700711,syn-v2-700-scratch-0038,scratch,moderate,scratch,0.999810516834,0.999810516834,0.000035584831,0.000016163705,0.000026643549,0.000026736812,0.000031096813,0.000053377200
seed_2700711,2700711,syn-v2-700-scratch-0039,scratch,moderate,scratch,0.999794185162,0.999794185162,0.000119872006,0.000003508009,0.000011038615,0.000033911107,0.000013719004,0.000023785269
seed_2700711,2700711,syn-v2-700-scratch-0025,scratch,moderate,scratch,0.999663829803,0.999663829803,0.000121207813,0.000013744387,0.000043460805,0.000029115965,0.000098345889,0.000030292045
seed_2700711,2700711,syn-v2-700-scratch-0024,scratch,moderate,scratch,0.999951004982,0.999951004982,0.000009637426,0.000004714102,0.000006773750,0.000008860861,0.000006345992,0.000012699716
seed_2700711,2700711,syn-v2-700-scratch-0019,scratch,moderate,scratch,0.999982237816,0.999982237816,0.000009384753,0.000001316711,0.000002299611,0.000001085307,0.000000428684,0.000003157629
seed_2700711,2700711,syn-v2-700-scratch-0061,scratch,moderate,scratch,0.999961376190,0.999961376190,0.000009693763,0.000004546930,0.000008431716,0.000004825498,0.000005838936,0.000005299883
seed_2700711,2700711,syn-v2-700-scratch-0071,scratch,moderate,scratch,0.999531030655,0.999531030655,0.000278560619,0.000021080155,0.000022679575,0.000021062815,0.000045867946,0.000079700185
seed_2700711,2700711,syn-v2-700-scratch-0049,scratch,moderate,scratch,0.998190462589,0.998190462589,0.000587948598,0.000019113724,0.000050780276,0.001078317990,0.000030500743,0.000042860902
seed_2700711,2700711,syn-v2-700-scratch-0099,scratch,moderate,scratch,0.999883651733,0.999883651733,0.000005631926,0.000004760220,0.000009348019,0.000001970731,0.000002441211,0.000092091272
seed_2700711,2700711,syn-v2-700-scratch-0053,scratch,moderate,scratch,0.999803364277,0.999803364277,0.000060028855,0.000007301582,0.000030588009,0.000047746977,0.000011448318,0.000039535233
seed_2700711,2700711,syn-v2-700-scratch-0098,scratch,moderate,scratch,0.999959945679,0.999959945679,0.000023055338,0.000002004115,0.000003364725,0.000001366784,0.000001464358,0.000008813701
seed_2700711,2700711,syn-v2-700-scratch-0066,scratch,moderate,scratch,0.998579978943,0.998579978943,0.000294454396,0.000006704234,0.000104288709,0.000119628159,0.000056806497,0.000838134903
seed_2700711,2700711,syn-v2-700-scratch-0032,scratch,moderate,scratch,0.999491572380,0.999491572380,0.000110386580,0.000024744788,0.000036842881,0.000175369220,0.000094913390,0.000066151370
seed_2700711,2700711,syn-v2-700-scratch-0093,scratch,moderate,scratch,0.997251331806,0.997251331806,0.000319206214,0.000140829303,0.000270663266,0.001175984158,0.000571493641,0.000270496064
seed_2700711,2700711,syn-v2-700-scratch-0029,scratch,moderate,scratch,0.999977231026,0.999977231026,0.000010701513,0.000000976111,0.000002219473,0.000002448591,0.000003053610,0.000003280841
seed_2700711,2700711,syn-v2-700-scratch-0026,scratch,moderate,scratch,0.975956439972,0.975956439972,0.001843590871,0.001586445840,0.000565774215,0.011779890396,0.006429142319,0.001838798053
seed_2700711,2700711,syn-v2-700-scratch-0012,scratch,moderate,scratch,0.999049842358,0.999049842358,0.000166407073,0.000016413329,0.000017676757,0.000675705669,0.000017440634,0.000056516063
seed_2700711,2700711,syn-v2-700-scratch-0036,scratch,moderate,scratch,0.988980531693,0.988980531693,0.000556452957,0.000443560944,0.000727467588,0.007738570217,0.000843219634,0.000710205350
seed_2700711,2700711,syn-v2-700-scratch-0080,scratch,moderate,scratch,0.999599754810,0.999599754810,0.000150697131,0.000014982637,0.000051011331,0.000006004906,0.000003688795,0.000173835389
seed_2700711,2700711,syn-v2-700-scratch-0081,scratch,moderate,scratch,0.774634361267,0.774634361267,0.008039362729,0.000626267458,0.003327907296,0.143993735313,0.062759742141,0.006618637126
seed_2700711,2700711,syn-v2-700-scratch-0041,scratch,moderate,scratch,0.999860882759,0.999860882759,0.000095976291,0.000004865343,0.000012552831,0.000007585072,0.000003798427,0.000014339162
seed_2700711,2700711,syn-v2-700-scratch-0040,scratch,moderate,scratch,0.962286531925,0.962286531925,0.015044935048,0.000217079098,0.000932243827,0.018959516659,0.001660817536,0.000898807310
seed_2700711,2700711,syn-v2-700-scratch-0004,scratch,moderate,scratch,0.999220967293,0.999220967293,0.000432636240,0.000009169981,0.000056339533,0.000103500417,0.000011679786,0.000165703736
seed_2700711,2700711,syn-v2-700-scratch-0022,scratch,moderate,scratch,0.999736249447,0.999736249447,0.000080615631,0.000009340644,0.000020757974,0.000052575586,0.000029795545,0.000070591959
seed_2700711,2700711,syn-v2-700-scratch-0062,scratch,moderate,scratch,0.999960541725,0.999960541725,0.000017026770,0.000002179944,0.000005741685,0.000003761239,0.000000658759,0.000009938866
seed_2700711,2700711,syn-v2-700-scratch-0082,scratch,severe,scratch,0.999799787998,0.999799787998,0.000025747991,0.000007307589,0.000014246226,0.000011391526,0.000027116543,0.000114435359
seed_2700711,2700711,syn-v2-700-scratch-0003,scratch,severe,scratch,0.999892592430,0.999892592430,0.000073593765,0.000006634002,0.000013770429,0.000003737464,0.000001214071,0.000008474909
seed_2700711,2700711,syn-v2-700-scratch-0016,scratch,severe,scratch,0.999879479408,0.999879479408,0.000018663404,0.000001953370,0.000003813830,0.000002647581,0.000002751540,0.000090704416
seed_2700711,2700711,syn-v2-700-scratch-0006,scratch,severe,scratch,0.999896287918,0.999896287918,0.000053670450,0.000004079722,0.000006793590,0.000014229772,0.000007430820,0.000017463386
seed_2700711,2700711,syn-v2-700-scratch-0092,scratch,severe,scratch,0.999904990196,0.999904990196,0.000054791260,0.000005148908,0.000011021871,0.000004302045,0.000004978385,0.000014806236
seed_2700711,2700711,syn-v2-700-scratch-0027,scratch,severe,scratch,0.999975681305,0.999975681305,0.000012467045,0.000001020429,0.000002693484,0.000001035911,0.000002655906,0.000004486604
seed_2700711,2700711,syn-v2-700-scratch-0074,scratch,severe,scratch,0.999206602573,0.999206602573,0.000410101085,0.000030998224,0.000102597063,0.000139726413,0.000061195940,0.000048767379
seed_2700711,2700711,syn-v2-700-scratch-0072,scratch,severe,scratch,0.999812304974,0.999812304974,0.000111484464,0.000004105912,0.000012325509,0.000006504664,0.000002504922,0.000050694263
seed_2700711,2700711,syn-v2-700-scratch-0068,scratch,severe,scratch,0.999655246735,0.999655246735,0.000134378657,0.000006083936,0.000018465960,0.000029690791,0.000031272310,0.000124855040
seed_2700711,2700711,syn-v2-700-scratch-0075,scratch,severe,scratch,0.999967336655,0.999967336655,0.000006703613,0.000000666612,0.000003310629,0.000001667400,0.000002362648,0.000017963697
seed_2700711,2700711,syn-v2-700-scratch-0014,scratch,severe,scratch,0.999907612801,0.999907612801,0.000031308136,0.000003147448,0.000010754613,0.000015562593,0.000009704934,0.000021825776
seed_2700711,2700711,syn-v2-700-scratch-0084,scratch,severe,scratch,0.999984264374,0.999984264374,0.000004526345,0.000000809005,0.000001959762,0.000000591106,0.000004354346,0.000003538452
seed_2700711,2700711,syn-v2-700-scratch-0058,scratch,severe,scratch,0.999866247177,0.999866247177,0.000100199766,0.000002047388,0.000003388839,0.000003385986,0.000000712640,0.000024033592
seed_2700711,2700711,syn-v2-700-scratch-0010,scratch,severe,scratch,0.999867677689,0.999867677689,0.000009598009,0.000002900019,0.000027318441,0.000004113779,0.000002922201,0.000085423344
seed_2700711,2700711,syn-v2-700-surface_spot-0061,surface_spot,mild,surface_spot,0.999597489834,0.000036696198,0.999597489834,0.000014808699,0.000168357496,0.000098947166,0.000065603665,0.000018093768
seed_2700711,2700711,syn-v2-700-surface_spot-0051,surface_spot,mild,surface_spot,0.944564461708,0.001702785492,0.944564461708,0.002778958762,0.035057060421,0.004037831444,0.006087908987,0.005771008786
seed_2700711,2700711,syn-v2-700-surface_spot-0096,surface_spot,mild,surface_spot,0.999925732613,0.000021577280,0.999925732613,0.000001609667,0.000012193186,0.000027888585,0.000008506998,0.000002541861
seed_2700711,2700711,syn-v2-700-surface_spot-0042,surface_spot,mild,surface_spot,0.999206244946,0.000030965741,0.999206244946,0.000013861117,0.000184186036,0.000481571187,0.000064069936,0.000019161058
seed_2700711,2700711,syn-v2-700-surface_spot-0002,surface_spot,mild,surface_spot,0.997345745564,0.000264416129,0.997345745564,0.000040862531,0.001817039447,0.000302612403,0.000112386915,0.000116944517
seed_2700711,2700711,syn-v2-700-surface_spot-0013,surface_spot,mild,surface_spot,0.999078273773,0.000053185322,0.999078273773,0.000012452934,0.000174530534,0.000569261436,0.000090833346,0.000021476950
seed_2700711,2700711,syn-v2-700-surface_spot-0012,surface_spot,mild,surface_spot,0.999827206135,0.000019329627,0.999827206135,0.000002917463,0.000070844013,0.000046107125,0.000027539725,0.000006169865
seed_2700711,2700711,syn-v2-700-surface_spot-0031,surface_spot,mild,surface_spot,0.993911862373,0.000594281359,0.993911862373,0.000246084208,0.003572979476,0.000743378594,0.000545735762,0.000385709747
seed_2700711,2700711,syn-v2-700-surface_spot-0041,surface_spot,mild,surface_spot,0.965331614017,0.000592307420,0.965331614017,0.000479348266,0.027982130647,0.002666259417,0.002283967799,0.000664446910
seed_2700711,2700711,syn-v2-700-surface_spot-0023,surface_spot,mild,surface_spot,0.999744832516,0.000033358163,0.999744832516,0.000009561987,0.000086523003,0.000050087852,0.000068442328,0.000007188242
seed_2700711,2700711,syn-v2-700-surface_spot-0010,surface_spot,mild,surface_spot,0.998951077461,0.000046814130,0.998951077461,0.000006148735,0.000151254411,0.000665084168,0.000150341628,0.000029289416
seed_2700711,2700711,syn-v2-700-surface_spot-0036,surface_spot,mild,surface_spot,0.998161971569,0.000383656909,0.998161971569,0.000090688169,0.000474894798,0.000671787013,0.000118453398,0.000098610959
seed_2700711,2700711,syn-v2-700-surface_spot-0056,surface_spot,mild,surface_spot,0.998728692532,0.000141857541,0.998728692532,0.000019153984,0.000200335693,0.000491768005,0.000342864223,0.000075212767
seed_2700711,2700711,syn-v2-700-surface_spot-0075,surface_spot,mild,surface_spot,0.999846458435,0.000032717187,0.999846458435,0.000003624301,0.000043640332,0.000041372405,0.000021420656,0.000010752345
seed_2700711,2700711,syn-v2-700-surface_spot-0040,surface_spot,mild,surface_spot,0.999646067619,0.000031888871,0.999646067619,0.000004908422,0.000261358451,0.000019159388,0.000025027855,0.000011623060
seed_2700711,2700711,syn-v2-700-surface_spot-0035,surface_spot,mild,surface_spot,0.625575006008,0.005026101600,0.625575006008,0.003277989337,0.324790090322,0.019707934931,0.018600063398,0.003022840712
seed_2700711,2700711,syn-v2-700-surface_spot-0093,surface_spot,mild,surface_spot,0.997888743877,0.000184641991,0.997888743877,0.000022073002,0.000915095152,0.000730587053,0.000173963010,0.000084882311
seed_2700711,2700711,syn-v2-700-surface_spot-0017,surface_spot,mild,surface_spot,0.941723227501,0.002476667054,0.941723227501,0.003996632993,0.045014761388,0.002033592435,0.001923377509,0.002831653925
seed_2700711,2700711,syn-v2-700-surface_spot-0087,surface_spot,mild,surface_spot,0.997289061546,0.000509910460,0.997289061546,0.000018942415,0.000882248976,0.000711196160,0.000490991457,0.000097647862
seed_2700711,2700711,syn-v2-700-surface_spot-0073,surface_spot,mild,surface_spot,0.999615788460,0.000063369880,0.999615788460,0.000010951604,0.000211850653,0.000037124486,0.000046043690,0.000014864820
seed_2700711,2700711,syn-v2-700-surface_spot-0074,surface_spot,mild,surface_spot,0.999262392521,0.000103569379,0.999262392521,0.000064855900,0.000260328699,0.000169330786,0.000096268086,0.000043261392
seed_2700711,2700711,syn-v2-700-surface_spot-0016,surface_spot,mild,surface_spot,0.880803227425,0.001540370635,0.880803227425,0.002136165276,0.096738047898,0.008699854836,0.009448661469,0.000633739401
seed_2700711,2700711,syn-v2-700-surface_spot-0085,surface_spot,mild,surface_spot,0.999704420567,0.000077488599,0.999704420567,0.000004655381,0.000079770449,0.000077235476,0.000043856075,0.000012613286
seed_2700711,2700711,syn-v2-700-surface_spot-0086,surface_spot,mild,surface_spot,0.915038704872,0.002120003337,0.915038704872,0.000905194785,0.049155861139,0.030859459192,0.001207136433,0.000713637681
seed_2700711,2700711,syn-v2-700-surface_spot-0007,surface_spot,mild,surface_spot,0.999432742596,0.000128284548,0.999432742596,0.000007346671,0.000066725494,0.000246759708,0.000083203653,0.000034970679
seed_2700711,2700711,syn-v2-700-surface_spot-0026,surface_spot,mild,surface_spot,0.998773276806,0.000155282760,0.998773276806,0.000050590170,0.000709282293,0.000179175317,0.000094533811,0.000037878723
seed_2700711,2700711,syn-v2-700-surface_spot-0000,surface_spot,mild,surface_spot,0.999236464500,0.000139292591,0.999236464500,0.000014314402,0.000304354704,0.000125486957,0.000128868705,0.000051240193
seed_2700711,2700711,syn-v2-700-surface_spot-0003,surface_spot,mild,surface_spot,0.997405588627,0.000535891915,0.997405588627,0.000104015176,0.000573437661,0.000896396697,0.000368410401,0.000116263618
seed_2700711,2700711,syn-v2-700-surface_spot-0022,surface_spot,mild,surface_spot,0.999518513680,0.000128095780,0.999518513680,0.000010063624,0.000068981135,0.000176796428,0.000075551361,0.000021967922
seed_2700711,2700711,syn-v2-700-surface_spot-0091,surface_spot,moderate,surface_spot,0.999590098858,0.000093111536,0.999590098858,0.000037580659,0.000168339408,0.000043539902,0.000036377041,0.000030918578
seed_2700711,2700711,syn-v2-700-surface_spot-0079,surface_spot,moderate,surface_spot,0.997988820076,0.000267413590,0.997988820076,0.000093204108,0.000364880310,0.000450954365,0.000650563452,0.000184216013
seed_2700711,2700711,syn-v2-700-surface_spot-0032,surface_spot,moderate,surface_spot,0.999759256840,0.000120756471,0.999759256840,0.000015984266,0.000035016950,0.000026080375,0.000021523547,0.000021363299
seed_2700711,2700711,syn-v2-700-surface_spot-0080,surface_spot,moderate,surface_spot,0.999896764755,0.000018525092,0.999896764755,0.000002710579,0.000043055450,0.000012749216,0.000021583322,0.000004615435
seed_2700711,2700711,syn-v2-700-surface_spot-0098,surface_spot,moderate,surface_spot,0.999770820141,0.000015418462,0.999770820141,0.000007649679,0.000123099802,0.000048451449,0.000024469799,0.000010102296
seed_2700711,2700711,syn-v2-700-surface_spot-0081,surface_spot,moderate,surface_spot,0.999650835991,0.000106059793,0.999650835991,0.000017484428,0.000033760341,0.000128140469,0.000042793996,0.000020956295
seed_2700711,2700711,syn-v2-700-surface_spot-0067,surface_spot,moderate,surface_spot,0.999794781208,0.000025588286,0.999794781208,0.000014344229,0.000079060395,0.000052664480,0.000020323996,0.000013275699
seed_2700711,2700711,syn-v2-700-surface_spot-0066,surface_spot,moderate,surface_spot,0.994108676910,0.000379888021,0.994108676910,0.000256751373,0.004317280371,0.000177465088,0.000468660000,0.000291217497
seed_2700711,2700711,syn-v2-700-surface_spot-0014,surface_spot,moderate,surface_spot,0.999964833260,0.000013242624,0.999964833260,0.000000906243,0.000007157690,0.000006858818,0.000005346963,0.000001667130
seed_2700711,2700711,syn-v2-700-surface_spot-0009,surface_spot,moderate,surface_spot,0.999540448189,0.000071043352,0.999540448189,0.000043803113,0.000213429754,0.000081733044,0.000028229570,0.000021396258
seed_2700711,2700711,syn-v2-700-surface_spot-0008,surface_spot,moderate,surface_spot,0.999672412872,0.000043124477,0.999672412872,0.000006264527,0.000257180014,0.000004236899,0.000009823317,0.000007064351
seed_2700711,2700711,syn-v2-700-surface_spot-0054,surface_spot,moderate,surface_spot,0.998863220215,0.000147148443,0.998863220215,0.000043255372,0.000204249591,0.000231598766,0.000390860252,0.000119707183
seed_2700711,2700711,syn-v2-700-surface_spot-0084,surface_spot,moderate,surface_spot,0.993728637695,0.000692435191,0.993728637695,0.001096546534,0.002098078374,0.001008155639,0.000749417755,0.000626796565
seed_2700711,2700711,syn-v2-700-surface_spot-0028,surface_spot,moderate,surface_spot,0.992757439613,0.000337069272,0.992757439613,0.000312806369,0.005326282699,0.000575292332,0.000282517489,0.000408559863
seed_2700711,2700711,syn-v2-700-surface_spot-0052,surface_spot,moderate,surface_spot,0.999705016613,0.000032879230,0.999705016613,0.000011803979,0.000124178681,0.000024127196,0.000060929291,0.000041029762
seed_2700711,2700711,syn-v2-700-surface_spot-0099,surface_spot,moderate,surface_spot,0.999648690224,0.000023901563,0.999648690224,0.000006093007,0.000268584525,0.000025248888,0.000020604180,0.000006791654
seed_2700711,2700711,syn-v2-700-surface_spot-0050,surface_spot,moderate,surface_spot,0.995410263538,0.000332096824,0.995410263538,0.000275306636,0.002135348506,0.000730596017,0.000859681750,0.000256703614
seed_2700711,2700711,syn-v2-700-surface_spot-0029,surface_spot,moderate,surface_spot,0.999781072140,0.000045230197,0.999781072140,0.000005535615,0.000029756839,0.000097984710,0.000028548400,0.000011819430
seed_2700711,2700711,syn-v2-700-surface_spot-0065,surface_spot,moderate,surface_spot,0.999957919121,0.000025062156,0.999957919121,0.000001563840,0.000005560189,0.000004170040,0.000003313081,0.000002297762
seed_2700711,2700711,syn-v2-700-surface_spot-0015,surface_spot,moderate,surface_spot,0.999622106552,0.000158453418,0.999622106552,0.000017945411,0.000046156438,0.000083523140,0.000029939565,0.000041934756
seed_2700711,2700711,syn-v2-700-surface_spot-0006,surface_spot,moderate,surface_spot,0.999751031399,0.000037283964,0.999751031399,0.000004329565,0.000081259954,0.000031741110,0.000058750637,0.000035540936
seed_2700711,2700711,syn-v2-700-surface_spot-0069,surface_spot,moderate,surface_spot,0.999957919121,0.000020971571,0.999957919121,0.000001585756,0.000008978215,0.000007278362,0.000001754989,0.000001509685
seed_2700711,2700711,syn-v2-700-surface_spot-0078,surface_spot,moderate,surface_spot,0.999893903732,0.000041257779,0.999893903732,0.000002786482,0.000045620618,0.000007035678,0.000007076187,0.000002365982
seed_2700711,2700711,syn-v2-700-surface_spot-0068,surface_spot,moderate,surface_spot,0.994905829430,0.003114518477,0.994905829430,0.000209964928,0.001180134714,0.000164493715,0.000262509246,0.000162675788
seed_2700711,2700711,syn-v2-700-surface_spot-0057,surface_spot,moderate,surface_spot,0.999341666698,0.000354380492,0.999341666698,0.000014114542,0.000248308905,0.000007813040,0.000009841884,0.000023865095
seed_2700711,2700711,syn-v2-700-surface_spot-0058,surface_spot,moderate,surface_spot,0.999883174896,0.000011303464,0.999883174896,0.000003224327,0.000045008903,0.000037698446,0.000016130940,0.000003495350
seed_2700711,2700711,syn-v2-700-surface_spot-0030,surface_spot,moderate,surface_spot,0.999933719635,0.000030158068,0.999933719635,0.000002443327,0.000011058839,0.000009520958,0.000009669223,0.000003360135
seed_2700711,2700711,syn-v2-700-surface_spot-0019,surface_spot,moderate,surface_spot,0.996778905392,0.000320157444,0.996778905392,0.000098858422,0.001070846920,0.000825250580,0.000757071888,0.000148968291
seed_2700711,2700711,syn-v2-700-surface_spot-0063,surface_spot,moderate,surface_spot,0.967725098133,0.001152644516,0.967725098133,0.002067897702,0.005096674431,0.020643213764,0.002739980584,0.000574517646
seed_2700711,2700711,syn-v2-700-surface_spot-0072,surface_spot,severe,surface_spot,0.997336447239,0.000456129666,0.997336447239,0.000318234612,0.001355046174,0.000130854824,0.000285093149,0.000118250166
seed_2700711,2700711,syn-v2-700-surface_spot-0020,surface_spot,severe,surface_spot,0.999796092510,0.000055520966,0.999796092510,0.000017343984,0.000087981207,0.000012130475,0.000014436307,0.000016572805
seed_2700711,2700711,syn-v2-700-surface_spot-0038,surface_spot,severe,surface_spot,0.998279333115,0.000913946365,0.998279333115,0.000191120998,0.000079770842,0.000320197520,0.000148393345,0.000067331617
seed_2700711,2700711,syn-v2-700-surface_spot-0044,surface_spot,severe,surface_spot,0.999897122383,0.000055285531,0.999897122383,0.000007933389,0.000028290375,0.000002822940,0.000003793489,0.000004771670
seed_2700711,2700711,syn-v2-700-surface_spot-0062,surface_spot,severe,surface_spot,0.999960899353,0.000005056796,0.999960899353,0.000007585187,0.000016729500,0.000002516129,0.000005216729,0.000001963580
seed_2700711,2700711,syn-v2-700-surface_spot-0094,surface_spot,severe,surface_spot,0.999694347382,0.000046912228,0.999694347382,0.000015812844,0.000148322346,0.000041036958,0.000040352639,0.000013187616
seed_2700711,2700711,syn-v2-700-surface_spot-0055,surface_spot,severe,surface_spot,0.999765098095,0.000103734295,0.999765098095,0.000010366611,0.000084808336,0.000007261194,0.000014474486,0.000014237095
seed_2700711,2700711,syn-v2-700-surface_spot-0089,surface_spot,severe,surface_spot,0.999887824059,0.000057462217,0.999887824059,0.000012553373,0.000014809738,0.000003717560,0.000010891135,0.000012791167
seed_2700711,2700711,syn-v2-700-surface_spot-0043,surface_spot,severe,surface_spot,0.999569237232,0.000275966187,0.999569237232,0.000018274370,0.000076156495,0.000014097978,0.000028865939,0.000017387376
seed_2700711,2700711,syn-v2-700-surface_spot-0005,surface_spot,severe,surface_spot,0.999867677689,0.000044646153,0.999867677689,0.000006743267,0.000047565754,0.000019925754,0.000007014905,0.000006454328
seed_2700711,2700711,syn-v2-700-surface_spot-0045,surface_spot,severe,surface_spot,0.998522579670,0.000125880062,0.998522579670,0.000837288622,0.000280630193,0.000040366504,0.000058559428,0.000134709742
seed_2700711,2700711,syn-v2-700-surface_spot-0083,surface_spot,severe,surface_spot,0.999953985214,0.000020508107,0.999953985214,0.000004313455,0.000012092365,0.000001319943,0.000003967860,0.000003862907
seed_2700711,2700711,syn-v2-700-surface_spot-0059,surface_spot,severe,surface_spot,0.852833986282,0.003583382582,0.852833986282,0.076671577990,0.059444583952,0.000164346013,0.000642152736,0.006659995299
seed_2700711,2700711,syn-v2-700-surface_spot-0039,surface_spot,severe,surface_spot,0.999927997589,0.000028295781,0.999927997589,0.000006578781,0.000021372591,0.000005527703,0.000005603187,0.000004681705
seed_2700711,2700711,syn-v2-700-discoloration-0087,discoloration,mild,discoloration,0.998771846294,0.000030875508,0.000638841186,0.998771846294,0.000100073579,0.000221194496,0.000102795260,0.000134410715
seed_2700711,2700711,syn-v2-700-discoloration-0026,discoloration,mild,discoloration,0.999668002129,0.000019192121,0.000069420785,0.999668002129,0.000026678754,0.000098606251,0.000049828497,0.000068324436
seed_2700711,2700711,syn-v2-700-discoloration-0064,discoloration,mild,discoloration,0.999748528004,0.000004779554,0.000063794956,0.999748528004,0.000074890122,0.000046428329,0.000034678891,0.000026862943
seed_2700711,2700711,syn-v2-700-discoloration-0008,discoloration,mild,discoloration,0.999239206314,0.000008081207,0.000151558255,0.999239206314,0.000233349943,0.000188392936,0.000131994573,0.000047506852
seed_2700711,2700711,syn-v2-700-discoloration-0035,discoloration,mild,discoloration,0.997567296028,0.000057858604,0.000844206312,0.997567296028,0.000086198386,0.000523811555,0.000603444176,0.000317274797
seed_2700711,2700711,syn-v2-700-discoloration-0029,discoloration,mild,discoloration,0.999579489231,0.000013234680,0.000032361226,0.999579489231,0.000135371723,0.000096683558,0.000093845396,0.000049108083
seed_2700711,2700711,syn-v2-700-discoloration-0084,discoloration,mild,body_chip,0.459086835384,0.002085177461,0.017796773463,0.448271423578,0.006814250723,0.060637284070,0.459086835384,0.005308219697
seed_2700711,2700711,syn-v2-700-discoloration-0067,discoloration,mild,discoloration,0.982047200203,0.000159344680,0.001192048308,0.982047200203,0.001073539373,0.011931862682,0.002191832988,0.001404127339
seed_2700711,2700711,syn-v2-700-discoloration-0034,discoloration,mild,discoloration,0.999305725098,0.000036105750,0.000314909907,0.999305725098,0.000077791490,0.000187271551,0.000032778578,0.000045331260
seed_2700711,2700711,syn-v2-700-discoloration-0043,discoloration,mild,discoloration,0.997533321381,0.000169791179,0.000845382514,0.997533321381,0.000784024480,0.000181080788,0.000132823101,0.000353543612
seed_2700711,2700711,syn-v2-700-discoloration-0062,discoloration,mild,discoloration,0.997807562351,0.000093792391,0.000723874837,0.997807562351,0.000315414160,0.000550326600,0.000158308234,0.000350789342
seed_2700711,2700711,syn-v2-700-discoloration-0079,discoloration,mild,discoloration,0.995679676533,0.000039803806,0.000757511356,0.995679676533,0.000237848668,0.000745882455,0.002290330594,0.000249072211
seed_2700711,2700711,syn-v2-700-discoloration-0090,discoloration,mild,discoloration,0.998664259911,0.000092168280,0.000386126514,0.998664259911,0.000101553691,0.000285693852,0.000250101555,0.000220168702
seed_2700711,2700711,syn-v2-700-discoloration-0038,discoloration,mild,discoloration,0.999717533588,0.000007609044,0.000065127402,0.999717533588,0.000081795486,0.000051020314,0.000039648279,0.000037196984
seed_2700711,2700711,syn-v2-700-discoloration-0004,discoloration,mild,discoloration,0.999864697456,0.000006276616,0.000020643763,0.999864697456,0.000054541786,0.000017516893,0.000014191147,0.000022082293
seed_2700711,2700711,syn-v2-700-discoloration-0044,discoloration,mild,discoloration,0.999883770943,0.000001629804,0.000030529358,0.999883770943,0.000017469149,0.000041054907,0.000016041879,0.000009577829
seed_2700711,2700711,syn-v2-700-discoloration-0050,discoloration,mild,discoloration,0.999428093433,0.000002896575,0.000004935536,0.999428093433,0.000390761968,0.000153313522,0.000006179861,0.000013779360
seed_2700711,2700711,syn-v2-700-discoloration-0005,discoloration,mild,discoloration,0.999922990799,0.000002288497,0.000011820635,0.999922990799,0.000029159808,0.000010484254,0.000012225511,0.000011028399
seed_2700711,2700711,syn-v2-700-discoloration-0093,discoloration,mild,discoloration,0.999249517918,0.000057680318,0.000157316041,0.999249517918,0.000156490802,0.000234793959,0.000061432067,0.000082811610
seed_2700711,2700711,syn-v2-700-discoloration-0096,discoloration,mild,discoloration,0.999733865261,0.000022569744,0.000021181415,0.999733865261,0.000094250885,0.000054946649,0.000034950539,0.000038279166
seed_2700711,2700711,syn-v2-700-discoloration-0012,discoloration,mild,discoloration,0.999369561672,0.000005092928,0.000067767069,0.999369561672,0.000069557762,0.000423360470,0.000045309604,0.000019464554
seed_2700711,2700711,syn-v2-700-discoloration-0077,discoloration,mild,discoloration,0.999835968018,0.000010437215,0.000029536381,0.999835968018,0.000038415430,0.000044024615,0.000014001718,0.000027588785
seed_2700711,2700711,syn-v2-700-discoloration-0056,discoloration,mild,discoloration,0.999943375587,0.000001716967,0.000010228224,0.999943375587,0.000010994944,0.000009872954,0.000010458593,0.000013402820
seed_2700711,2700711,syn-v2-700-discoloration-0088,discoloration,mild,discoloration,0.997705936432,0.000040505798,0.001174309058,0.997705936432,0.000335401128,0.000333891890,0.000179871757,0.000230020858
seed_2700711,2700711,syn-v2-700-discoloration-0076,discoloration,mild,discoloration,0.998897552490,0.000019402332,0.000400195626,0.998897552490,0.000133967405,0.000133188179,0.000070010428,0.000345633161
seed_2700711,2700711,syn-v2-700-discoloration-0014,discoloration,mild,discoloration,0.996953010559,0.000191904532,0.001237627002,0.996953010559,0.000228632620,0.000952788629,0.000185492390,0.000250493176
seed_2700711,2700711,syn-v2-700-discoloration-0021,discoloration,mild,discoloration,0.999793231487,0.000002927434,0.000040345243,0.999793231487,0.000033307671,0.000036410569,0.000055796401,0.000038020782
seed_2700711,2700711,syn-v2-700-discoloration-0030,discoloration,mild,discoloration,0.999627470970,0.000013809236,0.000072104900,0.999627470970,0.000064678505,0.000091980452,0.000096649848,0.000033206790
seed_2700711,2700711,syn-v2-700-discoloration-0060,discoloration,mild,discoloration,0.998173117638,0.000063693507,0.000492564926,0.998173117638,0.000176721878,0.000914164702,0.000107641434,0.000072157687
seed_2700711,2700711,syn-v2-700-discoloration-0036,discoloration,moderate,discoloration,0.999752819538,0.000010304947,0.000026854348,0.999752819538,0.000122342113,0.000016748862,0.000044219469,0.000026742920
seed_2700711,2700711,syn-v2-700-discoloration-0055,discoloration,moderate,discoloration,0.999806344509,0.000010480412,0.000055862358,0.999806344509,0.000062640720,0.000012405046,0.000016185742,0.000036079800
seed_2700711,2700711,syn-v2-700-discoloration-0091,discoloration,moderate,discoloration,0.999640941620,0.000013640497,0.000205036311,0.999640941620,0.000025830295,0.000029162653,0.000036261332,0.000049154165
seed_2700711,2700711,syn-v2-700-discoloration-0099,discoloration,moderate,discoloration,0.999639511108,0.000018535891,0.000087673463,0.999639511108,0.000049889986,0.000061363571,0.000051996794,0.000091002839
seed_2700711,2700711,syn-v2-700-discoloration-0019,discoloration,moderate,discoloration,0.999944329262,0.000001470835,0.000028571501,0.999944329262,0.000006219346,0.000006826213,0.000002689336,0.000009858372
seed_2700711,2700711,syn-v2-700-discoloration-0069,discoloration,moderate,discoloration,0.993155300617,0.000540276407,0.000669554924,0.993155300617,0.001290304237,0.003127255477,0.000876777107,0.000340490777
seed_2700711,2700711,syn-v2-700-discoloration-0032,discoloration,moderate,discoloration,0.999830961227,0.000006596701,0.000032397966,0.999830961227,0.000029629618,0.000019176003,0.000011019258,0.000070216061
seed_2700711,2700711,syn-v2-700-discoloration-0037,discoloration,moderate,discoloration,0.999115645885,0.000016828830,0.000500544731,0.999115645885,0.000083994229,0.000126321946,0.000032793196,0.000123873237
seed_2700711,2700711,syn-v2-700-discoloration-0051,discoloration,moderate,discoloration,0.998757600784,0.000020513069,0.000571613084,0.998757600784,0.000158433133,0.000136005343,0.000147927800,0.000207902805
seed_2700711,2700711,syn-v2-700-discoloration-0000,discoloration,moderate,discoloration,0.997804343700,0.000189503335,0.000313869910,0.997804343700,0.000646569999,0.000677006261,0.000084334941,0.000284458423
seed_2700711,2700711,syn-v2-700-discoloration-0081,discoloration,moderate,discoloration,0.999986171722,0.000000658887,0.000004005234,0.999986171722,0.000005617521,0.000000998453,0.000000673210,0.000001925214
seed_2700711,2700711,syn-v2-700-discoloration-0092,discoloration,moderate,discoloration,0.999901652336,0.000003610849,0.000023481425,0.999901652336,0.000052387120,0.000004138698,0.000003343801,0.000011304955
seed_2700711,2700711,syn-v2-700-discoloration-0006,discoloration,moderate,discoloration,0.999416112900,0.000024691744,0.000285157643,0.999416112900,0.000047310295,0.000131523935,0.000038511043,0.000056767749
seed_2700711,2700711,syn-v2-700-discoloration-0031,discoloration,moderate,discoloration,0.999554932117,0.000022561464,0.000207322839,0.999554932117,0.000054601693,0.000060795359,0.000047046848,0.000052622734
seed_2700711,2700711,syn-v2-700-discoloration-0094,discoloration,moderate,discoloration,0.999818027020,0.000011476285,0.000055679779,0.999818027020,0.000051926392,0.000028710081,0.000007598829,0.000026557143
seed_2700711,2700711,syn-v2-700-discoloration-0033,discoloration,moderate,discoloration,0.999852061272,0.000020482972,0.000030334208,0.999852061272,0.000037881364,0.000014949505,0.000019879244,0.000024423038
seed_2700711,2700711,syn-v2-700-discoloration-0011,discoloration,moderate,discoloration,0.999956846237,0.000001264646,0.000004715394,0.999956846237,0.000021937289,0.000006427611,0.000006299557,0.000002454381
seed_2700711,2700711,syn-v2-700-discoloration-0052,discoloration,moderate,discoloration,0.999766290188,0.000006228833,0.000098101635,0.999766290188,0.000046373127,0.000042466763,0.000019162806,0.000021330816
seed_2700711,2700711,syn-v2-700-discoloration-0046,discoloration,moderate,discoloration,0.999984145164,0.000000848344,0.000002558470,0.999984145164,0.000004912532,0.000002800748,0.000001156799,0.000003527683
seed_2700711,2700711,syn-v2-700-discoloration-0020,discoloration,moderate,discoloration,0.999832630157,0.000014430476,0.000075976903,0.999832630157,0.000040124625,0.000014187404,0.000010600631,0.000012094069
seed_2700711,2700711,syn-v2-700-discoloration-0083,discoloration,moderate,discoloration,0.999592006207,0.000011380885,0.000272328180,0.999592006207,0.000049612201,0.000016741809,0.000024596291,0.000033408072
seed_2700711,2700711,syn-v2-700-discoloration-0022,discoloration,moderate,discoloration,0.999597132206,0.000030329595,0.000087912122,0.999597132206,0.000070275724,0.000100532634,0.000059278238,0.000054555068
seed_2700711,2700711,syn-v2-700-discoloration-0063,discoloration,moderate,discoloration,0.999898433685,0.000003723937,0.000010495201,0.999898433685,0.000047632358,0.000019008885,0.000010804196,0.000009868106
seed_2700711,2700711,syn-v2-700-discoloration-0059,discoloration,moderate,discoloration,0.999146103859,0.000018638710,0.000428880478,0.999146103859,0.000109263652,0.000078133919,0.000033162833,0.000185829369
seed_2700711,2700711,syn-v2-700-discoloration-0057,discoloration,moderate,discoloration,0.998908162117,0.000087226239,0.000322629581,0.998908162117,0.000255915889,0.000136412069,0.000118344848,0.000171344160
seed_2700711,2700711,syn-v2-700-discoloration-0003,discoloration,moderate,discoloration,0.999966979027,0.000001319886,0.000009423677,0.999966979027,0.000005771195,0.000006103160,0.000005639786,0.000004727757
seed_2700711,2700711,syn-v2-700-discoloration-0028,discoloration,moderate,discoloration,0.999597251415,0.000013397260,0.000055297412,0.999597251415,0.000112919959,0.000117626536,0.000033403561,0.000070055044
seed_2700711,2700711,syn-v2-700-discoloration-0040,discoloration,moderate,discoloration,0.999828815460,0.000006198680,0.000092586044,0.999828815460,0.000021988915,0.000016334743,0.000010350764,0.000023707329
seed_2700711,2700711,syn-v2-700-discoloration-0078,discoloration,moderate,discoloration,0.999924778938,0.000005721943,0.000006574087,0.999924778938,0.000011533426,0.000011115371,0.000026486146,0.000013819115
seed_2700711,2700711,syn-v2-700-discoloration-0041,discoloration,severe,discoloration,0.999878644943,0.000005711517,0.000036096520,0.999878644943,0.000043681415,0.000010980234,0.000003686022,0.000021269159
seed_2700711,2700711,syn-v2-700-discoloration-0002,discoloration,severe,discoloration,0.998718023300,0.000078596197,0.000465672172,0.998718023300,0.000223004914,0.000049717757,0.000070446258,0.000394586415
seed_2700711,2700711,syn-v2-700-discoloration-0001,discoloration,severe,discoloration,0.999836802483,0.000006950939,0.000044937166,0.999836802483,0.000026220392,0.000004995437,0.000009144404,0.000070957612
seed_2700711,2700711,syn-v2-700-discoloration-0065,discoloration,severe,discoloration,0.999287664890,0.000032532800,0.000292891287,0.999287664890,0.000133137684,0.000145740167,0.000022116134,0.000085944317
seed_2700711,2700711,syn-v2-700-discoloration-0097,discoloration,severe,discoloration,0.997520744801,0.000216031302,0.000831434561,0.997520744801,0.000741246738,0.000035247180,0.000037836417,0.000617388403
seed_2700711,2700711,syn-v2-700-discoloration-0049,discoloration,severe,discoloration,0.999593436718,0.000028741872,0.000163884426,0.999593436718,0.000052531541,0.000048403970,0.000023187675,0.000089848378
seed_2700711,2700711,syn-v2-700-discoloration-0007,discoloration,severe,discoloration,0.998234629631,0.000151071581,0.000525135663,0.998234629631,0.000167951846,0.000158358787,0.000108696404,0.000654172967
seed_2700711,2700711,syn-v2-700-discoloration-0086,discoloration,severe,discoloration,0.999926924706,0.000010362663,0.000012545690,0.999926924706,0.000026319965,0.000007916422,0.000006730156,0.000009189256
seed_2700711,2700711,syn-v2-700-discoloration-0075,discoloration,severe,discoloration,0.997534275055,0.000153668967,0.000507464574,0.997534275055,0.000367905654,0.000103108359,0.000050886956,0.001282753423
seed_2700711,2700711,syn-v2-700-discoloration-0016,discoloration,severe,discoloration,0.999946355820,0.000002289002,0.000015101869,0.999946355820,0.000020664656,0.000001936759,0.000004301665,0.000009423805
seed_2700711,2700711,syn-v2-700-discoloration-0066,discoloration,severe,discoloration,0.999486565590,0.000057523303,0.000148450286,0.999486565590,0.000158261886,0.000032462009,0.000041574418,0.000075176584
seed_2700711,2700711,syn-v2-700-discoloration-0074,discoloration,severe,discoloration,0.999719083309,0.000023671428,0.000050298950,0.999719083309,0.000085576248,0.000017891745,0.000011616563,0.000091765098
seed_2700711,2700711,syn-v2-700-discoloration-0085,discoloration,severe,discoloration,0.999564588070,0.000023385786,0.000142725388,0.999564588070,0.000151637258,0.000041826464,0.000038211307,0.000037625603
seed_2700711,2700711,syn-v2-700-discoloration-0010,discoloration,severe,discoloration,0.994713246822,0.000410414505,0.001980565256,0.994713246822,0.000391663198,0.000903729466,0.000462217926,0.001138290041
seed_2700711,2700711,syn-v2-700-contamination-0019,contamination,mild,contamination,0.999910950661,0.000001988993,0.000020091964,0.000000559923,0.999910950661,0.000032813135,0.000001871194,0.000031700685
seed_2700711,2700711,syn-v2-700-contamination-0030,contamination,mild,contamination,0.879509449005,0.004420442041,0.018030287698,0.081949040294,0.879509449005,0.010043924674,0.003099455032,0.002947440371
seed_2700711,2700711,syn-v2-700-contamination-0022,contamination,mild,contamination,0.999916434288,0.000002450675,0.000024046010,0.000028168481,0.999916434288,0.000016637689,0.000004637445,0.000007591869
seed_2700711,2700711,syn-v2-700-contamination-0003,contamination,mild,contamination,0.793943047523,0.000908475777,0.002117182361,0.001302893739,0.793943047523,0.018178706989,0.146031692624,0.037517935038
seed_2700711,2700711,syn-v2-700-contamination-0008,contamination,mild,contamination,0.491129845381,0.017660124227,0.015299210325,0.402792304754,0.491129845381,0.033241592348,0.025303786620,0.014573174529
seed_2700711,2700711,syn-v2-700-contamination-0083,contamination,mild,contamination,0.999904632568,0.000001702760,0.000039742852,0.000001096126,0.999904632568,0.000007525261,0.000001380383,0.000043859171
seed_2700711,2700711,syn-v2-700-contamination-0039,contamination,mild,contamination,0.508881151676,0.012753823772,0.273176014423,0.147772192955,0.508881151676,0.014460119419,0.018073054031,0.024883614853
seed_2700711,2700711,syn-v2-700-contamination-0056,contamination,mild,contamination,0.999973773956,0.000000488563,0.000003968941,0.000000412937,0.999973773956,0.000003958640,0.000000418094,0.000016937112
seed_2700711,2700711,syn-v2-700-contamination-0099,contamination,mild,contamination,0.999779164791,0.000001761707,0.000108421853,0.000009394315,0.999779164791,0.000011335437,0.000013113008,0.000076745171
seed_2700711,2700711,syn-v2-700-contamination-0067,contamination,mild,contamination,0.953518450260,0.011114251800,0.007509754505,0.010368132032,0.953518450260,0.004671144765,0.003397456603,0.009420748800
seed_2700711,2700711,syn-v2-700-contamination-0072,contamination,mild,contamination,0.945946395397,0.000227111450,0.032319884747,0.000853738806,0.945946395397,0.020108701661,0.000133486596,0.000410670735
seed_2700711,2700711,syn-v2-700-contamination-0064,contamination,mild,contamination,0.999533295631,0.000001220026,0.000072804047,0.000012422431,0.999533295631,0.000070211354,0.000022504248,0.000287590461
seed_2700711,2700711,syn-v2-700-contamination-0012,contamination,mild,contamination,0.996161699295,0.000220048038,0.002677660203,0.000147400147,0.996161699295,0.000199216069,0.000317206897,0.000276722363
seed_2700711,2700711,syn-v2-700-contamination-0061,contamination,mild,contamination,0.993993937969,0.000029149269,0.002324005822,0.000118192424,0.993993937969,0.000672081311,0.000266313669,0.002596327104
seed_2700711,2700711,syn-v2-700-contamination-0015,contamination,mild,contamination,0.998239636421,0.000019664583,0.001276504248,0.000022123004,0.998239636421,0.000265294715,0.000024033954,0.000152675813
seed_2700711,2700711,syn-v2-700-contamination-0023,contamination,mild,contamination,0.969231247902,0.001089732163,0.012254701927,0.009157473221,0.969231247902,0.002339623636,0.003664119402,0.002263126662
seed_2700711,2700711,syn-v2-700-contamination-0042,contamination,mild,contamination,0.934042632580,0.000290083844,0.056491315365,0.005966634490,0.934042632580,0.000656417804,0.002008998301,0.000543887494
seed_2700711,2700711,syn-v2-700-contamination-0038,contamination,mild,contamination,0.652377605438,0.012189036235,0.249510511756,0.003834385425,0.652377605438,0.033791933209,0.047284044325,0.001012410154
seed_2700711,2700711,syn-v2-700-contamination-0087,contamination,mild,contamination,0.999761402607,0.000016846487,0.000024759096,0.000069694550,0.999761402607,0.000088083354,0.000019613195,0.000019598237
seed_2700711,2700711,syn-v2-700-contamination-0080,contamination,mild,contamination,0.997928738594,0.000022583221,0.001352137420,0.000067656074,0.997928738594,0.000144357589,0.000050157425,0.000434271584
seed_2700711,2700711,syn-v2-700-contamination-0082,contamination,mild,contamination,0.999544918537,0.000002963048,0.000061790481,0.000003192996,0.999544918537,0.000016747919,0.000001986926,0.000368451438
seed_2700711,2700711,syn-v2-700-contamination-0000,contamination,mild,contamination,0.999836683273,0.000000725255,0.000017225835,0.000003526799,0.999836683273,0.000002162590,0.000023554987,0.000116070041
seed_2700711,2700711,syn-v2-700-contamination-0074,contamination,mild,contamination,0.989598631859,0.000582879817,0.006822030060,0.000783050491,0.989598631859,0.001425078372,0.000599687162,0.000188689315
seed_2700711,2700711,syn-v2-700-contamination-0043,contamination,mild,contamination,0.999808251858,0.000002560451,0.000034695488,0.000004154881,0.999808251858,0.000134793037,0.000009415991,0.000006157292
seed_2700711,2700711,syn-v2-700-contamination-0063,contamination,mild,contamination,0.995688855648,0.000173548557,0.000701276469,0.001727657393,0.995688855648,0.001064899610,0.000293258257,0.000350504502
seed_2700711,2700711,syn-v2-700-contamination-0024,contamination,mild,contamination,0.999981045723,0.000000369425,0.000011308947,0.000000244974,0.999981045723,0.000003695347,0.000000429647,0.000002989289
seed_2700711,2700711,syn-v2-700-contamination-0009,contamination,mild,contamination,0.999796688557,0.000008541830,0.000074882730,0.000034788518,0.999796688557,0.000041277381,0.000032467375,0.000011342277
seed_2700711,2700711,syn-v2-700-contamination-0058,contamination,mild,contamination,0.997531652451,0.000156294787,0.000160203374,0.000382697210,0.997531652451,0.001198691549,0.000258149463,0.000312287884
seed_2700711,2700711,syn-v2-700-contamination-0070,contamination,mild,contamination,0.975302159786,0.001029701438,0.014911630191,0.001502138330,0.975302159786,0.002837376436,0.003465342103,0.000951640890
seed_2700711,2700711,syn-v2-700-contamination-0068,contamination,moderate,contamination,0.901983678341,0.001432605321,0.059040501714,0.023975363001,0.901983678341,0.001997652464,0.006022937596,0.005547148176
seed_2700711,2700711,syn-v2-700-contamination-0092,contamination,moderate,contamination,0.983216762543,0.000708313775,0.011019815691,0.001238442375,0.983216762543,0.001355145592,0.000667240703,0.001794175594
seed_2700711,2700711,syn-v2-700-contamination-0010,contamination,moderate,contamination,0.999927878380,0.000002351990,0.000039535294,0.000000900311,0.999927878380,0.000007043201,0.000001574326,0.000020752195
seed_2700711,2700711,syn-v2-700-contamination-0091,contamination,moderate,contamination,0.994238615036,0.000071033886,0.002313142642,0.001856219606,0.994238615036,0.000137681243,0.000888356415,0.000494866981
seed_2700711,2700711,syn-v2-700-contamination-0048,contamination,moderate,contamination,0.999562680721,0.000012337577,0.000168351806,0.000011162337,0.999562680721,0.000091923626,0.000071038965,0.000082518316
seed_2700711,2700711,syn-v2-700-contamination-0071,contamination,moderate,contamination,0.999571740627,0.000021892021,0.000022893159,0.000224303003,0.999571740627,0.000100497782,0.000013309927,0.000045285680
seed_2700711,2700711,syn-v2-700-contamination-0066,contamination,moderate,contamination,0.999922513962,0.000000400113,0.000003948811,0.000004546307,0.999922513962,0.000005690585,0.000009262339,0.000053621719
seed_2700711,2700711,syn-v2-700-contamination-0079,contamination,moderate,contamination,0.999002277851,0.000022261349,0.000581917528,0.000015685402,0.999002277851,0.000281606743,0.000028661116,0.000067649780
seed_2700711,2700711,syn-v2-700-contamination-0046,contamination,moderate,contamination,0.999003112316,0.000042303513,0.000380107987,0.000182859862,0.999003112316,0.000092297552,0.000035271660,0.000264093076
seed_2700711,2700711,syn-v2-700-contamination-0017,contamination,moderate,contamination,0.999973177910,0.000001039340,0.000002968838,0.000011149586,0.999973177910,0.000005383280,0.000003121995,0.000003154097
seed_2700711,2700711,syn-v2-700-contamination-0053,contamination,moderate,contamination,0.999987125397,0.000000193958,0.000004930541,0.000000241550,0.999987125397,0.000003426773,0.000000668273,0.000003457384
seed_2700711,2700711,syn-v2-700-contamination-0041,contamination,moderate,contamination,0.999926686287,0.000011023633,0.000011897891,0.000023792098,0.999926686287,0.000008693094,0.000002849898,0.000014969310
seed_2700711,2700711,syn-v2-700-contamination-0094,contamination,moderate,contamination,0.999412298203,0.000156845315,0.000270471239,0.000057731155,0.999412298203,0.000028285987,0.000050825805,0.000023502231
seed_2700711,2700711,syn-v2-700-contamination-0031,contamination,moderate,contamination,0.999963045120,0.000001634183,0.000007882055,0.000011457116,0.999963045120,0.000011474219,0.000001978556,0.000002466541
seed_2700711,2700711,syn-v2-700-contamination-0069,contamination,moderate,contamination,0.997198343277,0.000031750533,0.000564042537,0.000064325766,0.997198343277,0.000301373133,0.000028460616,0.001811748138
seed_2700711,2700711,syn-v2-700-contamination-0059,contamination,moderate,contamination,0.937058985233,0.000044129913,0.000404446095,0.000503286370,0.937058985233,0.003413046477,0.035954333842,0.022621789947
seed_2700711,2700711,syn-v2-700-contamination-0097,contamination,moderate,contamination,0.999840974808,0.000002653364,0.000055515997,0.000004688697,0.999840974808,0.000015549971,0.000008088805,0.000072461917
seed_2700711,2700711,syn-v2-700-contamination-0025,contamination,moderate,contamination,0.999916553497,0.000002634871,0.000042646621,0.000002838520,0.999916553497,0.000015703936,0.000003363360,0.000016195741
seed_2700711,2700711,syn-v2-700-contamination-0033,contamination,moderate,contamination,0.999571621418,0.000041499636,0.000091898502,0.000178561342,0.999571621418,0.000023850222,0.000055005617,0.000037581005
seed_2700711,2700711,syn-v2-700-contamination-0089,contamination,moderate,contamination,0.998302817345,0.000209179314,0.000694841496,0.000246916694,0.998302817345,0.000260407542,0.000102889659,0.000182945121
seed_2700711,2700711,syn-v2-700-contamination-0065,contamination,moderate,contamination,0.997430503368,0.000063463143,0.000989556429,0.000058820737,0.997430503368,0.000340146944,0.000038990413,0.001078548841
seed_2700711,2700711,syn-v2-700-contamination-0004,contamination,moderate,contamination,0.808526813984,0.113395713270,0.022558746859,0.035440254956,0.808526813984,0.008067344315,0.007834552787,0.004176603165
seed_2700711,2700711,syn-v2-700-contamination-0013,contamination,moderate,contamination,0.942254364491,0.007954013534,0.002097229939,0.014828556217,0.942254364491,0.001085046912,0.030604353175,0.001176522928
seed_2700711,2700711,syn-v2-700-contamination-0005,contamination,moderate,contamination,0.991641402245,0.000027295609,0.004539662041,0.000194061387,0.991641402245,0.001871704706,0.000635137199,0.001090752892
seed_2700711,2700711,syn-v2-700-contamination-0076,contamination,moderate,contamination,0.999656677246,0.000039387309,0.000088751265,0.000129144770,0.999656677246,0.000034363231,0.000013043978,0.000038645383
seed_2700711,2700711,syn-v2-700-contamination-0098,contamination,moderate,contamination,0.999729812145,0.000002585298,0.000210626546,0.000017545392,0.999729812145,0.000009218144,0.000007908682,0.000022237380
seed_2700711,2700711,syn-v2-700-contamination-0026,contamination,moderate,contamination,0.998863101006,0.000023957147,0.000236284235,0.000047011952,0.998863101006,0.000135800015,0.000007180279,0.000686617219
seed_2700711,2700711,syn-v2-700-contamination-0055,contamination,moderate,contamination,0.999941468239,0.000000785978,0.000016513761,0.000000823686,0.999941468239,0.000010266689,0.000001194393,0.000028921006
seed_2700711,2700711,syn-v2-700-contamination-0040,contamination,moderate,contamination,0.999583661556,0.000007773558,0.000320567866,0.000009809685,0.999583661556,0.000025081321,0.000006721041,0.000046343310
seed_2700711,2700711,syn-v2-700-contamination-0037,contamination,severe,contamination,0.995769917965,0.000078603181,0.000841363159,0.000101792561,0.995769917965,0.002545037540,0.000072859715,0.000590388663
seed_2700711,2700711,syn-v2-700-contamination-0049,contamination,severe,contamination,0.994828999043,0.000055437878,0.000151327302,0.000557002320,0.994828999043,0.000804940879,0.001885496429,0.001716778032
seed_2700711,2700711,syn-v2-700-contamination-0093,contamination,severe,contamination,0.999629616737,0.000000942171,0.000123096383,0.000008669948,0.999629616737,0.000025467383,0.000034903060,0.000177289228
seed_2700711,2700711,syn-v2-700-contamination-0021,contamination,severe,contamination,0.999789297581,0.000004875197,0.000110135828,0.000003825229,0.999789297581,0.000048106016,0.000006288934,0.000037428254
seed_2700711,2700711,syn-v2-700-contamination-0032,contamination,severe,contamination,0.833543121815,0.000522789487,0.010347329080,0.002102181548,0.833543121815,0.048288229853,0.020081333816,0.085115008056
seed_2700711,2700711,syn-v2-700-contamination-0027,contamination,severe,contamination,0.999810278416,0.000003744448,0.000130275395,0.000003999870,0.999810278416,0.000015684771,0.000006138531,0.000029794508
seed_2700711,2700711,syn-v2-700-contamination-0095,contamination,severe,contamination,0.999994039536,0.000000121739,0.000002195492,0.000000296389,0.999994039536,0.000001196260,0.000000160162,0.000001994164
seed_2700711,2700711,syn-v2-700-contamination-0029,contamination,severe,contamination,0.997878909111,0.000021420257,0.001151862438,0.000082729821,0.997878909111,0.000399492332,0.000045832279,0.000419839285
seed_2700711,2700711,syn-v2-700-contamination-0047,contamination,severe,contamination,0.991987824440,0.000058567701,0.000204526455,0.000062849009,0.991987824440,0.001059728325,0.000367749715,0.006258840673
seed_2700711,2700711,syn-v2-700-contamination-0001,contamination,severe,contamination,0.999257028103,0.000006870357,0.000279059343,0.000004531749,0.999257028103,0.000017917739,0.000005598947,0.000428989442
seed_2700711,2700711,syn-v2-700-contamination-0016,contamination,severe,contamination,0.999958515167,0.000001999938,0.000014676424,0.000013788184,0.999958515167,0.000002789773,0.000000964688,0.000007322807
seed_2700711,2700711,syn-v2-700-contamination-0036,contamination,severe,contamination,0.999782025814,0.000003499396,0.000183163604,0.000010132137,0.999782025814,0.000003422495,0.000003121901,0.000014623164
seed_2700711,2700711,syn-v2-700-contamination-0018,contamination,severe,contamination,0.999626636505,0.000003832694,0.000178351125,0.000021745400,0.999626636505,0.000066054898,0.000031354135,0.000072025257
seed_2700711,2700711,syn-v2-700-contamination-0060,contamination,severe,contamination,0.999992489815,0.000000132159,0.000002926563,0.000000195484,0.999992489815,0.000001189950,0.000000230481,0.000002881229
seed_2700711,2700711,syn-v2-700-lead_breakage-0001,lead_breakage,mild,lead_breakage,0.999561607838,0.000010574941,0.000022606975,0.000009587718,0.000099577854,0.999561607838,0.000260454573,0.000035557725
seed_2700711,2700711,syn-v2-700-lead_breakage-0038,lead_breakage,mild,lead_breakage,0.999559581280,0.000030114861,0.000111940331,0.000021005282,0.000086399377,0.999559581280,0.000129274922,0.000061743493
seed_2700711,2700711,syn-v2-700-lead_breakage-0016,lead_breakage,mild,lead_breakage,0.999755918980,0.000056462239,0.000050196431,0.000029484432,0.000065748107,0.999755918980,0.000008031759,0.000034171269
seed_2700711,2700711,syn-v2-700-lead_breakage-0040,lead_breakage,mild,lead_breakage,0.999584853649,0.000104551676,0.000117335905,0.000013252978,0.000043713251,0.999584853649,0.000066745706,0.000069526977
seed_2700711,2700711,syn-v2-700-lead_breakage-0091,lead_breakage,mild,lead_breakage,0.999885320663,0.000017143449,0.000028314063,0.000009426808,0.000043266900,0.999885320663,0.000007315927,0.000009211993
seed_2700711,2700711,syn-v2-700-lead_breakage-0033,lead_breakage,mild,lead_breakage,0.999915480614,0.000009668641,0.000015122862,0.000008266470,0.000010625093,0.999915480614,0.000024989733,0.000015789967
seed_2700711,2700711,syn-v2-700-lead_breakage-0048,lead_breakage,mild,lead_breakage,0.999046981335,0.000101384227,0.000333928358,0.000010033412,0.000054239699,0.999046981335,0.000326456822,0.000127033651
seed_2700711,2700711,syn-v2-700-lead_breakage-0079,lead_breakage,mild,lead_breakage,0.998914361000,0.000217350549,0.000041271203,0.000047169302,0.000149699874,0.998914361000,0.000477346533,0.000152862223
seed_2700711,2700711,syn-v2-700-lead_breakage-0075,lead_breakage,mild,lead_breakage,0.997866570950,0.001163572306,0.000166490165,0.000075320757,0.000343186432,0.997866570950,0.000102185557,0.000282586901
seed_2700711,2700711,syn-v2-700-lead_breakage-0011,lead_breakage,mild,lead_breakage,0.999104440212,0.000109430213,0.000152397231,0.000064758511,0.000119283723,0.999104440212,0.000310900738,0.000138751609
seed_2700711,2700711,syn-v2-700-lead_breakage-0007,lead_breakage,mild,lead_breakage,0.980234742165,0.003892930923,0.003668723395,0.000472159154,0.001019810210,0.980234742165,0.007474704646,0.003236874705
seed_2700711,2700711,syn-v2-700-lead_breakage-0015,lead_breakage,mild,lead_breakage,0.997857153416,0.000278766471,0.000461869786,0.000512178231,0.000322746258,0.997857153416,0.000234698557,0.000332661817
seed_2700711,2700711,syn-v2-700-lead_breakage-0032,lead_breakage,mild,lead_breakage,0.999431908131,0.000055121644,0.000017609787,0.000008285474,0.000024694304,0.999431908131,0.000357430865,0.000104939019
seed_2700711,2700711,syn-v2-700-lead_breakage-0066,lead_breakage,mild,lead_breakage,0.999231338501,0.000030388259,0.000146217673,0.000014474004,0.000018116918,0.999231338501,0.000505177712,0.000054201555
seed_2700711,2700711,syn-v2-700-lead_breakage-0028,lead_breakage,mild,lead_breakage,0.999858617783,0.000040863259,0.000042864453,0.000010441732,0.000007156302,0.999858617783,0.000020316244,0.000019695706
seed_2700711,2700711,syn-v2-700-lead_breakage-0080,lead_breakage,mild,lead_breakage,0.999936699867,0.000004178482,0.000011893393,0.000003050890,0.000009639862,0.999936699867,0.000026754931,0.000007780546
seed_2700711,2700711,syn-v2-700-lead_breakage-0065,lead_breakage,mild,lead_breakage,0.985933959484,0.001805779408,0.001059707953,0.000127888023,0.000356063450,0.985933959484,0.008200518787,0.002516160486
seed_2700711,2700711,syn-v2-700-lead_breakage-0064,lead_breakage,mild,lead_breakage,0.999316453934,0.000266004441,0.000223125564,0.000017960310,0.000012620277,0.999316453934,0.000105899104,0.000057953483
seed_2700711,2700711,syn-v2-700-lead_breakage-0035,lead_breakage,mild,lead_breakage,0.999956250191,0.000004078694,0.000004382724,0.000004067333,0.000009886196,0.999956250191,0.000014068495,0.000007269894
seed_2700711,2700711,syn-v2-700-lead_breakage-0090,lead_breakage,mild,lead_breakage,0.998686254025,0.000072604358,0.000794283464,0.000046288100,0.000146540682,0.998686254025,0.000103393744,0.000150662978
seed_2700711,2700711,syn-v2-700-lead_breakage-0061,lead_breakage,mild,lead_breakage,0.999539136887,0.000060117585,0.000083708052,0.000080913873,0.000071659750,0.999539136887,0.000099365388,0.000065073007
seed_2700711,2700711,syn-v2-700-lead_breakage-0086,lead_breakage,mild,lead_breakage,0.999805271626,0.000009458028,0.000016091886,0.000010516505,0.000021709953,0.999805271626,0.000072064860,0.000064937754
seed_2700711,2700711,syn-v2-700-lead_breakage-0058,lead_breakage,mild,lead_breakage,0.990681886673,0.001298443764,0.002241555834,0.000039883431,0.000097070530,0.990681886673,0.004945036024,0.000696131960
seed_2700711,2700711,syn-v2-700-lead_breakage-0036,lead_breakage,mild,lead_breakage,0.999841213226,0.000029106750,0.000070960559,0.000012707977,0.000020413074,0.999841213226,0.000015113219,0.000010578272
seed_2700711,2700711,syn-v2-700-lead_breakage-0094,lead_breakage,mild,lead_breakage,0.993791282177,0.002605853137,0.001184198540,0.000121629520,0.000408769847,0.993791282177,0.001141183195,0.000747068028
seed_2700711,2700711,syn-v2-700-lead_breakage-0055,lead_breakage,mild,lead_breakage,0.999755084515,0.000022760654,0.000036562593,0.000013617383,0.000050037328,0.999755084515,0.000101904465,0.000020041356
seed_2700711,2700711,syn-v2-700-lead_breakage-0021,lead_breakage,mild,lead_breakage,0.999623179436,0.000007876169,0.000012337971,0.000007345079,0.000034175599,0.999623179436,0.000258615008,0.000056374363
seed_2700711,2700711,syn-v2-700-lead_breakage-0027,lead_breakage,mild,lead_breakage,0.999304175377,0.000108651504,0.000264683098,0.000026412190,0.000037827904,0.999304175377,0.000181224998,0.000076982149
seed_2700711,2700711,syn-v2-700-lead_breakage-0098,lead_breakage,mild,lead_breakage,0.998876035213,0.000030635452,0.000053545325,0.000039236249,0.000181059120,0.998876035213,0.000680578756,0.000138848001
seed_2700711,2700711,syn-v2-700-lead_breakage-0004,lead_breakage,moderate,lead_breakage,0.999940752983,0.000009639230,0.000021926895,0.000005552834,0.000013263514,0.999940752983,0.000001711838,0.000007089366
seed_2700711,2700711,syn-v2-700-lead_breakage-0070,lead_breakage,moderate,lead_breakage,0.999456822872,0.000225995944,0.000014804427,0.000047665384,0.000145116544,0.999456822872,0.000050654642,0.000058934726
seed_2700711,2700711,syn-v2-700-lead_breakage-0084,lead_breakage,moderate,lead_breakage,0.999708592892,0.000041920586,0.000016464694,0.000015372048,0.000034296718,0.999708592892,0.000121581172,0.000061763654
seed_2700711,2700711,syn-v2-700-lead_breakage-0023,lead_breakage,moderate,lead_breakage,0.998054265976,0.000174336034,0.001506816247,0.000042170974,0.000111443173,0.998054265976,0.000013870934,0.000097142227
seed_2700711,2700711,syn-v2-700-lead_breakage-0045,lead_breakage,moderate,lead_breakage,0.998430192471,0.000058563619,0.000128500600,0.000177563867,0.000663434621,0.998430192471,0.000423641730,0.000118103024
seed_2700711,2700711,syn-v2-700-lead_breakage-0054,lead_breakage,moderate,lead_breakage,0.998632490635,0.000367689529,0.000434224872,0.000074863048,0.000093284943,0.998632490635,0.000246036012,0.000151342640
seed_2700711,2700711,syn-v2-700-lead_breakage-0009,lead_breakage,moderate,lead_breakage,0.999664664268,0.000048681766,0.000051077008,0.000020453603,0.000148347084,0.999664664268,0.000028245278,0.000038509970
seed_2700711,2700711,syn-v2-700-lead_breakage-0062,lead_breakage,moderate,lead_breakage,0.999795258045,0.000082536331,0.000056254143,0.000011197712,0.000016313035,0.999795258045,0.000008496564,0.000029925253
seed_2700711,2700711,syn-v2-700-lead_breakage-0003,lead_breakage,moderate,lead_breakage,0.998644292355,0.000401939818,0.000394831150,0.000033955454,0.000078263402,0.998644292355,0.000285748072,0.000161013915
seed_2700711,2700711,syn-v2-700-lead_breakage-0013,lead_breakage,moderate,lead_breakage,0.999839544296,0.000008902569,0.000023651353,0.000023542882,0.000060693837,0.999839544296,0.000024593633,0.000019016070
seed_2700711,2700711,syn-v2-700-lead_breakage-0002,lead_breakage,moderate,lead_breakage,0.998648464680,0.000706275750,0.000062039660,0.000045579698,0.000383943669,0.998648464680,0.000090677699,0.000062964922
seed_2700711,2700711,syn-v2-700-lead_breakage-0024,lead_breakage,moderate,lead_breakage,0.999690651894,0.000023117636,0.000034115183,0.000027944825,0.000078124103,0.999690651894,0.000105968975,0.000040119496
seed_2700711,2700711,syn-v2-700-lead_breakage-0047,lead_breakage,moderate,lead_breakage,0.999322175980,0.000101188023,0.000277968560,0.000024026789,0.000034464676,0.999322175980,0.000195346583,0.000044920889
seed_2700711,2700711,syn-v2-700-lead_breakage-0043,lead_breakage,moderate,lead_breakage,0.989858210087,0.001458135899,0.001698549022,0.000278024585,0.001280981931,0.989858210087,0.004707099870,0.000718997617
seed_2700711,2700711,syn-v2-700-lead_breakage-0095,lead_breakage,moderate,lead_breakage,0.999900817871,0.000012740481,0.000010796642,0.000005753943,0.000054096072,0.999900817871,0.000003997738,0.000011718324
seed_2700711,2700711,syn-v2-700-lead_breakage-0041,lead_breakage,moderate,lead_breakage,0.999821841717,0.000019218538,0.000063687105,0.000019704599,0.000036204372,0.999821841717,0.000026812108,0.000012621182
seed_2700711,2700711,syn-v2-700-lead_breakage-0030,lead_breakage,moderate,lead_breakage,0.999625205994,0.000010624723,0.000047656598,0.000037046957,0.000072318850,0.999625205994,0.000155131638,0.000051974239
seed_2700711,2700711,syn-v2-700-lead_breakage-0087,lead_breakage,moderate,lead_breakage,0.999567925930,0.000037154299,0.000067099492,0.000030459407,0.000102981838,0.999567925930,0.000085816071,0.000108492750
seed_2700711,2700711,syn-v2-700-lead_breakage-0050,lead_breakage,moderate,lead_breakage,0.999881863594,0.000028227798,0.000007850793,0.000007215073,0.000040362596,0.999881863594,0.000021940768,0.000012430641
seed_2700711,2700711,syn-v2-700-lead_breakage-0044,lead_breakage,moderate,lead_breakage,0.998926818371,0.000093017552,0.000137488212,0.000161158256,0.000425212027,0.998926818371,0.000175635389,0.000080746642
seed_2700711,2700711,syn-v2-700-lead_breakage-0052,lead_breakage,moderate,lead_breakage,0.998969674110,0.000427928433,0.000127311840,0.000020084251,0.000238973706,0.998969674110,0.000037139147,0.000178925184
seed_2700711,2700711,syn-v2-700-lead_breakage-0000,lead_breakage,moderate,lead_breakage,0.999151349068,0.000065435765,0.000197216912,0.000034500445,0.000045445926,0.999151349068,0.000354132411,0.000151920016
seed_2700711,2700711,syn-v2-700-lead_breakage-0026,lead_breakage,moderate,lead_breakage,0.999728024006,0.000011973629,0.000019945917,0.000025162666,0.000108592532,0.999728024006,0.000080842539,0.000025544156
seed_2700711,2700711,syn-v2-700-lead_breakage-0037,lead_breakage,moderate,lead_breakage,0.999785840511,0.000018046714,0.000026227130,0.000034927260,0.000035391520,0.999785840511,0.000070953996,0.000028670194
seed_2700711,2700711,syn-v2-700-lead_breakage-0074,lead_breakage,moderate,lead_breakage,0.998742401600,0.000100261292,0.000136252012,0.000031246196,0.000111153066,0.998742401600,0.000706555438,0.000172278262
seed_2700711,2700711,syn-v2-700-lead_breakage-0096,lead_breakage,moderate,lead_breakage,0.999830484390,0.000102450846,0.000009243370,0.000004742911,0.000022813094,0.999830484390,0.000014263971,0.000015862444
seed_2700711,2700711,syn-v2-700-lead_breakage-0042,lead_breakage,moderate,lead_breakage,0.999190509319,0.000128214189,0.000157086513,0.000050051298,0.000114023991,0.999190509319,0.000235932195,0.000124208440
seed_2700711,2700711,syn-v2-700-lead_breakage-0049,lead_breakage,moderate,lead_breakage,0.999244928360,0.000043924800,0.000041351417,0.000059575745,0.000286432478,0.999244928360,0.000284841924,0.000038931175
seed_2700711,2700711,syn-v2-700-lead_breakage-0077,lead_breakage,moderate,lead_breakage,0.999494552612,0.000062849198,0.000199923190,0.000022049187,0.000068587746,0.999494552612,0.000081686208,0.000070375281
seed_2700711,2700711,syn-v2-700-lead_breakage-0071,lead_breakage,severe,lead_breakage,0.999693989754,0.000037201145,0.000026545038,0.000010851796,0.000182991222,0.999693989754,0.000022253789,0.000026222146
seed_2700711,2700711,syn-v2-700-lead_breakage-0034,lead_breakage,severe,lead_breakage,0.999847173691,0.000023608647,0.000029533221,0.000007559390,0.000052870048,0.999847173691,0.000006216394,0.000032951400
seed_2700711,2700711,syn-v2-700-lead_breakage-0039,lead_breakage,severe,lead_breakage,0.999746978283,0.000041831223,0.000026171621,0.000011465963,0.000084792162,0.999746978283,0.000043516764,0.000045233919
seed_2700711,2700711,syn-v2-700-lead_breakage-0006,lead_breakage,severe,lead_breakage,0.999484419823,0.000075103329,0.000120624762,0.000031673026,0.000086081513,0.999484419823,0.000085153719,0.000116958581
seed_2700711,2700711,syn-v2-700-lead_breakage-0031,lead_breakage,severe,lead_breakage,0.999499917030,0.000306927774,0.000041750751,0.000023320001,0.000047595353,0.999499917030,0.000029300843,0.000051139945
seed_2700711,2700711,syn-v2-700-lead_breakage-0019,lead_breakage,severe,lead_breakage,0.999494314194,0.000199816990,0.000099684119,0.000038156111,0.000078067438,0.999494314194,0.000025793228,0.000064150161
seed_2700711,2700711,syn-v2-700-lead_breakage-0022,lead_breakage,severe,lead_breakage,0.999932885170,0.000019341905,0.000012556656,0.000002038280,0.000013533740,0.999932885170,0.000002704042,0.000016863120
seed_2700711,2700711,syn-v2-700-lead_breakage-0078,lead_breakage,severe,lead_breakage,0.999437391758,0.000051149378,0.000074545933,0.000031650066,0.000026444848,0.999437391758,0.000326690293,0.000052104762
seed_2700711,2700711,syn-v2-700-lead_breakage-0083,lead_breakage,severe,lead_breakage,0.998990833759,0.000075126110,0.000177876165,0.000120764962,0.000135308786,0.998990833759,0.000352068892,0.000147972096
seed_2700711,2700711,syn-v2-700-lead_breakage-0063,lead_breakage,severe,lead_breakage,0.998609423637,0.000239217639,0.000298993284,0.000028978715,0.000132937610,0.998609423637,0.000598134822,0.000092336712
seed_2700711,2700711,syn-v2-700-lead_breakage-0025,lead_breakage,severe,lead_breakage,0.999568283558,0.000058513462,0.000058904207,0.000037132708,0.000220957882,0.999568283558,0.000014191717,0.000041952215
seed_2700711,2700711,syn-v2-700-lead_breakage-0005,lead_breakage,severe,lead_breakage,0.999931931496,0.000002198601,0.000010949679,0.000007602225,0.000027732251,0.999931931496,0.000006140408,0.000013471660
seed_2700711,2700711,syn-v2-700-lead_breakage-0081,lead_breakage,severe,lead_breakage,0.999141216278,0.000281880493,0.000304800633,0.000021153783,0.000053350275,0.999141216278,0.000125786624,0.000071799674
seed_2700711,2700711,syn-v2-700-lead_breakage-0097,lead_breakage,severe,lead_breakage,0.999031424522,0.000146468490,0.000137780866,0.000155943300,0.000162984536,0.999031424522,0.000262134039,0.000103160542
seed_2700711,2700711,syn-v2-700-body_chip-0038,body_chip,mild,lead_breakage,0.766426742077,0.003824260551,0.004550504033,0.000248276541,0.002818353940,0.766426742077,0.220958679914,0.001173170749
seed_2700711,2700711,syn-v2-700-body_chip-0040,body_chip,mild,body_chip,0.999518752098,0.000005200715,0.000015013032,0.000002321633,0.000066416265,0.000155173126,0.999518752098,0.000237129861
seed_2700711,2700711,syn-v2-700-body_chip-0089,body_chip,mild,body_chip,0.999837636948,0.000006464810,0.000006187165,0.000000602691,0.000016587772,0.000098788289,0.999837636948,0.000033670469
seed_2700711,2700711,syn-v2-700-body_chip-0068,body_chip,mild,body_chip,0.980357468128,0.000774388784,0.000788236386,0.000049053386,0.000214871267,0.016690345481,0.980357468128,0.001125612995
seed_2700711,2700711,syn-v2-700-body_chip-0093,body_chip,mild,body_chip,0.997390329838,0.000051014584,0.000126182247,0.000081973078,0.000243445902,0.001697975211,0.997390329838,0.000409052009
seed_2700711,2700711,syn-v2-700-body_chip-0003,body_chip,mild,body_chip,0.987360656261,0.000075869648,0.000223972398,0.000112075038,0.000408058171,0.011101447977,0.987360656261,0.000717899646
seed_2700711,2700711,syn-v2-700-body_chip-0010,body_chip,mild,body_chip,0.569248437881,0.015100162476,0.019858185202,0.002681942424,0.003537487704,0.382498204708,0.569248437881,0.007075565867
seed_2700711,2700711,syn-v2-700-body_chip-0061,body_chip,mild,body_chip,0.997582435608,0.000130637927,0.000136203744,0.000076411394,0.000625943590,0.001124146744,0.997582435608,0.000324223132
seed_2700711,2700711,syn-v2-700-body_chip-0023,body_chip,mild,body_chip,0.828664243221,0.009605374187,0.001698345994,0.000233257495,0.001732327626,0.155509263277,0.828664243221,0.002557278611
seed_2700711,2700711,syn-v2-700-body_chip-0009,body_chip,mild,body_chip,0.998065888882,0.000674134993,0.000074437303,0.000051045001,0.000129264052,0.000677619479,0.998065888882,0.000327673188
seed_2700711,2700711,syn-v2-700-body_chip-0042,body_chip,mild,body_chip,0.968302071095,0.000770293293,0.001027429476,0.000092701848,0.001148938318,0.026209579781,0.968302071095,0.002448993735
seed_2700711,2700711,syn-v2-700-body_chip-0044,body_chip,mild,body_chip,0.978336930275,0.000269487762,0.000530084653,0.000122186597,0.000723127101,0.019240507856,0.978336930275,0.000777779787
seed_2700711,2700711,syn-v2-700-body_chip-0024,body_chip,mild,body_chip,0.698288321495,0.000795466127,0.001525578438,0.000774888613,0.003419391578,0.294119209051,0.698288321495,0.001077203080
seed_2700711,2700711,syn-v2-700-body_chip-0092,body_chip,mild,body_chip,0.989641964436,0.000754975365,0.000477903697,0.000141263808,0.001236570650,0.006258195266,0.989641964436,0.001489134273
seed_2700711,2700711,syn-v2-700-body_chip-0032,body_chip,mild,body_chip,0.998431503773,0.000017307433,0.000099845049,0.000021617710,0.000075615520,0.001056209439,0.998431503773,0.000297896942
seed_2700711,2700711,syn-v2-700-body_chip-0037,body_chip,mild,body_chip,0.985085606575,0.000396369811,0.000083736290,0.000091503447,0.000484780147,0.012554978952,0.985085606575,0.001302991761
seed_2700711,2700711,syn-v2-700-body_chip-0043,body_chip,mild,body_chip,0.510296583176,0.025026425719,0.003221791703,0.005013986491,0.049089614302,0.393339663744,0.510296583176,0.014011948369
seed_2700711,2700711,syn-v2-700-body_chip-0090,body_chip,mild,body_chip,0.988230228424,0.000199329501,0.000259850960,0.000183275770,0.000239440720,0.009546779096,0.988230228424,0.001341171446
seed_2700711,2700711,syn-v2-700-body_chip-0048,body_chip,mild,body_chip,0.999376833439,0.000004371609,0.000023887475,0.000009217420,0.000106997752,0.000282246416,0.999376833439,0.000196430701
seed_2700711,2700711,syn-v2-700-body_chip-0007,body_chip,mild,body_chip,0.998909831047,0.000014195845,0.000016388210,0.000004128383,0.000032137061,0.000849652803,0.998909831047,0.000173599299
seed_2700711,2700711,syn-v2-700-body_chip-0013,body_chip,mild,body_chip,0.961420238018,0.009167607874,0.001514696400,0.001888487255,0.003523768857,0.014656293206,0.961420238018,0.007828839123
seed_2700711,2700711,syn-v2-700-body_chip-0085,body_chip,mild,body_chip,0.999957084656,0.000000972061,0.000000340176,0.000000649067,0.000020727208,0.000003168445,0.999957084656,0.000016980106
seed_2700711,2700711,syn-v2-700-body_chip-0066,body_chip,mild,lead_breakage,0.487106770277,0.018317501992,0.013164450414,0.012349396013,0.012765496038,0.487106770277,0.432996004820,0.023300422356
seed_2700711,2700711,syn-v2-700-body_chip-0000,body_chip,mild,body_chip,0.999272048473,0.000014135043,0.000070791175,0.000022034441,0.000078922967,0.000331325020,0.999272048473,0.000210762926
seed_2700711,2700711,syn-v2-700-body_chip-0083,body_chip,mild,body_chip,0.992311298847,0.000786946272,0.000171781052,0.000203852294,0.000217604145,0.005044714548,0.992311298847,0.001263703918
seed_2700711,2700711,syn-v2-700-body_chip-0070,body_chip,mild,body_chip,0.943696856499,0.001286032842,0.000328450114,0.000086428357,0.001075369539,0.050632290542,0.943696856499,0.002894595033
seed_2700711,2700711,syn-v2-700-body_chip-0067,body_chip,mild,body_chip,0.998674750328,0.000044200224,0.000017817727,0.000011389803,0.000051631752,0.000747021055,0.998674750328,0.000453146902
seed_2700711,2700711,syn-v2-700-body_chip-0034,body_chip,mild,body_chip,0.954884111881,0.001022216864,0.001322476775,0.000283752044,0.001728769857,0.035977691412,0.954884111881,0.004780985881
seed_2700711,2700711,syn-v2-700-body_chip-0071,body_chip,mild,body_chip,0.890313744545,0.000220011207,0.000805189775,0.001824534498,0.001778181875,0.104096233845,0.890313744545,0.000962133112
seed_2700711,2700711,syn-v2-700-body_chip-0027,body_chip,moderate,body_chip,0.999935626984,0.000000611988,0.000002319193,0.000001184215,0.000018187025,0.000007281248,0.999935626984,0.000034794448
seed_2700711,2700711,syn-v2-700-body_chip-0076,body_chip,moderate,body_chip,0.999866485596,0.000006791301,0.000004956999,0.000002873167,0.000028292825,0.000017707089,0.999866485596,0.000072883486
seed_2700711,2700711,syn-v2-700-body_chip-0031,body_chip,moderate,body_chip,0.999978661537,0.000000818450,0.000002779854,0.000000274776,0.000004756502,0.000006659607,0.999978661537,0.000006087919
seed_2700711,2700711,syn-v2-700-body_chip-0002,body_chip,moderate,body_chip,0.999787151814,0.000031099938,0.000038538386,0.000003175811,0.000035034831,0.000051547835,0.999787151814,0.000053491476
seed_2700711,2700711,syn-v2-700-body_chip-0001,body_chip,moderate,body_chip,0.999940752983,0.000001146520,0.000003629682,0.000000403818,0.000010519425,0.000027271706,0.999940752983,0.000016387799
seed_2700711,2700711,syn-v2-700-body_chip-0008,body_chip,moderate,body_chip,0.999328732491,0.000019492087,0.000052240594,0.000044847471,0.000102239494,0.000209279664,0.999328732491,0.000243122224
seed_2700711,2700711,syn-v2-700-body_chip-0057,body_chip,moderate,body_chip,0.706251382828,0.002352805110,0.002617542399,0.000332355645,0.001346764504,0.193647548556,0.706251382828,0.093451678753
seed_2700711,2700711,syn-v2-700-body_chip-0022,body_chip,moderate,body_chip,0.999588429928,0.000164989498,0.000056855890,0.000001378185,0.000067134853,0.000021049525,0.999588429928,0.000100202786
seed_2700711,2700711,syn-v2-700-body_chip-0082,body_chip,moderate,body_chip,0.999562799931,0.000002223219,0.000002131941,0.000002859940,0.000012365590,0.000023721712,0.999562799931,0.000393871567
seed_2700711,2700711,syn-v2-700-body_chip-0012,body_chip,moderate,body_chip,0.999953508377,0.000001252899,0.000012971390,0.000001733705,0.000011444318,0.000010869084,0.999953508377,0.000008169881
seed_2700711,2700711,syn-v2-700-body_chip-0052,body_chip,moderate,body_chip,0.691086649895,0.232292994857,0.020964659750,0.005705503281,0.008487982675,0.037775631994,0.691086649895,0.003686552634
seed_2700711,2700711,syn-v2-700-body_chip-0081,body_chip,moderate,body_chip,0.989742577076,0.001987901516,0.000265656068,0.000228267629,0.000364625914,0.005610319320,0.989742577076,0.001800604747
seed_2700711,2700711,syn-v2-700-body_chip-0084,body_chip,moderate,body_chip,0.996358096600,0.000009535276,0.000013635174,0.000039975883,0.000962499937,0.000148032923,0.996358096600,0.002468088642
seed_2700711,2700711,syn-v2-700-body_chip-0028,body_chip,moderate,body_chip,0.998234629631,0.000007017475,0.000007269208,0.000004612269,0.001072830288,0.000116650583,0.998234629631,0.000557009771
seed_2700711,2700711,syn-v2-700-body_chip-0069,body_chip,moderate,body_chip,0.999588429928,0.000007979296,0.000093495248,0.000007793653,0.000059419901,0.000159934047,0.999588429928,0.000082824372
seed_2700711,2700711,syn-v2-700-body_chip-0017,body_chip,moderate,body_chip,0.999407172203,0.000031652246,0.000063240383,0.000003456512,0.000026206149,0.000349761860,0.999407172203,0.000118544958
seed_2700711,2700711,syn-v2-700-body_chip-0021,body_chip,moderate,body_chip,0.985772550106,0.004239168018,0.001069389982,0.000894428580,0.001897248789,0.005376617424,0.985772550106,0.000750635576
seed_2700711,2700711,syn-v2-700-body_chip-0049,body_chip,moderate,body_chip,0.995701014996,0.000047235866,0.000178045564,0.000015513802,0.000160083000,0.000792025647,0.995701014996,0.003106031800
seed_2700711,2700711,syn-v2-700-body_chip-0036,body_chip,moderate,body_chip,0.998023867607,0.000180571966,0.000131585693,0.000026381922,0.000096735006,0.000911065144,0.998023867607,0.000629792456
seed_2700711,2700711,syn-v2-700-body_chip-0065,body_chip,moderate,body_chip,0.999738037586,0.000006646445,0.000029083907,0.000008658205,0.000044884669,0.000085974949,0.999738037586,0.000086651977
seed_2700711,2700711,syn-v2-700-body_chip-0078,body_chip,moderate,body_chip,0.990935027599,0.000366418215,0.000683386868,0.000102666527,0.000320414460,0.004967605695,0.990935027599,0.002624575980
seed_2700711,2700711,syn-v2-700-body_chip-0087,body_chip,moderate,body_chip,0.992757141590,0.000085752079,0.000311192067,0.000546099443,0.000982245663,0.002348055830,0.992757141590,0.002969438210
seed_2700711,2700711,syn-v2-700-body_chip-0015,body_chip,moderate,body_chip,0.999990820885,0.000000085233,0.000000716661,0.000000092604,0.000005902233,0.000001161663,0.999990820885,0.000001127030
seed_2700711,2700711,syn-v2-700-body_chip-0045,body_chip,moderate,body_chip,0.981813549995,0.000758868293,0.000516006781,0.000097944547,0.001238758210,0.003586112056,0.981813549995,0.011988693848
seed_2700711,2700711,syn-v2-700-body_chip-0077,body_chip,moderate,body_chip,0.999969720840,0.000000649630,0.000001193569,0.000001377347,0.000006424060,0.000009015705,0.999969720840,0.000011605488
seed_2700711,2700711,syn-v2-700-body_chip-0030,body_chip,moderate,body_chip,0.997540593147,0.001110373647,0.000131550580,0.000022244471,0.000063565312,0.000139088952,0.997540593147,0.000992530608
seed_2700711,2700711,syn-v2-700-body_chip-0056,body_chip,moderate,body_chip,0.997782051563,0.000098680473,0.000177564885,0.000019235913,0.000192596402,0.000956734468,0.997782051563,0.000773116073
seed_2700711,2700711,syn-v2-700-body_chip-0029,body_chip,moderate,body_chip,0.991020381451,0.000500371621,0.000178323782,0.000278070016,0.000293486548,0.003419023240,0.991020381451,0.004310411867
seed_2700711,2700711,syn-v2-700-body_chip-0014,body_chip,moderate,body_chip,0.989225924015,0.000243420203,0.000314660836,0.000054557295,0.000180564981,0.002919425722,0.989225924015,0.007061545271
seed_2700711,2700711,syn-v2-700-body_chip-0080,body_chip,severe,body_chip,0.998204588890,0.000154604204,0.000345978595,0.000051559138,0.000156427355,0.000767712307,0.998204588890,0.000319131301
seed_2700711,2700711,syn-v2-700-body_chip-0098,body_chip,severe,body_chip,0.941076815128,0.002015225356,0.008451201953,0.001087226905,0.006395138800,0.038054727018,0.941076815128,0.002919719787
seed_2700711,2700711,syn-v2-700-body_chip-0059,body_chip,severe,body_chip,0.999738395214,0.000007510296,0.000016988735,0.000004171376,0.000124893297,0.000062287523,0.999738395214,0.000045671677
seed_2700711,2700711,syn-v2-700-body_chip-0091,body_chip,severe,body_chip,0.994749963284,0.000013621686,0.000230586127,0.000203509000,0.000364562497,0.003997875378,0.994749963284,0.000439847849
seed_2700711,2700711,syn-v2-700-body_chip-0095,body_chip,severe,body_chip,0.997000753880,0.000146072809,0.000056142078,0.000016746635,0.000241063142,0.000136678485,0.997000753880,0.002402558457
seed_2700711,2700711,syn-v2-700-body_chip-0041,body_chip,severe,body_chip,0.999853134155,0.000002948540,0.000017626084,0.000001962262,0.000025454015,0.000052910211,0.999853134155,0.000045853856
seed_2700711,2700711,syn-v2-700-body_chip-0064,body_chip,severe,body_chip,0.999373376369,0.000022614360,0.000102918108,0.000016830587,0.000105594925,0.000062422681,0.999373376369,0.000316269958
seed_2700711,2700711,syn-v2-700-body_chip-0020,body_chip,severe,body_chip,0.737821161747,0.005915984046,0.001710260636,0.000546068826,0.000730970060,0.251360237598,0.737821161747,0.001915273257
seed_2700711,2700711,syn-v2-700-body_chip-0047,body_chip,severe,body_chip,0.999967932701,0.000000348794,0.000001167040,0.000001451312,0.000009034917,0.000006985212,0.999967932701,0.000013040863
seed_2700711,2700711,syn-v2-700-body_chip-0097,body_chip,severe,body_chip,0.999348104000,0.000025953184,0.000065111220,0.000012697604,0.000092268347,0.000030116415,0.999348104000,0.000425653299
seed_2700711,2700711,syn-v2-700-body_chip-0016,body_chip,severe,body_chip,0.999884724617,0.000000821471,0.000009359296,0.000003552022,0.000076998520,0.000004913046,0.999884724617,0.000019548888
seed_2700711,2700711,syn-v2-700-body_chip-0096,body_chip,severe,body_chip,0.998739540577,0.000460093172,0.000050182047,0.000007430241,0.000197774163,0.000323758257,0.998739540577,0.000221359733
seed_2700711,2700711,syn-v2-700-body_chip-0054,body_chip,severe,body_chip,0.999984145164,0.000000301730,0.000000683479,0.000001459352,0.000008766518,0.000001099414,0.999984145164,0.000003494843
seed_2700711,2700711,syn-v2-700-body_chip-0072,body_chip,severe,body_chip,0.999915242195,0.000007415047,0.000028659444,0.000002304025,0.000029251776,0.000004169652,0.999915242195,0.000012992979
seed_2700711,2700711,syn-v2-700-body_crack-0022,body_crack,mild,body_crack,0.998215675354,0.000104754952,0.000099443190,0.000061944913,0.000597810838,0.000373146439,0.000547188567,0.998215675354
seed_2700711,2700711,syn-v2-700-body_crack-0046,body_crack,mild,body_crack,0.999733746052,0.000057168549,0.000018313529,0.000008394978,0.000097961944,0.000048994494,0.000035395820,0.999733746052
seed_2700711,2700711,syn-v2-700-body_crack-0060,body_crack,mild,body_crack,0.998514711857,0.000162884375,0.000053379295,0.000035090627,0.000107094034,0.000869807263,0.000256939296,0.998514711857
seed_2700711,2700711,syn-v2-700-body_crack-0059,body_crack,mild,body_crack,0.986722469330,0.000342554413,0.000549330143,0.000418965035,0.003690564772,0.001422204659,0.006853914820,0.986722469330
seed_2700711,2700711,syn-v2-700-body_crack-0050,body_crack,mild,body_crack,0.999907135963,0.000009710355,0.000006723107,0.000001439790,0.000038254922,0.000017999879,0.000018793557,0.999907135963
seed_2700711,2700711,syn-v2-700-body_crack-0073,body_crack,mild,body_crack,0.999674797058,0.000050491264,0.000011414100,0.000013601158,0.000042549222,0.000124976970,0.000082191480,0.999674797058
seed_2700711,2700711,syn-v2-700-body_crack-0002,body_crack,mild,body_crack,0.999357521534,0.000034256987,0.000020881469,0.000015649914,0.000119821823,0.000105740779,0.000346236513,0.999357521534
seed_2700711,2700711,syn-v2-700-body_crack-0004,body_crack,mild,body_crack,0.977360963821,0.000363324129,0.000229524230,0.000476788031,0.003272344358,0.000723785604,0.017573246732,0.977360963821
seed_2700711,2700711,syn-v2-700-body_crack-0064,body_crack,mild,body_crack,0.997573435307,0.000095259486,0.000074031050,0.000036421970,0.001033088774,0.001061456162,0.000126343060,0.997573435307
seed_2700711,2700711,syn-v2-700-body_crack-0011,body_crack,mild,body_crack,0.995416998863,0.001991746249,0.000315727375,0.000127352192,0.001260034274,0.000378618948,0.000509488222,0.995416998863
seed_2700711,2700711,syn-v2-700-body_crack-0088,body_crack,mild,body_crack,0.999536156654,0.000284230162,0.000018228788,0.000012158773,0.000077369899,0.000061880331,0.000010000418,0.999536156654
seed_2700711,2700711,syn-v2-700-body_crack-0053,body_crack,mild,body_crack,0.922133743763,0.005014464259,0.004035975318,0.011161447503,0.017556305975,0.023489562795,0.016608491540,0.922133743763
seed_2700711,2700711,syn-v2-700-body_crack-0086,body_crack,mild,body_crack,0.999969482422,0.000005138193,0.000004015923,0.000001009040,0.000011464470,0.000006019692,0.000002918881,0.999969482422
seed_2700711,2700711,syn-v2-700-body_crack-0015,body_crack,mild,body_crack,0.999855995178,0.000024392453,0.000013202435,0.000006619313,0.000044504708,0.000038856881,0.000016341059,0.999855995178
seed_2700711,2700711,syn-v2-700-body_crack-0017,body_crack,mild,body_chip,0.810484588146,0.005395187065,0.004057641607,0.002957029268,0.008279001340,0.123745523393,0.810484588146,0.045080948621
seed_2700711,2700711,syn-v2-700-body_crack-0045,body_crack,mild,body_crack,0.999843239784,0.000122435711,0.000004733808,0.000000568118,0.000016378874,0.000011504189,0.000001031101,0.999843239784
seed_2700711,2700711,syn-v2-700-body_crack-0083,body_crack,mild,body_crack,0.999948143959,0.000002308554,0.000000316406,0.000000257837,0.000046470603,0.000000911892,0.000001614466,0.999948143959
seed_2700711,2700711,syn-v2-700-body_crack-0012,body_crack,mild,body_crack,0.999598324299,0.000061515137,0.000010979858,0.000001932305,0.000145071928,0.000164487763,0.000017723809,0.999598324299
seed_2700711,2700711,syn-v2-700-body_crack-0029,body_crack,mild,body_crack,0.999525666237,0.000067863104,0.000010701966,0.000003711039,0.000318682054,0.000045492226,0.000027946367,0.999525666237
seed_2700711,2700711,syn-v2-700-body_crack-0023,body_crack,mild,body_crack,0.998797893524,0.000099372235,0.000035606641,0.000034853107,0.000586407492,0.000351775700,0.000094014940,0.998797893524
seed_2700711,2700711,syn-v2-700-body_crack-0098,body_crack,mild,body_crack,0.663036704063,0.054716587067,0.006744176149,0.042075134814,0.107143625617,0.027242988348,0.099040746689,0.663036704063
seed_2700711,2700711,syn-v2-700-body_crack-0071,body_crack,mild,body_crack,0.999916434288,0.000029660563,0.000003117682,0.000000875931,0.000032555570,0.000013027351,0.000004321985,0.999916434288
seed_2700711,2700711,syn-v2-700-body_crack-0058,body_crack,mild,body_crack,0.990951895714,0.000137999610,0.000038000126,0.000176867819,0.007458065636,0.000149975414,0.001087138080,0.990951895714
seed_2700711,2700711,syn-v2-700-body_crack-0056,body_crack,mild,body_crack,0.999976873398,0.000002435162,0.000001848804,0.000000298289,0.000014216824,0.000003218555,0.000001097880,0.999976873398
seed_2700711,2700711,syn-v2-700-body_crack-0074,body_crack,mild,body_crack,0.999932408333,0.000038838989,0.000002780855,0.000001027850,0.000011511460,0.000010610934,0.000002774349,0.999932408333
seed_2700711,2700711,syn-v2-700-body_crack-0016,body_crack,mild,body_crack,0.575916230679,0.003515073564,0.004266230855,0.027888815850,0.041347019374,0.094254009426,0.252812653780,0.575916230679
seed_2700711,2700711,syn-v2-700-body_crack-0049,body_crack,mild,body_crack,0.996069073677,0.000152310284,0.000104972736,0.000047269910,0.001026612939,0.002531318925,0.000068412803,0.996069073677
seed_2700711,2700711,syn-v2-700-body_crack-0005,body_crack,mild,body_crack,0.995611131191,0.000102724640,0.000100415105,0.000016581303,0.001076347311,0.002708372893,0.000384418672,0.995611131191
seed_2700711,2700711,syn-v2-700-body_crack-0068,body_crack,mild,body_crack,0.997205793858,0.000264000613,0.000056106732,0.000010378890,0.000684450089,0.001511056791,0.000268275413,0.997205793858
seed_2700711,2700711,syn-v2-700-body_crack-0038,body_crack,moderate,body_crack,0.995532989502,0.000765563338,0.000436971168,0.000173183143,0.000822768896,0.001673690043,0.000594868790,0.995532989502
seed_2700711,2700711,syn-v2-700-body_crack-0021,body_crack,moderate,body_crack,0.999944925308,0.000008957683,0.000003667685,0.000002665614,0.000020631171,0.000006244347,0.000012835939,0.999944925308
seed_2700711,2700711,syn-v2-700-body_crack-0040,body_crack,moderate,body_crack,0.998897790909,0.000283794128,0.000161589545,0.000046537971,0.000371443224,0.000135682538,0.000103112718,0.998897790909
seed_2700711,2700711,syn-v2-700-body_crack-0076,body_crack,moderate,body_crack,0.999979138374,0.000004639054,0.000000788537,0.000000267807,0.000010495768,0.000003891721,0.000000712646,0.999979138374
seed_2700711,2700711,syn-v2-700-body_crack-0075,body_crack,moderate,body_crack,0.999900937080,0.000031205509,0.000011495970,0.000007200947,0.000034512668,0.000008020560,0.000006674788,0.999900937080
seed_2700711,2700711,syn-v2-700-body_crack-0035,body_crack,moderate,body_crack,0.999523758888,0.000111994726,0.000055198198,0.000017731058,0.000200786773,0.000077862140,0.000012686556,0.999523758888
seed_2700711,2700711,syn-v2-700-body_crack-0019,body_crack,moderate,body_crack,0.999089598656,0.000089736066,0.000064367065,0.000018971061,0.000287648465,0.000405648345,0.000044101133,0.999089598656
seed_2700711,2700711,syn-v2-700-body_crack-0032,body_crack,moderate,body_crack,0.998159587383,0.000091637674,0.000264162663,0.000048533155,0.000377768127,0.000864935922,0.000193431100,0.998159587383
seed_2700711,2700711,syn-v2-700-body_crack-0065,body_crack,moderate,body_crack,0.999954104424,0.000004060894,0.000002345880,0.000002146115,0.000016342867,0.000018097875,0.000002927743,0.999954104424
seed_2700711,2700711,syn-v2-700-body_crack-0061,body_crack,moderate,body_crack,0.999841332436,0.000013818450,0.000023382156,0.000007234955,0.000028167493,0.000065108390,0.000020925836,0.999841332436
seed_2700711,2700711,syn-v2-700-body_crack-0095,body_crack,moderate,body_crack,0.999967575073,0.000005008886,0.000001554429,0.000000353662,0.000020810137,0.000003988210,0.000000816580,0.999967575073
seed_2700711,2700711,syn-v2-700-body_crack-0013,body_crack,moderate,body_crack,0.999477803707,0.000143646015,0.000020893165,0.000008258770,0.000273304147,0.000059143156,0.000016985310,0.999477803707
seed_2700711,2700711,syn-v2-700-body_crack-0085,body_crack,moderate,body_crack,0.998681962490,0.000049468897,0.000174598128,0.000016237709,0.000376602518,0.000658034114,0.000043139971,0.998681962490
seed_2700711,2700711,syn-v2-700-body_crack-0007,body_crack,moderate,body_crack,0.999952793121,0.000006694743,0.000001447184,0.000005485874,0.000021377420,0.000001751686,0.000010375698,0.999952793121
seed_2700711,2700711,syn-v2-700-body_crack-0018,body_crack,moderate,body_crack,0.999951481819,0.000006369375,0.000003291267,0.000001663952,0.000032324526,0.000003311613,0.000001606497,0.999951481819
seed_2700711,2700711,syn-v2-700-body_crack-0014,body_crack,moderate,body_crack,0.999853372574,0.000008238742,0.000006523202,0.000002366031,0.000122496887,0.000004819228,0.000002046299,0.999853372574
seed_2700711,2700711,syn-v2-700-body_crack-0009,body_crack,moderate,body_crack,0.999346554279,0.000039542920,0.000073565294,0.000010878961,0.000221969851,0.000158740921,0.000148864274,0.999346554279
seed_2700711,2700711,syn-v2-700-body_crack-0024,body_crack,moderate,body_crack,0.999949932098,0.000012656249,0.000003925295,0.000001905928,0.000018224215,0.000008482147,0.000004930617,0.999949932098
seed_2700711,2700711,syn-v2-700-body_crack-0055,body_crack,moderate,body_crack,0.999067127705,0.000044554963,0.000030663206,0.000003104651,0.000590202166,0.000256030326,0.000008278178,0.999067127705
seed_2700711,2700711,syn-v2-700-body_crack-0087,body_crack,moderate,body_crack,0.948118329048,0.001157753053,0.002092242474,0.004115422722,0.037618547678,0.002675396157,0.004222238436,0.948118329048
seed_2700711,2700711,syn-v2-700-body_crack-0028,body_crack,moderate,body_crack,0.988899588585,0.000280643726,0.000053774715,0.000020398786,0.010408408009,0.000308083429,0.000029034523,0.988899588585
seed_2700711,2700711,syn-v2-700-body_crack-0092,body_crack,moderate,body_crack,0.999865055084,0.000042185646,0.000004002252,0.000004324203,0.000014398775,0.000007899447,0.000062118859,0.999865055084
seed_2700711,2700711,syn-v2-700-body_crack-0090,body_crack,moderate,body_crack,0.999641060829,0.000038087397,0.000025826925,0.000011560312,0.000057476202,0.000207772595,0.000018207731,0.999641060829
seed_2700711,2700711,syn-v2-700-body_crack-0091,body_crack,moderate,body_crack,0.968173980713,0.001265517436,0.001553649898,0.000834089296,0.013677394949,0.008690731600,0.005804538727,0.968173980713
seed_2700711,2700711,syn-v2-700-body_crack-0069,body_crack,moderate,body_crack,0.999392271042,0.000038627644,0.000030188457,0.000004874870,0.000371004367,0.000137824216,0.000025254283,0.999392271042
seed_2700711,2700711,syn-v2-700-body_crack-0043,body_crack,moderate,body_crack,0.998189628124,0.000008368513,0.000009697041,0.000003438754,0.001752015902,0.000022679355,0.000014154934,0.998189628124
seed_2700711,2700711,syn-v2-700-body_crack-0082,body_crack,moderate,body_crack,0.878685832024,0.001431658515,0.001002084347,0.006861492991,0.102806396782,0.002447818406,0.006764766295,0.878685832024
seed_2700711,2700711,syn-v2-700-body_crack-0042,body_crack,moderate,body_crack,0.999633193016,0.000109549022,0.000047008016,0.000012258085,0.000076227210,0.000097470889,0.000024304176,0.999633193016
seed_2700711,2700711,syn-v2-700-body_crack-0063,body_crack,moderate,body_crack,0.999989986420,0.000003400606,0.000000247291,0.000000323183,0.000004860729,0.000000131983,0.000000983077,0.999989986420
seed_2700711,2700711,syn-v2-700-body_crack-0000,body_crack,severe,body_crack,0.999644637108,0.000017223118,0.000016055488,0.000020296637,0.000221714639,0.000032575259,0.000047574558,0.999644637108
seed_2700711,2700711,syn-v2-700-body_crack-0093,body_crack,severe,body_crack,0.987150549889,0.000056717890,0.000085498803,0.000108271583,0.012487013824,0.000105584186,0.000006426669,0.987150549889
seed_2700711,2700711,syn-v2-700-body_crack-0072,body_crack,severe,body_crack,0.998285472393,0.000441814598,0.000065199609,0.000079249876,0.000945853302,0.000051206811,0.000131198874,0.998285472393
seed_2700711,2700711,syn-v2-700-body_crack-0062,body_crack,severe,body_crack,0.998575687408,0.000075883916,0.000075132426,0.000175095949,0.000780302798,0.000139159602,0.000178730479,0.998575687408
seed_2700711,2700711,syn-v2-700-body_crack-0041,body_crack,severe,body_crack,0.999220013618,0.000060195161,0.000008733951,0.000006043240,0.000679969264,0.000017385544,0.000007617786,0.999220013618
seed_2700711,2700711,syn-v2-700-body_crack-0026,body_crack,severe,body_crack,0.999866008759,0.000014054621,0.000008106553,0.000002229214,0.000073644260,0.000031704069,0.000004212540,0.999866008759
seed_2700711,2700711,syn-v2-700-body_crack-0025,body_crack,severe,body_crack,0.999891161919,0.000024763347,0.000006956225,0.000003762973,0.000057280104,0.000009086967,0.000006926845,0.999891161919
seed_2700711,2700711,syn-v2-700-body_crack-0080,body_crack,severe,body_crack,0.998950064182,0.000074541560,0.000014176921,0.000012745116,0.000919445534,0.000023332768,0.000005718207,0.998950064182
seed_2700711,2700711,syn-v2-700-body_crack-0048,body_crack,severe,body_crack,0.999908804893,0.000004169991,0.000000249508,0.000000380555,0.000084556828,0.000001326579,0.000000533632,0.999908804893
seed_2700711,2700711,syn-v2-700-body_crack-0067,body_crack,severe,body_crack,0.999625444412,0.000076829601,0.000030764491,0.000008077703,0.000153302710,0.000092571987,0.000012942992,0.999625444412
seed_2700711,2700711,syn-v2-700-body_crack-0006,body_crack,severe,body_crack,0.999627709389,0.000210955011,0.000051925574,0.000005668544,0.000060283906,0.000022034592,0.000021414968,0.999627709389
seed_2700711,2700711,syn-v2-700-body_crack-0001,body_crack,severe,body_crack,0.999910235405,0.000006346479,0.000003497722,0.000004575327,0.000068374829,0.000004722770,0.000002311913,0.999910235405
seed_2700711,2700711,syn-v2-700-body_crack-0010,body_crack,severe,body_crack,0.984453141689,0.000054858578,0.000015437814,0.000018720684,0.015428166837,0.000010745577,0.000018885174,0.984453141689
seed_2700711,2700711,syn-v2-700-body_crack-0020,body_crack,severe,body_crack,0.995942771435,0.002437478164,0.000341675273,0.000048833808,0.000920576567,0.000216739529,0.000091952366,0.995942771435
seed_2700721,2700721,syn-v2-700-scratch-0021,scratch,mild,scratch,0.804854273796,0.804854273796,0.013581986539,0.000913144555,0.000978701166,0.030719393864,0.143751412630,0.005201145541
seed_2700721,2700721,syn-v2-700-scratch-0035,scratch,mild,scratch,0.941732466221,0.941732466221,0.024077638984,0.000297332910,0.001440877211,0.017610900104,0.007003885694,0.007836903445
seed_2700721,2700721,syn-v2-700-scratch-0077,scratch,mild,scratch,0.960740566254,0.960740566254,0.003603989724,0.000178896938,0.000388529385,0.019768247381,0.014799217694,0.000520646630
seed_2700721,2700721,syn-v2-700-scratch-0045,scratch,mild,scratch,0.999877929688,0.999877929688,0.000020120273,0.000015296144,0.000032280128,0.000015911937,0.000017669572,0.000020877367
seed_2700721,2700721,syn-v2-700-scratch-0088,scratch,mild,scratch,0.999922752380,0.999922752380,0.000026302516,0.000000900021,0.000002331235,0.000004213591,0.000031477979,0.000012055912
seed_2700721,2700721,syn-v2-700-scratch-0069,scratch,mild,scratch,0.999521017075,0.999521017075,0.000041244042,0.000011879542,0.000024365499,0.000093588409,0.000160158146,0.000147782441
seed_2700721,2700721,syn-v2-700-scratch-0017,scratch,mild,scratch,0.999845862389,0.999845862389,0.000039208033,0.000002785434,0.000008389692,0.000035049754,0.000025381520,0.000043289048
seed_2700721,2700721,syn-v2-700-scratch-0042,scratch,mild,scratch,0.999671459198,0.999671459198,0.000211831953,0.000006660278,0.000015019279,0.000018408657,0.000042239870,0.000034424022
seed_2700721,2700721,syn-v2-700-scratch-0048,scratch,mild,scratch,0.999205172062,0.999205172062,0.000479706243,0.000007232766,0.000044902907,0.000108439097,0.000050189687,0.000104418818
seed_2700721,2700721,syn-v2-700-scratch-0013,scratch,mild,scratch,0.731492102146,0.731492102146,0.012113571167,0.001312990906,0.001832926762,0.091441616416,0.158809676766,0.002997119911
seed_2700721,2700721,syn-v2-700-scratch-0056,scratch,mild,scratch,0.999984025955,0.999984025955,0.000005493647,0.000000176574,0.000000917894,0.000002197007,0.000001958359,0.000005256402
seed_2700721,2700721,syn-v2-700-scratch-0050,scratch,mild,surface_spot,0.516968369484,0.056300260127,0.516968369484,0.002273823600,0.013224912807,0.085187368095,0.182045936584,0.143999248743
seed_2700721,2700721,syn-v2-700-scratch-0046,scratch,mild,scratch,0.978569388390,0.978569388390,0.001513286494,0.000193780943,0.000427566643,0.013403914869,0.004903095309,0.000988866203
seed_2700721,2700721,syn-v2-700-scratch-0020,scratch,mild,scratch,0.997689247131,0.997689247131,0.000992408721,0.000019508627,0.000107821601,0.000316324382,0.000338757469,0.000535952800
seed_2700721,2700721,syn-v2-700-scratch-0095,scratch,mild,scratch,0.999398708344,0.999398708344,0.000277854939,0.000006171646,0.000010358662,0.000168911924,0.000073357129,0.000064610264
seed_2700721,2700721,syn-v2-700-scratch-0055,scratch,mild,scratch,0.999887585640,0.999887585640,0.000036252848,0.000004082255,0.000006654880,0.000042757132,0.000008558083,0.000014059951
seed_2700721,2700721,syn-v2-700-scratch-0009,scratch,mild,scratch,0.999739348888,0.999739348888,0.000045238790,0.000014289286,0.000060859373,0.000040801184,0.000063483989,0.000036034984
seed_2700721,2700721,syn-v2-700-scratch-0031,scratch,mild,scratch,0.999904036522,0.999904036522,0.000039126528,0.000001688380,0.000006202209,0.000028729724,0.000008452002,0.000011820175
seed_2700721,2700721,syn-v2-700-scratch-0002,scratch,mild,scratch,0.999523043633,0.999523043633,0.000061854509,0.000018235485,0.000049186769,0.000116136587,0.000163294739,0.000068290239
seed_2700721,2700721,syn-v2-700-scratch-0089,scratch,mild,scratch,0.999902367592,0.999902367592,0.000022809014,0.000003933435,0.000007978560,0.000030271025,0.000015569918,0.000017084431
seed_2700721,2700721,syn-v2-700-scratch-0078,scratch,mild,scratch,0.999726712704,0.999726712704,0.000118598589,0.000005801387,0.000018015882,0.000091261783,0.000015544560,0.000023970018
seed_2700721,2700721,syn-v2-700-scratch-0083,scratch,mild,scratch,0.924049794674,0.924049794674,0.065612688661,0.000155982998,0.000640101032,0.005303808488,0.002620000159,0.001617788570
seed_2700721,2700721,syn-v2-700-scratch-0070,scratch,mild,scratch,0.996607899666,0.996607899666,0.001452693832,0.000021721908,0.000050744562,0.000742140401,0.000750006817,0.000374732015
seed_2700721,2700721,syn-v2-700-scratch-0052,scratch,mild,scratch,0.999773800373,0.999773800373,0.000122442274,0.000001508402,0.000005941689,0.000021518172,0.000049420974,0.000025334883
seed_2700721,2700721,syn-v2-700-scratch-0030,scratch,mild,scratch,0.999915599823,0.999915599823,0.000033124499,0.000003209188,0.000004306869,0.000021253989,0.000009063959,0.000013491085
seed_2700721,2700721,syn-v2-700-scratch-0051,scratch,mild,scratch,0.999689817429,0.999689817429,0.000082372804,0.000007315682,0.000008754856,0.000134209899,0.000055475430,0.000022085675
seed_2700721,2700721,syn-v2-700-scratch-0059,scratch,mild,scratch,0.795832872391,0.795832872391,0.065885104239,0.001802990679,0.001921060029,0.069857642055,0.057357184589,0.007343101315
seed_2700721,2700721,syn-v2-700-scratch-0086,scratch,mild,scratch,0.947284638882,0.947284638882,0.037496987730,0.000117085961,0.000209866441,0.003040126059,0.009426753037,0.002424493199
seed_2700721,2700721,syn-v2-700-scratch-0063,scratch,mild,scratch,0.997702777386,0.997702777386,0.001604121062,0.000017082846,0.000050585080,0.000197901129,0.000090618618,0.000336816825
seed_2700721,2700721,syn-v2-700-scratch-0033,scratch,moderate,scratch,0.999965071678,0.999965071678,0.000012384779,0.000001658352,0.000004743595,0.000004907507,0.000004313420,0.000006928877
seed_2700721,2700721,syn-v2-700-scratch-0064,scratch,moderate,scratch,0.999897241592,0.999897241592,0.000058125584,0.000000605117,0.000002901884,0.000024956387,0.000005020815,0.000011246504
seed_2700721,2700721,syn-v2-700-scratch-0085,scratch,moderate,scratch,0.994938492775,0.994938492775,0.004396134987,0.000014611075,0.000082374172,0.000227860757,0.000092795781,0.000247742078
seed_2700721,2700721,syn-v2-700-scratch-0037,scratch,moderate,scratch,0.999794781208,0.999794781208,0.000052294919,0.000005365217,0.000014601917,0.000025129884,0.000013992864,0.000093838928
seed_2700721,2700721,syn-v2-700-scratch-0038,scratch,moderate,scratch,0.999719798565,0.999719798565,0.000068392204,0.000030400764,0.000021900318,0.000048222504,0.000058934096,0.000052256004
seed_2700721,2700721,syn-v2-700-scratch-0039,scratch,moderate,scratch,0.999466478825,0.999466478825,0.000412783294,0.000001691889,0.000005016866,0.000057700872,0.000024819441,0.000031592750
seed_2700721,2700721,syn-v2-700-scratch-0025,scratch,moderate,scratch,0.999730527401,0.999730527401,0.000082120692,0.000017518085,0.000026747019,0.000025281148,0.000084130683,0.000033713994
seed_2700721,2700721,syn-v2-700-scratch-0024,scratch,moderate,scratch,0.999983668327,0.999983668327,0.000001559430,0.000000653844,0.000001456585,0.000002155441,0.000001125737,0.000009323170
seed_2700721,2700721,syn-v2-700-scratch-0019,scratch,moderate,scratch,0.999996423721,0.999996423721,0.000002050038,0.000000154113,0.000000538577,0.000000228093,0.000000208082,0.000000499984
seed_2700721,2700721,syn-v2-700-scratch-0061,scratch,moderate,scratch,0.999904394150,0.999904394150,0.000037318467,0.000010632507,0.000014382447,0.000012147812,0.000009236669,0.000011934024
seed_2700721,2700721,syn-v2-700-scratch-0071,scratch,moderate,scratch,0.999131977558,0.999131977558,0.000409070752,0.000043944929,0.000072728821,0.000050674840,0.000082480008,0.000209133534
seed_2700721,2700721,syn-v2-700-scratch-0049,scratch,moderate,scratch,0.999378204346,0.999378204346,0.000374054827,0.000004572213,0.000009455089,0.000185531608,0.000024823381,0.000023396236
seed_2700721,2700721,syn-v2-700-scratch-0099,scratch,moderate,scratch,0.999852061272,0.999852061272,0.000002459747,0.000002488229,0.000008620557,0.000001309338,0.000003392021,0.000129706619
seed_2700721,2700721,syn-v2-700-scratch-0053,scratch,moderate,scratch,0.999777734280,0.999777734280,0.000126922445,0.000002064655,0.000013127391,0.000039228995,0.000013784376,0.000027147826
seed_2700721,2700721,syn-v2-700-scratch-0098,scratch,moderate,scratch,0.999977469444,0.999977469444,0.000013157415,0.000000513151,0.000002064701,0.000001260298,0.000000826113,0.000004603138
seed_2700721,2700721,syn-v2-700-scratch-0066,scratch,moderate,scratch,0.999517083168,0.999517083168,0.000288953219,0.000009723068,0.000025740810,0.000019230021,0.000039565963,0.000099823286
seed_2700721,2700721,syn-v2-700-scratch-0032,scratch,moderate,scratch,0.998831570148,0.998831570148,0.000547282340,0.000025309411,0.000033392465,0.000202520387,0.000241961810,0.000117979354
seed_2700721,2700721,syn-v2-700-scratch-0093,scratch,moderate,scratch,0.999318480492,0.999318480492,0.000079769612,0.000029467934,0.000025072060,0.000313073804,0.000209225429,0.000024990251
seed_2700721,2700721,syn-v2-700-scratch-0029,scratch,moderate,scratch,0.999953269958,0.999953269958,0.000017593755,0.000001509740,0.000004816112,0.000006152416,0.000004364285,0.000012238480
seed_2700721,2700721,syn-v2-700-scratch-0026,scratch,moderate,scratch,0.951219618320,0.951219618320,0.005365771241,0.002332953038,0.001398296794,0.023608146235,0.014528053813,0.001547213295
seed_2700721,2700721,syn-v2-700-scratch-0012,scratch,moderate,scratch,0.999557793140,0.999557793140,0.000205409888,0.000010025567,0.000014614308,0.000145051235,0.000017316319,0.000049807710
seed_2700721,2700721,syn-v2-700-scratch-0036,scratch,moderate,scratch,0.997522771358,0.997522771358,0.000193809217,0.000038752311,0.000030590356,0.001827841508,0.000312135351,0.000074063304
seed_2700721,2700721,syn-v2-700-scratch-0080,scratch,moderate,scratch,0.999881267548,0.999881267548,0.000051685947,0.000003768218,0.000014515139,0.000001336911,0.000002922355,0.000044525703
seed_2700721,2700721,syn-v2-700-scratch-0081,scratch,moderate,scratch,0.784916937351,0.784916937351,0.022441599518,0.001328964368,0.002488666447,0.133040472865,0.044912677258,0.010870711878
seed_2700721,2700721,syn-v2-700-scratch-0041,scratch,moderate,scratch,0.999823272228,0.999823272228,0.000106533691,0.000007207540,0.000019778525,0.000014641113,0.000005712829,0.000022783946
seed_2700721,2700721,syn-v2-700-scratch-0040,scratch,moderate,scratch,0.994550883770,0.994550883770,0.002735282062,0.000053934611,0.000173328066,0.001708775409,0.000238110923,0.000539688452
seed_2700721,2700721,syn-v2-700-scratch-0004,scratch,moderate,scratch,0.999898672104,0.999898672104,0.000041127470,0.000002077667,0.000012243579,0.000010894869,0.000005222258,0.000029779560
seed_2700721,2700721,syn-v2-700-scratch-0022,scratch,moderate,scratch,0.999848008156,0.999848008156,0.000029146780,0.000004322691,0.000011472997,0.000024583685,0.000015919886,0.000066589368
seed_2700721,2700721,syn-v2-700-scratch-0062,scratch,moderate,scratch,0.999981641769,0.999981641769,0.000010522514,0.000000636181,0.000001863288,0.000000379069,0.000000473648,0.000004453316
seed_2700721,2700721,syn-v2-700-scratch-0082,scratch,severe,scratch,0.999891042709,0.999891042709,0.000022905100,0.000003471172,0.000008651557,0.000022223052,0.000009558280,0.000042202075
seed_2700721,2700721,syn-v2-700-scratch-0003,scratch,severe,scratch,0.999892234802,0.999892234802,0.000069003770,0.000002519794,0.000007254137,0.000011820914,0.000003941637,0.000013184291
seed_2700721,2700721,syn-v2-700-scratch-0016,scratch,severe,scratch,0.999842762947,0.999842762947,0.000027524457,0.000001666284,0.000013897289,0.000005929442,0.000003931723,0.000104179890
seed_2700721,2700721,syn-v2-700-scratch-0006,scratch,severe,scratch,0.999911427498,0.999911427498,0.000046813264,0.000005417809,0.000004897216,0.000012967206,0.000004617995,0.000013746939
seed_2700721,2700721,syn-v2-700-scratch-0092,scratch,severe,scratch,0.999980807304,0.999980807304,0.000011417562,0.000000572128,0.000001778723,0.000002055942,0.000001298311,0.000002078371
seed_2700721,2700721,syn-v2-700-scratch-0027,scratch,severe,scratch,0.999986886978,0.999986886978,0.000004153448,0.000000855527,0.000001166547,0.000002694956,0.000001033749,0.000003248605
seed_2700721,2700721,syn-v2-700-scratch-0074,scratch,severe,scratch,0.999577581882,0.999577581882,0.000148939303,0.000042395830,0.000056105233,0.000085105632,0.000031808235,0.000058006732
seed_2700721,2700721,syn-v2-700-scratch-0072,scratch,severe,scratch,0.999869823456,0.999869823456,0.000067861416,0.000003323491,0.000007623380,0.000006016619,0.000002698050,0.000042689593
seed_2700721,2700721,syn-v2-700-scratch-0068,scratch,severe,scratch,0.999572217464,0.999572217464,0.000072484458,0.000010500746,0.000034785418,0.000043727330,0.000022551572,0.000243784481
seed_2700721,2700721,syn-v2-700-scratch-0075,scratch,severe,scratch,0.999907970428,0.999907970428,0.000019903498,0.000002733582,0.000015141306,0.000017289722,0.000005229014,0.000031743610
seed_2700721,2700721,syn-v2-700-scratch-0014,scratch,severe,scratch,0.999929070473,0.999929070473,0.000018567165,0.000002061294,0.000010381945,0.000013869690,0.000003417460,0.000022635440
seed_2700721,2700721,syn-v2-700-scratch-0084,scratch,severe,scratch,0.999989986420,0.999989986420,0.000001725213,0.000000734440,0.000000976955,0.000000388981,0.000001662583,0.000004477452
seed_2700721,2700721,syn-v2-700-scratch-0058,scratch,severe,scratch,0.999607503414,0.999607503414,0.000281327317,0.000005082761,0.000026841843,0.000005195936,0.000004286875,0.000069736467
seed_2700721,2700721,syn-v2-700-scratch-0010,scratch,severe,scratch,0.999937295914,0.999937295914,0.000013059767,0.000002368047,0.000007895786,0.000003088412,0.000002197326,0.000034064360
seed_2700721,2700721,syn-v2-700-surface_spot-0061,surface_spot,mild,surface_spot,0.999913454056,0.000017497461,0.999913454056,0.000002098751,0.000009307333,0.000019780064,0.000028498669,0.000009393133
seed_2700721,2700721,syn-v2-700-surface_spot-0051,surface_spot,mild,surface_spot,0.997762203217,0.000353479903,0.997762203217,0.000200992217,0.000545361836,0.000205722114,0.000590142212,0.000342081243
seed_2700721,2700721,syn-v2-700-surface_spot-0096,surface_spot,mild,surface_spot,0.999969959259,0.000007630391,0.999969959259,0.000000165114,0.000002390253,0.000006776993,0.000009931218,0.000003246066
seed_2700721,2700721,syn-v2-700-surface_spot-0042,surface_spot,mild,surface_spot,0.999819576740,0.000027278387,0.999819576740,0.000002195827,0.000013482048,0.000083468680,0.000042965501,0.000011180719
seed_2700721,2700721,syn-v2-700-surface_spot-0002,surface_spot,mild,surface_spot,0.999895930290,0.000045962472,0.999895930290,0.000001202837,0.000016038555,0.000018394152,0.000014375210,0.000007970926
seed_2700721,2700721,syn-v2-700-surface_spot-0013,surface_spot,mild,surface_spot,0.999897122383,0.000005988549,0.999897122383,0.000000853630,0.000008174228,0.000059789425,0.000021988883,0.000006114332
seed_2700721,2700721,syn-v2-700-surface_spot-0012,surface_spot,mild,surface_spot,0.999950766563,0.000010449777,0.999950766563,0.000000378489,0.000011435613,0.000014303859,0.000008837702,0.000003852990
seed_2700721,2700721,syn-v2-700-surface_spot-0031,surface_spot,mild,surface_spot,0.997258543968,0.000160387717,0.997258543968,0.000047342157,0.001571280416,0.000297087099,0.000450894528,0.000214460626
seed_2700721,2700721,syn-v2-700-surface_spot-0041,surface_spot,mild,surface_spot,0.999623537064,0.000028085160,0.999623537064,0.000007070874,0.000106258667,0.000060248767,0.000157222938,0.000017530818
seed_2700721,2700721,syn-v2-700-surface_spot-0023,surface_spot,mild,surface_spot,0.999917507172,0.000020172349,0.999917507172,0.000001123432,0.000006348752,0.000023665110,0.000024388231,0.000006734695
seed_2700721,2700721,syn-v2-700-surface_spot-0010,surface_spot,mild,surface_spot,0.999864220619,0.000019284091,0.999864220619,0.000000891147,0.000012793769,0.000057138070,0.000032466687,0.000013305356
seed_2700721,2700721,syn-v2-700-surface_spot-0036,surface_spot,mild,surface_spot,0.998688757420,0.000140488351,0.998688757420,0.000024631550,0.000477730064,0.000488128833,0.000080916849,0.000099332756
seed_2700721,2700721,syn-v2-700-surface_spot-0056,surface_spot,mild,surface_spot,0.999746739864,0.000045219887,0.999746739864,0.000001458697,0.000014610216,0.000084319043,0.000084632418,0.000022963337
seed_2700721,2700721,syn-v2-700-surface_spot-0075,surface_spot,mild,surface_spot,0.999944925308,0.000016351618,0.999944925308,0.000000392932,0.000007597329,0.000014262310,0.000009815458,0.000006674769
seed_2700721,2700721,syn-v2-700-surface_spot-0040,surface_spot,mild,surface_spot,0.999915242195,0.000027156764,0.999915242195,0.000001153472,0.000011365853,0.000016034353,0.000018562183,0.000010514002
seed_2700721,2700721,syn-v2-700-surface_spot-0035,surface_spot,mild,surface_spot,0.993240714073,0.000579420652,0.993240714073,0.000108991517,0.001951834303,0.001789546572,0.002042480279,0.000287010917
seed_2700721,2700721,syn-v2-700-surface_spot-0093,surface_spot,mild,surface_spot,0.999601662159,0.000054709173,0.999601662159,0.000004504584,0.000119400807,0.000114565541,0.000059880385,0.000045201170
seed_2700721,2700721,syn-v2-700-surface_spot-0017,surface_spot,mild,surface_spot,0.993693888187,0.000189561630,0.993693888187,0.000664623803,0.004113104194,0.000249445817,0.000628984475,0.000460335927
seed_2700721,2700721,syn-v2-700-surface_spot-0087,surface_spot,mild,surface_spot,0.999783456326,0.000043606004,0.999783456326,0.000001364596,0.000025466152,0.000058733720,0.000062473140,0.000024877369
seed_2700721,2700721,syn-v2-700-surface_spot-0073,surface_spot,mild,surface_spot,0.999908208847,0.000020298543,0.999908208847,0.000001128430,0.000022488097,0.000011925969,0.000027339382,0.000008643994
seed_2700721,2700721,syn-v2-700-surface_spot-0074,surface_spot,mild,surface_spot,0.999922037125,0.000019524465,0.999922037125,0.000002879378,0.000007423758,0.000015521862,0.000023497900,0.000009104650
seed_2700721,2700721,syn-v2-700-surface_spot-0016,surface_spot,mild,surface_spot,0.979335069656,0.000766900368,0.979335069656,0.000320619525,0.010768161155,0.002407087712,0.006133348215,0.000268791744
seed_2700721,2700721,syn-v2-700-surface_spot-0085,surface_spot,mild,surface_spot,0.999894022942,0.000037996888,0.999894022942,0.000001019560,0.000009098283,0.000021039199,0.000022632876,0.000014170750
seed_2700721,2700721,syn-v2-700-surface_spot-0086,surface_spot,mild,surface_spot,0.998144984245,0.000070079739,0.998144984245,0.000018345716,0.000396957737,0.000949906127,0.000336302212,0.000083540290
seed_2700721,2700721,syn-v2-700-surface_spot-0007,surface_spot,mild,surface_spot,0.999885439873,0.000024503759,0.999885439873,0.000000633335,0.000007564641,0.000033027540,0.000028096913,0.000020716869
seed_2700721,2700721,syn-v2-700-surface_spot-0026,surface_spot,mild,surface_spot,0.999780476093,0.000054013890,0.999780476093,0.000002918134,0.000029527393,0.000081174046,0.000040817649,0.000011065034
seed_2700721,2700721,syn-v2-700-surface_spot-0000,surface_spot,mild,surface_spot,0.999780476093,0.000063481762,0.999780476093,0.000002048958,0.000036460973,0.000038003007,0.000057505218,0.000022030856
seed_2700721,2700721,syn-v2-700-surface_spot-0003,surface_spot,mild,surface_spot,0.999576151371,0.000157794086,0.999576151371,0.000006827202,0.000031549189,0.000093847768,0.000098767530,0.000034997116
seed_2700721,2700721,syn-v2-700-surface_spot-0022,surface_spot,mild,surface_spot,0.999780714512,0.000052000323,0.999780714512,0.000002283526,0.000028253136,0.000055250581,0.000056202218,0.000025269808
seed_2700721,2700721,syn-v2-700-surface_spot-0091,surface_spot,moderate,surface_spot,0.999888539314,0.000044399243,0.999888539314,0.000003589973,0.000014889692,0.000018821762,0.000018763372,0.000011030711
seed_2700721,2700721,syn-v2-700-surface_spot-0079,surface_spot,moderate,surface_spot,0.999589860439,0.000066391542,0.999589860439,0.000007053791,0.000029804991,0.000084580017,0.000176700007,0.000045628192
seed_2700721,2700721,syn-v2-700-surface_spot-0032,surface_spot,moderate,surface_spot,0.999848008156,0.000047810448,0.999848008156,0.000005327578,0.000030457484,0.000018198063,0.000019556488,0.000030557159
seed_2700721,2700721,syn-v2-700-surface_spot-0080,surface_spot,moderate,surface_spot,0.999922156334,0.000023418370,0.999922156334,0.000000752960,0.000013466146,0.000009496183,0.000019187850,0.000011510343
seed_2700721,2700721,syn-v2-700-surface_spot-0098,surface_spot,moderate,surface_spot,0.999908208847,0.000014209506,0.999908208847,0.000001500973,0.000031530784,0.000022360386,0.000015049723,0.000007046993
seed_2700721,2700721,syn-v2-700-surface_spot-0081,surface_spot,moderate,surface_spot,0.999934673309,0.000009500142,0.999934673309,0.000002391831,0.000010440066,0.000026647063,0.000009496464,0.000006756568
seed_2700721,2700721,syn-v2-700-surface_spot-0067,surface_spot,moderate,surface_spot,0.999930620193,0.000020954825,0.999930620193,0.000001935281,0.000007055005,0.000016079299,0.000015392186,0.000007996136
seed_2700721,2700721,syn-v2-700-surface_spot-0066,surface_spot,moderate,surface_spot,0.999492287636,0.000112546775,0.999492287636,0.000016525226,0.000162062410,0.000029115854,0.000127174411,0.000060321399
seed_2700721,2700721,syn-v2-700-surface_spot-0014,surface_spot,moderate,surface_spot,0.999974608421,0.000011297126,0.999974608421,0.000000294452,0.000001383948,0.000003425753,0.000006021480,0.000002876475
seed_2700721,2700721,syn-v2-700-surface_spot-0009,surface_spot,moderate,surface_spot,0.999829769135,0.000025735706,0.999829769135,0.000003897293,0.000033674060,0.000073578063,0.000026108719,0.000007162110
seed_2700721,2700721,syn-v2-700-surface_spot-0008,surface_spot,moderate,surface_spot,0.999880433083,0.000033470435,0.999880433083,0.000001976848,0.000059875387,0.000005239722,0.000008601174,0.000010468362
seed_2700721,2700721,syn-v2-700-surface_spot-0054,surface_spot,moderate,surface_spot,0.999761760235,0.000040947110,0.999761760235,0.000002528718,0.000030724259,0.000031610405,0.000100563397,0.000031812211
seed_2700721,2700721,syn-v2-700-surface_spot-0084,surface_spot,moderate,surface_spot,0.996824502945,0.000340559549,0.996824502945,0.000211049468,0.000849909906,0.000857310544,0.000648654648,0.000268005882
seed_2700721,2700721,syn-v2-700-surface_spot-0028,surface_spot,moderate,surface_spot,0.999419569969,0.000072877032,0.999419569969,0.000018168974,0.000243685674,0.000099419383,0.000068626956,0.000077728939
seed_2700721,2700721,syn-v2-700-surface_spot-0052,surface_spot,moderate,surface_spot,0.999927759171,0.000005282549,0.999927759171,0.000000606887,0.000019484585,0.000004978275,0.000032086347,0.000009861048
seed_2700721,2700721,syn-v2-700-surface_spot-0099,surface_spot,moderate,surface_spot,0.999825537205,0.000019926470,0.999825537205,0.000001189328,0.000045802546,0.000048496266,0.000046960908,0.000012162061
seed_2700721,2700721,syn-v2-700-surface_spot-0050,surface_spot,moderate,surface_spot,0.999374568462,0.000097000608,0.999374568462,0.000011643554,0.000064837332,0.000081708960,0.000325521280,0.000044819430
seed_2700721,2700721,syn-v2-700-surface_spot-0029,surface_spot,moderate,surface_spot,0.999881744385,0.000027756314,0.999881744385,0.000000977471,0.000008170020,0.000033819382,0.000030059022,0.000017388003
seed_2700721,2700721,syn-v2-700-surface_spot-0065,surface_spot,moderate,surface_spot,0.999960422516,0.000021425261,0.999960422516,0.000000404239,0.000005795293,0.000002779647,0.000004475676,0.000004572730
seed_2700721,2700721,syn-v2-700-surface_spot-0015,surface_spot,moderate,surface_spot,0.999897003174,0.000028711827,0.999897003174,0.000001380784,0.000016533748,0.000022955446,0.000010022641,0.000023328841
seed_2700721,2700721,syn-v2-700-surface_spot-0006,surface_spot,moderate,surface_spot,0.999940037727,0.000011279553,0.999940037727,0.000000429184,0.000007739382,0.000009580787,0.000013377797,0.000017526252
seed_2700721,2700721,syn-v2-700-surface_spot-0069,surface_spot,moderate,surface_spot,0.999975800514,0.000007382233,0.999975800514,0.000000284447,0.000007204949,0.000005213838,0.000001816300,0.000002401639
seed_2700721,2700721,syn-v2-700-surface_spot-0078,surface_spot,moderate,surface_spot,0.999875664711,0.000069401445,0.999875664711,0.000001064223,0.000018567094,0.000012009891,0.000011622294,0.000011609842
seed_2700721,2700721,syn-v2-700-surface_spot-0068,surface_spot,moderate,surface_spot,0.999703824520,0.000127458276,0.999703824520,0.000008131856,0.000094790157,0.000015433772,0.000023514825,0.000026897169
seed_2700721,2700721,syn-v2-700-surface_spot-0057,surface_spot,moderate,surface_spot,0.999928712845,0.000044750290,0.999928712845,0.000000845259,0.000017910539,0.000001372402,0.000002751927,0.000003750832
seed_2700721,2700721,syn-v2-700-surface_spot-0058,surface_spot,moderate,surface_spot,0.999888420105,0.000015904125,0.999888420105,0.000000773071,0.000013630686,0.000039341056,0.000031625026,0.000010323510
seed_2700721,2700721,syn-v2-700-surface_spot-0030,surface_spot,moderate,surface_spot,0.999963998795,0.000011802613,0.999963998795,0.000000539973,0.000005112352,0.000006171686,0.000008275445,0.000004154014
seed_2700721,2700721,syn-v2-700-surface_spot-0019,surface_spot,moderate,surface_spot,0.999719202518,0.000021786793,0.999719202518,0.000001927077,0.000012079638,0.000069953974,0.000161001954,0.000014025727
seed_2700721,2700721,syn-v2-700-surface_spot-0063,surface_spot,moderate,surface_spot,0.998122751713,0.000074386626,0.998122751713,0.000072821975,0.000156303009,0.001166004222,0.000345159962,0.000062553197
seed_2700721,2700721,syn-v2-700-surface_spot-0072,surface_spot,severe,surface_spot,0.999805629253,0.000050394152,0.999805629253,0.000008161726,0.000048328442,0.000022438708,0.000047071484,0.000018071458
seed_2700721,2700721,syn-v2-700-surface_spot-0020,surface_spot,severe,surface_spot,0.999989032745,0.000004219472,0.999989032745,0.000000241397,0.000001541858,0.000001861089,0.000001411089,0.000001686800
seed_2700721,2700721,syn-v2-700-surface_spot-0038,surface_spot,severe,surface_spot,0.999294996262,0.000231267099,0.999294996262,0.000037548220,0.000058338854,0.000131466615,0.000172457134,0.000073836098
seed_2700721,2700721,syn-v2-700-surface_spot-0044,surface_spot,severe,surface_spot,0.999914407730,0.000032988490,0.999914407730,0.000002188098,0.000026478268,0.000005967894,0.000010688836,0.000007279073
seed_2700721,2700721,syn-v2-700-surface_spot-0062,surface_spot,severe,surface_spot,0.999982714653,0.000002593926,0.999982714653,0.000000536949,0.000002099994,0.000003547038,0.000006221561,0.000002298948
seed_2700721,2700721,syn-v2-700-surface_spot-0094,surface_spot,severe,surface_spot,0.999631524086,0.000131499357,0.999631524086,0.000008385495,0.000075490621,0.000056628091,0.000043448126,0.000053078027
seed_2700721,2700721,syn-v2-700-surface_spot-0055,surface_spot,severe,surface_spot,0.999863266945,0.000042733918,0.999863266945,0.000003722588,0.000050611201,0.000013604345,0.000010015786,0.000016029117
seed_2700721,2700721,syn-v2-700-surface_spot-0089,surface_spot,severe,surface_spot,0.999917030334,0.000025217520,0.999917030334,0.000002633257,0.000016554479,0.000009003717,0.000013651775,0.000015862090
seed_2700721,2700721,syn-v2-700-surface_spot-0043,surface_spot,severe,surface_spot,0.999596059322,0.000306619040,0.999596059322,0.000004949206,0.000028579261,0.000015310890,0.000017896404,0.000030662064
seed_2700721,2700721,syn-v2-700-surface_spot-0005,surface_spot,severe,surface_spot,0.999885797501,0.000054168409,0.999885797501,0.000001710404,0.000013162659,0.000017000950,0.000015329417,0.000012841803
seed_2700721,2700721,syn-v2-700-surface_spot-0045,surface_spot,severe,surface_spot,0.999674201012,0.000017628290,0.999674201012,0.000096524112,0.000146231847,0.000022767605,0.000015863912,0.000026761072
seed_2700721,2700721,syn-v2-700-surface_spot-0083,surface_spot,severe,surface_spot,0.999951601028,0.000016269767,0.999951601028,0.000001336643,0.000010823871,0.000003477810,0.000008532821,0.000007916467
seed_2700721,2700721,syn-v2-700-surface_spot-0059,surface_spot,severe,surface_spot,0.964808106422,0.002848786768,0.964808106422,0.021588388830,0.007109768689,0.000202660376,0.000247702759,0.003194535850
seed_2700721,2700721,syn-v2-700-surface_spot-0039,surface_spot,severe,surface_spot,0.999951601028,0.000009976296,0.999951601028,0.000001436094,0.000011753685,0.000008993360,0.000010835841,0.000005310041
seed_2700721,2700721,syn-v2-700-discoloration-0087,discoloration,mild,discoloration,0.999624371529,0.000010222943,0.000124863102,0.999624371529,0.000090610993,0.000097720491,0.000027446000,0.000024717061
seed_2700721,2700721,syn-v2-700-discoloration-0026,discoloration,mild,discoloration,0.999897718430,0.000011243647,0.000012590821,0.999897718430,0.000022477505,0.000039304483,0.000006892270,0.000009764059
seed_2700721,2700721,syn-v2-700-discoloration-0064,discoloration,mild,discoloration,0.999955534935,0.000001544930,0.000010407549,0.999955534935,0.000018683684,0.000004405253,0.000004920573,0.000004494920
seed_2700721,2700721,syn-v2-700-discoloration-0008,discoloration,mild,discoloration,0.999705135822,0.000006740223,0.000032585460,0.999705135822,0.000131620196,0.000078903060,0.000025346699,0.000019585981
seed_2700721,2700721,syn-v2-700-discoloration-0035,discoloration,mild,discoloration,0.999107658863,0.000051286632,0.000295245118,0.999107658863,0.000078670739,0.000248097873,0.000076979195,0.000142028905
seed_2700721,2700721,syn-v2-700-discoloration-0029,discoloration,mild,discoloration,0.999669313431,0.000023102555,0.000063255517,0.999669313431,0.000032546872,0.000124530488,0.000040049450,0.000047196536
seed_2700721,2700721,syn-v2-700-discoloration-0084,discoloration,mild,discoloration,0.505399346352,0.012236526236,0.046460412443,0.505399346352,0.003080541268,0.120385870337,0.305975168943,0.006462084595
seed_2700721,2700721,syn-v2-700-discoloration-0067,discoloration,mild,discoloration,0.988040924072,0.000133333306,0.003815490520,0.988040924072,0.001330513856,0.004216030706,0.002016643528,0.000446971768
seed_2700721,2700721,syn-v2-700-discoloration-0034,discoloration,mild,discoloration,0.999671578407,0.000021510739,0.000146747669,0.999671578407,0.000046763085,0.000063728563,0.000015454099,0.000034304674
seed_2700721,2700721,syn-v2-700-discoloration-0043,discoloration,mild,discoloration,0.999104321003,0.000065908920,0.000358224526,0.999104321003,0.000141782933,0.000172072032,0.000050132203,0.000107589694
seed_2700721,2700721,syn-v2-700-discoloration-0062,discoloration,mild,discoloration,0.997677028179,0.000112109694,0.000962533173,0.997677028179,0.000205253455,0.000655463838,0.000118485870,0.000269184762
seed_2700721,2700721,syn-v2-700-discoloration-0079,discoloration,mild,discoloration,0.998742878437,0.000026600381,0.000289922231,0.998742878437,0.000173092238,0.000231494472,0.000477028196,0.000058888581
seed_2700721,2700721,syn-v2-700-discoloration-0090,discoloration,mild,discoloration,0.999732911587,0.000013254436,0.000071714865,0.999732911587,0.000067425739,0.000026998050,0.000052313582,0.000035338253
seed_2700721,2700721,syn-v2-700-discoloration-0038,discoloration,mild,discoloration,0.999955654144,0.000001620188,0.000002879615,0.999955654144,0.000024958821,0.000007571293,0.000001342494,0.000005970076
seed_2700721,2700721,syn-v2-700-discoloration-0004,discoloration,mild,discoloration,0.999977231026,0.000001802969,0.000003099766,0.999977231026,0.000008453540,0.000005256788,0.000001637113,0.000002507095
seed_2700721,2700721,syn-v2-700-discoloration-0044,discoloration,mild,discoloration,0.999915003777,0.000001835129,0.000015834476,0.999915003777,0.000020313302,0.000038722963,0.000005161181,0.000003062191
seed_2700721,2700721,syn-v2-700-discoloration-0050,discoloration,mild,discoloration,0.999947071075,0.000003429451,0.000001084390,0.999947071075,0.000025782356,0.000016719683,0.000001077068,0.000004914426
seed_2700721,2700721,syn-v2-700-discoloration-0005,discoloration,mild,discoloration,0.999981284142,0.000001841999,0.000002044256,0.999981284142,0.000008853198,0.000002662756,0.000001548315,0.000001813198
seed_2700721,2700721,syn-v2-700-discoloration-0093,discoloration,mild,discoloration,0.999658107758,0.000011483580,0.000121561927,0.999658107758,0.000026652855,0.000125937309,0.000037878890,0.000018369145
seed_2700721,2700721,syn-v2-700-discoloration-0096,discoloration,mild,discoloration,0.999928116798,0.000007199083,0.000007085931,0.999928116798,0.000019132871,0.000026146872,0.000004709362,0.000007627125
seed_2700721,2700721,syn-v2-700-discoloration-0012,discoloration,mild,discoloration,0.999776661396,0.000006211997,0.000034965135,0.999776661396,0.000043163742,0.000117502546,0.000014476394,0.000007037557
seed_2700721,2700721,syn-v2-700-discoloration-0077,discoloration,mild,discoloration,0.999962568283,0.000005424145,0.000003531081,0.999962568283,0.000007818922,0.000014324544,0.000002655139,0.000003690310
seed_2700721,2700721,syn-v2-700-discoloration-0056,discoloration,mild,discoloration,0.999991774559,0.000000840487,0.000000987082,0.999991774559,0.000002143945,0.000001848718,0.000000599844,0.000001782722
seed_2700721,2700721,syn-v2-700-discoloration-0088,discoloration,mild,discoloration,0.999169945717,0.000028388753,0.000164347031,0.999169945717,0.000432954810,0.000136133924,0.000012757602,0.000055548782
seed_2700721,2700721,syn-v2-700-discoloration-0076,discoloration,mild,discoloration,0.999429166317,0.000017538629,0.000235004438,0.999429166317,0.000125353748,0.000065037129,0.000039521121,0.000088350171
seed_2700721,2700721,syn-v2-700-discoloration-0014,discoloration,mild,discoloration,0.999368846416,0.000034990262,0.000140708900,0.999368846416,0.000088899767,0.000253220933,0.000036250076,0.000077129102
seed_2700721,2700721,syn-v2-700-discoloration-0021,discoloration,mild,discoloration,0.999969601631,0.000002158052,0.000003576721,0.999969601631,0.000008770095,0.000006937682,0.000004095091,0.000004836111
seed_2700721,2700721,syn-v2-700-discoloration-0030,discoloration,mild,discoloration,0.999923825264,0.000007266352,0.000008264647,0.999923825264,0.000032432785,0.000010828960,0.000010692157,0.000006619358
seed_2700721,2700721,syn-v2-700-discoloration-0060,discoloration,mild,discoloration,0.999475181103,0.000021348125,0.000150884996,0.999475181103,0.000081955695,0.000204640543,0.000039174469,0.000026752683
seed_2700721,2700721,syn-v2-700-discoloration-0036,discoloration,moderate,discoloration,0.999905943871,0.000019807627,0.000004448747,0.999905943871,0.000033914672,0.000004335810,0.000016769425,0.000014719610
seed_2700721,2700721,syn-v2-700-discoloration-0055,discoloration,moderate,discoloration,0.999981760979,0.000000960634,0.000002832186,0.999981760979,0.000009770803,0.000002199864,0.000000555248,0.000001900564
seed_2700721,2700721,syn-v2-700-discoloration-0091,discoloration,moderate,discoloration,0.999933362007,0.000001939948,0.000024931216,0.999933362007,0.000015685040,0.000006169643,0.000010658398,0.000007281947
seed_2700721,2700721,syn-v2-700-discoloration-0099,discoloration,moderate,discoloration,0.999904751778,0.000004012727,0.000023465334,0.999904751778,0.000017099337,0.000017737750,0.000012942362,0.000019968667
seed_2700721,2700721,syn-v2-700-discoloration-0019,discoloration,moderate,discoloration,0.999978780746,0.000001070755,0.000005422919,0.999978780746,0.000004881719,0.000004896472,0.000000673979,0.000004309425
seed_2700721,2700721,syn-v2-700-discoloration-0069,discoloration,moderate,discoloration,0.999121963978,0.000076059281,0.000054834465,0.999121963978,0.000160672062,0.000436326925,0.000052727959,0.000097485441
seed_2700721,2700721,syn-v2-700-discoloration-0032,discoloration,moderate,discoloration,0.999917387962,0.000004100974,0.000008203822,0.999917387962,0.000029095534,0.000016996170,0.000003206162,0.000020972462
seed_2700721,2700721,syn-v2-700-discoloration-0037,discoloration,moderate,discoloration,0.999825775623,0.000004175992,0.000069556132,0.999825775623,0.000021438851,0.000055023171,0.000007158250,0.000016827338
seed_2700721,2700721,syn-v2-700-discoloration-0051,discoloration,moderate,discoloration,0.999822080135,0.000004590824,0.000054122462,0.999822080135,0.000065430744,0.000026302825,0.000015524249,0.000012045666
seed_2700721,2700721,syn-v2-700-discoloration-0000,discoloration,moderate,discoloration,0.999313950539,0.000027999426,0.000107266256,0.999313950539,0.000075114658,0.000367905857,0.000021988322,0.000085829699
seed_2700721,2700721,syn-v2-700-discoloration-0081,discoloration,moderate,discoloration,0.999997735023,0.000000160734,0.000000259548,0.999997735023,0.000001355330,0.000000192192,0.000000061068,0.000000196152
seed_2700721,2700721,syn-v2-700-discoloration-0092,discoloration,moderate,discoloration,0.999981403351,0.000001269070,0.000004242374,0.999981403351,0.000008900894,0.000001579343,0.000000740765,0.000001888784
seed_2700721,2700721,syn-v2-700-discoloration-0006,discoloration,moderate,discoloration,0.999910354614,0.000002954984,0.000029700719,0.999910354614,0.000025075786,0.000016922411,0.000006298628,0.000008682066
seed_2700721,2700721,syn-v2-700-discoloration-0031,discoloration,moderate,discoloration,0.999872803688,0.000005283538,0.000038247446,0.999872803688,0.000050512252,0.000015923713,0.000009294111,0.000007896902
seed_2700721,2700721,syn-v2-700-discoloration-0094,discoloration,moderate,discoloration,0.999967813492,0.000002802142,0.000006865461,0.999967813492,0.000012547303,0.000005410462,0.000000694462,0.000003862308
seed_2700721,2700721,syn-v2-700-discoloration-0033,discoloration,moderate,discoloration,0.999976634979,0.000001224074,0.000004841262,0.999976634979,0.000009215778,0.000003083980,0.000002555880,0.000002548391
seed_2700721,2700721,syn-v2-700-discoloration-0011,discoloration,moderate,discoloration,0.999985933304,0.000000791091,0.000001245185,0.999985933304,0.000009838043,0.000000903051,0.000000809238,0.000000436612
seed_2700721,2700721,syn-v2-700-discoloration-0052,discoloration,moderate,discoloration,0.999944567680,0.000003043860,0.000006806317,0.999944567680,0.000021799353,0.000014290066,0.000003275213,0.000006302978
seed_2700721,2700721,syn-v2-700-discoloration-0046,discoloration,moderate,discoloration,0.999997496605,0.000000289166,0.000000288416,0.999997496605,0.000001165820,0.000000318374,0.000000184939,0.000000232249
seed_2700721,2700721,syn-v2-700-discoloration-0020,discoloration,moderate,discoloration,0.999943852425,0.000004544492,0.000023429937,0.999943852425,0.000016525189,0.000006121105,0.000003173466,0.000002408751
seed_2700721,2700721,syn-v2-700-discoloration-0083,discoloration,moderate,discoloration,0.999973893166,0.000001381902,0.000006138161,0.999973893166,0.000009027280,0.000004508789,0.000000972087,0.000004214931
seed_2700721,2700721,syn-v2-700-discoloration-0022,discoloration,moderate,discoloration,0.999889254570,0.000006138191,0.000017605887,0.999889254570,0.000035327535,0.000033531498,0.000010356237,0.000007721502
seed_2700721,2700721,syn-v2-700-discoloration-0063,discoloration,moderate,discoloration,0.999985933304,0.000001194693,0.000001351481,0.999985933304,0.000005306720,0.000003921964,0.000000761085,0.000001534743
seed_2700721,2700721,syn-v2-700-discoloration-0059,discoloration,moderate,discoloration,0.999470889568,0.000008246877,0.000248847617,0.999470889568,0.000084301406,0.000074445263,0.000023894692,0.000089403096
seed_2700721,2700721,syn-v2-700-discoloration-0057,discoloration,moderate,discoloration,0.999833106995,0.000014308328,0.000022126855,0.999833106995,0.000041568728,0.000018876513,0.000007776106,0.000062233332
seed_2700721,2700721,syn-v2-700-discoloration-0003,discoloration,moderate,discoloration,0.999995112419,0.000000523650,0.000000714740,0.999995112419,0.000002021067,0.000000610911,0.000000632583,0.000000396386
seed_2700721,2700721,syn-v2-700-discoloration-0028,discoloration,moderate,discoloration,0.999567449093,0.000014689936,0.000119788157,0.999567449093,0.000093722265,0.000139127747,0.000018706720,0.000046415273
seed_2700721,2700721,syn-v2-700-discoloration-0040,discoloration,moderate,discoloration,0.999927043915,0.000007629817,0.000021938664,0.999927043915,0.000021527692,0.000012186088,0.000003223601,0.000006423577
seed_2700721,2700721,syn-v2-700-discoloration-0078,discoloration,moderate,discoloration,0.999951839447,0.000002245557,0.000004744695,0.999951839447,0.000006183093,0.000011018877,0.000012357481,0.000011630608
seed_2700721,2700721,syn-v2-700-discoloration-0041,discoloration,severe,discoloration,0.999988794327,0.000000667864,0.000002145571,0.999988794327,0.000004162354,0.000001795008,0.000000383661,0.000002017080
seed_2700721,2700721,syn-v2-700-discoloration-0002,discoloration,severe,discoloration,0.999143600464,0.000049453785,0.000397562981,0.999143600464,0.000069798836,0.000193096072,0.000031145584,0.000115425930
seed_2700721,2700721,syn-v2-700-discoloration-0001,discoloration,severe,discoloration,0.999979257584,0.000001240159,0.000003206378,0.999979257584,0.000005105190,0.000002369144,0.000000772886,0.000008109721
seed_2700721,2700721,syn-v2-700-discoloration-0065,discoloration,severe,discoloration,0.999882102013,0.000007242997,0.000034543762,0.999882102013,0.000019422010,0.000039794599,0.000003072628,0.000013689704
seed_2700721,2700721,syn-v2-700-discoloration-0097,discoloration,severe,discoloration,0.999165654182,0.000100571408,0.000098434495,0.999165654182,0.000142401710,0.000037609327,0.000019609975,0.000435724098
seed_2700721,2700721,syn-v2-700-discoloration-0049,discoloration,severe,discoloration,0.999797284603,0.000005862152,0.000041953946,0.999797284603,0.000024343126,0.000091691443,0.000004830539,0.000033915127
seed_2700721,2700721,syn-v2-700-discoloration-0007,discoloration,severe,discoloration,0.999456346035,0.000029299676,0.000058995764,0.999456346035,0.000094976138,0.000104159481,0.000013953938,0.000242339069
seed_2700721,2700721,syn-v2-700-discoloration-0086,discoloration,severe,discoloration,0.999968051910,0.000009253189,0.000001536341,0.999968051910,0.000012322680,0.000003067902,0.000002070346,0.000003721384
seed_2700721,2700721,syn-v2-700-discoloration-0075,discoloration,severe,discoloration,0.999212026596,0.000039230887,0.000077440396,0.999212026596,0.000060588391,0.000081549726,0.000028454218,0.000500590308
seed_2700721,2700721,syn-v2-700-discoloration-0016,discoloration,severe,discoloration,0.999996304512,0.000000465627,0.000000300724,0.999996304512,0.000002095155,0.000000242497,0.000000161606,0.000000480452
seed_2700721,2700721,syn-v2-700-discoloration-0066,discoloration,severe,discoloration,0.999860405922,0.000027464212,0.000045345565,0.999860405922,0.000016224685,0.000020229203,0.000012265011,0.000018174353
seed_2700721,2700721,syn-v2-700-discoloration-0074,discoloration,severe,discoloration,0.999842405319,0.000011804160,0.000025606179,0.999842405319,0.000017219036,0.000039273051,0.000002624942,0.000061001505
seed_2700721,2700721,syn-v2-700-discoloration-0085,discoloration,severe,discoloration,0.999901413918,0.000009237029,0.000024800589,0.999901413918,0.000036515634,0.000009829831,0.000006207803,0.000012045266
seed_2700721,2700721,syn-v2-700-discoloration-0010,discoloration,severe,discoloration,0.998642146587,0.000113469818,0.000138448464,0.998642146587,0.000253201695,0.000291626056,0.000070727059,0.000490312406
seed_2700721,2700721,syn-v2-700-contamination-0019,contamination,mild,contamination,0.999809086323,0.000003114450,0.000026948888,0.000005615894,0.999809086323,0.000026349911,0.000001033469,0.000127871652
seed_2700721,2700721,syn-v2-700-contamination-0030,contamination,mild,contamination,0.570517063141,0.014987893403,0.178036317229,0.174030929804,0.570517063141,0.035831365734,0.019313203171,0.007283268496
seed_2700721,2700721,syn-v2-700-contamination-0022,contamination,mild,contamination,0.999859929085,0.000006297596,0.000036821359,0.000070431153,0.999859929085,0.000006561585,0.000008401051,0.000011545147
seed_2700721,2700721,syn-v2-700-contamination-0003,contamination,mild,body_chip,0.552684128284,0.003823232139,0.054379042238,0.002645517699,0.185352027416,0.008782471530,0.552684128284,0.192333579063
seed_2700721,2700721,syn-v2-700-contamination-0008,contamination,mild,discoloration,0.572284996510,0.064861975610,0.047353956848,0.572284996510,0.107961229980,0.119302555919,0.061600264162,0.026635026559
seed_2700721,2700721,syn-v2-700-contamination-0083,contamination,mild,contamination,0.999923825264,0.000003267271,0.000038574581,0.000007062597,0.999923825264,0.000004979381,0.000000781167,0.000021498530
seed_2700721,2700721,syn-v2-700-contamination-0039,contamination,mild,surface_spot,0.907766461372,0.005492398050,0.907766461372,0.037755072117,0.026313066483,0.008370155469,0.010148846544,0.004154020455
seed_2700721,2700721,syn-v2-700-contamination-0056,contamination,mild,contamination,0.999910712242,0.000002013153,0.000011461883,0.000007694983,0.999910712242,0.000004869010,0.000000291310,0.000062898456
seed_2700721,2700721,syn-v2-700-contamination-0099,contamination,mild,contamination,0.999816954136,0.000003011438,0.000086543107,0.000022279395,0.999816954136,0.000004846683,0.000006755805,0.000059608032
seed_2700721,2700721,syn-v2-700-contamination-0067,contamination,mild,contamination,0.697802841663,0.093574032187,0.024844942614,0.055316787213,0.697802841663,0.045670304447,0.014747274108,0.068043865263
seed_2700721,2700721,syn-v2-700-contamination-0072,contamination,mild,contamination,0.990058720112,0.000065393586,0.008383756503,0.000291711796,0.990058720112,0.001025916310,0.000080057966,0.000094370749
seed_2700721,2700721,syn-v2-700-contamination-0064,contamination,mild,contamination,0.997697651386,0.000007137186,0.000927528599,0.000154012814,0.997697651386,0.000073767937,0.000067923342,0.001071900828
seed_2700721,2700721,syn-v2-700-contamination-0012,contamination,mild,contamination,0.977052569389,0.000912263407,0.020382311195,0.000330799376,0.977052569389,0.000226147342,0.000550255470,0.000545721094
seed_2700721,2700721,syn-v2-700-contamination-0061,contamination,mild,contamination,0.998370349407,0.000005082405,0.000399535289,0.000037013575,0.998370349407,0.000047148518,0.000021170203,0.001119702007
seed_2700721,2700721,syn-v2-700-contamination-0015,contamination,mild,contamination,0.998953580856,0.000011163389,0.000671511109,0.000023059807,0.998953580856,0.000075273550,0.000010962442,0.000254366343
seed_2700721,2700721,syn-v2-700-contamination-0023,contamination,mild,contamination,0.974997878075,0.000342572719,0.012644248083,0.008332515135,0.974997878075,0.000518319197,0.001894410001,0.001269932254
seed_2700721,2700721,syn-v2-700-contamination-0042,contamination,mild,surface_spot,0.792598843575,0.000470046623,0.792598843575,0.002055037301,0.202244818211,0.000386987202,0.001797923236,0.000446285005
seed_2700721,2700721,syn-v2-700-contamination-0038,contamination,mild,surface_spot,0.526336431503,0.004000697751,0.526336431503,0.002939058235,0.423949211836,0.014810759574,0.026911830530,0.001052009407
seed_2700721,2700721,syn-v2-700-contamination-0087,contamination,mild,contamination,0.999036908150,0.000168784449,0.000237737695,0.000195237735,0.999036908150,0.000151136031,0.000108419292,0.000101804268
seed_2700721,2700721,syn-v2-700-contamination-0080,contamination,mild,contamination,0.999561488628,0.000005007854,0.000164360652,0.000046324738,0.999561488628,0.000027267213,0.000013488456,0.000182021424
seed_2700721,2700721,syn-v2-700-contamination-0082,contamination,mild,contamination,0.999554336071,0.000001928520,0.000055815482,0.000010247018,0.999554336071,0.000007603232,0.000003426542,0.000366660184
seed_2700721,2700721,syn-v2-700-contamination-0000,contamination,mild,contamination,0.999231457710,0.000013499713,0.000426879822,0.000082367005,0.999231457710,0.000006547219,0.000065558823,0.000173648921
seed_2700721,2700721,syn-v2-700-contamination-0074,contamination,mild,contamination,0.993608593941,0.000423357968,0.004536641762,0.000607626338,0.993608593941,0.000392082060,0.000358048361,0.000073649040
seed_2700721,2700721,syn-v2-700-contamination-0043,contamination,mild,contamination,0.999764144421,0.000006382464,0.000078433324,0.000031256423,0.999764144421,0.000101588194,0.000004238800,0.000013956852
seed_2700721,2700721,syn-v2-700-contamination-0063,contamination,mild,contamination,0.988394618034,0.000827546988,0.003639857750,0.003389543155,0.988394618034,0.001881219912,0.000983049395,0.000884168316
seed_2700721,2700721,syn-v2-700-contamination-0024,contamination,mild,contamination,0.999898195267,0.000002619264,0.000031116033,0.000004062030,0.999898195267,0.000009246271,0.000000582318,0.000054124881
seed_2700721,2700721,syn-v2-700-contamination-0009,contamination,mild,contamination,0.999823629856,0.000012567934,0.000087143300,0.000042319567,0.999823629856,0.000014754009,0.000009955813,0.000009597586
seed_2700721,2700721,syn-v2-700-contamination-0058,contamination,mild,contamination,0.999186575413,0.000111059526,0.000071706098,0.000177676004,0.999186575413,0.000103046281,0.000223812167,0.000126129889
seed_2700721,2700721,syn-v2-700-contamination-0070,contamination,mild,contamination,0.782870292664,0.001311152824,0.191295310855,0.001080260379,0.782870292664,0.006958474871,0.015131453052,0.001353051863
seed_2700721,2700721,syn-v2-700-contamination-0068,contamination,moderate,surface_spot,0.795699715614,0.001378044020,0.795699715614,0.016047980636,0.163801386952,0.004211600404,0.015577659011,0.003283640603
seed_2700721,2700721,syn-v2-700-contamination-0092,contamination,moderate,contamination,0.960121214390,0.001130261226,0.033178348094,0.001469009090,0.960121214390,0.001066817553,0.001077383873,0.001956989989
seed_2700721,2700721,syn-v2-700-contamination-0010,contamination,moderate,contamination,0.999994754791,0.000000144247,0.000002468029,0.000000870958,0.999994754791,0.000000332694,0.000000087653,0.000001350008
seed_2700721,2700721,syn-v2-700-contamination-0091,contamination,moderate,contamination,0.806461632252,0.002277221298,0.156469851732,0.010794180445,0.806461632252,0.001738438616,0.014806273393,0.007452407386
seed_2700721,2700721,syn-v2-700-contamination-0048,contamination,moderate,contamination,0.999478995800,0.000009149067,0.000127426931,0.000111605885,0.999478995800,0.000186691614,0.000029587030,0.000056555229
seed_2700721,2700721,syn-v2-700-contamination-0071,contamination,moderate,contamination,0.998083472252,0.000082827071,0.000074552372,0.001589316991,0.998083472252,0.000095716445,0.000015466749,0.000058626971
seed_2700721,2700721,syn-v2-700-contamination-0066,contamination,moderate,contamination,0.999723970890,0.000006592818,0.000042988118,0.000120660115,0.999723970890,0.000017297343,0.000008385390,0.000080067657
seed_2700721,2700721,syn-v2-700-contamination-0079,contamination,moderate,contamination,0.999968290329,0.000001098192,0.000009692277,0.000009224863,0.999968290329,0.000006505499,0.000000485030,0.000004716914
seed_2700721,2700721,syn-v2-700-contamination-0046,contamination,moderate,contamination,0.998629927635,0.000047600064,0.000789687096,0.000211361534,0.998629927635,0.000039126004,0.000053534070,0.000228754376
seed_2700721,2700721,syn-v2-700-contamination-0017,contamination,moderate,contamination,0.999961733818,0.000006869684,0.000003609482,0.000015266502,0.999961733818,0.000001951743,0.000006765172,0.000003826670
seed_2700721,2700721,syn-v2-700-contamination-0053,contamination,moderate,contamination,0.999937534332,0.000001645484,0.000029439461,0.000005493360,0.999937534332,0.000009712605,0.000001727348,0.000014539633
seed_2700721,2700721,syn-v2-700-contamination-0041,contamination,moderate,contamination,0.999693989754,0.000046076460,0.000085766420,0.000079038269,0.999693989754,0.000016829325,0.000013492277,0.000064785534
seed_2700721,2700721,syn-v2-700-contamination-0094,contamination,moderate,contamination,0.999796092510,0.000028916827,0.000101917591,0.000024632112,0.999796092510,0.000009459512,0.000019740073,0.000019179575
seed_2700721,2700721,syn-v2-700-contamination-0031,contamination,moderate,contamination,0.999760448933,0.000046079826,0.000048056023,0.000091102258,0.999760448933,0.000026651798,0.000012764168,0.000014916948
seed_2700721,2700721,syn-v2-700-contamination-0069,contamination,moderate,contamination,0.999433696270,0.000011395568,0.000122539510,0.000080931510,0.999433696270,0.000056113906,0.000003126319,0.000292199751
seed_2700721,2700721,syn-v2-700-contamination-0059,contamination,moderate,contamination,0.676036655903,0.000644189306,0.036706890911,0.003692520084,0.676036655903,0.007031119894,0.177179962397,0.098708689213
seed_2700721,2700721,syn-v2-700-contamination-0097,contamination,moderate,contamination,0.999805152416,0.000005465811,0.000096039963,0.000022950559,0.999805152416,0.000022965622,0.000003160809,0.000044333850
seed_2700721,2700721,syn-v2-700-contamination-0025,contamination,moderate,contamination,0.999971508980,0.000000819341,0.000012786370,0.000004221805,0.999971508980,0.000003653016,0.000000485346,0.000006567226
seed_2700721,2700721,syn-v2-700-contamination-0033,contamination,moderate,contamination,0.999671459198,0.000037438585,0.000065191445,0.000151598666,0.999671459198,0.000029220697,0.000018655446,0.000026367172
seed_2700721,2700721,syn-v2-700-contamination-0089,contamination,moderate,contamination,0.997209727764,0.000349067239,0.000878298481,0.000686226645,0.997209727764,0.000247057615,0.000087143810,0.000542575610
seed_2700721,2700721,syn-v2-700-contamination-0065,contamination,moderate,contamination,0.997952222824,0.000020063011,0.000577659346,0.000078888515,0.997952222824,0.000095904048,0.000016251426,0.001259071752
seed_2700721,2700721,syn-v2-700-contamination-0004,contamination,moderate,contamination,0.516839742661,0.114547304809,0.147797346115,0.087779201567,0.516839742661,0.049277890474,0.074249841273,0.009508698247
seed_2700721,2700721,syn-v2-700-contamination-0013,contamination,moderate,contamination,0.402047365904,0.241681829095,0.041298925877,0.101601332426,0.402047365904,0.055861122906,0.148458749056,0.009050701745
seed_2700721,2700721,syn-v2-700-contamination-0005,contamination,moderate,contamination,0.973343908787,0.000147528597,0.023884687573,0.000575375569,0.973343908787,0.000885832007,0.000450796011,0.000711922068
seed_2700721,2700721,syn-v2-700-contamination-0076,contamination,moderate,contamination,0.999811112881,0.000030682819,0.000040513994,0.000088246728,0.999811112881,0.000003830325,0.000007171202,0.000018512183
seed_2700721,2700721,syn-v2-700-contamination-0098,contamination,moderate,contamination,0.999797046185,0.000009821628,0.000102360595,0.000045687815,0.999797046185,0.000008995812,0.000007110948,0.000028991684
seed_2700721,2700721,syn-v2-700-contamination-0026,contamination,moderate,contamination,0.999478280544,0.000023553841,0.000164790035,0.000092862414,0.999478280544,0.000035578742,0.000003168263,0.000201728253
seed_2700721,2700721,syn-v2-700-contamination-0055,contamination,moderate,contamination,0.999895334244,0.000003285281,0.000036549696,0.000014353419,0.999895334244,0.000025600259,0.000001160922,0.000023777673
seed_2700721,2700721,syn-v2-700-contamination-0040,contamination,moderate,contamination,0.998505115509,0.000107831489,0.001036070753,0.000079466670,0.998505115509,0.000049033035,0.000074735297,0.000147749568
seed_2700721,2700721,syn-v2-700-contamination-0037,contamination,severe,contamination,0.999575912952,0.000004455710,0.000051852516,0.000072151881,0.999575912952,0.000242236594,0.000006041986,0.000047310918
seed_2700721,2700721,syn-v2-700-contamination-0049,contamination,severe,contamination,0.979697406292,0.000301576423,0.005007504020,0.002812054940,0.979697406292,0.002793882973,0.003902048804,0.005485458765
seed_2700721,2700721,syn-v2-700-contamination-0093,contamination,severe,contamination,0.998823821545,0.000003585279,0.001016327529,0.000044604345,0.998823821545,0.000006699262,0.000040263287,0.000064622131
seed_2700721,2700721,syn-v2-700-contamination-0021,contamination,severe,contamination,0.999967098236,0.000000997370,0.000013607938,0.000003992585,0.999967098236,0.000006141052,0.000000211419,0.000007917193
seed_2700721,2700721,syn-v2-700-contamination-0032,contamination,severe,contamination,0.727010667324,0.000729000021,0.019656427205,0.007745573297,0.727010667324,0.036827489734,0.045173089951,0.162857741117
seed_2700721,2700721,syn-v2-700-contamination-0027,contamination,severe,contamination,0.999921321869,0.000002745846,0.000038596343,0.000011516373,0.999921321869,0.000016789912,0.000000689482,0.000008266298
seed_2700721,2700721,syn-v2-700-contamination-0095,contamination,severe,contamination,0.999996304512,0.000000153136,0.000000618896,0.000002295104,0.999996304512,0.000000145403,0.000000043294,0.000000378755
seed_2700721,2700721,syn-v2-700-contamination-0029,contamination,severe,contamination,0.997490763664,0.000041128209,0.001424821909,0.000359858561,0.997490763664,0.000335020974,0.000022768414,0.000325630157
seed_2700721,2700721,syn-v2-700-contamination-0047,contamination,severe,contamination,0.998594820499,0.000039838731,0.000335670658,0.000137445648,0.998594820499,0.000234751598,0.000034871984,0.000622500724
seed_2700721,2700721,syn-v2-700-contamination-0001,contamination,severe,contamination,0.999603450298,0.000007122112,0.000226021541,0.000012009656,0.999603450298,0.000013255157,0.000002518292,0.000135637049
seed_2700721,2700721,syn-v2-700-contamination-0016,contamination,severe,contamination,0.999983072281,0.000001399250,0.000003111112,0.000007720658,0.999983072281,0.000001513438,0.000000217162,0.000003006302
seed_2700721,2700721,syn-v2-700-contamination-0036,contamination,severe,contamination,0.999831914902,0.000003975022,0.000139729877,0.000018241592,0.999831914902,0.000001217850,0.000000962653,0.000003945473
seed_2700721,2700721,syn-v2-700-contamination-0018,contamination,severe,contamination,0.995446622372,0.000045111781,0.003714890685,0.000295570091,0.995446622372,0.000152721244,0.000072979718,0.000272055477
seed_2700721,2700721,syn-v2-700-contamination-0060,contamination,severe,contamination,0.999979257584,0.000001510185,0.000011521478,0.000003061206,0.999979257584,0.000001924056,0.000000328351,0.000002479144
seed_2700721,2700721,syn-v2-700-lead_breakage-0001,lead_breakage,mild,lead_breakage,0.999971508980,0.000000627470,0.000006768413,0.000001259404,0.000009934464,0.999971508980,0.000004744594,0.000005138374
seed_2700721,2700721,syn-v2-700-lead_breakage-0038,lead_breakage,mild,lead_breakage,0.999847173691,0.000010090694,0.000093136819,0.000002768742,0.000013206713,0.999847173691,0.000010065043,0.000023495042
seed_2700721,2700721,syn-v2-700-lead_breakage-0016,lead_breakage,mild,lead_breakage,0.999815762043,0.000034896046,0.000039986156,0.000018421360,0.000020738633,0.999815762043,0.000011888803,0.000058297097
seed_2700721,2700721,syn-v2-700-lead_breakage-0040,lead_breakage,mild,lead_breakage,0.999961614609,0.000003283980,0.000012233762,0.000000819925,0.000005244067,0.999961614609,0.000006136341,0.000010576489
seed_2700721,2700721,syn-v2-700-lead_breakage-0091,lead_breakage,mild,lead_breakage,0.999970793724,0.000001639627,0.000010838426,0.000001585212,0.000009568829,0.999970793724,0.000001025546,0.000004515578
seed_2700721,2700721,syn-v2-700-lead_breakage-0033,lead_breakage,mild,lead_breakage,0.999896764755,0.000006334451,0.000048921753,0.000003088826,0.000013528696,0.999896764755,0.000008922952,0.000022401944
seed_2700721,2700721,syn-v2-700-lead_breakage-0048,lead_breakage,mild,lead_breakage,0.999861717224,0.000005111946,0.000085312284,0.000002388698,0.000005422155,0.999861717224,0.000011803691,0.000028249580
seed_2700721,2700721,syn-v2-700-lead_breakage-0079,lead_breakage,mild,lead_breakage,0.999911069870,0.000014515475,0.000008841565,0.000003905867,0.000008083773,0.999911069870,0.000030379249,0.000023174769
seed_2700721,2700721,syn-v2-700-lead_breakage-0075,lead_breakage,mild,lead_breakage,0.999703586102,0.000062247585,0.000049899136,0.000005475017,0.000081692458,0.999703586102,0.000011841994,0.000085171894
seed_2700721,2700721,syn-v2-700-lead_breakage-0011,lead_breakage,mild,lead_breakage,0.999431788921,0.000035053185,0.000149472195,0.000023997800,0.000072859788,0.999431788921,0.000194026303,0.000092778340
seed_2700721,2700721,syn-v2-700-lead_breakage-0007,lead_breakage,mild,lead_breakage,0.988402664661,0.000773415552,0.006649897434,0.000133338617,0.000237701563,0.988402664661,0.002674150513,0.001128854230
seed_2700721,2700721,syn-v2-700-lead_breakage-0015,lead_breakage,mild,lead_breakage,0.996706545353,0.000515276159,0.000368750974,0.000355031108,0.000354958960,0.996706545353,0.000349768583,0.001349668950
seed_2700721,2700721,syn-v2-700-lead_breakage-0032,lead_breakage,mild,lead_breakage,0.999807894230,0.000018695326,0.000037452301,0.000006246659,0.000011288575,0.999807894230,0.000058882491,0.000059490390
seed_2700721,2700721,syn-v2-700-lead_breakage-0066,lead_breakage,mild,lead_breakage,0.999891996384,0.000002721873,0.000058897440,0.000001489097,0.000002809759,0.999891996384,0.000031631927,0.000010427155
seed_2700721,2700721,syn-v2-700-lead_breakage-0028,lead_breakage,mild,lead_breakage,0.999926686287,0.000006127927,0.000020530266,0.000012699335,0.000004782869,0.999926686287,0.000011182537,0.000018084389
seed_2700721,2700721,syn-v2-700-lead_breakage-0080,lead_breakage,mild,lead_breakage,0.999578416348,0.000011814747,0.000186301448,0.000007818513,0.000011832845,0.999578416348,0.000166691185,0.000037074344
seed_2700721,2700721,syn-v2-700-lead_breakage-0065,lead_breakage,mild,lead_breakage,0.977434754372,0.001355879707,0.005261677783,0.000149669126,0.000314350211,0.977434754372,0.012892864645,0.002590741962
seed_2700721,2700721,syn-v2-700-lead_breakage-0064,lead_breakage,mild,lead_breakage,0.999667525291,0.000036404566,0.000172706947,0.000009356263,0.000013060266,0.999667525291,0.000053123233,0.000047848520
seed_2700721,2700721,syn-v2-700-lead_breakage-0035,lead_breakage,mild,lead_breakage,0.999977827072,0.000001761999,0.000003359841,0.000001545828,0.000003606890,0.999977827072,0.000004854523,0.000007042875
seed_2700721,2700721,syn-v2-700-lead_breakage-0090,lead_breakage,mild,lead_breakage,0.994332671165,0.000113949696,0.004518426489,0.000086120453,0.000268618052,0.994332671165,0.000104444327,0.000575810147
seed_2700721,2700721,syn-v2-700-lead_breakage-0061,lead_breakage,mild,lead_breakage,0.999808251858,0.000008186725,0.000025516254,0.000031667547,0.000067782210,0.999808251858,0.000026621292,0.000031943691
seed_2700721,2700721,syn-v2-700-lead_breakage-0086,lead_breakage,mild,lead_breakage,0.999913692474,0.000001746455,0.000012558296,0.000002287601,0.000003893578,0.999913692474,0.000042363237,0.000023517721
seed_2700721,2700721,syn-v2-700-lead_breakage-0058,lead_breakage,mild,lead_breakage,0.997783839703,0.000134436748,0.001157012302,0.000012289445,0.000025891068,0.997783839703,0.000721982331,0.000164603232
seed_2700721,2700721,syn-v2-700-lead_breakage-0036,lead_breakage,mild,lead_breakage,0.999856591225,0.000021815820,0.000066582703,0.000005337149,0.000008616371,0.999856591225,0.000017624430,0.000023411209
seed_2700721,2700721,syn-v2-700-lead_breakage-0094,lead_breakage,mild,lead_breakage,0.997292578220,0.001006760518,0.000724012323,0.000070038055,0.000152220993,0.997292578220,0.000302571774,0.000451840577
seed_2700721,2700721,syn-v2-700-lead_breakage-0055,lead_breakage,mild,lead_breakage,0.999921083450,0.000012059894,0.000030378191,0.000001804653,0.000007487530,0.999921083450,0.000020897329,0.000006268403
seed_2700721,2700721,syn-v2-700-lead_breakage-0021,lead_breakage,mild,lead_breakage,0.999968171120,0.000001277126,0.000009486374,0.000001053559,0.000006512053,0.999968171120,0.000003536445,0.000009940942
seed_2700721,2700721,syn-v2-700-lead_breakage-0027,lead_breakage,mild,lead_breakage,0.999576985836,0.000015701193,0.000243141360,0.000010753650,0.000009782965,0.999576985836,0.000070751150,0.000072846051
seed_2700721,2700721,syn-v2-700-lead_breakage-0098,lead_breakage,mild,lead_breakage,0.999664068222,0.000006921614,0.000041382689,0.000008484689,0.000023632772,0.999664068222,0.000217440465,0.000038136175
seed_2700721,2700721,syn-v2-700-lead_breakage-0004,lead_breakage,moderate,lead_breakage,0.999960064888,0.000002043088,0.000018088977,0.000001649309,0.000012606325,0.999960064888,0.000001473838,0.000004072087
seed_2700721,2700721,syn-v2-700-lead_breakage-0070,lead_breakage,moderate,lead_breakage,0.999904990196,0.000021234131,0.000002976497,0.000007674133,0.000033750668,0.999904990196,0.000006136742,0.000023235949
seed_2700721,2700721,syn-v2-700-lead_breakage-0084,lead_breakage,moderate,lead_breakage,0.999776542187,0.000037330672,0.000073798656,0.000008481623,0.000014169043,0.999776542187,0.000030955624,0.000058754322
seed_2700721,2700721,syn-v2-700-lead_breakage-0023,lead_breakage,moderate,lead_breakage,0.997559309006,0.000204108088,0.001729476382,0.000057574623,0.000220296875,0.997559309006,0.000015396039,0.000213942199
seed_2700721,2700721,syn-v2-700-lead_breakage-0045,lead_breakage,moderate,lead_breakage,0.999558746815,0.000011105815,0.000069934737,0.000036364661,0.000072159106,0.999558746815,0.000208294106,0.000043390308
seed_2700721,2700721,syn-v2-700-lead_breakage-0054,lead_breakage,moderate,lead_breakage,0.999396443367,0.000127403298,0.000323801010,0.000009595014,0.000033875742,0.999396443367,0.000018485493,0.000090473593
seed_2700721,2700721,syn-v2-700-lead_breakage-0009,lead_breakage,moderate,lead_breakage,0.999522089958,0.000065279935,0.000172851665,0.000040051957,0.000089723202,0.999522089958,0.000051521980,0.000058465132
seed_2700721,2700721,syn-v2-700-lead_breakage-0062,lead_breakage,moderate,lead_breakage,0.999972701073,0.000003065004,0.000009675467,0.000000968154,0.000005158029,0.999972701073,0.000000702389,0.000007780685
seed_2700721,2700721,syn-v2-700-lead_breakage-0003,lead_breakage,moderate,lead_breakage,0.998271226883,0.000229626341,0.000843754620,0.000033629101,0.000075930773,0.998271226883,0.000228475590,0.000317273807
seed_2700721,2700721,syn-v2-700-lead_breakage-0013,lead_breakage,moderate,lead_breakage,0.999894499779,0.000004450487,0.000038174989,0.000015004217,0.000018330384,0.999894499779,0.000017797840,0.000011785225
seed_2700721,2700721,syn-v2-700-lead_breakage-0002,lead_breakage,moderate,lead_breakage,0.999648809433,0.000159437637,0.000032074520,0.000008704465,0.000031529584,0.999648809433,0.000075773576,0.000043627875
seed_2700721,2700721,syn-v2-700-lead_breakage-0024,lead_breakage,moderate,lead_breakage,0.999871850014,0.000013613910,0.000024356228,0.000006537809,0.000028889361,0.999871850014,0.000031884301,0.000022890707
seed_2700721,2700721,syn-v2-700-lead_breakage-0047,lead_breakage,moderate,lead_breakage,0.999518752098,0.000038292543,0.000224352727,0.000028582119,0.000029349218,0.999518752098,0.000092402901,0.000068274974
seed_2700721,2700721,syn-v2-700-lead_breakage-0043,lead_breakage,moderate,lead_breakage,0.996053695679,0.000243029266,0.000373609713,0.000058280315,0.000166092766,0.996053695679,0.002962909872,0.000142380130
seed_2700721,2700721,syn-v2-700-lead_breakage-0095,lead_breakage,moderate,lead_breakage,0.999819576740,0.000041494965,0.000048434918,0.000017401666,0.000031481213,0.999819576740,0.000013090736,0.000028574530
seed_2700721,2700721,syn-v2-700-lead_breakage-0041,lead_breakage,moderate,lead_breakage,0.999855637550,0.000009124262,0.000071260249,0.000013456162,0.000014437786,0.999855637550,0.000018576342,0.000017359895
seed_2700721,2700721,syn-v2-700-lead_breakage-0030,lead_breakage,moderate,lead_breakage,0.999731242657,0.000005467482,0.000064170570,0.000034943449,0.000047860969,0.999731242657,0.000078588644,0.000037791127
seed_2700721,2700721,syn-v2-700-lead_breakage-0087,lead_breakage,moderate,lead_breakage,0.999728143215,0.000022100259,0.000043079486,0.000010093689,0.000038993192,0.999728143215,0.000043044951,0.000114601673
seed_2700721,2700721,syn-v2-700-lead_breakage-0050,lead_breakage,moderate,lead_breakage,0.999897122383,0.000022061580,0.000026597038,0.000004888238,0.000008920369,0.999897122383,0.000029142850,0.000011289024
seed_2700721,2700721,syn-v2-700-lead_breakage-0044,lead_breakage,moderate,lead_breakage,0.999818384647,0.000023019473,0.000023532195,0.000016965161,0.000076536220,0.999818384647,0.000018718822,0.000022899789
seed_2700721,2700721,syn-v2-700-lead_breakage-0052,lead_breakage,moderate,lead_breakage,0.999840021133,0.000019618928,0.000030730596,0.000004102722,0.000034150980,0.999840021133,0.000005841218,0.000065549219
seed_2700721,2700721,syn-v2-700-lead_breakage-0000,lead_breakage,moderate,lead_breakage,0.996507108212,0.000103352089,0.002217222936,0.000025578509,0.000054126162,0.996507108212,0.000904589018,0.000187998652
seed_2700721,2700721,syn-v2-700-lead_breakage-0026,lead_breakage,moderate,lead_breakage,0.999924659729,0.000005535672,0.000013968347,0.000008580188,0.000008230377,0.999924659729,0.000023558454,0.000015533396
seed_2700721,2700721,syn-v2-700-lead_breakage-0037,lead_breakage,moderate,lead_breakage,0.999900579453,0.000004922513,0.000010883747,0.000006671037,0.000030157616,0.999900579453,0.000024931873,0.000021952021
seed_2700721,2700721,syn-v2-700-lead_breakage-0074,lead_breakage,moderate,lead_breakage,0.999791085720,0.000019460251,0.000032116950,0.000009793052,0.000035154084,0.999791085720,0.000041982901,0.000070474482
seed_2700721,2700721,syn-v2-700-lead_breakage-0096,lead_breakage,moderate,lead_breakage,0.999952793121,0.000010877631,0.000013643230,0.000001887916,0.000007177721,0.999952793121,0.000001832286,0.000011864086
seed_2700721,2700721,syn-v2-700-lead_breakage-0042,lead_breakage,moderate,lead_breakage,0.999591410160,0.000022715860,0.000165486359,0.000031923821,0.000040903680,0.999591410160,0.000089471629,0.000058064485
seed_2700721,2700721,syn-v2-700-lead_breakage-0049,lead_breakage,moderate,lead_breakage,0.999602615833,0.000049649359,0.000059184003,0.000014434600,0.000055012675,0.999602615833,0.000181165742,0.000037914735
seed_2700721,2700721,syn-v2-700-lead_breakage-0077,lead_breakage,moderate,lead_breakage,0.999597132206,0.000027063748,0.000203760879,0.000014212796,0.000015852645,0.999597132206,0.000101935402,0.000040081060
seed_2700721,2700721,syn-v2-700-lead_breakage-0071,lead_breakage,severe,lead_breakage,0.999801576138,0.000027411807,0.000042431788,0.000008379677,0.000054721047,0.999801576138,0.000049851267,0.000015646105
seed_2700721,2700721,syn-v2-700-lead_breakage-0034,lead_breakage,severe,lead_breakage,0.999938488007,0.000003125372,0.000019219882,0.000002317000,0.000013055212,0.999938488007,0.000001122340,0.000022766326
seed_2700721,2700721,syn-v2-700-lead_breakage-0039,lead_breakage,severe,lead_breakage,0.999613344669,0.000085658721,0.000089692978,0.000012930435,0.000020891934,0.999613344669,0.000115443079,0.000062023246
seed_2700721,2700721,syn-v2-700-lead_breakage-0006,lead_breakage,severe,lead_breakage,0.999866962433,0.000011593211,0.000044188935,0.000010821303,0.000013419688,0.999866962433,0.000014682948,0.000038337825
seed_2700721,2700721,syn-v2-700-lead_breakage-0031,lead_breakage,severe,lead_breakage,0.999629855156,0.000120842436,0.000070812268,0.000023087787,0.000040405295,0.999629855156,0.000023987270,0.000090896756
seed_2700721,2700721,syn-v2-700-lead_breakage-0019,lead_breakage,severe,lead_breakage,0.999731600285,0.000027589640,0.000104132640,0.000034441004,0.000036541584,0.999731600285,0.000013356311,0.000052297506
seed_2700721,2700721,syn-v2-700-lead_breakage-0022,lead_breakage,severe,lead_breakage,0.999975562096,0.000006379006,0.000005242880,0.000000842554,0.000002602585,0.999975562096,0.000000411468,0.000008874322
seed_2700721,2700721,syn-v2-700-lead_breakage-0078,lead_breakage,severe,lead_breakage,0.999918699265,0.000003291599,0.000016611424,0.000009505310,0.000009811522,0.999918699265,0.000033030909,0.000008984578
seed_2700721,2700721,syn-v2-700-lead_breakage-0083,lead_breakage,severe,lead_breakage,0.997763514519,0.000169256178,0.000803769100,0.000113907954,0.000206153869,0.997763514519,0.000736302347,0.000207069519
seed_2700721,2700721,syn-v2-700-lead_breakage-0063,lead_breakage,severe,lead_breakage,0.995245754719,0.000202610361,0.002940441482,0.000035769197,0.000058507700,0.995245754719,0.001401603338,0.000115301307
seed_2700721,2700721,syn-v2-700-lead_breakage-0025,lead_breakage,severe,lead_breakage,0.999931454659,0.000004964511,0.000011231037,0.000009683975,0.000019718416,0.999931454659,0.000002592927,0.000020385191
seed_2700721,2700721,syn-v2-700-lead_breakage-0005,lead_breakage,severe,lead_breakage,0.999971866608,0.000000327702,0.000007993631,0.000003171107,0.000007005862,0.999971866608,0.000002161056,0.000007380769
seed_2700721,2700721,syn-v2-700-lead_breakage-0081,lead_breakage,severe,lead_breakage,0.998895883560,0.000257310108,0.000562280708,0.000033990971,0.000084656334,0.998895883560,0.000066355889,0.000099536206
seed_2700721,2700721,syn-v2-700-lead_breakage-0097,lead_breakage,severe,lead_breakage,0.998562514782,0.000143833575,0.000582275796,0.000075149626,0.000118078919,0.998562514782,0.000428411091,0.000089845555
seed_2700721,2700721,syn-v2-700-body_chip-0038,body_chip,mild,body_chip,0.881534278393,0.001090288162,0.007509937976,0.000214854124,0.000600712490,0.108354538679,0.881534278393,0.000695432303
seed_2700721,2700721,syn-v2-700-body_chip-0040,body_chip,mild,body_chip,0.999973893166,0.000000354526,0.000002542173,0.000000308960,0.000002579103,0.000016070337,0.999973893166,0.000004234303
seed_2700721,2700721,syn-v2-700-body_chip-0089,body_chip,mild,body_chip,0.999980807304,0.000000756304,0.000005509547,0.000000060136,0.000000268730,0.000010169450,0.999980807304,0.000002482533
seed_2700721,2700721,syn-v2-700-body_chip-0068,body_chip,mild,body_chip,0.992931842804,0.000521866081,0.001992892707,0.000033715081,0.000070811147,0.004041736014,0.992931842804,0.000407063344
seed_2700721,2700721,syn-v2-700-body_chip-0093,body_chip,mild,body_chip,0.998764872551,0.000084334621,0.000265004579,0.000026009375,0.000031255990,0.000683338789,0.998764872551,0.000145164406
seed_2700721,2700721,syn-v2-700-body_chip-0003,body_chip,mild,body_chip,0.996838212013,0.000033261083,0.000455630128,0.000034027744,0.000054473079,0.002463737037,0.996838212013,0.000120772347
seed_2700721,2700721,syn-v2-700-body_chip-0010,body_chip,mild,body_chip,0.764199316502,0.012710693292,0.046747989953,0.002788140206,0.001216363162,0.169287443161,0.764199316502,0.003050086088
seed_2700721,2700721,syn-v2-700-body_chip-0061,body_chip,mild,body_chip,0.998843908310,0.000164635654,0.000198568436,0.000020348110,0.000059907343,0.000580795575,0.998843908310,0.000131763285
seed_2700721,2700721,syn-v2-700-body_chip-0023,body_chip,mild,body_chip,0.916750609875,0.007935706526,0.006110466551,0.000286943483,0.000630557304,0.066474489868,0.916750609875,0.001811260474
seed_2700721,2700721,syn-v2-700-body_chip-0009,body_chip,mild,body_chip,0.999702274799,0.000067620589,0.000035435100,0.000007728006,0.000013425644,0.000136250368,0.999702274799,0.000037265476
seed_2700721,2700721,syn-v2-700-body_chip-0042,body_chip,mild,body_chip,0.986383318901,0.000357755227,0.001256578136,0.000043360673,0.000389181572,0.011075979099,0.986383318901,0.000493893109
seed_2700721,2700721,syn-v2-700-body_chip-0044,body_chip,mild,body_chip,0.997342765331,0.000050850744,0.000363486848,0.000024877108,0.000058276764,0.002020766260,0.997342765331,0.000138999967
seed_2700721,2700721,syn-v2-700-body_chip-0024,body_chip,mild,body_chip,0.736634194851,0.000710381777,0.004092481919,0.000541961053,0.000693169830,0.256797075272,0.736634194851,0.000530712015
seed_2700721,2700721,syn-v2-700-body_chip-0092,body_chip,mild,body_chip,0.990321576595,0.000276164123,0.001222904189,0.000028303513,0.000298978499,0.007642298937,0.990321576595,0.000209700447
seed_2700721,2700721,syn-v2-700-body_chip-0032,body_chip,mild,body_chip,0.999424576759,0.000005267800,0.000233925573,0.000005290081,0.000016095471,0.000240840265,0.999424576759,0.000074050680
seed_2700721,2700721,syn-v2-700-body_chip-0037,body_chip,mild,body_chip,0.996560037136,0.000490500592,0.000222768096,0.000063983061,0.000243227012,0.001937197987,0.996560037136,0.000482371397
seed_2700721,2700721,syn-v2-700-body_chip-0043,body_chip,mild,body_chip,0.963254332542,0.008774185553,0.001895127469,0.000444198464,0.000606710615,0.022696398199,0.963254332542,0.002329017734
seed_2700721,2700721,syn-v2-700-body_chip-0090,body_chip,mild,body_chip,0.995382249355,0.000106119791,0.000276919920,0.000056136374,0.000067017245,0.003898775904,0.995382249355,0.000212722560
seed_2700721,2700721,syn-v2-700-body_chip-0048,body_chip,mild,body_chip,0.999929904938,0.000002459807,0.000019699890,0.000000849385,0.000005402806,0.000021294687,0.999929904938,0.000020454094
seed_2700721,2700721,syn-v2-700-body_chip-0007,body_chip,mild,body_chip,0.999909043312,0.000001578609,0.000017139198,0.000000270658,0.000001776328,0.000055786582,0.999909043312,0.000014348689
seed_2700721,2700721,syn-v2-700-body_chip-0013,body_chip,mild,body_chip,0.998927772045,0.000198969545,0.000062962899,0.000133489375,0.000131383465,0.000366586784,0.998927772045,0.000178817543
seed_2700721,2700721,syn-v2-700-body_chip-0085,body_chip,mild,body_chip,0.999996900558,0.000000287686,0.000000517643,0.000000058081,0.000000306478,0.000001009535,0.999996900558,0.000000961795
seed_2700721,2700721,syn-v2-700-body_chip-0066,body_chip,mild,body_chip,0.441782385111,0.058352947235,0.127598285675,0.006482722703,0.005707416218,0.351861625910,0.441782385111,0.008214584552
seed_2700721,2700721,syn-v2-700-body_chip-0000,body_chip,mild,body_chip,0.999634146690,0.000012165696,0.000136706629,0.000021220889,0.000012709817,0.000127833191,0.999634146690,0.000055129276
seed_2700721,2700721,syn-v2-700-body_chip-0083,body_chip,mild,body_chip,0.998997867107,0.000187573954,0.000091918308,0.000020994919,0.000024942334,0.000453735149,0.998997867107,0.000223069103
seed_2700721,2700721,syn-v2-700-body_chip-0070,body_chip,mild,body_chip,0.929433763027,0.003647056641,0.002480000490,0.000088526023,0.000378420431,0.060454234481,0.929433763027,0.003518120386
seed_2700721,2700721,syn-v2-700-body_chip-0067,body_chip,mild,body_chip,0.998770415783,0.000075284806,0.000276953739,0.000007192703,0.000008455555,0.000728043902,0.998770415783,0.000133586524
seed_2700721,2700721,syn-v2-700-body_chip-0034,body_chip,mild,body_chip,0.982817649841,0.000498163165,0.002846040530,0.000152456239,0.000898337574,0.009662981145,0.982817649841,0.003124330658
seed_2700721,2700721,syn-v2-700-body_chip-0071,body_chip,mild,body_chip,0.691749393940,0.002413292648,0.019556922838,0.005063176155,0.000968368549,0.277817815542,0.691749393940,0.002431016415
seed_2700721,2700721,syn-v2-700-body_chip-0027,body_chip,moderate,body_chip,0.999989986420,0.000000318404,0.000001302291,0.000000137508,0.000000886721,0.000004835315,0.999989986420,0.000002572774
seed_2700721,2700721,syn-v2-700-body_chip-0076,body_chip,moderate,body_chip,0.999937653542,0.000003846742,0.000014911356,0.000001581632,0.000003392058,0.000028146787,0.999937653542,0.000010507020
seed_2700721,2700721,syn-v2-700-body_chip-0031,body_chip,moderate,body_chip,0.999992609024,0.000000269302,0.000004230923,0.000000052153,0.000000260428,0.000001327389,0.999992609024,0.000001297125
seed_2700721,2700721,syn-v2-700-body_chip-0002,body_chip,moderate,body_chip,0.999978780746,0.000001680171,0.000007958862,0.000000191340,0.000001122278,0.000007299347,0.999978780746,0.000003025052
seed_2700721,2700721,syn-v2-700-body_chip-0001,body_chip,moderate,body_chip,0.999997735023,0.000000108580,0.000000682043,0.000000014612,0.000000195316,0.000000493109,0.999997735023,0.000000731615
seed_2700721,2700721,syn-v2-700-body_chip-0008,body_chip,moderate,body_chip,0.999723970890,0.000004059774,0.000069622518,0.000004125968,0.000015243088,0.000143097059,0.999723970890,0.000039888648
seed_2700721,2700721,syn-v2-700-body_chip-0057,body_chip,moderate,body_chip,0.976299583912,0.000786338118,0.004133037291,0.000099145080,0.000166990183,0.008703550324,0.976299583912,0.009811315686
seed_2700721,2700721,syn-v2-700-body_chip-0022,body_chip,moderate,body_chip,0.999823749065,0.000054340599,0.000069512564,0.000000519289,0.000004070589,0.000025237106,0.999823749065,0.000022699287
seed_2700721,2700721,syn-v2-700-body_chip-0082,body_chip,moderate,body_chip,0.999934077263,0.000003279582,0.000007855382,0.000001575808,0.000006809894,0.000020774642,0.999934077263,0.000025665591
seed_2700721,2700721,syn-v2-700-body_chip-0012,body_chip,moderate,body_chip,0.999707639217,0.000006317960,0.000224318952,0.000002616771,0.000003929415,0.000044841421,0.999707639217,0.000010300670
seed_2700721,2700721,syn-v2-700-body_chip-0052,body_chip,moderate,body_chip,0.980586290359,0.011903868988,0.002891423646,0.000510269019,0.000615476340,0.003120062873,0.980586290359,0.000372658978
seed_2700721,2700721,syn-v2-700-body_chip-0081,body_chip,moderate,body_chip,0.999752223492,0.000009309933,0.000063602194,0.000006160566,0.000018277575,0.000119244440,0.999752223492,0.000031140702
seed_2700721,2700721,syn-v2-700-body_chip-0084,body_chip,moderate,body_chip,0.999820649624,0.000001735022,0.000021883507,0.000002877873,0.000007538139,0.000017393921,0.999820649624,0.000127944251
seed_2700721,2700721,syn-v2-700-body_chip-0028,body_chip,moderate,body_chip,0.999954104424,0.000001612746,0.000004720379,0.000000183604,0.000005896857,0.000010881216,0.999954104424,0.000022654320
seed_2700721,2700721,syn-v2-700-body_chip-0069,body_chip,moderate,body_chip,0.999708712101,0.000005966467,0.000097467928,0.000002319016,0.000014350713,0.000150556996,0.999708712101,0.000020686972
seed_2700721,2700721,syn-v2-700-body_chip-0017,body_chip,moderate,body_chip,0.999855518341,0.000003457173,0.000048586415,0.000000290865,0.000003190843,0.000081066333,0.999855518341,0.000007843709
seed_2700721,2700721,syn-v2-700-body_chip-0021,body_chip,moderate,body_chip,0.997360289097,0.000521245180,0.000260536384,0.000113877992,0.000150243708,0.001482144697,0.997360289097,0.000111618647
seed_2700721,2700721,syn-v2-700-body_chip-0049,body_chip,moderate,body_chip,0.999113976955,0.000013641774,0.000365382963,0.000008381201,0.000026353951,0.000088264118,0.999113976955,0.000384025072
seed_2700721,2700721,syn-v2-700-body_chip-0036,body_chip,moderate,body_chip,0.999882936478,0.000007215164,0.000022460805,0.000001349997,0.000006810131,0.000041405729,0.999882936478,0.000037859128
seed_2700721,2700721,syn-v2-700-body_chip-0065,body_chip,moderate,body_chip,0.999936461449,0.000002885533,0.000021136628,0.000001583668,0.000004513283,0.000020225974,0.999936461449,0.000013164783
seed_2700721,2700721,syn-v2-700-body_chip-0078,body_chip,moderate,body_chip,0.999021649361,0.000042169238,0.000309932104,0.000011581334,0.000025606274,0.000442037563,0.999021649361,0.000147076498
seed_2700721,2700721,syn-v2-700-body_chip-0087,body_chip,moderate,body_chip,0.994679868221,0.000307838287,0.001283029676,0.000407557760,0.000593989796,0.000906148343,0.994679868221,0.001821670448
seed_2700721,2700721,syn-v2-700-body_chip-0015,body_chip,moderate,body_chip,0.999967932701,0.000000398624,0.000022784179,0.000000154815,0.000000462255,0.000006906367,0.999967932701,0.000001389142
seed_2700721,2700721,syn-v2-700-body_chip-0045,body_chip,moderate,body_chip,0.996053814888,0.000878761697,0.000714982976,0.000048344380,0.000402508886,0.000815265113,0.996053814888,0.001086365664
seed_2700721,2700721,syn-v2-700-body_chip-0077,body_chip,moderate,body_chip,0.999974966049,0.000001849202,0.000010057021,0.000000933981,0.000001324654,0.000006618567,0.999974966049,0.000004295557
seed_2700721,2700721,syn-v2-700-body_chip-0030,body_chip,moderate,body_chip,0.999838948250,0.000044237666,0.000045724213,0.000005622836,0.000005166170,0.000017111213,0.999838948250,0.000043114102
seed_2700721,2700721,syn-v2-700-body_chip-0056,body_chip,moderate,body_chip,0.997668921947,0.000056989349,0.000563668960,0.000026510525,0.000247856864,0.000724133977,0.997668921947,0.000711928937
seed_2700721,2700721,syn-v2-700-body_chip-0029,body_chip,moderate,body_chip,0.994402706623,0.001139602275,0.000921583036,0.000153953079,0.000137953306,0.001385523705,0.994402706623,0.001858672942
seed_2700721,2700721,syn-v2-700-body_chip-0014,body_chip,moderate,body_chip,0.991169452667,0.000537397515,0.002918092767,0.000054193944,0.000099327757,0.001464739442,0.991169452667,0.003756762715
seed_2700721,2700721,syn-v2-700-body_chip-0080,body_chip,severe,body_chip,0.999441325665,0.000036186833,0.000203123665,0.000007747187,0.000011483696,0.000273269194,0.999441325665,0.000026933787
seed_2700721,2700721,syn-v2-700-body_chip-0098,body_chip,severe,body_chip,0.986879050732,0.000325031986,0.004220890813,0.000228601333,0.000981774181,0.006647516042,0.986879050732,0.000717212446
seed_2700721,2700721,syn-v2-700-body_chip-0059,body_chip,severe,body_chip,0.999955058098,0.000000618224,0.000005013908,0.000000521873,0.000005824961,0.000024938106,0.999955058098,0.000007979086
seed_2700721,2700721,syn-v2-700-body_chip-0091,body_chip,severe,body_chip,0.998744964600,0.000005309504,0.000133210124,0.000078278230,0.000061612976,0.000787989411,0.998744964600,0.000188654929
seed_2700721,2700721,syn-v2-700-body_chip-0095,body_chip,severe,body_chip,0.999418973923,0.000148558072,0.000107277934,0.000005551567,0.000034183675,0.000041055791,0.999418973923,0.000244441530
seed_2700721,2700721,syn-v2-700-body_chip-0041,body_chip,severe,body_chip,0.999763190746,0.000006317756,0.000079199322,0.000001383081,0.000009656912,0.000106853797,0.999763190746,0.000033356006
seed_2700721,2700721,syn-v2-700-body_chip-0064,body_chip,severe,body_chip,0.999803364277,0.000005284017,0.000102357728,0.000000963075,0.000017210548,0.000044822496,0.999803364277,0.000026007931
seed_2700721,2700721,syn-v2-700-body_chip-0020,body_chip,severe,body_chip,0.995088636875,0.000428888481,0.000761076459,0.000041422245,0.000034691137,0.003522674087,0.995088636875,0.000122697515
seed_2700721,2700721,syn-v2-700-body_chip-0047,body_chip,severe,body_chip,0.999989151955,0.000000473490,0.000002958883,0.000000129001,0.000000366559,0.000001886917,0.999989151955,0.000005002716
seed_2700721,2700721,syn-v2-700-body_chip-0097,body_chip,severe,body_chip,0.999280631542,0.000018830831,0.000338049984,0.000008867529,0.000012737884,0.000058777452,0.999280631542,0.000282048917
seed_2700721,2700721,syn-v2-700-body_chip-0016,body_chip,severe,body_chip,0.999980568886,0.000000872299,0.000008322858,0.000000453923,0.000003457022,0.000002585542,0.999980568886,0.000003700039
seed_2700721,2700721,syn-v2-700-body_chip-0096,body_chip,severe,body_chip,0.998828828335,0.000236658132,0.000438103918,0.000005105409,0.000018764733,0.000426541374,0.998828828335,0.000046029123
seed_2700721,2700721,syn-v2-700-body_chip-0054,body_chip,severe,body_chip,0.999970555305,0.000002662380,0.000014346083,0.000001189166,0.000002497299,0.000004764413,0.999970555305,0.000004025794
seed_2700721,2700721,syn-v2-700-body_chip-0072,body_chip,severe,body_chip,0.999974727631,0.000004195669,0.000015646412,0.000000440515,0.000001709634,0.000001878871,0.999974727631,0.000001515760
seed_2700721,2700721,syn-v2-700-body_crack-0022,body_crack,mild,body_crack,0.999180138111,0.000045261422,0.000149533778,0.000021838328,0.000069831418,0.000179660070,0.000353800482,0.999180138111
seed_2700721,2700721,syn-v2-700-body_crack-0046,body_crack,mild,body_crack,0.999936938286,0.000015575342,0.000014125213,0.000004850677,0.000016903619,0.000006863547,0.000004787029,0.999936938286
seed_2700721,2700721,syn-v2-700-body_crack-0060,body_crack,mild,body_crack,0.999481618404,0.000100755395,0.000110682435,0.000034804663,0.000040159299,0.000160910116,0.000071081929,0.999481618404
seed_2700721,2700721,syn-v2-700-body_crack-0059,body_crack,mild,body_crack,0.972600340843,0.000572151621,0.000669769419,0.000626351102,0.000521932845,0.003529613139,0.021479938179,0.972600340843
seed_2700721,2700721,syn-v2-700-body_crack-0050,body_crack,mild,body_crack,0.999973654747,0.000004001783,0.000005942588,0.000000468044,0.000010524236,0.000003453594,0.000001874954,0.999973654747
seed_2700721,2700721,syn-v2-700-body_crack-0073,body_crack,mild,body_crack,0.999949574471,0.000020522473,0.000006960619,0.000002274176,0.000003798047,0.000011522675,0.000005360428,0.999949574471
seed_2700721,2700721,syn-v2-700-body_crack-0002,body_crack,mild,body_crack,0.999283850193,0.000100409554,0.000217082445,0.000044824887,0.000032850650,0.000056174929,0.000264884729,0.999283850193
seed_2700721,2700721,syn-v2-700-body_crack-0004,body_crack,mild,body_crack,0.991821706295,0.001090438454,0.000536801992,0.000189647792,0.000983795850,0.000658522244,0.004719129764,0.991821706295
seed_2700721,2700721,syn-v2-700-body_crack-0064,body_crack,mild,body_crack,0.999832034111,0.000013546050,0.000010916649,0.000004241826,0.000068715613,0.000058456215,0.000012000220,0.999832034111
seed_2700721,2700721,syn-v2-700-body_crack-0011,body_crack,mild,body_crack,0.998404562473,0.000438113551,0.000198242531,0.000046903333,0.000173124543,0.000272471982,0.000466673286,0.998404562473
seed_2700721,2700721,syn-v2-700-body_crack-0088,body_crack,mild,body_crack,0.999839425087,0.000093705850,0.000009277817,0.000013650025,0.000013986431,0.000026941665,0.000002905421,0.999839425087
seed_2700721,2700721,syn-v2-700-body_crack-0053,body_crack,mild,body_crack,0.889904022217,0.002439567121,0.005653424188,0.006543458439,0.006738485768,0.062889188528,0.025831982493,0.889904022217
seed_2700721,2700721,syn-v2-700-body_crack-0086,body_crack,mild,body_crack,0.999991059303,0.000002131530,0.000002628782,0.000000569998,0.000001909595,0.000001151560,0.000000442397,0.999991059303
seed_2700721,2700721,syn-v2-700-body_crack-0015,body_crack,mild,body_crack,0.999886631966,0.000042710632,0.000025121266,0.000008498881,0.000005832929,0.000022841630,0.000008368363,0.999886631966
seed_2700721,2700721,syn-v2-700-body_crack-0017,body_crack,mild,body_chip,0.824958860874,0.029504962265,0.035650297999,0.003956859466,0.001713701873,0.082388497889,0.824958860874,0.021826820448
seed_2700721,2700721,syn-v2-700-body_crack-0045,body_crack,mild,body_crack,0.999989628792,0.000005722139,0.000001508507,0.000000249822,0.000001198666,0.000001518072,0.000000125410,0.999989628792
seed_2700721,2700721,syn-v2-700-body_crack-0083,body_crack,mild,body_crack,0.999995350838,0.000000930745,0.000000298009,0.000000126359,0.000001729724,0.000000496099,0.000001114792,0.999995350838
seed_2700721,2700721,syn-v2-700-body_crack-0012,body_crack,mild,body_crack,0.999866008759,0.000050396910,0.000008056495,0.000001131913,0.000017096818,0.000050656534,0.000006633946,0.999866008759
seed_2700721,2700721,syn-v2-700-body_crack-0029,body_crack,mild,body_crack,0.999825298786,0.000039242910,0.000046547390,0.000008734342,0.000039845538,0.000020780622,0.000019577783,0.999825298786
seed_2700721,2700721,syn-v2-700-body_crack-0023,body_crack,mild,body_crack,0.999864578247,0.000032034484,0.000025519885,0.000020026642,0.000018721687,0.000025861687,0.000013223100,0.999864578247
seed_2700721,2700721,syn-v2-700-body_crack-0098,body_crack,mild,body_chip,0.439530909061,0.120169915259,0.009186344221,0.057420879602,0.051306463778,0.020291185006,0.439530909061,0.302094250917
seed_2700721,2700721,syn-v2-700-body_crack-0071,body_crack,mild,body_crack,0.999977111816,0.000013457924,0.000002939070,0.000000705135,0.000002304348,0.000002653219,0.000000846722,0.999977111816
seed_2700721,2700721,syn-v2-700-body_crack-0058,body_crack,mild,body_crack,0.997509121895,0.000256212894,0.000084291896,0.000159865507,0.001122592716,0.000092793554,0.000775103632,0.997509121895
seed_2700721,2700721,syn-v2-700-body_crack-0056,body_crack,mild,body_crack,0.999997258186,0.000000275304,0.000000568302,0.000000087090,0.000001298960,0.000000354690,0.000000119577,0.999997258186
seed_2700721,2700721,syn-v2-700-body_crack-0074,body_crack,mild,body_crack,0.999991536140,0.000004541615,0.000001457012,0.000000185818,0.000000481547,0.000001458317,0.000000369312,0.999991536140
seed_2700721,2700721,syn-v2-700-body_crack-0016,body_crack,mild,body_chip,0.713004410267,0.005729747005,0.009475800209,0.020904386416,0.005553934723,0.069777503610,0.713004410267,0.175554260612
seed_2700721,2700721,syn-v2-700-body_crack-0049,body_crack,mild,body_crack,0.997702181339,0.000479007052,0.000231396218,0.000259093416,0.000484388671,0.000736504153,0.000107519889,0.997702181339
seed_2700721,2700721,syn-v2-700-body_crack-0005,body_crack,mild,body_crack,0.999729335308,0.000022922068,0.000046608573,0.000006298202,0.000034188259,0.000120346907,0.000040269784,0.999729335308
seed_2700721,2700721,syn-v2-700-body_crack-0068,body_crack,mild,body_crack,0.998473584652,0.000282270310,0.000150853302,0.000011031175,0.000125521678,0.000653227267,0.000303450506,0.998473584652
seed_2700721,2700721,syn-v2-700-body_crack-0038,body_crack,moderate,body_crack,0.995104670525,0.001064085052,0.000360759761,0.000100453086,0.000283538131,0.002450466854,0.000636047218,0.995104670525
seed_2700721,2700721,syn-v2-700-body_crack-0021,body_crack,moderate,body_crack,0.999989628792,0.000003926102,0.000003062919,0.000000560326,0.000000791988,0.000001125261,0.000000907130,0.999989628792
seed_2700721,2700721,syn-v2-700-body_crack-0040,body_crack,moderate,body_crack,0.999656200409,0.000073034986,0.000072050672,0.000016775808,0.000106674372,0.000039256596,0.000036018930,0.999656200409
seed_2700721,2700721,syn-v2-700-body_crack-0076,body_crack,moderate,body_crack,0.999999165535,0.000000175389,0.000000062012,0.000000045484,0.000000368069,0.000000187615,0.000000033230,0.999999165535
seed_2700721,2700721,syn-v2-700-body_crack-0075,body_crack,moderate,body_crack,0.999977231026,0.000008162950,0.000004548989,0.000003703257,0.000001769839,0.000001193764,0.000003443858,0.999977231026
seed_2700721,2700721,syn-v2-700-body_crack-0035,body_crack,moderate,body_crack,0.999954581261,0.000006243662,0.000005914437,0.000007632596,0.000018672694,0.000005965300,0.000001068899,0.999954581261
seed_2700721,2700721,syn-v2-700-body_crack-0019,body_crack,moderate,body_crack,0.999806821346,0.000027377440,0.000024160045,0.000005781690,0.000049315073,0.000075464188,0.000011054482,0.999806821346
seed_2700721,2700721,syn-v2-700-body_crack-0032,body_crack,moderate,body_crack,0.999622225761,0.000075355616,0.000068453519,0.000014528258,0.000052672371,0.000120631739,0.000046053952,0.999622225761
seed_2700721,2700721,syn-v2-700-body_crack-0065,body_crack,moderate,body_crack,0.999993085861,0.000001136847,0.000000443172,0.000000688261,0.000001328940,0.000003168756,0.000000178576,0.999993085861
seed_2700721,2700721,syn-v2-700-body_crack-0061,body_crack,moderate,body_crack,0.999976158142,0.000001983271,0.000003202790,0.000001024558,0.000005811783,0.000010212437,0.000001559137,0.999976158142
seed_2700721,2700721,syn-v2-700-body_crack-0095,body_crack,moderate,body_crack,0.999998092651,0.000000528209,0.000000234757,0.000000053558,0.000000823592,0.000000163747,0.000000097223,0.999998092651
seed_2700721,2700721,syn-v2-700-body_crack-0013,body_crack,moderate,body_crack,0.999949097633,0.000029400915,0.000005146813,0.000001941939,0.000008165600,0.000005244692,0.000001024933,0.999949097633
seed_2700721,2700721,syn-v2-700-body_crack-0085,body_crack,moderate,body_crack,0.999790847301,0.000008642674,0.000087005836,0.000006513519,0.000029674973,0.000062401494,0.000014877238,0.999790847301
seed_2700721,2700721,syn-v2-700-body_crack-0007,body_crack,moderate,body_crack,0.999976515770,0.000004039732,0.000002755305,0.000003878591,0.000008536044,0.000001676070,0.000002540631,0.999976515770
seed_2700721,2700721,syn-v2-700-body_crack-0018,body_crack,moderate,body_crack,0.999980092049,0.000007541269,0.000003248068,0.000000592921,0.000003207222,0.000005017373,0.000000291531,0.999980092049
seed_2700721,2700721,syn-v2-700-body_crack-0014,body_crack,moderate,body_crack,0.999937534332,0.000004448570,0.000005295311,0.000002391345,0.000045123867,0.000002492032,0.000002724405,0.999937534332
seed_2700721,2700721,syn-v2-700-body_crack-0009,body_crack,moderate,body_crack,0.999936223030,0.000006295500,0.000008012212,0.000003280037,0.000028285678,0.000008510357,0.000009361421,0.999936223030
seed_2700721,2700721,syn-v2-700-body_crack-0024,body_crack,moderate,body_crack,0.999992609024,0.000001171548,0.000000874712,0.000000490129,0.000002187845,0.000002459372,0.000000279186,0.999992609024
seed_2700721,2700721,syn-v2-700-body_crack-0055,body_crack,moderate,body_crack,0.999879360199,0.000006767958,0.000005133660,0.000002207749,0.000072318064,0.000032399319,0.000001713863,0.999879360199
seed_2700721,2700721,syn-v2-700-body_crack-0087,body_crack,moderate,body_crack,0.993429005146,0.001013275818,0.001584840124,0.000703213213,0.002090027789,0.000789108279,0.000390399888,0.993429005146
seed_2700721,2700721,syn-v2-700-body_crack-0028,body_crack,moderate,body_crack,0.996691942215,0.000443748955,0.000130839500,0.000034645447,0.002519981237,0.000140002230,0.000038763519,0.996691942215
seed_2700721,2700721,syn-v2-700-body_crack-0092,body_crack,moderate,body_crack,0.999825656414,0.000081226965,0.000019800464,0.000009754084,0.000005822525,0.000003721334,0.000054016531,0.999825656414
seed_2700721,2700721,syn-v2-700-body_crack-0090,body_crack,moderate,body_crack,0.999880552292,0.000017043767,0.000027322023,0.000011258840,0.000023167499,0.000035940848,0.000004744040,0.999880552292
seed_2700721,2700721,syn-v2-700-body_crack-0091,body_crack,moderate,body_crack,0.994199156761,0.000726211641,0.001102086622,0.000339231221,0.000879188476,0.001296582399,0.001457694219,0.994199156761
seed_2700721,2700721,syn-v2-700-body_crack-0069,body_crack,moderate,body_crack,0.999942421913,0.000003778024,0.000005248439,0.000000951675,0.000038656355,0.000006864737,0.000002162109,0.999942421913
seed_2700721,2700721,syn-v2-700-body_crack-0043,body_crack,moderate,body_crack,0.998607099056,0.000035886649,0.000037559206,0.000011198301,0.001235455158,0.000044394721,0.000028504626,0.998607099056
seed_2700721,2700721,syn-v2-700-body_crack-0082,body_crack,moderate,body_crack,0.931237220764,0.007498552557,0.008540008217,0.006866158452,0.022179419175,0.003731481731,0.019947161898,0.931237220764
seed_2700721,2700721,syn-v2-700-body_crack-0042,body_crack,moderate,body_crack,0.999966025352,0.000014591305,0.000005254533,0.000001288653,0.000005300636,0.000005881735,0.000001642195,0.999966025352
seed_2700721,2700721,syn-v2-700-body_crack-0063,body_crack,moderate,body_crack,0.999997615814,0.000000912953,0.000000464127,0.000000077799,0.000000471169,0.000000128732,0.000000238319,0.999997615814
seed_2700721,2700721,syn-v2-700-body_crack-0000,body_crack,severe,body_crack,0.999973893166,0.000005749991,0.000001620746,0.000005239013,0.000008268933,0.000002908282,0.000002227689,0.999973893166
seed_2700721,2700721,syn-v2-700-body_crack-0093,body_crack,severe,body_crack,0.999521017075,0.000024050327,0.000008330163,0.000024262754,0.000405955536,0.000010032545,0.000006306963,0.999521017075
seed_2700721,2700721,syn-v2-700-body_crack-0072,body_crack,severe,body_crack,0.999595582485,0.000246403419,0.000052341526,0.000017434775,0.000029128085,0.000013793094,0.000045357083,0.999595582485
seed_2700721,2700721,syn-v2-700-body_crack-0062,body_crack,severe,body_crack,0.998736083508,0.000123744001,0.000143577621,0.000204918120,0.000589761883,0.000087889268,0.000113993105,0.998736083508
seed_2700721,2700721,syn-v2-700-body_crack-0041,body_crack,severe,body_crack,0.999714434147,0.000118573837,0.000034993485,0.000009825041,0.000078838355,0.000012124985,0.000031151641,0.999714434147
seed_2700721,2700721,syn-v2-700-body_crack-0026,body_crack,severe,body_crack,0.999983191490,0.000004223244,0.000001578662,0.000000564544,0.000005129309,0.000005041216,0.000000212852,0.999983191490
seed_2700721,2700721,syn-v2-700-body_crack-0025,body_crack,severe,body_crack,0.999993801117,0.000000748779,0.000001272075,0.000000346267,0.000002595078,0.000001019160,0.000000237181,0.999993801117
seed_2700721,2700721,syn-v2-700-body_crack-0080,body_crack,severe,body_crack,0.999566733837,0.000021435420,0.000008662122,0.000005260124,0.000392215617,0.000004171221,0.000001515146,0.999566733837
seed_2700721,2700721,syn-v2-700-body_crack-0048,body_crack,severe,body_crack,0.999965190887,0.000003309940,0.000000621315,0.000000748754,0.000029746883,0.000000290649,0.000000135251,0.999965190887
seed_2700721,2700721,syn-v2-700-body_crack-0067,body_crack,severe,body_crack,0.999978184700,0.000005741002,0.000002319130,0.000000856674,0.000007857707,0.000004547705,0.000000610310,0.999978184700
seed_2700721,2700721,syn-v2-700-body_crack-0006,body_crack,severe,body_crack,0.999933600426,0.000029004579,0.000017229542,0.000000909461,0.000010817000,0.000007487009,0.000000864729,0.999933600426
seed_2700721,2700721,syn-v2-700-body_crack-0001,body_crack,severe,body_crack,0.999990820885,0.000001911166,0.000001126958,0.000001341703,0.000003620288,0.000000997919,0.000000236231,0.999990820885
seed_2700721,2700721,syn-v2-700-body_crack-0010,body_crack,severe,body_crack,0.999764502048,0.000009579325,0.000003688604,0.000003610911,0.000214197265,0.000001212024,0.000003173695,0.999764502048
seed_2700721,2700721,syn-v2-700-body_crack-0020,body_crack,severe,body_crack,0.998731195927,0.000620745181,0.000234056832,0.000019588126,0.000270184595,0.000091760921,0.000032390177,0.998731195927
