sample_id,image_path,primary_class,severity,split,model_split,class_severity_rank,split_key_sha256,validation_key_sha256,sample_seed,image_sha256,base_group_id,source_specimen_group
syn-v2-700-body_chip-0038,synthetic/v2_700/images/body_chip/syn-v2-700-body_chip-0038.jpg,body_chip,mild,test,test,11,4dbd937423b7e07e253714e9eb3b07484bd376a40411b4d69a7b48a9e8c633a0,,1333624339,160735b25b32f9d3eba70aaec9b877ac1aa5a992e10a80a02579052564b95d58,SYNTH-BASE-KIA7809AF-BACK-001,SPEC-A
syn-v2-700-body_chip-0040,synthetic/v2_700/images/body_chip/syn-v2-700-body_chip-0040.jpg,body_chip,mild,test,test,12,54cbd8b6d4d98ae524d993c0b7b2d806346cb16e93302bc164e5a5d094a2bfd7,,1203687008,f631f5a56a2e884c5996e9f9ce172a06712f6682e3fecaf2a7dff9def1a1d076,SYNTH-BASE-KIA7809AF-BACK-001,SPEC-A
syn-v2-700-body_chip-0089,synthetic/v2_700/images/body_chip/syn-v2-700-body_chip-0089.jpg,body_chip,mild,test,test,13,65e51e7e57202f870c4b3cb25b207e44d8300b725022bd5cc65dcce91018c0e5,,852256641,143d3a0727ff4dc5304415e9866104864dc7c6b0cbe0395f57382b3ed6419d1a,SYNTH-BASE-KIA7809AF-BACK-001,SPEC-A
syn-v2-700-body_chip-0068,synthetic/v2_700/images/body_chip/syn-v2-700-body_chip-0068.jpg,body_chip,mild,test,test,14,664be24b0431c95e024a876d1d9b58492c72571c6e38346ba49da3a8b527764b,,1337471186,0cf88fd23c6e97ac2f5cea1d4a0309b49ab83e5ae0c571da72e581a494e122dc,SYNTH-BASE-KIA7809AF-BACK-001,SPEC-A
syn-v2-700-body_chip-0093,synthetic/v2_700/images/body_chip/syn-v2-700-body_chip-0093.jpg,body_chip,mild,test,test,15,6a0490019b63a8904203c4e4548181018f61afe1db9ba858372511f9e2713aef,,1587677916,fd4d65c5f478791fa0c01129ca1d8d8a5e0b35e16ce6183033d91f79ba3f7141,SYNTH-BASE-KIA7809AF-BACK-001,SPEC-A
syn-v2-700-body_chip-0003,synthetic/v2_700/images/body_chip/syn-v2-700-body_chip-0003.jpg,body_chip,mild,test,test,16,6a886d59720e96e221328212b13f0620ae35b90c52dcddc87785c7d9652b8290,,1713935486,a31582946462e4d5dc453a0c5cfbdf43f2cc85ef00312ec3a202f5a0d86c2e4e,SYNTH-BASE-KIA7809AF-BACK-001,SPEC-A
syn-v2-700-body_chip-0010,synthetic/v2_700/images/body_chip/syn-v2-700-body_chip-0010.jpg,body_chip,mild,test,test,17,6bdb9929b8bb237c98bceb32898df6f1556b5db5628aee7986937f0cba519625,,1924908135,e474e7a5f61ef661ca9bad4b37224fec217954e6769446707e571008743f7a5c,SYNTH-BASE-KIA7809AF-BACK-001,SPEC-A
syn-v2-700-body_chip-0061,synthetic/v2_700/images/body_chip/syn-v2-700-body_chip-0061.jpg,body_chip,mild,test,test,18,7ee5b7e3207f5f0c74316441a35f05cba983dcfde63f3b1395a4ef2d2ecf22ce,,1503440234,9693547413564549d1611283fffdd5c0d86406120570c1e8c1ab7c639a15822b,SYNTH-BASE-KIA7809AF-BACK-001,SPEC-A
syn-v2-700-body_chip-0023,synthetic/v2_700/images/body_chip/syn-v2-700-body_chip-0023.jpg,body_chip,mild,test,test,19,805756e34d98b23a59a38bf2e4e9f9276c8b1072b5f8a958ef6238779d116471,,1841154332,d8e591c04d79c7860dfe01e122ae93f03995bc73f9adf049aadc00a9b3f1a14d,SYNTH-BASE-KIA7809AF-BACK-001,SPEC-A
syn-v2-700-body_chip-0009,synthetic/v2_700/images/body_chip/syn-v2-700-body_chip-0009.jpg,body_chip,mild,test,test,20,8935774310e63cf447b3c9411a703c277499ad919dd2f0839c45c369607de998,,1973276140,2941e38913288e3761c69106e060d1e4e67df34a33a2ce7dbda636677e43d8b0,SYNTH-BASE-KIA7809AF-BACK-001,SPEC-A
syn-v2-700-body_chip-0042,synthetic/v2_700/images/body_chip/syn-v2-700-body_chip-0042.jpg,body_chip,mild,test,test,21,8f73d5a645498d36bd63657b5fdf9a9d64a174559297095784c7b29aa1df267c,,1566306995,04ca371c337e4822290074238789cb092f19e8f514e88f5b1bee58f28ea06f9d,SYNTH-BASE-KIA7809AF-BACK-001,SPEC-A
syn-v2-700-body_chip-0044,synthetic/v2_700/images/body_chip/syn-v2-700-body_chip-0044.jpg,body_chip,mild,test,test,22,922a5f369aee4d3a673bd964c7842a546ef2b7482791b3721da576264e978068,,467003414,5b979bf88339b2272916130ca86d1fd450eb4ad4fc81b9b0f40ac5b172669f95,SYNTH-BASE-KIA7809AF-BACK-001,SPEC-A
syn-v2-700-body_chip-0024,synthetic/v2_700/images/body_chip/syn-v2-700-body_chip-0024.jpg,body_chip,mild,test,test,23,9c406b2f87f0eebc540e631ed6c31fc0e6fe5b9e6f6a58e287b862b4b336a46d,,237160978,cb71674d543b22cca1d3dfe1104016b8b02e464f98d9ecb3e9a076705a63847a,SYNTH-BASE-KIA7809AF-BACK-001,SPEC-A
syn-v2-700-body_chip-0092,synthetic/v2_700/images/body_chip/syn-v2-700-body_chip-0092.jpg,body_chip,mild,test,test,24,a9aee11dd4ec14ebe658a38a7170da2b7fdaaf1122e5326069ec41a09d51b0c5,,928054760,1d3c9e5a24309e458f9726d695fccd4ef598812bb7ae0d38c1846167d5f61505,SYNTH-BASE-KIA7809AF-BACK-001,SPEC-A
syn-v2-700-body_chip-0032,synthetic/v2_700/images/body_chip/syn-v2-700-body_chip-0032.jpg,body_chip,mild,test,test,25,ae58a3476d59df5312649117a44188b123085e2f1ce21a1ddfe8659ba27652f8,,967797653,9601bed6c51ca41bd22c8d30ad4371a1b3e4351774aacfc1ab963a4159ccbf3d,SYNTH-BASE-KIA7809AF-BACK-001,SPEC-A
syn-v2-700-body_chip-0037,synthetic/v2_700/images/body_chip/syn-v2-700-body_chip-0037.jpg,body_chip,mild,test,test,26,b141df39dcfe8db8c0d64609da9553b3eb974d8f2e8fcd2b6f0a23c4def9a372,,1030954616,8b583d4542453132cbd78f94b5994b91268fb65af0dd3a95b91d803057fb7cf4,SYNTH-BASE-KIA7809AF-BACK-001,SPEC-A
syn-v2-700-body_chip-0043,synthetic/v2_700/images/body_chip/syn-v2-700-body_chip-0043.jpg,body_chip,mild,test,test,27,bc068cc5a16d39a3e103d6b6ea4e9333b2444287edd2e55df199c5a832bfbe3f,,2000621082,377510429f1d85bc1694c56252399ac7a0025360e511986d46a7c11bbb4df8b9,SYNTH-BASE-KIA7809AF-BACK-001,SPEC-A
syn-v2-700-body_chip-0090,synthetic/v2_700/images/body_chip/syn-v2-700-body_chip-0090.jpg,body_chip,mild,test,test,28,bf418a0f617bf49c61984354e7732d70da05c4fd5139e2be62301338fa791c3f,,1016180084,b25e7025e93c1434948077d5c185e8b84c66de686fb1602ab836728eb8661028,SYNTH-BASE-KIA7809AF-BACK-001,SPEC-A
syn-v2-700-body_chip-0048,synthetic/v2_700/images/body_chip/syn-v2-700-body_chip-0048.jpg,body_chip,mild,test,test,29,d9a2703b1d959572b04081662e42da202f1cf634d7f3f7c4d593f34056509631,,69039519,c4c448cd15c8e496e01e8f29545283ad5f96496b43212afa8cb655b76dbd2749,SYNTH-BASE-KIA7809AF-BACK-001,SPEC-A
syn-v2-700-body_chip-0007,synthetic/v2_700/images/body_chip/syn-v2-700-body_chip-0007.jpg,body_chip,mild,test,test,30,dc1986426dee48631b5edd8c403b58327ba7773d2016600a2e04af4dc0cc0c9c,,617464177,770bc10e2724244e1d1eb391a91be47c100e868a3a3704e89675f30d85d52b61,SYNTH-BASE-KIA7809AF-BACK-001,SPEC-A
syn-v2-700-body_chip-0013,synthetic/v2_700/images/body_chip/syn-v2-700-body_chip-0013.jpg,body_chip,mild,test,test,31,dfee795b5266377aa22a1333a38339dd306f284f081df232c1e8d4c4cd754545,,552790700,17578ba8fa551fde32e0c26222acf6688252eb19deff10d211f502254978d69c,SYNTH-BASE-KIA7809AF-BACK-001,SPEC-A
syn-v2-700-body_chip-0085,synthetic/v2_700/images/body_chip/syn-v2-700-body_chip-0085.jpg,body_chip,mild,test,test,32,e3e699f6d834838cc289df52d3f9b932485c0701f7258c42b13eddcc3ed19431,,1329892853,ee03c78f7aaed34a34b37a07769daea5c325ac7ef2731099307b522a913be564,SYNTH-BASE-KIA7809AF-BACK-001,SPEC-A
syn-v2-700-body_chip-0066,synthetic/v2_700/images/body_chip/syn-v2-700-body_chip-0066.jpg,body_chip,mild,test,test,33,ead01358dccd2d4e2199703c61234414aad8dc1746cb186199e9ed616ffae802,,2023565015,3537bc5a952a88502e8aaa5df633b18ea23987f8f277ab6b7c1ff3525359acc1,SYNTH-BASE-KIA7809AF-BACK-001,SPEC-A
syn-v2-700-body_chip-0000,synthetic/v2_700/images/body_chip/syn-v2-700-body_chip-0000.jpg,body_chip,mild,test,test,34,eb29aca70441d5a2b006236e98d23dbd1e3a4aca49e26b1955102c7af74c7c9b,,261641026,4ffd54522b05d7461ae656a91d4cd609fc29dd82d0e6679ee0aca27cadcec2af,SYNTH-BASE-KIA7809AF-BACK-001,SPEC-A
syn-v2-700-body_chip-0083,synthetic/v2_700/images/body_chip/syn-v2-700-body_chip-0083.jpg,body_chip,mild,test,test,35,eb32a6d1ccb296fa204b7f2178046e23f6d5b4743bb4ae857bc551d83bd80008,,1518737183,869ab63385ed352e6d13b9a1f03f3722056eae9c33367cd7eebdc08500fe789d,SYNTH-BASE-KIA7809AF-BACK-001,SPEC-A
syn-v2-700-body_chip-0070,synthetic/v2_700/images/body_chip/syn-v2-700-body_chip-0070.jpg,body_chip,mild,test,test,36,ecdf1aeb26fb5c75e6dbc76e88141bb2ae143ae5ff71881c1fa7494c67268af5,,1807673802,6ac697cab595d6cd9c8aa57f68db8dad36b4e50aebdb82453c773b1e8200b73f,SYNTH-BASE-KIA7809AF-BACK-001,SPEC-A
syn-v2-700-body_chip-0067,synthetic/v2_700/images/body_chip/syn-v2-700-body_chip-0067.jpg,body_chip,mild,test,test,37,f1cf2b20d7645227723db5e9c1b48407abd5b185f0a8257536082aab1ec528e1,,1352731842,47c4009621aca3e2c79ff93ee54fa5dbcf64635c3fcc76853f1aa17a501857a9,SYNTH-BASE-KIA7809AF-BACK-001,SPEC-A
syn-v2-700-body_chip-0034,synthetic/v2_700/images/body_chip/syn-v2-700-body_chip-0034.jpg,body_chip,mild,test,test,38,fa48af7a9fd1d6735d1aae87b56413a729958068d551f38da786eb89416912b5,,1635992037,d7117aa9d2912ef06bf07a008e5c68613b8f93f5367c252a63e5da779634083a,SYNTH-BASE-KIA7809AF-BACK-001,SPEC-A
syn-v2-700-body_chip-0071,synthetic/v2_700/images/body_chip/syn-v2-700-body_chip-0071.jpg,body_chip,mild,test,test,39,fce8bf717d16c2a8368da074bd1dfc2168d70ff2447f561d9e49f5eacab606d7,,1770444023,c2e411b126c71e6e46cf929deb567661e453e71339eaea22890365808b572313,SYNTH-BASE-KIA7809AF-BACK-001,SPEC-A
syn-v2-700-body_chip-0027,synthetic/v2_700/images/body_chip/syn-v2-700-body_chip-0027.jpg,body_chip,moderate,test,test,11,37f4f4924fd0a2164bb91ae127de419ff54982822b001c0d3a84fc4eabbaee7a,,373433267,bfc5ce18817da6de0206625f05491a884bf18219e6545031b5748df37be6133f,SYNTH-BASE-KIA7809AF-BACK-001,SPEC-A
syn-v2-700-body_chip-0076,synthetic/v2_700/images/body_chip/syn-v2-700-body_chip-0076.jpg,body_chip,moderate,test,test,12,3863b084363a376f9477c1ee4864a50f312e96b104fb89313a72c542ca53f863,,988788565,0e501bfcc22f5a304ac36984219fd6a460c0a47e82bd75da208a329dbc8daf22,SYNTH-BASE-KIA7809AF-BACK-001,SPEC-A
syn-v2-700-body_chip-0031,synthetic/v2_700/images/body_chip/syn-v2-700-body_chip-0031.jpg,body_chip,moderate,test,test,13,3b65007a35a37f138d65a37ba0584f7599aa7d4794943c8d237f8378429cbdc2,,961068176,6df2819fdac25d2e665dace42feeb288f1aca3eb4c6a50c817b8966a940e8ad7,SYNTH-BASE-KIA7809AF-BACK-001,SPEC-A
syn-v2-700-body_chip-0002,synthetic/v2_700/images/body_chip/syn-v2-700-body_chip-0002.jpg,body_chip,moderate,test,test,14,45d6c1ec5303bc52defc02e89a251e89e65041681a2efb7c973470bd87c65ace,,1268652851,67bbf7e0e687bf2572847cd5f92f12f519436f25424dfbab24b8d4a3b5f4d0fa,SYNTH-BASE-KIA7809AF-BACK-001,SPEC-A
syn-v2-700-body_chip-0001,synthetic/v2_700/images/body_chip/syn-v2-700-body_chip-0001.jpg,body_chip,moderate,test,test,15,485f814fedc142b705a9e6bf7f5000eb14e72fcea1403affd082b876f346b69e,,1419133616,c19f0f9d6ce30301198c32ed2c2a087b571e0fe8a662fd869668b5cafb854fe3,SYNTH-BASE-KIA7809AF-BACK-001,SPEC-A
syn-v2-700-body_chip-0008,synthetic/v2_700/images/body_chip/syn-v2-700-body_chip-0008.jpg,body_chip,moderate,test,test,16,4d7f5e18fc0c312ecc89bf02be05cc4a29cb2839449434afb60e5289e1bf61b8,,593778786,fb4c5a9bda9b2589f234c481bac0b395fa71f902b8539fc0236c5ebff61aaee2,SYNTH-BASE-KIA7809AF-BACK-001,SPEC-A
syn-v2-700-body_chip-0057,synthetic/v2_700/images/body_chip/syn-v2-700-body_chip-0057.jpg,body_chip,moderate,test,test,17,527715043bd06b422139ad32d0171b887dc7bfd67b56df1f0ac82e607add52d1,,77578250,be7af11e89c32fc433dd144422c88987eae7631ebbb89fad280edbfdeee8fd38,SYNTH-BASE-KIA7809AF-BACK-001,SPEC-A
syn-v2-700-body_chip-0022,synthetic/v2_700/images/body_chip/syn-v2-700-body_chip-0022.jpg,body_chip,moderate,test,test,18,602d160c7692ea7f9d040e8b713b714834797fd3d781c6dc7d5591999215aea5,,459596828,3c738b5e540b84acffb8099f13e02c0b159b7f432389925cf65b490834c33026,SYNTH-BASE-KIA7809AF-BACK-001,SPEC-A
syn-v2-700-body_chip-0082,synthetic/v2_700/images/body_chip/syn-v2-700-body_chip-0082.jpg,body_chip,moderate,test,test,19,6597637961cabceb8d2f041084f17a505bb5f86e4a20b994bdb1e9a1bdbd6598,,17143635,952e5e12175b5aa81e637ad19a6c134ea85bf62206af82bc42a0bf75cdc78715,SYNTH-BASE-KIA7809AF-BACK-001,SPEC-A
syn-v2-700-body_chip-0012,synthetic/v2_700/images/body_chip/syn-v2-700-body_chip-0012.jpg,body_chip,moderate,test,test,20,66269f8a17e0d3541f6ea27ccabc6148c2ebab06d5092e64a38b37b3a372f183,,962250249,ae608368383cbda4164476fb04c33eaa5aaf114d9cad6e93c67b742a5772fd14,SYNTH-BASE-KIA7809AF-BACK-001,SPEC-A
syn-v2-700-body_chip-0052,synthetic/v2_700/images/body_chip/syn-v2-700-body_chip-0052.jpg,body_chip,moderate,test,test,21,67890d45b9faea1e665e1a576d8af168f91301cff8480605af58ef7760bc4e00,,1099640533,9a966eb285fb41282ad9d212b7988f49375cd65800c6ee43b487f9d27802a312,SYNTH-BASE-KIA7809AF-BACK-001,SPEC-A
syn-v2-700-body_chip-0081,synthetic/v2_700/images/body_chip/syn-v2-700-body_chip-0081.jpg,body_chip,moderate,test,test,22,69f4886721746a31ede6a5f61d4e4297434536d671dec7e87fef651af8036f8c,,1967176305,c88c9ba31744803b5de2200b34ca94d393fbccc4dd667c25f3cff53bf2309080,SYNTH-BASE-KIA7809AF-BACK-001,SPEC-A
syn-v2-700-body_chip-0084,synthetic/v2_700/images/body_chip/syn-v2-700-body_chip-0084.jpg,body_chip,moderate,test,test,23,6bbb422e9dedbfee2ea504b23ac95e08ea846388762817d0add3376229b91178,,2029655238,d18b6f581edaf0f9e549da87d9cee22f79dd261ca0fdfb4e23b08d1dfbe81bfb,SYNTH-BASE-KIA7809AF-BACK-001,SPEC-A
syn-v2-700-body_chip-0028,synthetic/v2_700/images/body_chip/syn-v2-700-body_chip-0028.jpg,body_chip,moderate,test,test,24,734dba574749ae31aed9a1f864ccc9fc8c9c5003f586856f9356c52665df0c05,,804450074,2c5272440218b2aedbe339bcb9a6dc89064c1195e9b9c5967159dad3eb05eeec,SYNTH-BASE-KIA7809AF-BACK-001,SPEC-A
syn-v2-700-body_chip-0069,synthetic/v2_700/images/body_chip/syn-v2-700-body_chip-0069.jpg,body_chip,moderate,test,test,25,80076904e08bb86f320353def72f06fed1760de373f0e984a912787810e1c6d6,,1936118848,ff92d1964bcc6a4200a08c3061b6eb7ff9491615bdd3f72edefd340d47f70998,SYNTH-BASE-KIA7809AF-BACK-001,SPEC-A
syn-v2-700-body_chip-0017,synthetic/v2_700/images/body_chip/syn-v2-700-body_chip-0017.jpg,body_chip,moderate,test,test,26,980f4e3421cbc7f7e4d897443716a5e83460b5e229820adce02308b7315ec880,,59163872,8dfeedd512100f22de340eb9fe898f7c5b780b52b30d9cfad5faa79fda558177,SYNTH-BASE-KIA7809AF-BACK-001,SPEC-A
syn-v2-700-body_chip-0021,synthetic/v2_700/images/body_chip/syn-v2-700-body_chip-0021.jpg,body_chip,moderate,test,test,27,ac4c5770787650164ebdd0e1c9bf187eecb56f92cd0661bd9a0b5e94108a2485,,271637270,45aaff8ddfc8afecd496dbc849f068ed6dad97724131c9f5d82aa818b0767d1b,SYNTH-BASE-KIA7809AF-BACK-001,SPEC-A
syn-v2-700-body_chip-0049,synthetic/v2_700/images/body_chip/syn-v2-700-body_chip-0049.jpg,body_chip,moderate,test,test,28,b0da804ba486f6215fa844c59386a7f717d114024bec894978f37b790cd56366,,229437178,d3ab5b1b6e3949969efa0d30059e0e553f0f716c09e2a5cb8d10f8747b48f4e8,SYNTH-BASE-KIA7809AF-BACK-001,SPEC-A
syn-v2-700-body_chip-0036,synthetic/v2_700/images/body_chip/syn-v2-700-body_chip-0036.jpg,body_chip,moderate,test,test,29,cce3e0fab1382c63ad26f08b9509bd0885a1cd78e2a03e69c9f1ead3173c41a9,,227710575,9ebc140cd2db19dd0ec16f4b737e58122481122a3b59e55a00999a56a15f14cd,SYNTH-BASE-KIA7809AF-BACK-001,SPEC-A
syn-v2-700-body_chip-0065,synthetic/v2_700/images/body_chip/syn-v2-700-body_chip-0065.jpg,body_chip,moderate,test,test,30,ccf7221f8676709cf2defda23aea3c6fd93354f9d38b19b5e3f071baf8f2f0d1,,1216631187,bbb2cbc75eaa4fd0b801e5b885511567a00c0d933b50de87ab16015ca4be9b83,SYNTH-BASE-KIA7809AF-BACK-001,SPEC-A
syn-v2-700-body_chip-0078,synthetic/v2_700/images/body_chip/syn-v2-700-body_chip-0078.jpg,body_chip,moderate,test,test,31,ce98eeb4888d64c8858e4ccd1d6e4c0eb4fdabd59fcd5fc56d36b22a1a38f614,,1660458970,f0f3ce1f1d1140bd105c59ccce7aca9b39b1a39bead9ad1d906ec50d1dc4ca01,SYNTH-BASE-KIA7809AF-BACK-001,SPEC-A
syn-v2-700-body_chip-0087,synthetic/v2_700/images/body_chip/syn-v2-700-body_chip-0087.jpg,body_chip,moderate,test,test,32,d6d4b9be628a29354e306e307d775b2e0b0546abf9e8b843bb5899d3a14836eb,,1051231612,c9d34ed489807a372821521eae2e3a8615860146544519fed08433b729613858,SYNTH-BASE-KIA7809AF-BACK-001,SPEC-A
syn-v2-700-body_chip-0015,synthetic/v2_700/images/body_chip/syn-v2-700-body_chip-0015.jpg,body_chip,moderate,test,test,33,df6787666b4d66dd51b724fc7ed86258f714fbe236f67b9e677c08ca93c4c73c,,1591669117,917ef1179a5084b7ae22ea3023c9911ffc3ec452478d81eb34421dd4006a01e9,SYNTH-BASE-KIA7809AF-BACK-001,SPEC-A
syn-v2-700-body_chip-0045,synthetic/v2_700/images/body_chip/syn-v2-700-body_chip-0045.jpg,body_chip,moderate,test,test,34,e043af92af6b3079dc30382cad3e82c46ad7cbb726733cbcb4441ec8ac7e981d,,1424005096,9f7a9188a9e7f5f82aa1e1298f883919eb29d6e2d0f1b5237069cf187a927030,SYNTH-BASE-KIA7809AF-BACK-001,SPEC-A
syn-v2-700-body_chip-0077,synthetic/v2_700/images/body_chip/syn-v2-700-body_chip-0077.jpg,body_chip,moderate,test,test,35,e3fd4aa57efab0f00c5ea3dd196bdb6f74897aeff6ca4aeac3cb106574af76ce,,1863714755,00c9516409c2d7d15fe9b48999a56ab4b8d92fe9acd9469e7ef79b267524a1d7,SYNTH-BASE-KIA7809AF-BACK-001,SPEC-A
syn-v2-700-body_chip-0030,synthetic/v2_700/images/body_chip/syn-v2-700-body_chip-0030.jpg,body_chip,moderate,test,test,36,e62c74b66954a3115b9f2f661255e8c09c21598502dbab83ced670f97c7a8967,,1415517091,ff4d981f3cfc38e5a3963ccce640ea1769240d8386a0a77648b30fedc2b78d3f,SYNTH-BASE-KIA7809AF-BACK-001,SPEC-A
syn-v2-700-body_chip-0056,synthetic/v2_700/images/body_chip/syn-v2-700-body_chip-0056.jpg,body_chip,moderate,test,test,37,f27cf687498a772b2db1825c8e4be5f6475601bcf1a737ce6255619f639c630c,,1063064207,23ba73e2e0fddcfccb60d4b8b3b9227f6a5610e5e2e2d2bc0461376c63275204,SYNTH-BASE-KIA7809AF-BACK-001,SPEC-A
syn-v2-700-body_chip-0029,synthetic/v2_700/images/body_chip/syn-v2-700-body_chip-0029.jpg,body_chip,moderate,test,test,38,f58f86b483e6cc7e9e5c3be6746f572f2fb7554cd204e7b15577f0e0a53e88e3,,2032939676,6c2a276ead2d5a1937b056d5a6f62cb520818fdd49c13679b3a1359f51e4685d,SYNTH-BASE-KIA7809AF-BACK-001,SPEC-A
syn-v2-700-body_chip-0014,synthetic/v2_700/images/body_chip/syn-v2-700-body_chip-0014.jpg,body_chip,moderate,test,test,39,f8a863e6e116a4a7099bfeb83de288c86f8048013ad3abb50de4f6455153736a,,1441501004,fcdbc1a94fd747a50b86a235e0f36fffca4260b5fbc71c64bdd58f566a5f8682,SYNTH-BASE-KIA7809AF-BACK-001,SPEC-A
syn-v2-700-body_chip-0080,synthetic/v2_700/images/body_chip/syn-v2-700-body_chip-0080.jpg,body_chip,severe,test,test,6,6c3d28e573ec765fc0ca1ebcf0a8b69ec94533d12521552c525e51fdbc46b39b,,1498734784,968977212c0caa7386431fa5b3ed769ca9147ad8ddc5f956e9eb119ea0381fe9,SYNTH-BASE-KIA7809AF-BACK-001,SPEC-A
syn-v2-700-body_chip-0098,synthetic/v2_700/images/body_chip/syn-v2-700-body_chip-0098.jpg,body_chip,severe,test,test,7,7bb0c6d0873cc6631c438174847a44ebd34ff475b7f1b7e45b1440115981a969,,1211854798,2319ee460263ef2c29fd6de8daaaa5ea920aec692f6874620298dc1cf1217ea1,SYNTH-BASE-KIA7809AF-BACK-001,SPEC-A
syn-v2-700-body_chip-0059,synthetic/v2_700/images/body_chip/syn-v2-700-body_chip-0059.jpg,body_chip,severe,test,test,8,7fc6ead2f603f7fb2fcf7a722332baf342f423f5d11788c51431f225e5d9fceb,,2047359555,3985c5ea0019c4fcc142f434c4618de00cb3555b067084104f21ede5ff4aa4af,SYNTH-BASE-KIA7809AF-BACK-001,SPEC-A
syn-v2-700-body_chip-0091,synthetic/v2_700/images/body_chip/syn-v2-700-body_chip-0091.jpg,body_chip,severe,test,test,9,87effe1736b32344f2cc27c749f6f1663b34d6067bb66d35fb7cf3f31ca6b8ef,,2121996465,91ee2a81df5d2c132d9475cad524ce0930eab6ea2a0cd026832862bb503f931e,SYNTH-BASE-KIA7809AF-BACK-001,SPEC-A
syn-v2-700-body_chip-0095,synthetic/v2_700/images/body_chip/syn-v2-700-body_chip-0095.jpg,body_chip,severe,test,test,10,88bc240a588f7a8ff71771857780a1ca672160810bfcc3dd1ca2933c1f01f091,,424250582,19981375a954c4bb397bfac8a1ef2b4ad5344eea9304242629187f3b7ba91736,SYNTH-BASE-KIA7809AF-BACK-001,SPEC-A
syn-v2-700-body_chip-0041,synthetic/v2_700/images/body_chip/syn-v2-700-body_chip-0041.jpg,body_chip,severe,test,test,11,8ccfb24caebed43ecbe8a1e9e7bf94969d4c034a9ddeb19827f8d132b5ecdf60,,63818012,0037a69c7bbe20f8a3cbddd8781358e904d46bfabbd480e148beb562b5630564,SYNTH-BASE-KIA7809AF-BACK-001,SPEC-A
syn-v2-700-body_chip-0064,synthetic/v2_700/images/body_chip/syn-v2-700-body_chip-0064.jpg,body_chip,severe,test,test,12,afc67823a6f0e9f0f64d6415f55dc00bd39b40e4ae0643dcb26e6982bc1f2f78,,723578470,753259dbed137c3263a27c8a1ad583e9f3a6ce4297459230cb96d0da4fa6bf43,SYNTH-BASE-KIA7809AF-BACK-001,SPEC-A
syn-v2-700-body_chip-0020,synthetic/v2_700/images/body_chip/syn-v2-700-body_chip-0020.jpg,body_chip,severe,test,test,13,bd86e48d5724749abaf2e2b80695b5b34d1a0bbde1fdb79068b0b6b4b5f7b145,,485269805,3ee1d649e696cee1cc3ca7d8cb503a6c43ae1542fc5b031b7e7b510c4f744f00,SYNTH-BASE-KIA7809AF-BACK-001,SPEC-A
syn-v2-700-body_chip-0047,synthetic/v2_700/images/body_chip/syn-v2-700-body_chip-0047.jpg,body_chip,severe,test,test,14,c75b70d86739811528ccb0d264f1ce7492187e6f67132868c3f4469f7a0c972f,,104640602,6e60af6cff8cd8b1fcb5987e154121d60284164f87d705754008f0e9d40ddb6a,SYNTH-BASE-KIA7809AF-BACK-001,SPEC-A
syn-v2-700-body_chip-0097,synthetic/v2_700/images/body_chip/syn-v2-700-body_chip-0097.jpg,body_chip,severe,test,test,15,cb04b403b6d908a6fb49219937e3500733cbf774e308621d99ce19a0227ed6fe,,1002546628,2c7dd10b75b8bbcb1723094402089fea2351be7745f4f87f477b9d491236e56e,SYNTH-BASE-KIA7809AF-BACK-001,SPEC-A
syn-v2-700-body_chip-0016,synthetic/v2_700/images/body_chip/syn-v2-700-body_chip-0016.jpg,body_chip,severe,test,test,16,ce7abe161960d157fe57209acd966a29c82684edc57b56071b1d322a6aa91b78,,1260914030,6fe3febde60070eb57da43cfc0d765e08a5ad6f931c7e1d9f707bd026e920954,SYNTH-BASE-KIA7809AF-BACK-001,SPEC-A
syn-v2-700-body_chip-0096,synthetic/v2_700/images/body_chip/syn-v2-700-body_chip-0096.jpg,body_chip,severe,test,test,17,cf402fa6332552e560b8463b633d1cab4be2e660ed95f81674decc1c1803354a,,455020129,9f73b7957a900963cd384a874e73d83ca9c9bbe7c4ccb490db49e74ca75ccf8a,SYNTH-BASE-KIA7809AF-BACK-001,SPEC-A
syn-v2-700-body_chip-0054,synthetic/v2_700/images/body_chip/syn-v2-700-body_chip-0054.jpg,body_chip,severe,test,test,18,f3403e93f9323f0dac902f54b247af219b200b68d7554deb0cb95aa4e9ab3c94,,915492631,678600ec81c12611a5f954b11232b7eb2c7249f06ff3e677fb302c38fc82e803,SYNTH-BASE-KIA7809AF-BACK-001,SPEC-A
syn-v2-700-body_chip-0072,synthetic/v2_700/images/body_chip/syn-v2-700-body_chip-0072.jpg,body_chip,severe,test,test,19,f35644fd278d38392196372392d295dfb29685217b7c77a1e6d9e3edc7fdd9ba,,566496756,824732257cb034cc005bb983b4385f692ec20aeb1f6f397f6c98e7e7d96658bf,SYNTH-BASE-KIA7809AF-BACK-001,SPEC-A
syn-v2-700-body_crack-0022,synthetic/v2_700/images/body_crack/syn-v2-700-body_crack-0022.jpg,body_crack,mild,test,test,11,389c75081d6e8dc5335cda700e07ff1f0b8090232bebfeee702bee5b0579cf9e,,415607661,15713d44b22f748868d74aee3477aa5cfd3d2d24865df080a514036a01f9f84a,SYNTH-BASE-KIA7809AF-BACK-001,SPEC-A
syn-v2-700-body_crack-0046,synthetic/v2_700/images/body_crack/syn-v2-700-body_crack-0046.jpg,body_crack,mild,test,test,12,3b7008288658895504fc768c4d771abece6b613b7ef73f0157d7f313b41e2b5d,,943658941,180a07c2d9968c35c96460e4a83c716618fc1db94bcce9ee3e7c6bb159da78fa,SYNTH-BASE-KIA7809AF-BACK-001,SPEC-A
syn-v2-700-body_crack-0060,synthetic/v2_700/images/body_crack/syn-v2-700-body_crack-0060.jpg,body_crack,mild,test,test,13,3f3fef9ca5892047a801a47f558cc4fdb959b0908d6ed359bb3b0fbb6d3098ec,,1886341626,62866e5359d6810c379cbb3a1b6f8a5898381d0a5b72efd37ad71d0644a45fea,SYNTH-BASE-KIA7809AF-BACK-001,SPEC-A
syn-v2-700-body_crack-0059,synthetic/v2_700/images/body_crack/syn-v2-700-body_crack-0059.jpg,body_crack,mild,test,test,14,41eba3c93dc7657e6e640bf13b6e30151c53a843c0372248fff6e5d8344bcabf,,387366915,7d83a9f9e0687374763a230981e23ccdb0e80f21ab919b2b93fb4864307030dc,SYNTH-BASE-KIA7809AF-BACK-001,SPEC-A
syn-v2-700-body_crack-0050,synthetic/v2_700/images/body_crack/syn-v2-700-body_crack-0050.jpg,body_crack,mild,test,test,15,4c269c90a0552f4ae4fd100f5aa9e624b01049291510809140ce33d4b52641d3,,676397408,4a9ccd86349706c9e58a0d574638e1cfbc32566072637fbcc30568fc504056e9,SYNTH-BASE-KIA7809AF-BACK-001,SPEC-A
syn-v2-700-body_crack-0073,synthetic/v2_700/images/body_crack/syn-v2-700-body_crack-0073.jpg,body_crack,mild,test,test,16,543fda8482ec4b632a1046a9a02eda42c020ea3f09852f79d9deb56ff803baaf,,1602868690,8746dba589ae32fef6b946b22f9b444dd3315ca7232d3942b68a0214d9b8a93c,SYNTH-BASE-KIA7809AF-BACK-001,SPEC-A
syn-v2-700-body_crack-0002,synthetic/v2_700/images/body_crack/syn-v2-700-body_crack-0002.jpg,body_crack,mild,test,test,17,633f43cc9764a97a0a5c8b164b0eab9e11dba40bca5d54aa12632e2c01a44c76,,1046607191,af082abd4460f72a69d66aaa59774127388153288bd7fa675ac1250284722d4a,SYNTH-BASE-KIA7809AF-BACK-001,SPEC-A
syn-v2-700-body_crack-0004,synthetic/v2_700/images/body_crack/syn-v2-700-body_crack-0004.jpg,body_crack,mild,test,test,18,6c33d78be0a8b196b91274b0720bd18b466fcae7c0c7692b5857f5438292f6b2,,763571714,9affe2324a4c80befc771f3bb2817213af56086a38abe553e888631c4a98b7da,SYNTH-BASE-KIA7809AF-BACK-001,SPEC-A
syn-v2-700-body_crack-0064,synthetic/v2_700/images/body_crack/syn-v2-700-body_crack-0064.jpg,body_crack,mild,test,test,19,6f69a47c8ae69a6a70046752dd93bd0bfcbf3974ba0b5bfd5b8f836af6becc5d,,1527703464,5299b25ee685559f37156242acab30e81785458767e2226faa2619f85e0f24fe,SYNTH-BASE-KIA7809AF-BACK-001,SPEC-A
syn-v2-700-body_crack-0011,synthetic/v2_700/images/body_crack/syn-v2-700-body_crack-0011.jpg,body_crack,mild,test,test,20,76007d83d9055405d0bd59c22b5beb6cc5eab01d7cdde46ce3d80beef4b13a07,,255740482,9b0a32014173994e11014a2431c18e018d736e2260dcdf195553f06fcd44ab9b,SYNTH-BASE-KIA7809AF-BACK-001,SPEC-A
syn-v2-700-body_crack-0088,synthetic/v2_700/images/body_crack/syn-v2-700-body_crack-0088.jpg,body_crack,mild,test,test,21,8331591a9fe105f235ebc753dd1162a0f7b8698f56b34f477a673987824c190b,,1800714138,ce3f520613f4b1b735ec14d7c5019211c4038bc5b1f5f859d9d760534490c63e,SYNTH-BASE-KIA7809AF-BACK-001,SPEC-A
syn-v2-700-body_crack-0053,synthetic/v2_700/images/body_crack/syn-v2-700-body_crack-0053.jpg,body_crack,mild,test,test,22,86fd31fc6b4dc8df3eb48ed50847ed4641ba16eb2b91cadfffd13276f243d093,,1931272638,5106ec2770ba1c2e93b6fe17f604c2566e43e37c700fbee2b873b2d2e2189c67,SYNTH-BASE-KIA7809AF-BACK-001,SPEC-A
syn-v2-700-body_crack-0086,synthetic/v2_700/images/body_crack/syn-v2-700-body_crack-0086.jpg,body_crack,mild,test,test,23,8c273c1cbc853bb148213c5070de0511cc8e67f67c65f59cbc46d68e8bc2278b,,896921447,12aab2170e7c101b6211b049fa1679257d6584ef2791b7e5adead3c627a7c063,SYNTH-BASE-KIA7809AF-BACK-001,SPEC-A
syn-v2-700-body_crack-0015,synthetic/v2_700/images/body_crack/syn-v2-700-body_crack-0015.jpg,body_crack,mild,test,test,24,90c848b2b46d6569197d9a6c00123c0057fe299b84a2c6f194fd6b70da152994,,852275183,486280ceb10b2c99cfa07f4f5cdaac91a44f3b1811687e6fefa23f5456b32b88,SYNTH-BASE-KIA7809AF-BACK-001,SPEC-A
syn-v2-700-body_crack-0017,synthetic/v2_700/images/body_crack/syn-v2-700-body_crack-0017.jpg,body_crack,mild,test,test,25,957981a4e40f08228632aa220719e3491b36fc5b5557ae3fd43116097968046f,,1326733972,007737880c0124fc738346c0d0851075c26adcb7d773654362b7b7620bfe34ec,SYNTH-BASE-KIA7809AF-BACK-001,SPEC-A
syn-v2-700-body_crack-0045,synthetic/v2_700/images/body_crack/syn-v2-700-body_crack-0045.jpg,body_crack,mild,test,test,26,9a9cead1ec91b66dd827bbde8475106113c9f678c84734a2323ae00f511d3237,,100469274,bbba6ae7298b4b570299f74b5a23f6fceef419cc0654ccf70d35a9d1ef0b0363,SYNTH-BASE-KIA7809AF-BACK-001,SPEC-A
syn-v2-700-body_crack-0083,synthetic/v2_700/images/body_crack/syn-v2-700-body_crack-0083.jpg,body_crack,mild,test,test,27,a4b50bef18f82a2e04488665233f856941a0c18f9b132e0beefe0238039a72cb,,313418466,39dd3e04a03eba4317a6daba2832c02e40901e1bc72b10f69a74c9922bf81b27,SYNTH-BASE-KIA7809AF-BACK-001,SPEC-A
syn-v2-700-body_crack-0012,synthetic/v2_700/images/body_crack/syn-v2-700-body_crack-0012.jpg,body_crack,mild,test,test,28,b0cd17451c91eb3361adf2a476e4bba0c1689f625fcf96895e1bb4bf531c9bc0,,1253050082,b61f0d0e779d5af5df744855981b8c8ccdcd2617581c493615dbd720487ba6d0,SYNTH-BASE-KIA7809AF-BACK-001,SPEC-A
syn-v2-700-body_crack-0029,synthetic/v2_700/images/body_crack/syn-v2-700-body_crack-0029.jpg,body_crack,mild,test,test,29,b4f4790c73ebd48a828750065090dbe1f20f635ac2a5385e202762b03cf18324,,579098178,18620e6cd8d75235c4a3982191c9a7c5db6be8cc1000c0e94b8271c8ebe5d675,SYNTH-BASE-KIA7809AF-BACK-001,SPEC-A
syn-v2-700-body_crack-0023,synthetic/v2_700/images/body_crack/syn-v2-700-body_crack-0023.jpg,body_crack,mild,test,test,30,b5389c5ae8fb6b103cf4b90b4554549e603123d776d36992d0698ca5f733b746,,139454652,345242037c577378acfae8433178b88492a046c018e9a5a28c08c7b40945370a,SYNTH-BASE-KIA7809AF-BACK-001,SPEC-A
syn-v2-700-body_crack-0098,synthetic/v2_700/images/body_crack/syn-v2-700-body_crack-0098.jpg,body_crack,mild,test,test,31,b98ed19726f5c4bc8b894eea18e4d9a81bca88e6e4bde8ac6f04f7fade1613e4,,2041168961,c1a3ae33b3deb88e7aec287e57ed2064b301c98f21f7d68bb628e8f36f752c93,SYNTH-BASE-KIA7809AF-BACK-001,SPEC-A
syn-v2-700-body_crack-0071,synthetic/v2_700/images/body_crack/syn-v2-700-body_crack-0071.jpg,body_crack,mild,test,test,32,c469626bcd807f27906cdfd3b602332acb760e6d12aacd895f8df2594f0dfb02,,951709652,025d470ddc8a75d8ca60acfcdab9b330a5f68a354bea8f63163c8c742bf848be,SYNTH-BASE-KIA7809AF-BACK-001,SPEC-A
syn-v2-700-body_crack-0058,synthetic/v2_700/images/body_crack/syn-v2-700-body_crack-0058.jpg,body_crack,mild,test,test,33,de22cd84e76ac3ee7fe9adbaed3a3df98c1427fc247804ff93122ce089521d70,,692141694,cf1f7665b1246cf002588e34ff089d1dd970d69f69bedb1ac957cd25b356b90f,SYNTH-BASE-KIA7809AF-BACK-001,SPEC-A
syn-v2-700-body_crack-0056,synthetic/v2_700/images/body_crack/syn-v2-700-body_crack-0056.jpg,body_crack,mild,test,test,34,df79f292ad87d2a1ddbd0280b23bc7ec950225a8ab4c7618337370703adcdfaf,,323318793,a0e016741e77dad8f8d60ccbd5e970c7fd3f009119782764d952aa5e8f69c566,SYNTH-BASE-KIA7809AF-BACK-001,SPEC-A
syn-v2-700-body_crack-0074,synthetic/v2_700/images/body_crack/syn-v2-700-body_crack-0074.jpg,body_crack,mild,test,test,35,e9c26629e8613ee8fb628466a95bfc7562913d635d7f2a8c282eeb5c00f8ad63,,746112785,acf4654179b97660d66fb6e743d9d3558a0257ece56167f01342d4fad6816251,SYNTH-BASE-KIA7809AF-BACK-001,SPEC-A
syn-v2-700-body_crack-0016,synthetic/v2_700/images/body_crack/syn-v2-700-body_crack-0016.jpg,body_crack,mild,test,test,36,eaf3b82bfcf1c2086c66bb300d45cf955341cb72ebcbf101365a4be4f2209dfc,,782731936,5c91ea6af6c5fd9d22d8df389a0092672a497c4a34feea79fb1df423c257b197,SYNTH-BASE-KIA7809AF-BACK-001,SPEC-A
syn-v2-700-body_crack-0049,synthetic/v2_700/images/body_crack/syn-v2-700-body_crack-0049.jpg,body_crack,mild,test,test,37,f0a3349d10a482d67150e11824db071854e8b17a104a077b72ba6b8e3c198d52,,505599810,b7a504abf925ca4ba3636dc94cdb009eacf7eb683ccac69a76b9f7dea0334298,SYNTH-BASE-KIA7809AF-BACK-001,SPEC-A
syn-v2-700-body_crack-0005,synthetic/v2_700/images/body_crack/syn-v2-700-body_crack-0005.jpg,body_crack,mild,test,test,38,fd8cbc8358429744d7f9e070151ba1f7df48afe1fe69ab92b42ef4d8176c1383,,1190467,52426e2a959105d340d12aa0b12e4ec341cb254c2797996477c809612acbc5df,SYNTH-BASE-KIA7809AF-BACK-001,SPEC-A
syn-v2-700-body_crack-0068,synthetic/v2_700/images/body_crack/syn-v2-700-body_crack-0068.jpg,body_crack,mild,test,test,39,fe24a2e45a069e728b30a0469eef089de61e0c44b9c377ba21dd5f5713a3ba3c,,312466320,2b75ca8e981bc29a8ed68b147069009fda02de4419fbd9b0665caadeff665fca,SYNTH-BASE-KIA7809AF-BACK-001,SPEC-A
syn-v2-700-body_crack-0038,synthetic/v2_700/images/body_crack/syn-v2-700-body_crack-0038.jpg,body_crack,moderate,test,test,11,4f27b18b3c4fed092938b8c185e5b461edd44922c1b916f4e9d6b58ee72e2b33,,853057423,e06cdf8c893ef71e0eea20b776364c24fe0c1d30eea0529de621da8b324ed1af,SYNTH-BASE-KIA7809AF-BACK-001,SPEC-A
syn-v2-700-body_crack-0021,synthetic/v2_700/images/body_crack/syn-v2-700-body_crack-0021.jpg,body_crack,moderate,test,test,12,506417c7abb193f5d210b95efd551cb95583b641b50d39fc56648b2bd18400c5,,946541189,4a45804208fe34cbdca4a798b1fd6213804f50c317355b974c5ca8f8049361d9,SYNTH-BASE-KIA7809AF-BACK-001,SPEC-A
syn-v2-700-body_crack-0040,synthetic/v2_700/images/body_crack/syn-v2-700-body_crack-0040.jpg,body_crack,moderate,test,test,13,52b916d4cd5636b2559d4f3f14251690693e8b5290ae0c06ed8dd3c0e06b6e3b,,1895530331,5c9a27969c320cffe2974112466fb179dcef8a202ceba520d3007807591e5003,SYNTH-BASE-KIA7809AF-BACK-001,SPEC-A
syn-v2-700-body_crack-0076,synthetic/v2_700/images/body_crack/syn-v2-700-body_crack-0076.jpg,body_crack,moderate,test,test,14,59573ad1eb4220eea07ed294653e345a8158eecf3b17ff54364345d53622f60d,,1897231796,bb34889aa293590c211dbaf1df69374269842a97db2e6acbfd83e5458decedf3,SYNTH-BASE-KIA7809AF-BACK-001,SPEC-A
syn-v2-700-body_crack-0075,synthetic/v2_700/images/body_crack/syn-v2-700-body_crack-0075.jpg,body_crack,moderate,test,test,15,5aa769e9fbc6dd3247af34ac8b63cf67a5d99696388ac4b38a54358facbef696,,1563535521,529e06475be6afb230adced02674f94dfadea9f3cf355b034eee87d72b59abf2,SYNTH-BASE-KIA7809AF-BACK-001,SPEC-A
syn-v2-700-body_crack-0035,synthetic/v2_700/images/body_crack/syn-v2-700-body_crack-0035.jpg,body_crack,moderate,test,test,16,5ab0897cb2abdc969e743d234bf21fa8f201cb15a62ae252e0cbb23c28a39dbc,,959798093,eba949a6857b8406fad733bee07cd6ae9b42c0ccbf09a9b189819c2e2d4fa962,SYNTH-BASE-KIA7809AF-BACK-001,SPEC-A
syn-v2-700-body_crack-0019,synthetic/v2_700/images/body_crack/syn-v2-700-body_crack-0019.jpg,body_crack,moderate,test,test,17,69ba259e6078098c1ca455973ab046e713f73adaf070135264db61582f395620,,918377768,e4b7f734fbe6f829be45f2865c6ca2ec8335dca0ef3740134dc3259b63549ff0,SYNTH-BASE-KIA7809AF-BACK-001,SPEC-A
syn-v2-700-body_crack-0032,synthetic/v2_700/images/body_crack/syn-v2-700-body_crack-0032.jpg,body_crack,moderate,test,test,18,6e3de304f3bb6a290da3f8dcbcc2586dedaf3dcd17bdbb4a8abc80eda6b58a6c,,2042685907,7d6c101254c70d2d96e235c59d56befeab8b2a22ce8ee89acdfb0ffe68830b2f,SYNTH-BASE-KIA7809AF-BACK-001,SPEC-A
syn-v2-700-body_crack-0065,synthetic/v2_700/images/body_crack/syn-v2-700-body_crack-0065.jpg,body_crack,moderate,test,test,19,77fed2475fd8abb231cb779eb71a6ede7d4b8900f3fb3379020e153a84185d8e,,536472622,d45e3a2a7bbacccc94bbd3686b76ce78e3e37d173c3c0d7872f1f2bdcf562a9a,SYNTH-BASE-KIA7809AF-BACK-001,SPEC-A
syn-v2-700-body_crack-0061,synthetic/v2_700/images/body_crack/syn-v2-700-body_crack-0061.jpg,body_crack,moderate,test,test,20,7ca81ba88a804d99c892ca5b5bde517cb6ea21c9278c7a65ea90cf5152a5d7f4,,21229384,0d397278e310d524c75ddda12c5d1ea77543446f8dbb84dc12dced14969dd19f,SYNTH-BASE-KIA7809AF-BACK-001,SPEC-A
syn-v2-700-body_crack-0095,synthetic/v2_700/images/body_crack/syn-v2-700-body_crack-0095.jpg,body_crack,moderate,test,test,21,7cb4bd5aa06896663f0292870bba3e445f9a42f57ed738a001dd92697707673d,,1003822828,5928b6df5ea0ec77fb056507346c414f095729d2720109f2b81f7be2fbd420c9,SYNTH-BASE-KIA7809AF-BACK-001,SPEC-A
syn-v2-700-body_crack-0013,synthetic/v2_700/images/body_crack/syn-v2-700-body_crack-0013.jpg,body_crack,moderate,test,test,22,7db30f1a08ae995eb501c787e471106a47ad0830926c9e2ca5013fa8815d78ec,,461392366,7c4f366b8ab834eacba97a004ba7bacb524792d88a0270a1cb2be3895be53ac2,SYNTH-BASE-KIA7809AF-BACK-001,SPEC-A
syn-v2-700-body_crack-0085,synthetic/v2_700/images/body_crack/syn-v2-700-body_crack-0085.jpg,body_crack,moderate,test,test,23,7dd4fe14b9c576cd4df0c416514e4b5bb48adb2f45be3d6f8e331716fb5d436b,,1352400190,bba0d6279d70e1b25557d2acabff4f7514c1dd80824f184ea4a452d7703cc82d,SYNTH-BASE-KIA7809AF-BACK-001,SPEC-A
syn-v2-700-body_crack-0007,synthetic/v2_700/images/body_crack/syn-v2-700-body_crack-0007.jpg,body_crack,moderate,test,test,24,859379db864039f1d9a8ec8e726abf69a0afddb456d36a4eefdb3dd6cff7a801,,427097330,ecb3e3a6a73fd9a468769c74435c9427cea9a8296bfca49091cefe8e1fc21ce1,SYNTH-BASE-KIA7809AF-BACK-001,SPEC-A
syn-v2-700-body_crack-0018,synthetic/v2_700/images/body_crack/syn-v2-700-body_crack-0018.jpg,body_crack,moderate,test,test,25,8a322e05c5376145314e85e94e48b9ed02432eefc4d264c8dd31a2f15f068b71,,1488472680,2b945af03c54b115ce38a73b60fa994b70deb26667b8e25d7bb8644d35b4e9fd,SYNTH-BASE-KIA7809AF-BACK-001,SPEC-A
syn-v2-700-body_crack-0014,synthetic/v2_700/images/body_crack/syn-v2-700-body_crack-0014.jpg,body_crack,moderate,test,test,26,8adab7a03f5fea5e38f1c8cc779a77c4e3d3e0e436260bbd8da967533276367a,,1365902309,8c1c5d184b9d12f8672ed69bd26caf1e977039704e027f9e0490c4b923c6c3e9,SYNTH-BASE-KIA7809AF-BACK-001,SPEC-A
syn-v2-700-body_crack-0009,synthetic/v2_700/images/body_crack/syn-v2-700-body_crack-0009.jpg,body_crack,moderate,test,test,27,a64087adbba1698dc35d0c2ebfd1eb830d0127627fad2976d215ac33c9e94272,,1658041112,087d27e5781768149a3d41a396fc5e93b210929c52f145bc4e6adc93fd6d47aa,SYNTH-BASE-KIA7809AF-BACK-001,SPEC-A
syn-v2-700-body_crack-0024,synthetic/v2_700/images/body_crack/syn-v2-700-body_crack-0024.jpg,body_crack,moderate,test,test,28,a7a44e7e3eb8182885b3fd433593766a8b2e2800391f5a4b06f369c9b6502896,,2060006181,57e616baa3568dab69405fb616277d3f6e5faa794d18ceff2703035b9f9ae89b,SYNTH-BASE-KIA7809AF-BACK-001,SPEC-A
syn-v2-700-body_crack-0055,synthetic/v2_700/images/body_crack/syn-v2-700-body_crack-0055.jpg,body_crack,moderate,test,test,29,ae91a806cc6f2cb68ebeba874cfbb403fe39730bf336482e707b57ec845dd4c0,,647442701,dbcf1854d6b747e4c46c1ae5a2ef6930279bf5d5ed5f4b94c6c72b00ef0389e2,SYNTH-BASE-KIA7809AF-BACK-001,SPEC-A
syn-v2-700-body_crack-0087,synthetic/v2_700/images/body_crack/syn-v2-700-body_crack-0087.jpg,body_crack,moderate,test,test,30,b0dd546c635638483278615231db5a514936cfcf3e24b59d20d34f095a66f196,,2117454082,4008f940f7944ccc1278f9116b8acb45c8c381634153dafdc06c2a5491da1b34,SYNTH-BASE-KIA7809AF-BACK-001,SPEC-A
syn-v2-700-body_crack-0028,synthetic/v2_700/images/body_crack/syn-v2-700-body_crack-0028.jpg,body_crack,moderate,test,test,31,b437fa33db7de405aa9037415a95eba741e9b0391eb8b253e1801835b7b19697,,694110215,41f8e71392f0c15716962f444fd63fb2b919a7b5050e27265f57f9593feaedc6,SYNTH-BASE-KIA7809AF-BACK-001,SPEC-A
syn-v2-700-body_crack-0092,synthetic/v2_700/images/body_crack/syn-v2-700-body_crack-0092.jpg,body_crack,moderate,test,test,32,b854b4761e02a1b5c3f17c0f33f30a46ac73d8267288bbf64d4d52b631a8cc11,,1196090466,f230115a275225c0bccd5399ff94093da6a807a4f490cb138d532fa8a184c0c0,SYNTH-BASE-KIA7809AF-BACK-001,SPEC-A
syn-v2-700-body_crack-0090,synthetic/v2_700/images/body_crack/syn-v2-700-body_crack-0090.jpg,body_crack,moderate,test,test,33,bf04d1ceaaf5fb462856428dd43d890dc5cb9e472555044e48810f7286641b9c,,2135525292,b407d41200d340a04c5ff7f04a28c8eec13c7322f325c1c030212090fcf18e6f,SYNTH-BASE-KIA7809AF-BACK-001,SPEC-A
syn-v2-700-body_crack-0091,synthetic/v2_700/images/body_crack/syn-v2-700-body_crack-0091.jpg,body_crack,moderate,test,test,34,da2b44e91fe003537f29608c0f3922da7e8b986b10f82acec578a68e13d1f12d,,444242743,55eca05683daa9bcd36e4496b4ab2f67aa8f72f4a8e9d6eb917a33fcd31461c8,SYNTH-BASE-KIA7809AF-BACK-001,SPEC-A
syn-v2-700-body_crack-0069,synthetic/v2_700/images/body_crack/syn-v2-700-body_crack-0069.jpg,body_crack,moderate,test,test,35,e929149238de833c1d0ae243e43ac70006f83c5a095d5e8a82d55a3f1f3ba154,,405180804,be38ff129d78ebd76fa2aa2887b4e19bd5e433ac5034b5cb7193b5209c207762,SYNTH-BASE-KIA7809AF-BACK-001,SPEC-A
syn-v2-700-body_crack-0043,synthetic/v2_700/images/body_crack/syn-v2-700-body_crack-0043.jpg,body_crack,moderate,test,test,36,eed6543739dfa35de0b71f789316e04b8d65dd62eee083f716a18458b4e391da,,619994630,af17772bc00749c81b76dac38aab70cd440e8c7cba33a928c268fb62f9d8d646,SYNTH-BASE-KIA7809AF-BACK-001,SPEC-A
syn-v2-700-body_crack-0082,synthetic/v2_700/images/body_crack/syn-v2-700-body_crack-0082.jpg,body_crack,moderate,test,test,37,f3c93e48cbad68b475636ee0f7db82813557cf3bfad7e39f3144479f4beda0c2,,18246759,4c36fe3b2cafbf3f5f6b480783f0c7edc61c7c001f0ea0398a9ce8fb235cbd51,SYNTH-BASE-KIA7809AF-BACK-001,SPEC-A
syn-v2-700-body_crack-0042,synthetic/v2_700/images/body_crack/syn-v2-700-body_crack-0042.jpg,body_crack,moderate,test,test,38,f5de351aa6b050fd336db28b7efa685bcf88ab104f0701bbc092bd87a236d337,,1882999404,32e8e83b69563f8f50d35fdc4c4f02c25d95f6892a45435dc7507a289e428f60,SYNTH-BASE-KIA7809AF-BACK-001,SPEC-A
syn-v2-700-body_crack-0063,synthetic/v2_700/images/body_crack/syn-v2-700-body_crack-0063.jpg,body_crack,moderate,test,test,39,fe3e044bcf58d529817d3b54a5d3f870debc43f73b07aa3d70b7475b7a0ec643,,1356776469,b8ee83f2d30951357215ab5abdb30a269afad57118f26199ad8234048736ef9d,SYNTH-BASE-KIA7809AF-BACK-001,SPEC-A
syn-v2-700-body_crack-0000,synthetic/v2_700/images/body_crack/syn-v2-700-body_crack-0000.jpg,body_crack,severe,test,test,6,24dbb450e63e0822c96b77b48e9c1ff3add239df8b59af761a335b88edda72cb,,658426039,609eaadf3099b3cad131cb5cf5e4510be772a1f5d332b6f63521c92675aa5a8d,SYNTH-BASE-KIA7809AF-BACK-001,SPEC-A
syn-v2-700-body_crack-0093,synthetic/v2_700/images/body_crack/syn-v2-700-body_crack-0093.jpg,body_crack,severe,test,test,7,2b859fe6a90f85791fc2b1831ed36e507c4864b78581393aaa4a972b5bcc97db,,1654149876,43ec7cd97e73c711e003fde75fe228297770c3aa9d941c7e2d867ad48956af22,SYNTH-BASE-KIA7809AF-BACK-001,SPEC-A
syn-v2-700-body_crack-0072,synthetic/v2_700/images/body_crack/syn-v2-700-body_crack-0072.jpg,body_crack,severe,test,test,8,2e6760cceda084f11aaf8406ef1862f715c03d15705690a29ea8d23803e99900,,837758706,afc052a3661882edcf9854d32cf1235cf13aba508e42e2875b18b7a52f2defda,SYNTH-BASE-KIA7809AF-BACK-001,SPEC-A
syn-v2-700-body_crack-0062,synthetic/v2_700/images/body_crack/syn-v2-700-body_crack-0062.jpg,body_crack,severe,test,test,9,431f0dedaa1aa27e0d247d9393f55b28436faaafe70925675a85d246f4d436c0,,2014946146,a3058bbe0513e95c7d2347c4de1c369af1b149fe646be3962d76ad49b39e71bc,SYNTH-BASE-KIA7809AF-BACK-001,SPEC-A
syn-v2-700-body_crack-0041,synthetic/v2_700/images/body_crack/syn-v2-700-body_crack-0041.jpg,body_crack,severe,test,test,10,5fcf54baf5b2b321c5dcf91f04cd7c554dc069de78b5a4a53a08722fb4fd5e23,,2007399562,558709df6509f607cf8fd7e9889ba6d9b78d17f39445d15f732f8ccdcb7ecb72,SYNTH-BASE-KIA7809AF-BACK-001,SPEC-A
syn-v2-700-body_crack-0026,synthetic/v2_700/images/body_crack/syn-v2-700-body_crack-0026.jpg,body_crack,severe,test,test,11,6a62b1799d20b63b56953c62ce3d987fc31bbb09566cff7074bc9a40fbfe3891,,115019363,2788aa31e65af1fde384ae1bce866b7bee1295c6d26da44b8e7a0e27d5e04b55,SYNTH-BASE-KIA7809AF-BACK-001,SPEC-A
syn-v2-700-body_crack-0025,synthetic/v2_700/images/body_crack/syn-v2-700-body_crack-0025.jpg,body_crack,severe,test,test,12,80f31315759776f451713cfa57b0a4d0c591c3f42532824465f24138a43654cb,,861793437,36dd9e1349502e6c38b3b51da40ec9ea23ebc7782151b1e9bfd1790fc0e14366,SYNTH-BASE-KIA7809AF-BACK-001,SPEC-A
syn-v2-700-body_crack-0080,synthetic/v2_700/images/body_crack/syn-v2-700-body_crack-0080.jpg,body_crack,severe,test,test,13,820c6eff8acff5705cbc39aa3279b284ef035c959b03963521816ef3b9d5536d,,852224300,55f723d1180b7b0828dbc9e76f04fa453c4df01fc1570f89e0937b8dcc8da194,SYNTH-BASE-KIA7809AF-BACK-001,SPEC-A
syn-v2-700-body_crack-0048,synthetic/v2_700/images/body_crack/syn-v2-700-body_crack-0048.jpg,body_crack,severe,test,test,14,c5a38caa76800f7158cb72dfa195af34081747d3095260687c53240b3baa8ef7,,1352342742,351ac174222c7cf9a4cbcd821687b9de04c8f8cd2ce56101d4dad0d0902268e9,SYNTH-BASE-KIA7809AF-BACK-001,SPEC-A
syn-v2-700-body_crack-0067,synthetic/v2_700/images/body_crack/syn-v2-700-body_crack-0067.jpg,body_crack,severe,test,test,15,c7e30da2b4c14fb43e3fcbac10d5d0c42bbecaa261deec0543fa4326f4b64a15,,1299926488,898d238a9d7489428aa4eaf795e8d683d76cf24a188af0f90345719f3fd6061a,SYNTH-BASE-KIA7809AF-BACK-001,SPEC-A
syn-v2-700-body_crack-0006,synthetic/v2_700/images/body_crack/syn-v2-700-body_crack-0006.jpg,body_crack,severe,test,test,16,d0fbbf75a0705295270a5fe45f360e12d7e83c01c0bc89a6ca382962281e36ef,,27591675,7bfb176e6379c7022713392a8fd0b40d68dbb7e5388c1521584b21f67f1d7f1f,SYNTH-BASE-KIA7809AF-BACK-001,SPEC-A
syn-v2-700-body_crack-0001,synthetic/v2_700/images/body_crack/syn-v2-700-body_crack-0001.jpg,body_crack,severe,test,test,17,d82d19e549c4a2529bb1943e643903068b2dc97d84735a2ed0ec3f01e4063a26,,1117870266,ab9e5fd629b6492f5757e349076b4b44920fe39e415b72563fc6c071951d601f,SYNTH-BASE-KIA7809AF-BACK-001,SPEC-A
syn-v2-700-body_crack-0010,synthetic/v2_700/images/body_crack/syn-v2-700-body_crack-0010.jpg,body_crack,severe,test,test,18,e5b4a797c925256384ffe43378337920dafabf988dcc646fef88f954006e23b3,,1568616583,fb9f103fe85945f6a003d3c007189f211ace7825acf97e0eef907c50229e2ac2,SYNTH-BASE-KIA7809AF-BACK-001,SPEC-A
syn-v2-700-body_crack-0020,synthetic/v2_700/images/body_crack/syn-v2-700-body_crack-0020.jpg,body_crack,severe,test,test,19,ec421381440c40075001d85bf298677c83cae3ec54dcf34268412162b8459ea8,,1244303160,a10ea62f7c23ea3fb62bb0a8272cd87530560748dffe1df1f597a6362ac987ce,SYNTH-BASE-KIA7809AF-BACK-001,SPEC-A
syn-v2-700-contamination-0019,synthetic/v2_700/images/contamination/syn-v2-700-contamination-0019.jpg,contamination,mild,test,test,11,53307360289c35df5035f20d8006332e530834eacb1293dc025ef207d20c67e6,,1575618290,5d04c47f6519a35a402a50d28b496c6e255ed99e9060ae1f111de8fa34642651,SYNTH-BASE-KIA7809AF-BACK-001,SPEC-A
syn-v2-700-contamination-0030,synthetic/v2_700/images/contamination/syn-v2-700-contamination-0030.jpg,contamination,mild,test,test,12,533173e0cb22adfc096cd54107a4473d58f5d5ec9120e325728a51a47b0d166a,,788392057,f575ea0a85e715edb1f3f6f71b62cbba0d096394a77042a16290dcef9e9c20e6,SYNTH-BASE-KIA7809AF-BACK-001,SPEC-A
syn-v2-700-contamination-0022,synthetic/v2_700/images/contamination/syn-v2-700-contamination-0022.jpg,contamination,mild,test,test,13,53b92e178e369a199e10ba791200e9320b1da82abd1e990e29104d4d76cb70d5,,100619886,1307b24a01e935271f2331e5a2bfe2f37f5310366827125700deda6d5e22606f,SYNTH-BASE-KIA7809AF-BACK-001,SPEC-A
syn-v2-700-contamination-0003,synthetic/v2_700/images/contamination/syn-v2-700-contamination-0003.jpg,contamination,mild,test,test,14,5c6d56d33de2bb28d31c6db7973cd020200e6b28ef78c2ef465830c27bd3552c,,1771930439,a103bd09dfe83fd8ae9a49e3980eeca6f525b67a65334a88cb7e1f0b6c93f973,SYNTH-BASE-KIA7809AF-BACK-001,SPEC-A
syn-v2-700-contamination-0008,synthetic/v2_700/images/contamination/syn-v2-700-contamination-0008.jpg,contamination,mild,test,test,15,6c024c7e58dd2c91aa808ec3169949d52cc48329008b66ea9cd12ce9f59dd71f,,947226312,d8818e9f1a72c85291b27c6959fdde8e6c500c3271e16bad5241d68c8218429d,SYNTH-BASE-KIA7809AF-BACK-001,SPEC-A
syn-v2-700-contamination-0083,synthetic/v2_700/images/contamination/syn-v2-700-contamination-0083.jpg,contamination,mild,test,test,16,6d8ca4aafbb86902e7021c59203d7084e47b8b9fe82d6b358de6ebc8170819d0,,1941679943,826208a4bd844e741505fe9b618e811ec80c7c6b81599154d4ca0abd81b4ca4d,SYNTH-BASE-KIA7809AF-BACK-001,SPEC-A
syn-v2-700-contamination-0039,synthetic/v2_700/images/contamination/syn-v2-700-contamination-0039.jpg,contamination,mild,test,test,17,71737175ded05927465ceea9dab33f4e2c677375c667fe0bd7ad776dc7321b74,,1170795693,5ade615db807b68dd3af7f43a86426fd8f7be0b1f3100ffde899e13eb14544df,SYNTH-BASE-KIA7809AF-BACK-001,SPEC-A
syn-v2-700-contamination-0056,synthetic/v2_700/images/contamination/syn-v2-700-contamination-0056.jpg,contamination,mild,test,test,18,73cc2138d6d0996f3d13cdf3efb73cb11018b89f36e337c03e0e24ab465a7d2f,,828927012,da5571adf509ada8e0bd21a033e8d321b2511e322fe7f7b379b40833b1332cf5,SYNTH-BASE-KIA7809AF-BACK-001,SPEC-A
syn-v2-700-contamination-0099,synthetic/v2_700/images/contamination/syn-v2-700-contamination-0099.jpg,contamination,mild,test,test,19,76ed3e072ba889f7c9e0be0cff11499516e0d68ecda6ceccafc0c2647cde3199,,718365777,e8f4c84146008efe80f476b8427a81a932a3a29f994209c6ca8b579d61d257c0,SYNTH-BASE-KIA7809AF-BACK-001,SPEC-A
syn-v2-700-contamination-0067,synthetic/v2_700/images/contamination/syn-v2-700-contamination-0067.jpg,contamination,mild,test,test,20,8e09c03027484fe977531080e4b7f419d78023dedccb2ae31171f734e81b9797,,1190868289,db0b6bec444930c11606bfb315a25be57e1e4a40c2485bd86c8db06d9c9a78e3,SYNTH-BASE-KIA7809AF-BACK-001,SPEC-A
syn-v2-700-contamination-0072,synthetic/v2_700/images/contamination/syn-v2-700-contamination-0072.jpg,contamination,mild,test,test,21,952beca54fa7e6485f50524d3c3e63267c0af43b31c0a5bf559ad0e16eb66695,,1050310016,dc2bbcf7ffaf9339874bbe3059b1c23aab4c4bfb7748a002062b88bd286569a3,SYNTH-BASE-KIA7809AF-BACK-001,SPEC-A
syn-v2-700-contamination-0064,synthetic/v2_700/images/contamination/syn-v2-700-contamination-0064.jpg,contamination,mild,test,test,22,9711fbd4d22e2618d0fd7e0187cab759a13e72b59fba503c5bc1efe48225f07c,,389618554,56a4006b14e3cb82913bddf5237ae6090c1d44f99e10f4850040b60096479917,SYNTH-BASE-KIA7809AF-BACK-001,SPEC-A
syn-v2-700-contamination-0012,synthetic/v2_700/images/contamination/syn-v2-700-contamination-0012.jpg,contamination,mild,test,test,23,a80343554c309f6bdbe141c32c85a527b394c7c9a3733ff449ebaf8ba3f9c7e2,,1195930409,1cb0243407e02c80fc837c4a5cc446317b21e0c2ec32f08b8a306f9d8fea9ed4,SYNTH-BASE-KIA7809AF-BACK-001,SPEC-A
syn-v2-700-contamination-0061,synthetic/v2_700/images/contamination/syn-v2-700-contamination-0061.jpg,contamination,mild,test,test,24,abea399d900bf51113857d94910319460d952e928d75b3814e481e4543d09a7c,,1441003869,e0708519ed503d172330555590e38f2ada26790952c8fbb485830e12dd2f4b1b,SYNTH-BASE-KIA7809AF-BACK-001,SPEC-A
syn-v2-700-contamination-0015,synthetic/v2_700/images/contamination/syn-v2-700-contamination-0015.jpg,contamination,mild,test,test,25,ac241f796eaf792e6e8242f7373b2652b0ceb9d4eed726a5b47558d15b5ed7bd,,1193270812,d26ed5a81950a52625eda77c69eafb99ef61317e8fb061e1932f09e3875795e0,SYNTH-BASE-KIA7809AF-BACK-001,SPEC-A
syn-v2-700-contamination-0023,synthetic/v2_700/images/contamination/syn-v2-700-contamination-0023.jpg,contamination,mild,test,test,26,b9a93586a27585e1524d0ec30616528d823263b8afdcd3f82db9fdd6cfbbfa06,,2114879188,cbc2e97484d91fc8e7bb04c705f64c8cd3be29018a4b32a5c2b83de0ac7904d4,SYNTH-BASE-KIA7809AF-BACK-001,SPEC-A
syn-v2-700-contamination-0042,synthetic/v2_700/images/contamination/syn-v2-700-contamination-0042.jpg,contamination,mild,test,test,27,bd122a0eba434fa8b97dbdf4e255b35e1a065582c4d7673c77fbc0b14c672310,,687282079,30a8f93c211d1541a7fd40053fc6a825d0eb1806295672a65c88434f444b2f49,SYNTH-BASE-KIA7809AF-BACK-001,SPEC-A
syn-v2-700-contamination-0038,synthetic/v2_700/images/contamination/syn-v2-700-contamination-0038.jpg,contamination,mild,test,test,28,c820c6cac47d6778299b4ee506768af8ed7eb16d1ac0b1189996715c63f533eb,,1868189564,459031fd2b2629de154e345a54b5069f1f38f4cf19d9b11aa3069754fcb41227,SYNTH-BASE-KIA7809AF-BACK-001,SPEC-A
syn-v2-700-contamination-0087,synthetic/v2_700/images/contamination/syn-v2-700-contamination-0087.jpg,contamination,mild,test,test,29,ce15c61966b1564f3d0e621a9c8715549fc93399eecb1b0bdffc561990ee0057,,1183290993,63239b9d216c3f75a486553ffca620fe867d236e435d220429745a635d80441b,SYNTH-BASE-KIA7809AF-BACK-001,SPEC-A
syn-v2-700-contamination-0080,synthetic/v2_700/images/contamination/syn-v2-700-contamination-0080.jpg,contamination,mild,test,test,30,ce428164a38f073754a749be5be00d0b66c493d62a97e77e6e478507759dcb34,,1725430100,0d523d409229d53c16a3c0d13673ebc9f7140fc7e6aa3a10a5917a5239d75226,SYNTH-BASE-KIA7809AF-BACK-001,SPEC-A
syn-v2-700-contamination-0082,synthetic/v2_700/images/contamination/syn-v2-700-contamination-0082.jpg,contamination,mild,test,test,31,d1ce4dfed09b80b51a86ccdc19d51e57ffbeb3844ad12a05d638d1a26fdb56d2,,1129978819,9c8c7168c450ea193840a63b5b09a74fe0271e02136d2a1a26fa88a4271220c9,SYNTH-BASE-KIA7809AF-BACK-001,SPEC-A
syn-v2-700-contamination-0000,synthetic/v2_700/images/contamination/syn-v2-700-contamination-0000.jpg,contamination,mild,test,test,32,de19f8bdb85790dacd99246b19b48bb847f7d95a0db663aba815deeec72e46f6,,411917117,c249fbd015cd819748e54a5a036a6cdc3cbcd6a356a405eeee58b5827777dfa4,SYNTH-BASE-KIA7809AF-BACK-001,SPEC-A
syn-v2-700-contamination-0074,synthetic/v2_700/images/contamination/syn-v2-700-contamination-0074.jpg,contamination,mild,test,test,33,e25e4dc349502901a3f6761e8177db539a4f186acddf4eadbbe39e0d5ef1ad7f,,1415571984,ed04beefa3dccd42de0da7a0c5ccbe16d71f8ffcdfecea06b07e2599cb8ee18e,SYNTH-BASE-KIA7809AF-BACK-001,SPEC-A
syn-v2-700-contamination-0043,synthetic/v2_700/images/contamination/syn-v2-700-contamination-0043.jpg,contamination,mild,test,test,34,e2875c857d90626f081600ff98f7d0c7ba2e0b05cee53f9853153bea05d87d5c,,2071153979,31779ef1ee5a3264048ea5bc3301bb69c60f908f0a43bfd6d8ec73b31a49d112,SYNTH-BASE-KIA7809AF-BACK-001,SPEC-A
syn-v2-700-contamination-0063,synthetic/v2_700/images/contamination/syn-v2-700-contamination-0063.jpg,contamination,mild,test,test,35,e9e81e717852623025e8a7240527d6101708f7d479820327f4d9d6b88509da63,,1303901841,21948b0c5dc51b42a7fa20868c9f7b9e3606e1d2bfea45427bf85dcf836a2dad,SYNTH-BASE-KIA7809AF-BACK-001,SPEC-A
syn-v2-700-contamination-0024,synthetic/v2_700/images/contamination/syn-v2-700-contamination-0024.jpg,contamination,mild,test,test,36,ebb9fb7006b4452968ad432d4974473149ae28779c05e99644e592b2a87a8863,,475170210,6a89b908445e28d9e5c13cea45c6d1d6b245816f4c16310e8b93c02dbca6df8a,SYNTH-BASE-KIA7809AF-BACK-001,SPEC-A
syn-v2-700-contamination-0009,synthetic/v2_700/images/contamination/syn-v2-700-contamination-0009.jpg,contamination,mild,test,test,37,ed696fb2a2f89fe54153cbff8935178d8ea62b79ba3efeb40a26fd7373202948,,672372898,9a2666867b9b0d4b1402960b26d4108d6aa70bc23d0b82a4ac9592e30b790f3c,SYNTH-BASE-KIA7809AF-BACK-001,SPEC-A
syn-v2-700-contamination-0058,synthetic/v2_700/images/contamination/syn-v2-700-contamination-0058.jpg,contamination,mild,test,test,38,f1ce7861823f8882ca4c8e6a8fc42aac7a0b6d9231672a85add3393bc83d152d,,574148587,9a4cffa6f98d378849c77dabde20c6fec21cbc73a7f7deeba7b319be2e262bc6,SYNTH-BASE-KIA7809AF-BACK-001,SPEC-A
syn-v2-700-contamination-0070,synthetic/v2_700/images/contamination/syn-v2-700-contamination-0070.jpg,contamination,mild,test,test,39,f2a9bb8c2218ce19bb549fc9a613e181538e9c5d5ce9e140951badb94b700941,,1201646986,673d3ac9cea746157cdc038cdae5b32d4d3ba19b99048ed556cc773b4be1bee2,SYNTH-BASE-KIA7809AF-BACK-001,SPEC-A
syn-v2-700-contamination-0068,synthetic/v2_700/images/contamination/syn-v2-700-contamination-0068.jpg,contamination,moderate,test,test,11,48087e35941e64ba50fac7a6531b73b64e4b4d3e8cf9ca3226faae581b5c80e9,,234418965,16f01eb21233c22f0c6d6c94ac5c099d6dd332af96fd4d2e77190794d520cc2c,SYNTH-BASE-KIA7809AF-BACK-001,SPEC-A
syn-v2-700-contamination-0092,synthetic/v2_700/images/contamination/syn-v2-700-contamination-0092.jpg,contamination,moderate,test,test,12,4f1661b03c89ebd390786966722f25d55f77293c462292f758019aa3711613f6,,1876970815,a5db423dfba4b911f3d6bb5b2113926a7dbd319a270fb14dd3d0f015a7d989a1,SYNTH-BASE-KIA7809AF-BACK-001,SPEC-A
syn-v2-700-contamination-0010,synthetic/v2_700/images/contamination/syn-v2-700-contamination-0010.jpg,contamination,moderate,test,test,13,51e302c66481c72b96d2171b42c721b48ca317856e04a9abdd2a0b90a216d6b0,,1800161404,b6744e4cd0b6132d66de02c347c9779ab08db4fbbcc3291514525fa61b0eb96e,SYNTH-BASE-KIA7809AF-BACK-001,SPEC-A
syn-v2-700-contamination-0091,synthetic/v2_700/images/contamination/syn-v2-700-contamination-0091.jpg,contamination,moderate,test,test,14,5de367037e0cbe7911a74486373383c83698c0a5a8f0630824bad47870845ff4,,753569961,3d4aa0c49badeaba26d4848fd2f3ee2eabad5d8e6ff84f5f4e5ba5c3a5e61707,SYNTH-BASE-KIA7809AF-BACK-001,SPEC-A
syn-v2-700-contamination-0048,synthetic/v2_700/images/contamination/syn-v2-700-contamination-0048.jpg,contamination,moderate,test,test,15,62fd3cf8a2461d7ec491cbc61089387b524245b2797c45372a160cc79c3bc36d,,2146017997,10f6f3d9e486fd48f8a780cdb83bdae2b551c787c2e2c65758de10630e83db74,SYNTH-BASE-KIA7809AF-BACK-001,SPEC-A
syn-v2-700-contamination-0071,synthetic/v2_700/images/contamination/syn-v2-700-contamination-0071.jpg,contamination,moderate,test,test,16,643bcce6da7b60414243adea605bd5fa4fbfb21a1645a6c12240a6685226d507,,1782764681,017a712d099b01b979f6bf2acd724ae5e173f9b835beb918b95f9a14bc68833a,SYNTH-BASE-KIA7809AF-BACK-001,SPEC-A
syn-v2-700-contamination-0066,synthetic/v2_700/images/contamination/syn-v2-700-contamination-0066.jpg,contamination,moderate,test,test,17,64b240e9523a6fbe5c5d7228b6ac39d8b52321b12048e554f24b02bccbc626ad,,22865459,48535c3d6df0bdfdec7071a2eed5f8a0a3be4ed81d7e21140c5daa08d1223d79,SYNTH-BASE-KIA7809AF-BACK-001,SPEC-A
syn-v2-700-contamination-0079,synthetic/v2_700/images/contamination/syn-v2-700-contamination-0079.jpg,contamination,moderate,test,test,18,66267b4bedcd5b9bd5ab02b4d57ccfee73d1fa9659c6e4b7b71ccee335213957,,124765090,b679c3e231b7894fdad60fb69b2cec396ca1a68c8b9aefaade1299f51f5cfb46,SYNTH-BASE-KIA7809AF-BACK-001,SPEC-A
syn-v2-700-contamination-0046,synthetic/v2_700/images/contamination/syn-v2-700-contamination-0046.jpg,contamination,moderate,test,test,19,6aded4bbcde35b351400c39e39edcb99aa0c0190cab376b97b0cfffc67712bd7,,627795745,ccf7aeb6e4075e809c9328a84b0cae08bf569bdf03541f5fd0da178f5f3bce89,SYNTH-BASE-KIA7809AF-BACK-001,SPEC-A
syn-v2-700-contamination-0017,synthetic/v2_700/images/contamination/syn-v2-700-contamination-0017.jpg,contamination,moderate,test,test,20,7071a6f2d7a42b66cb92fb779b06b19d862ca31eeffce5ef18e90aada31ac1b1,,2131493807,3fa36273b2b455cde78d3b0636005ae0a46248a2c6f469ee62e7683d634fcdde,SYNTH-BASE-KIA7809AF-BACK-001,SPEC-A
syn-v2-700-contamination-0053,synthetic/v2_700/images/contamination/syn-v2-700-contamination-0053.jpg,contamination,moderate,test,test,21,7a06502a732696b4fb24e29d9e8bfffe3783d83be7c48c89305da8d368fe5b8c,,1904145675,b41bfe82515306f6c75401e6ce3ab1bac6c829fd154890570b600f82c4bd3d10,SYNTH-BASE-KIA7809AF-BACK-001,SPEC-A
syn-v2-700-contamination-0041,synthetic/v2_700/images/contamination/syn-v2-700-contamination-0041.jpg,contamination,moderate,test,test,22,823f9ffcba7ba2b6a80fb43d3e85a3878625dcfbb4a089b040761d1328b2d7ce,,909023473,da74c76aec2105dccdb429f0a1fae63be86a45892febaa18cc5b4a57813251d4,SYNTH-BASE-KIA7809AF-BACK-001,SPEC-A
syn-v2-700-contamination-0094,synthetic/v2_700/images/contamination/syn-v2-700-contamination-0094.jpg,contamination,moderate,test,test,23,847bc8747ef7102e150cb9663a2f487fee7d776a68343077e8537b17ba455b3d,,2036731257,8fc1543fab6c8aa595ad14cd718aba8824b99ae56f3d61d506d43f9173bfc648,SYNTH-BASE-KIA7809AF-BACK-001,SPEC-A
syn-v2-700-contamination-0031,synthetic/v2_700/images/contamination/syn-v2-700-contamination-0031.jpg,contamination,moderate,test,test,24,947a107893edd6c0d8ab090b95b81fbb6ae578d6fd26cc7fc2152f68366c278a,,1564437538,fdbfdb5391e734b5fdfb0bbee74a097704bd7b17e1261807dbd0dd4b2da1c9dc,SYNTH-BASE-KIA7809AF-BACK-001,SPEC-A
syn-v2-700-contamination-0069,synthetic/v2_700/images/contamination/syn-v2-700-contamination-0069.jpg,contamination,moderate,test,test,25,9860bec3e618a08ee073298ffe9229c5724e64f105c5f68edcf92ebdf79d1f3b,,638259791,a3240de936bccd6364f9bb9bc6ce3ada4937dabc0e80382b541d227bd14344b3,SYNTH-BASE-KIA7809AF-BACK-001,SPEC-A
syn-v2-700-contamination-0059,synthetic/v2_700/images/contamination/syn-v2-700-contamination-0059.jpg,contamination,moderate,test,test,26,a1993ded2c4a6e2e1cb57ad765b34c2ce5448ab6e930772525a29bd98530d4d4,,1200972919,0f23b4afca6d48aaa1d3d552bcdaeaccf5475a9603a8b448b43be1b5811ca8eb,SYNTH-BASE-KIA7809AF-BACK-001,SPEC-A
syn-v2-700-contamination-0097,synthetic/v2_700/images/contamination/syn-v2-700-contamination-0097.jpg,contamination,moderate,test,test,27,ac4010f5c0ca47c8ef8e13ada74033dc3494d9ef6ac71d7534c2cd887ce8dba8,,746857641,0192a70f135afc7d4ad114c0bcc1c6df9f56360617d83b3f5d1e3536c4ca0fab,SYNTH-BASE-KIA7809AF-BACK-001,SPEC-A
syn-v2-700-contamination-0025,synthetic/v2_700/images/contamination/syn-v2-700-contamination-0025.jpg,contamination,moderate,test,test,28,b0d5c17dec89a3a35ecb8c9924d61e0cc21e7e2d67601c61c1609663ccb9067c,,1451479418,0e715205c12233f142658a0c3f460742f3c96dccefffdb00e763d7743aa79cef,SYNTH-BASE-KIA7809AF-BACK-001,SPEC-A
syn-v2-700-contamination-0033,synthetic/v2_700/images/contamination/syn-v2-700-contamination-0033.jpg,contamination,moderate,test,test,29,b64733f0b12f72d3ff6bc3e9d3d0887550dcd7fcc668a0d2efeafb7b9eee99d9,,828470808,f4732fd25d15d3b5daf6488992ceb0238103ff4d4f58b4a286b191cd3f3783ed,SYNTH-BASE-KIA7809AF-BACK-001,SPEC-A
syn-v2-700-contamination-0089,synthetic/v2_700/images/contamination/syn-v2-700-contamination-0089.jpg,contamination,moderate,test,test,30,bfb5873946cf06c3e6639e94b169a3b20757468bde47a62d8f4649c34c251c31,,1708367057,0d20ec1268a380a54bd5eea883ed752aee154cbd5a0cdeafe614ca9e6d8213f2,SYNTH-BASE-KIA7809AF-BACK-001,SPEC-A
syn-v2-700-contamination-0065,synthetic/v2_700/images/contamination/syn-v2-700-contamination-0065.jpg,contamination,moderate,test,test,31,c7a0bd258a321ce62ca57edb892099e2eb4cd584a18448965b755271e5d02fa2,,168149888,7fb0b04d45a6fe208bf31ed1a782765f36896fab19446690d69bbc59cc78d1f7,SYNTH-BASE-KIA7809AF-BACK-001,SPEC-A
syn-v2-700-contamination-0004,synthetic/v2_700/images/contamination/syn-v2-700-contamination-0004.jpg,contamination,moderate,test,test,32,d59f9629ebf61d951f9edbf886906c16110643a47887275f8d906bf036772585,,1048075871,54a24b8dc4757d2ae2b7e4325293ef6b5d0531dbba3ba9e44d84868abca02f59,SYNTH-BASE-KIA7809AF-BACK-001,SPEC-A
syn-v2-700-contamination-0013,synthetic/v2_700/images/contamination/syn-v2-700-contamination-0013.jpg,contamination,moderate,test,test,33,de3876597a0a7848a6ccf0fd18a49d6b3ab3ed15101f24d65eac6ef2b1b68fff,,1442382179,ec7dc9f87bb0714591f339905a0f7ecabb52952a7818a950a07b213c73da16d1,SYNTH-BASE-KIA7809AF-BACK-001,SPEC-A
syn-v2-700-contamination-0005,synthetic/v2_700/images/contamination/syn-v2-700-contamination-0005.jpg,contamination,moderate,test,test,34,e418e244eb5947f5f0b31c6436af9d0916b917e4d1c439bb5859f7babda3ec53,,1092113671,eb30c20ea25343ecd3c6285846acfa89312d8c1c8c4c3d8bbed5e4e9e009934d,SYNTH-BASE-KIA7809AF-BACK-001,SPEC-A
syn-v2-700-contamination-0076,synthetic/v2_700/images/contamination/syn-v2-700-contamination-0076.jpg,contamination,moderate,test,test,35,f1ffa190fd051263bf3257742e5c7c6f8891698effb85e03d032a862752a58af,,1613619088,dfe71f7551ee0d40905047eae31c906e8451b4361c96a0e4fe3817e25b41ac0e,SYNTH-BASE-KIA7809AF-BACK-001,SPEC-A
syn-v2-700-contamination-0098,synthetic/v2_700/images/contamination/syn-v2-700-contamination-0098.jpg,contamination,moderate,test,test,36,f7b9050661f922b73837d3f2a093ddaa0aa8f1c6739ac6f5e4d61e2b5e8e7f7d,,1253032387,86762e99204d5d2941ec5f3845e99bb7cd24511665b68db4854d018b7a0ed5b3,SYNTH-BASE-KIA7809AF-BACK-001,SPEC-A
syn-v2-700-contamination-0026,synthetic/v2_700/images/contamination/syn-v2-700-contamination-0026.jpg,contamination,moderate,test,test,37,fd6326e9a17db9c91455b750c394c47dbb3535980732ee72930e53a89d06aed0,,1180393524,39433e4b9d400ab737a13b262559301a03506d79ccc6df337acaa606a69d04ff,SYNTH-BASE-KIA7809AF-BACK-001,SPEC-A
syn-v2-700-contamination-0055,synthetic/v2_700/images/contamination/syn-v2-700-contamination-0055.jpg,contamination,moderate,test,test,38,fe6d2281afe6ddfc07691d3ee06576208cd15196e9bcd8e26115b0ebc80d8462,,1495016570,bbf9087f86593cf41de33bf8c85ab56f28f70d5501ef068bcce70f516157da7f,SYNTH-BASE-KIA7809AF-BACK-001,SPEC-A
syn-v2-700-contamination-0040,synthetic/v2_700/images/contamination/syn-v2-700-contamination-0040.jpg,contamination,moderate,test,test,39,ffb461f5f020fb536fd69aba5251b0774875813ea48b0d29dcc92b8984c65ea1,,687538899,4f083ef3f4fa4fdfdc0a57040f66feda20b4627a828d91ae48112bdec88a43af,SYNTH-BASE-KIA7809AF-BACK-001,SPEC-A
syn-v2-700-contamination-0037,synthetic/v2_700/images/contamination/syn-v2-700-contamination-0037.jpg,contamination,severe,test,test,6,8de2a5f600244cf3e4ce29dfaaa1af26b559ce0d7c0fddaa4a2c6e45507adc10,,2147185564,3d214e45775a78b10846b434e16945a8840412e111ef6604ec87cf2fff4a1371,SYNTH-BASE-KIA7809AF-BACK-001,SPEC-A
syn-v2-700-contamination-0049,synthetic/v2_700/images/contamination/syn-v2-700-contamination-0049.jpg,contamination,severe,test,test,7,a1220cadbf62bd63e63dbc86824d1b7eed40a83199b6c0eaf6dcedc2e88eefe2,,1923831955,2f938a7795a0a4242717b8d3fcd5555aee25d5bef72901df574f36d75af8401b,SYNTH-BASE-KIA7809AF-BACK-001,SPEC-A
syn-v2-700-contamination-0093,synthetic/v2_700/images/contamination/syn-v2-700-contamination-0093.jpg,contamination,severe,test,test,8,bb1307be4c080a689924c69438f95b0ca37c1d6b3af9126532f2702ad81ff90b,,981826436,59378e52bf5bfc221d438499042d0a60d3c58d5c203258f939a1463f0f2c038d,SYNTH-BASE-KIA7809AF-BACK-001,SPEC-A
syn-v2-700-contamination-0021,synthetic/v2_700/images/contamination/syn-v2-700-contamination-0021.jpg,contamination,severe,test,test,9,c9a492a41391f9946a86fd15fc857231ee9805b37d1b1131aa2e220ba5d51d02,,1591884864,c11c9dd8b4d31fe72867297bfba594865690cb8c1f2b7032fdde0613bc138c5c,SYNTH-BASE-KIA7809AF-BACK-001,SPEC-A
syn-v2-700-contamination-0032,synthetic/v2_700/images/contamination/syn-v2-700-contamination-0032.jpg,contamination,severe,test,test,10,ddc273f20e2a7a55bf1a32991ba5ce48baa38692d10be000adae799e0a5425a4,,947892660,06d4cec8596acb59e180c40173b3f53dd3569fddb356aa4f9c0e56706831a4f3,SYNTH-BASE-KIA7809AF-BACK-001,SPEC-A
syn-v2-700-contamination-0027,synthetic/v2_700/images/contamination/syn-v2-700-contamination-0027.jpg,contamination,severe,test,test,11,de3707ed8c428753363b7764e044a7bc56947cee465f78ac3ff1b3250d764270,,182166423,989a07e2ca83d243f30dfa1a7b5d5fc0c2ddb6c3914817efc3e4f1630fc6c907,SYNTH-BASE-KIA7809AF-BACK-001,SPEC-A
syn-v2-700-contamination-0095,synthetic/v2_700/images/contamination/syn-v2-700-contamination-0095.jpg,contamination,severe,test,test,12,df542fcd0e51774118e1e78e24d0c276fa1554758af4308d52e5ac953f003561,,58079257,26363756a9b50e043711eb2c39faeebc4d449e02659d72a19d5bf09457f2de27,SYNTH-BASE-KIA7809AF-BACK-001,SPEC-A
syn-v2-700-contamination-0029,synthetic/v2_700/images/contamination/syn-v2-700-contamination-0029.jpg,contamination,severe,test,test,13,ea12e168ff1d57282fad25910c5c3e1855bb5ef6e265599d57b317648ef56916,,2101815386,fa73440323d569b5866baa8709e1e337fbd00da100417585f3a952ffd07b7eeb,SYNTH-BASE-KIA7809AF-BACK-001,SPEC-A
syn-v2-700-contamination-0047,synthetic/v2_700/images/contamination/syn-v2-700-contamination-0047.jpg,contamination,severe,test,test,14,eb53aeaacd382adeeec0bc7b18a0494ec484efd830b73cb6342f39594766d040,,608803254,0df0eb4c8f5eaa4ee9c5f94ea5660c6638a24256be637c58179bcfa36bca79e4,SYNTH-BASE-KIA7809AF-BACK-001,SPEC-A
syn-v2-700-contamination-0001,synthetic/v2_700/images/contamination/syn-v2-700-contamination-0001.jpg,contamination,severe,test,test,15,eb5eabfd75337b19b73811672eed55c98abc2c2b96d619ed2d25d5d53eef7c52,,550832842,d8e173afc299082b58fe3990cb999d0fb120d5f1a413d4ec79819a38ee8584cd,SYNTH-BASE-KIA7809AF-BACK-001,SPEC-A
syn-v2-700-contamination-0016,synthetic/v2_700/images/contamination/syn-v2-700-contamination-0016.jpg,contamination,severe,test,test,16,f542aa29937a4d3eecaa63141397c2812a2f511c80586651d3908e35960d304c,,1055270556,2bae4165c32deb33738ec81529e9d4e28f44c042bec7cd648ab00d320bcf44cc,SYNTH-BASE-KIA7809AF-BACK-001,SPEC-A
syn-v2-700-contamination-0036,synthetic/v2_700/images/contamination/syn-v2-700-contamination-0036.jpg,contamination,severe,test,test,17,f9af182f3249d8de5476504be4cf9b87c784ac3c7f86bbbe9f4f85409bbdd788,,151021234,9a2fe20199abc534d400230b07cebe82a02009839f555559767618fcda3a8493,SYNTH-BASE-KIA7809AF-BACK-001,SPEC-A
syn-v2-700-contamination-0018,synthetic/v2_700/images/contamination/syn-v2-700-contamination-0018.jpg,contamination,severe,test,test,18,fca62eee223f68facc624ab2429c043a69f0ae5d33c41c7f7dbe2be46c067e4f,,448206460,9e3d61ddf90454c43ac3351f99e3b675a91db6733191e32301b2b6db5c071a9d,SYNTH-BASE-KIA7809AF-BACK-001,SPEC-A
syn-v2-700-contamination-0060,synthetic/v2_700/images/contamination/syn-v2-700-contamination-0060.jpg,contamination,severe,test,test,19,fd116ef4c6432c0d8a8118b71376b904505cbcfc698191b6f8bae19f4708f8c1,,1022874452,a5886ecd11e5a211ca3cec3be5ab895e50667ea35230d3e6b303a4c45dcb0440,SYNTH-BASE-KIA7809AF-BACK-001,SPEC-A
syn-v2-700-discoloration-0087,synthetic/v2_700/images/discoloration/syn-v2-700-discoloration-0087.jpg,discoloration,mild,test,test,11,5ad7e5971889d0c8b171e95b64e9f1fb4f9a19e481e36a0e86d9ca9f76485868,,17204558,027ebb8c96d072b0e1dd5d3b34aca15cc26d54bee7273e3ffa6dc2270e9064a9,SYNTH-BASE-KIA7809AF-BACK-001,SPEC-A
syn-v2-700-discoloration-0026,synthetic/v2_700/images/discoloration/syn-v2-700-discoloration-0026.jpg,discoloration,mild,test,test,12,5cafc7f54e983b24c2102d196264f9633ad8b9f491c9aedd4842913898d57d9a,,1285884769,f7dd93b3b6d82bf8bd67f361ebe584bab682212a804b5c04017cc6c08ece4109,SYNTH-BASE-KIA7809AF-BACK-001,SPEC-A
syn-v2-700-discoloration-0064,synthetic/v2_700/images/discoloration/syn-v2-700-discoloration-0064.jpg,discoloration,mild,test,test,13,63ccd462115c09f33518e05825614a48f1f2ea89cd422979e21212b3e86d7670,,408386877,da4875efa1597d5e9162e067c6a553931bd427c238169283f9ae86deeb40bb65,SYNTH-BASE-KIA7809AF-BACK-001,SPEC-A
syn-v2-700-discoloration-0008,synthetic/v2_700/images/discoloration/syn-v2-700-discoloration-0008.jpg,discoloration,mild,test,test,14,6667cd70de12a5f01e72153e19adcb4b1504af81eb8facbc7bd8e8ef8a95b064,,291585801,1b6290c1f8101d4d99b292ffdb94cb67a842fb5adba82c6c4540b6d0ea10bc9a,SYNTH-BASE-KIA7809AF-BACK-001,SPEC-A
syn-v2-700-discoloration-0035,synthetic/v2_700/images/discoloration/syn-v2-700-discoloration-0035.jpg,discoloration,mild,test,test,15,6a598c35402a4456c3a6dd691dfa8ac346c1718d4edb3c7df2fcc52768ca2a46,,1654547948,d98529b1c4f088285c6323a19e7c849bef7761696d1a42845bf07f590d1200c7,SYNTH-BASE-KIA7809AF-BACK-001,SPEC-A
syn-v2-700-discoloration-0029,synthetic/v2_700/images/discoloration/syn-v2-700-discoloration-0029.jpg,discoloration,mild,test,test,16,78e4acf4ec8e835692e3c52fc6ac812321b4ac8995aeec1fa2c9dac1245b6bfc,,1693691294,007843a901a54c0e84380ae0b7e1e346ee01fafe2495b7362a5671d4a1a25ea4,SYNTH-BASE-KIA7809AF-BACK-001,SPEC-A
syn-v2-700-discoloration-0084,synthetic/v2_700/images/discoloration/syn-v2-700-discoloration-0084.jpg,discoloration,mild,test,test,17,7d257606a022dce2e91fbc65a1421736c7ae794276d63a8b4c95037353a49731,,632564436,466d1bb9d80bc0b5e8c8248bf544ac74b67720ad1c905aaf5d6cfaeafbae79da,SYNTH-BASE-KIA7809AF-BACK-001,SPEC-A
syn-v2-700-discoloration-0067,synthetic/v2_700/images/discoloration/syn-v2-700-discoloration-0067.jpg,discoloration,mild,test,test,18,7fcc492639ffd6f2a1a880e597c9c8ff6920a06e28b2235e9d536e6dd93f7690,,713597113,de610631cd3bed6f628781c062856a71131d515aee33241537dc88d60bffd2ad,SYNTH-BASE-KIA7809AF-BACK-001,SPEC-A
syn-v2-700-discoloration-0034,synthetic/v2_700/images/discoloration/syn-v2-700-discoloration-0034.jpg,discoloration,mild,test,test,19,80d906f95c6b5f4a12120b7985d43823ca16e082b9985d931f4ca7211060f170,,1729494974,584922f1b5acf34b450e69ee7680e2bb8cb0e29f18a81e0b659fe595537c0c33,SYNTH-BASE-KIA7809AF-BACK-001,SPEC-A
syn-v2-700-discoloration-0043,synthetic/v2_700/images/discoloration/syn-v2-700-discoloration-0043.jpg,discoloration,mild,test,test,20,a6a710b7a1467f7518340b23b0d25c242d4d049c10b76eaac75870a60ee72a13,,483901222,e7707b6695ec38e7a895c8ec087a2637d81d6e0d1d26bb095fc4079be43c82da,SYNTH-BASE-KIA7809AF-BACK-001,SPEC-A
syn-v2-700-discoloration-0062,synthetic/v2_700/images/discoloration/syn-v2-700-discoloration-0062.jpg,discoloration,mild,test,test,21,a6c6a08845f6919623a51539716c017e6484f300a3db01330c1113762663098f,,299419921,c8672cb1823db358e3a177b549e684d50c1bfb51f197c17a4b49c5329b9b6d57,SYNTH-BASE-KIA7809AF-BACK-001,SPEC-A
syn-v2-700-discoloration-0079,synthetic/v2_700/images/discoloration/syn-v2-700-discoloration-0079.jpg,discoloration,mild,test,test,22,aa7f28a7bbbddee166dab45a03b5f542d655853db5e0f037ed9c27338668188b,,1496343612,7c31f2b379ec95b30114d355062ea648e4254488cb423188edc4961f5351175e,SYNTH-BASE-KIA7809AF-BACK-001,SPEC-A
syn-v2-700-discoloration-0090,synthetic/v2_700/images/discoloration/syn-v2-700-discoloration-0090.jpg,discoloration,mild,test,test,23,b65501f545036e0039edc76388cb6f26b54b9f97757680c5657a288277018973,,511625752,630b59c4570fbdde5e6cea749e3f41eb5739d41f2f0552b9bbe7dcc02b396145,SYNTH-BASE-KIA7809AF-BACK-001,SPEC-A
syn-v2-700-discoloration-0038,synthetic/v2_700/images/discoloration/syn-v2-700-discoloration-0038.jpg,discoloration,mild,test,test,24,b9d1e9d9a16019be95869fdc94092c13733d37340ee5eb9fa0642b55c90d6ef8,,1292562382,9667a2022d4ee3aa26aee9a13fff42225435618dc8067ed3043589acaa4fd9d1,SYNTH-BASE-KIA7809AF-BACK-001,SPEC-A
syn-v2-700-discoloration-0004,synthetic/v2_700/images/discoloration/syn-v2-700-discoloration-0004.jpg,discoloration,mild,test,test,25,c498fed0312889c9f658462d069e7a05f08260636cd6cb172fea7a6be4ecab59,,871877119,a55338581fc76ed22797b5770df4e94e7b2203138366eb3a11cbdbbc65709b6e,SYNTH-BASE-KIA7809AF-BACK-001,SPEC-A
syn-v2-700-discoloration-0044,synthetic/v2_700/images/discoloration/syn-v2-700-discoloration-0044.jpg,discoloration,mild,test,test,26,c4fe3f5218955f05ef482b0d1e829b68fbe909795169c9de173e55ef043a767a,,1309430080,f26ea5afa3a4b0c0c9bb7bdeefae759fc29017d5e333a87f296821aee3d4929e,SYNTH-BASE-KIA7809AF-BACK-001,SPEC-A
syn-v2-700-discoloration-0050,synthetic/v2_700/images/discoloration/syn-v2-700-discoloration-0050.jpg,discoloration,mild,test,test,27,c6a4e3c1806c89cb9c9ea8f0658ad713f94a811e59a2e53b397fb5d7262399a7,,2139177677,2d85f69075f7135003676e45bfaf33c7955603f46e29c9c5cdcbe8d1359ed575,SYNTH-BASE-KIA7809AF-BACK-001,SPEC-A
syn-v2-700-discoloration-0005,synthetic/v2_700/images/discoloration/syn-v2-700-discoloration-0005.jpg,discoloration,mild,test,test,28,ca19887ad34c9c1d157eb082a7c8420a53702fe2e5474470d90ab622c9a8a66a,,847200513,4a6fb2d0c534d02f8e0bbd5741110f6dc8d67d9b4eb246ab853123e7fdde40aa,SYNTH-BASE-KIA7809AF-BACK-001,SPEC-A
syn-v2-700-discoloration-0093,synthetic/v2_700/images/discoloration/syn-v2-700-discoloration-0093.jpg,discoloration,mild,test,test,29,ce8b206d44532ae3d36af7266d5d714c761a3e9f449b466a6a45d504b5a0f1ea,,1271996809,f4e4f50d10cbed600cbc961879b57b1bec0663f51e498defedd0f4fcf86bff50,SYNTH-BASE-KIA7809AF-BACK-001,SPEC-A
syn-v2-700-discoloration-0096,synthetic/v2_700/images/discoloration/syn-v2-700-discoloration-0096.jpg,discoloration,mild,test,test,30,cf9d2f67e61cce82c72b37fda9f5372fa6664e23b3fae33ecf3f7f09c9614091,,902309763,6ceaa600d2f1c07842b7e231c6adab6c30679e5aeaee6309ab81e3f9b841d959,SYNTH-BASE-KIA7809AF-BACK-001,SPEC-A
syn-v2-700-discoloration-0012,synthetic/v2_700/images/discoloration/syn-v2-700-discoloration-0012.jpg,discoloration,mild,test,test,31,d03a0c8482bece83a7362e8b8808a2de6cab6c9b008db6a08a8360016f2b5901,,723135912,d06b441c7c2590e947bada641c0be956c9c0597e685e0bb862084d3891fbfd69,SYNTH-BASE-KIA7809AF-BACK-001,SPEC-A
syn-v2-700-discoloration-0077,synthetic/v2_700/images/discoloration/syn-v2-700-discoloration-0077.jpg,discoloration,mild,test,test,32,d048bac662ef5de4af3baf216a1b40d6a3edeeefa18a038741e72ee2d93c78a5,,139196144,af71482a8cafdf8be17dafec348e828c047b2b7bc35f6b93b05214bcb024f85f,SYNTH-BASE-KIA7809AF-BACK-001,SPEC-A
syn-v2-700-discoloration-0056,synthetic/v2_700/images/discoloration/syn-v2-700-discoloration-0056.jpg,discoloration,mild,test,test,33,d60fe9c1194f6b6863406a2247ad6d7ec37bfaf32956258c1837c5bdf02e02f9,,653192020,87fb8097f76e3bc5e6266fb94726686db00ae302418ef9f1a739a9dbe72eab11,SYNTH-BASE-KIA7809AF-BACK-001,SPEC-A
syn-v2-700-discoloration-0088,synthetic/v2_700/images/discoloration/syn-v2-700-discoloration-0088.jpg,discoloration,mild,test,test,34,d7fe87ce9cea332a7b1f9c102cfed779c2524aee147de474170ac9562413c068,,484563449,fe63c4a6ca56fc961e2b9f5061f3c3027b1279776f5c57d6af6ebdfc14c3b27e,SYNTH-BASE-KIA7809AF-BACK-001,SPEC-A
syn-v2-700-discoloration-0076,synthetic/v2_700/images/discoloration/syn-v2-700-discoloration-0076.jpg,discoloration,mild,test,test,35,dca1104da170bf3c44b72cf8da1c46db00eeefb33bab9762a285cb695e900e9a,,260428000,55098cb4784b4e5e96fe9ff00d0f9ca6b0d36ec22d902264f51fc713773882fa,SYNTH-BASE-KIA7809AF-BACK-001,SPEC-A
syn-v2-700-discoloration-0014,synthetic/v2_700/images/discoloration/syn-v2-700-discoloration-0014.jpg,discoloration,mild,test,test,36,e53305f2fc6039466ee934010d9c81893ee7dd8608521d72924cc036ade50d1c,,1977319260,2fdca7dca0842ce1b1be84edb3a930c324626792286790dd9ec310faf5df5546,SYNTH-BASE-KIA7809AF-BACK-001,SPEC-A
syn-v2-700-discoloration-0021,synthetic/v2_700/images/discoloration/syn-v2-700-discoloration-0021.jpg,discoloration,mild,test,test,37,ec342e5532bcc68883bffd409003cb3a0c7adbfb4a0b4c256ca9f1490953bbd9,,1747413697,076b5aa1171c25c2049f404b32a4131e88f9b9dacdd1b1aef27cf793d44065e3,SYNTH-BASE-KIA7809AF-BACK-001,SPEC-A
syn-v2-700-discoloration-0030,synthetic/v2_700/images/discoloration/syn-v2-700-discoloration-0030.jpg,discoloration,mild,test,test,38,f016032a8ed34aae8b645d3f63554ac9b36791cb3a4f8364a95e2525a10f2cc3,,516180067,4c18667010fc61e07896b9bfd4da56b68dd4043a18ea87f0b0cc794653fc9f8d,SYNTH-BASE-KIA7809AF-BACK-001,SPEC-A
syn-v2-700-discoloration-0060,synthetic/v2_700/images/discoloration/syn-v2-700-discoloration-0060.jpg,discoloration,mild,test,test,39,f66dd30553c15165707b752ac4f86071a56c8a4f9a648ebb88c6c792ec59d879,,1626263459,90558a321ffad9924f8b76ede8879ca0e1fcc13e2d40ff05851864763e265293,SYNTH-BASE-KIA7809AF-BACK-001,SPEC-A
syn-v2-700-discoloration-0036,synthetic/v2_700/images/discoloration/syn-v2-700-discoloration-0036.jpg,discoloration,moderate,test,test,11,43a04f21eb2590246f23b13b39c95974edb0659ba63104892bf9d4e942a03072,,1390921784,f0ea6541cded52f7201efdc93f6ab8ba0a15ea4731440defe91df4f33faedfb9,SYNTH-BASE-KIA7809AF-BACK-001,SPEC-A
syn-v2-700-discoloration-0055,synthetic/v2_700/images/discoloration/syn-v2-700-discoloration-0055.jpg,discoloration,moderate,test,test,12,441d7130739160dace41592bd0a290e861d7d0420d1f742184f2ac27bb14d6e2,,2143316587,2f64c972fcafd12532168f563364c38a2273a8fb2ef2f575c0d8e637fa1434e1,SYNTH-BASE-KIA7809AF-BACK-001,SPEC-A
syn-v2-700-discoloration-0091,synthetic/v2_700/images/discoloration/syn-v2-700-discoloration-0091.jpg,discoloration,moderate,test,test,13,4f502cbbf85d69ade2e4e8b22f34ae89796aa8726fca57da5afe7e9cb0e25f4a,,2020760976,6d32382884e7994d3fc37c30cf549653d2cab63c80f731aac1a45d682b581f84,SYNTH-BASE-KIA7809AF-BACK-001,SPEC-A
syn-v2-700-discoloration-0099,synthetic/v2_700/images/discoloration/syn-v2-700-discoloration-0099.jpg,discoloration,moderate,test,test,14,53ceaa8317684099f5e2a82fb6e37df76e36d5568d56360d9a2f6e9296c258f6,,1494286715,dd8a45c3b57ea3f04eb614ce683be424448d3852c4a151b5a0e54420e4ed6c9e,SYNTH-BASE-KIA7809AF-BACK-001,SPEC-A
syn-v2-700-discoloration-0019,synthetic/v2_700/images/discoloration/syn-v2-700-discoloration-0019.jpg,discoloration,moderate,test,test,15,5b60291e76e920d2aead363e0f779e0a32c8ae7022c577c08c60c4402b1b2f37,,2053132016,6245e0c7b343d45af76dad0b1695434169e78f54c0d12e13addfe4cee9d86425,SYNTH-BASE-KIA7809AF-BACK-001,SPEC-A
syn-v2-700-discoloration-0069,synthetic/v2_700/images/discoloration/syn-v2-700-discoloration-0069.jpg,discoloration,moderate,test,test,16,6fc83a2cf0ede3806f5bce65bd44c813677c4d32dab3de10397931da4de82f72,,555271803,5ec7ff50a3d95b65dd435d8b9e12b671eba278e209d42368580773e987ed1e7f,SYNTH-BASE-KIA7809AF-BACK-001,SPEC-A
syn-v2-700-discoloration-0032,synthetic/v2_700/images/discoloration/syn-v2-700-discoloration-0032.jpg,discoloration,moderate,test,test,17,7d5d2d71927b55c9e99692f1359a38415bb74ecfb32392da4cd43dd40245b21f,,1566212200,a65dfa79d70b493377f04aa3d8ef278874a79146d5b3475ab4ae255b38fb6208,SYNTH-BASE-KIA7809AF-BACK-001,SPEC-A
syn-v2-700-discoloration-0037,synthetic/v2_700/images/discoloration/syn-v2-700-discoloration-0037.jpg,discoloration,moderate,test,test,18,815f8e0d19f528e47341f7858bf4efe669e81f01693ddb4fdeb335d3556aef22,,317711985,3d18ddc8bcf20b14cd90737e9486be62f78304c065ad16818fccb9a926f3125d,SYNTH-BASE-KIA7809AF-BACK-001,SPEC-A
syn-v2-700-discoloration-0051,synthetic/v2_700/images/discoloration/syn-v2-700-discoloration-0051.jpg,discoloration,moderate,test,test,19,8a22b9ebdf7d83ed1ac2dc05623ea03a15f1e3b014542b351848cecee89bbfb0,,1858017974,e2bce45ffd2858cc5fbb30ff7af54d72f52a1752ebd273dcc4e56876ed10bd68,SYNTH-BASE-KIA7809AF-BACK-001,SPEC-A
syn-v2-700-discoloration-0000,synthetic/v2_700/images/discoloration/syn-v2-700-discoloration-0000.jpg,discoloration,moderate,test,test,20,972dd2538b59ed9ebcc1bcdd35d889c2422419cdf9f2d4832aab93f071918db1,,264185915,f148ef7f51aab3d3cef8e7d9a3fe954fb7179ea735abf5a218c03f42d90f473e,SYNTH-BASE-KIA7809AF-BACK-001,SPEC-A
syn-v2-700-discoloration-0081,synthetic/v2_700/images/discoloration/syn-v2-700-discoloration-0081.jpg,discoloration,moderate,test,test,21,a717da99a000b2e9adc03a9ae2297aaf0486052b06d890e01eb998ffedfac05e,,398123710,7c75288863b905a922cbab02c7b10de6f479ca83e87d4baa8c2dee48b6004fdc,SYNTH-BASE-KIA7809AF-BACK-001,SPEC-A
syn-v2-700-discoloration-0092,synthetic/v2_700/images/discoloration/syn-v2-700-discoloration-0092.jpg,discoloration,moderate,test,test,22,a72b9fa83c708fe9335078dd6f7c5bcb11cd474de47d652844c43fcf4afa9dcc,,1094455864,dd3e1723d996a5426d8c11c6ff6bdb0b42c9961f2e499ef9368c3a75b40d9496,SYNTH-BASE-KIA7809AF-BACK-001,SPEC-A
syn-v2-700-discoloration-0006,synthetic/v2_700/images/discoloration/syn-v2-700-discoloration-0006.jpg,discoloration,moderate,test,test,23,ad719d8dd76455f12c82837570fbfec44918a163ee2f58d397a18c0b2bb816a9,,137065870,ed050f90e02d41c69065b95a8760b7af07bd2f1fc50f650e9d698ff8f46052c5,SYNTH-BASE-KIA7809AF-BACK-001,SPEC-A
syn-v2-700-discoloration-0031,synthetic/v2_700/images/discoloration/syn-v2-700-discoloration-0031.jpg,discoloration,moderate,test,test,24,b5d83ecbba73051771ec5abec2e7043a1d49dcfaac46059d5ae0979c0407d0ac,,1185001053,1b52d430ca9c3d0baee8ce98430fdf50e9e09aad30b9a69e2cacdaf4e25b4e3b,SYNTH-BASE-KIA7809AF-BACK-001,SPEC-A
syn-v2-700-discoloration-0094,synthetic/v2_700/images/discoloration/syn-v2-700-discoloration-0094.jpg,discoloration,moderate,test,test,25,c20db748660e8ccc0eb998cebabab68a69cb726f838bca2e73cf216c0535b2e5,,2021149627,c15c96cf5c3b817c9042ea3bf0a01a8fbf3f6e3774bee244e9b04e884f6e21ad,SYNTH-BASE-KIA7809AF-BACK-001,SPEC-A
syn-v2-700-discoloration-0033,synthetic/v2_700/images/discoloration/syn-v2-700-discoloration-0033.jpg,discoloration,moderate,test,test,26,c74a5ed903975fccd945525a6871770141bfdd83e29c90f1f5d3450617440375,,1094542019,b47cbea4620990f4c8694f36b57f88977bdc7e8fe152c15d18647d282e4008ec,SYNTH-BASE-KIA7809AF-BACK-001,SPEC-A
syn-v2-700-discoloration-0011,synthetic/v2_700/images/discoloration/syn-v2-700-discoloration-0011.jpg,discoloration,moderate,test,test,27,c988d8f1cf5be05592568dde741915c83dd892e354006a2db30f6131de39cfa4,,944353705,ce0c88a244dc05e35252954bf1d0d9993e3859c05cd535bab90d798a21af04be,SYNTH-BASE-KIA7809AF-BACK-001,SPEC-A
syn-v2-700-discoloration-0052,synthetic/v2_700/images/discoloration/syn-v2-700-discoloration-0052.jpg,discoloration,moderate,test,test,28,ca5898c2c7d884faa02a056a887618f0d711c574d11e85debfaf22e0467b622c,,133177648,8978adaa726209cb87447dbcd5717ac86dafb8390f5dd40c5c06ccf75d8b9989,SYNTH-BASE-KIA7809AF-BACK-001,SPEC-A
syn-v2-700-discoloration-0046,synthetic/v2_700/images/discoloration/syn-v2-700-discoloration-0046.jpg,discoloration,moderate,test,test,29,ca9980029c1e9ba47d6e393e6c8fcc8049fa3a582231d0a9043d893709ba58a7,,1261365849,9ac29368d8091beed60f5e1d80598b99e60d38532216168625ba6d3dcee776d4,SYNTH-BASE-KIA7809AF-BACK-001,SPEC-A
syn-v2-700-discoloration-0020,synthetic/v2_700/images/discoloration/syn-v2-700-discoloration-0020.jpg,discoloration,moderate,test,test,30,d170659c3f124d998669a8211c2879b89fac1beceb4b5ddda51a04fba74ab250,,828411121,9bd7fcf30e143345bfe147bd4729bddc93cecb5fbfc87dbeabdc194106915125,SYNTH-BASE-KIA7809AF-BACK-001,SPEC-A
syn-v2-700-discoloration-0083,synthetic/v2_700/images/discoloration/syn-v2-700-discoloration-0083.jpg,discoloration,moderate,test,test,31,d24ef7aba2583b22f53e5b1a2f73b4bf5e134682887401d269324ced3f9899ae,,108384532,27e6b9d54bfe2c2c586eb1e20122a8606acbfa644be391f4e8ecc40903bf6463,SYNTH-BASE-KIA7809AF-BACK-001,SPEC-A
syn-v2-700-discoloration-0022,synthetic/v2_700/images/discoloration/syn-v2-700-discoloration-0022.jpg,discoloration,moderate,test,test,32,da51f533a04d85621a356ce3c812c5fccba4d153e0f37ec1983df07475aa4302,,1716967,130d40615d9892d0b88bf84b15e3fa7911904ea385fc61c39d4259ecc4c1a80e,SYNTH-BASE-KIA7809AF-BACK-001,SPEC-A
syn-v2-700-discoloration-0063,synthetic/v2_700/images/discoloration/syn-v2-700-discoloration-0063.jpg,discoloration,moderate,test,test,33,dbd579a17d180dab4fcb2de05c1552e283eab9e152b41da90dd6bb9f6177ce4f,,431371774,38ca3e3fa19f09731ca25a4fccc7dcce03dc2a04a7a6fbd26a899673294fbee6,SYNTH-BASE-KIA7809AF-BACK-001,SPEC-A
syn-v2-700-discoloration-0059,synthetic/v2_700/images/discoloration/syn-v2-700-discoloration-0059.jpg,discoloration,moderate,test,test,34,e0cd5943734fe60c441bff88d3aed5c94cb75924c9be6822c42f1ce2430996cc,,361622086,2da8bdfc2ed7f30758ba028b027da479f13cb976a2da63751cd28aeb317e3cb8,SYNTH-BASE-KIA7809AF-BACK-001,SPEC-A
syn-v2-700-discoloration-0057,synthetic/v2_700/images/discoloration/syn-v2-700-discoloration-0057.jpg,discoloration,moderate,test,test,35,e10d80a46fd43d348135df1b65d4e6075d42758a3f9f5d817d64fcf7f8c24c0c,,813988011,1b47264d8b79195d37a3e676c810fd126d870789600ffcc7962fc52f6d598d65,SYNTH-BASE-KIA7809AF-BACK-001,SPEC-A
syn-v2-700-discoloration-0003,synthetic/v2_700/images/discoloration/syn-v2-700-discoloration-0003.jpg,discoloration,moderate,test,test,36,e3232a8977418f356aeddb77c0c716319dce0c2d593bf8a5c97ef883f1320d93,,656784614,63cab64465322f7d61c3fdcfffd52c7335efe550f16eb1c386d33499db8b4700,SYNTH-BASE-KIA7809AF-BACK-001,SPEC-A
syn-v2-700-discoloration-0028,synthetic/v2_700/images/discoloration/syn-v2-700-discoloration-0028.jpg,discoloration,moderate,test,test,37,e7d00091dde7d6dfcb27ddf278fb7d5373887e5fc61123370e6afab5104e042e,,1925383539,8f050b3221465ecbf54cb2f382df3020c88cb32f37cf3516788cb9ff1226a948,SYNTH-BASE-KIA7809AF-BACK-001,SPEC-A
syn-v2-700-discoloration-0040,synthetic/v2_700/images/discoloration/syn-v2-700-discoloration-0040.jpg,discoloration,moderate,test,test,38,ec82fb89ebac45c5c84ec36760ef0d0c2962130784bfcc0cb08a88443c38ac0e,,534506338,204a642d0fc5328bce5295ce72beecd76e1072f0b25e4256c78d682c0e07f623,SYNTH-BASE-KIA7809AF-BACK-001,SPEC-A
syn-v2-700-discoloration-0078,synthetic/v2_700/images/discoloration/syn-v2-700-discoloration-0078.jpg,discoloration,moderate,test,test,39,f1fecf92b1f2cd772f22739b5c603f5f9f17fa52862ef24b69d4b77ed1872665,,1819395112,c5c36db72b9849f0509e560a0c1ce6ce2d7921f729c9cd89935a33ed248f0e1f,SYNTH-BASE-KIA7809AF-BACK-001,SPEC-A
syn-v2-700-discoloration-0041,synthetic/v2_700/images/discoloration/syn-v2-700-discoloration-0041.jpg,discoloration,severe,test,test,6,44ab4b76e741fbd87c45669c28599ec67ceb2248c3025bbbef772421d085ece0,,597062885,b6caf9235e44a7298e2b796943802a3f2c0b6db3ed6df43b08cd96d66175ba4a,SYNTH-BASE-KIA7809AF-BACK-001,SPEC-A
syn-v2-700-discoloration-0002,synthetic/v2_700/images/discoloration/syn-v2-700-discoloration-0002.jpg,discoloration,severe,test,test,7,49f14337d234c07b869df6e32abba74863eb2beadf565d14d8615ab232da8c6c,,885459825,e33ea4f858486b3888800c0f1c3ff162b1d4398379874a2d6963a90a49c6af2d,SYNTH-BASE-KIA7809AF-BACK-001,SPEC-A
syn-v2-700-discoloration-0001,synthetic/v2_700/images/discoloration/syn-v2-700-discoloration-0001.jpg,discoloration,severe,test,test,8,5b8fcb3a818f14d2d7ebbd3bd99294dea32ef625b56a3c43a7b6c6399fed8edc,,1147129166,5dbf5756702ff789ab74b8c6847e7b3bdc10bead9ef2951ec34630a7ef706b62,SYNTH-BASE-KIA7809AF-BACK-001,SPEC-A
syn-v2-700-discoloration-0065,synthetic/v2_700/images/discoloration/syn-v2-700-discoloration-0065.jpg,discoloration,severe,test,test,9,5c72ff0ec22e28739ad8b2d7d294a251427b3c82a7749c1a1bafde75523dd6f6,,212866028,8378929cd0b3f48279edaf86a8abf42eb8a6bade4c03f557eb0c9f4e3f89e4d2,SYNTH-BASE-KIA7809AF-BACK-001,SPEC-A
syn-v2-700-discoloration-0097,synthetic/v2_700/images/discoloration/syn-v2-700-discoloration-0097.jpg,discoloration,severe,test,test,10,78b62b1b4fad7c5cf699cbdf6ed7a3971b9d93d7e0702439d0c1b4c491d3c707,,386551518,f4e1d25d9263f797c3fe77418cc7f711ba01f22ea96503c012bd5addb965d040,SYNTH-BASE-KIA7809AF-BACK-001,SPEC-A
syn-v2-700-discoloration-0049,synthetic/v2_700/images/discoloration/syn-v2-700-discoloration-0049.jpg,discoloration,severe,test,test,11,7e0df84252cb5318b601288c274a27e30132d79f1547bf9c0f31db51af17af48,,1021527145,346bdd69b9b28f02e99aceb56e7d00857d3673c911baee89d36f886e2cb3445e,SYNTH-BASE-KIA7809AF-BACK-001,SPEC-A
syn-v2-700-discoloration-0007,synthetic/v2_700/images/discoloration/syn-v2-700-discoloration-0007.jpg,discoloration,severe,test,test,12,94ac2389150f222c7c2efa8f95896c33807356b7fc3cc7f0c83e168a3b11a19d,,1518208499,18ece3e0031be4daa9d2b359e4857276edc5a5bd8deaa95e92913ca431b4ab7d,SYNTH-BASE-KIA7809AF-BACK-001,SPEC-A
syn-v2-700-discoloration-0086,synthetic/v2_700/images/discoloration/syn-v2-700-discoloration-0086.jpg,discoloration,severe,test,test,13,9beebdd7a63df0f4406d86c5e6311ec5e5b6224b73434e128da5c969a881e357,,1641192367,661bc37de36da2763401fe4d741dde884a59432ed1588177bb9a6af114470a7a,SYNTH-BASE-KIA7809AF-BACK-001,SPEC-A
syn-v2-700-discoloration-0075,synthetic/v2_700/images/discoloration/syn-v2-700-discoloration-0075.jpg,discoloration,severe,test,test,14,a3196d79d4183be398e66f524f2e3c8e3eee91c64e8989e035b92c9f28eff84e,,923207875,78419128e440d6d19db21c36c72a915869a989941261c1b730e79e47e0d9c9c4,SYNTH-BASE-KIA7809AF-BACK-001,SPEC-A
syn-v2-700-discoloration-0016,synthetic/v2_700/images/discoloration/syn-v2-700-discoloration-0016.jpg,discoloration,severe,test,test,15,b011954602d8bc80ea853a0636ddf8264ff2427c900009a42d1575380cc1f72b,,846413352,a8b4d9c642d69058cb62709756f5183eca6dd00720dca6f89f39fda8e3e6d627,SYNTH-BASE-KIA7809AF-BACK-001,SPEC-A
syn-v2-700-discoloration-0066,synthetic/v2_700/images/discoloration/syn-v2-700-discoloration-0066.jpg,discoloration,severe,test,test,16,c890f1ec5a58ea2f31d124d59e953f43fcab5453c2a8b2f4786463888e392ede,,1785222951,f057d8c42a40afa9bc848def25c8c807e45947ac01b6895117e06a260bee8d86,SYNTH-BASE-KIA7809AF-BACK-001,SPEC-A
syn-v2-700-discoloration-0074,synthetic/v2_700/images/discoloration/syn-v2-700-discoloration-0074.jpg,discoloration,severe,test,test,17,d922cc499bbf48749ab6446525bbc75e35d46941f958fb4decf4b808a935651a,,758108045,a630461849bd7f0a2c30e79f293277fc4e60fc4cd530e644271c9c7fbbd2361f,SYNTH-BASE-KIA7809AF-BACK-001,SPEC-A
syn-v2-700-discoloration-0085,synthetic/v2_700/images/discoloration/syn-v2-700-discoloration-0085.jpg,discoloration,severe,test,test,18,de865559bac60c3236ee82225181bbe22c2d1a6e141f3a33b4a31273b1459e35,,1968806566,6439a02f2eca8defece84b076a9427959d01b26d6cb46615d3fb0d5e5c9217dc,SYNTH-BASE-KIA7809AF-BACK-001,SPEC-A
syn-v2-700-discoloration-0010,synthetic/v2_700/images/discoloration/syn-v2-700-discoloration-0010.jpg,discoloration,severe,test,test,19,efd0bb47a4291979d0e3223e459171da9b4cc3e42b79ab4190c5afa247500493,,1260708200,9f379055998dd88a7ce1f956e782150de7ace5d00d30b1d27eb8d4c934768d90,SYNTH-BASE-KIA7809AF-BACK-001,SPEC-A
syn-v2-700-lead_breakage-0001,synthetic/v2_700/images/lead_breakage/syn-v2-700-lead_breakage-0001.jpg,lead_breakage,mild,test,test,11,421779c2623046b8b83d09a673fb69c9caeeb9a0744c5460359c0d4b123c6327,,938967873,75392841bf25ababbbf9e96710ebe796321029bec15ecbbcdcafa1d0772acee8,SYNTH-BASE-KIA7809AF-BACK-001,SPEC-A
syn-v2-700-lead_breakage-0038,synthetic/v2_700/images/lead_breakage/syn-v2-700-lead_breakage-0038.jpg,lead_breakage,mild,test,test,12,457c0a78ec80fcc7e992bc59c8dbb00070234d4ef00af9dfa69fc6af0f485384,,911582884,9ffc16cedca65a13996376a8afeaa4b02891d9405874038ba894e400b423cfd5,SYNTH-BASE-KIA7809AF-BACK-001,SPEC-A
syn-v2-700-lead_breakage-0016,synthetic/v2_700/images/lead_breakage/syn-v2-700-lead_breakage-0016.jpg,lead_breakage,mild,test,test,13,631cf4345dbc63bb8ede8e67388e278e78c42cc457a1b604c86736b598a79b01,,2060597194,412eb8b551e74709774dc9c5d41c867d320c8f4dffedf8ba16ef33eaf65d4f12,SYNTH-BASE-KIA7809AF-BACK-001,SPEC-A
syn-v2-700-lead_breakage-0040,synthetic/v2_700/images/lead_breakage/syn-v2-700-lead_breakage-0040.jpg,lead_breakage,mild,test,test,14,73ceff052a582b227279c3ca0cc203a3978c325fd5db58edf18e7117ee3af1e8,,147943453,3af345cfa6a969b5bb578075b62a491269bac9065261b0fb7cb7d5ef72b49969,SYNTH-BASE-KIA7809AF-BACK-001,SPEC-A
syn-v2-700-lead_breakage-0091,synthetic/v2_700/images/lead_breakage/syn-v2-700-lead_breakage-0091.jpg,lead_breakage,mild,test,test,15,765c7cc25362b910f6792db1a5578106c43fcfd866015b54500e1de841f2453d,,1948184360,07456f536abd4bf0510d5f4c4aebe99bd7a096b1504dada1a9d2c815891a0b44,SYNTH-BASE-KIA7809AF-BACK-001,SPEC-A
syn-v2-700-lead_breakage-0033,synthetic/v2_700/images/lead_breakage/syn-v2-700-lead_breakage-0033.jpg,lead_breakage,mild,test,test,16,780682160e35c42aa6b17f0dd4e67eff76c31a74e3cb4aefc948617d3c67623f,,1459483986,2d5bd6b06129ddb41e532008b1b9279cb822177a2033b6afb40263d408dc997f,SYNTH-BASE-KIA7809AF-BACK-001,SPEC-A
syn-v2-700-lead_breakage-0048,synthetic/v2_700/images/lead_breakage/syn-v2-700-lead_breakage-0048.jpg,lead_breakage,mild,test,test,17,7eee03485ba9266666098ebead9fc8168e65194983e8491631c21e87a6d5e6eb,,1784226063,ea698a5379a85dc15a85f885ea0358643bbc24f074c5f44e09cbeec745cf2c12,SYNTH-BASE-KIA7809AF-BACK-001,SPEC-A
syn-v2-700-lead_breakage-0079,synthetic/v2_700/images/lead_breakage/syn-v2-700-lead_breakage-0079.jpg,lead_breakage,mild,test,test,18,8059d42cf5e8006a53f088fb7357c9103d03d0c97749a7d938f2ec25d7878e5d,,1798736776,4e29c6e4bc3ebba92b90d8a16aab5909479fee61d13ae607ff6053b860dd9a20,SYNTH-BASE-KIA7809AF-BACK-001,SPEC-A
syn-v2-700-lead_breakage-0075,synthetic/v2_700/images/lead_breakage/syn-v2-700-lead_breakage-0075.jpg,lead_breakage,mild,test,test,19,816752c8870580ae09d928e2376bb492a3013b50f0109aeefa070a7d8b1a0f87,,816002320,1556241b4c690f7e0bf33137ce2b6e97f4a7869b9820598631d692ce248c839a,SYNTH-BASE-KIA7809AF-BACK-001,SPEC-A
syn-v2-700-lead_breakage-0011,synthetic/v2_700/images/lead_breakage/syn-v2-700-lead_breakage-0011.jpg,lead_breakage,mild,test,test,20,89bc4e806a4eeac818171bdaccd46575e2b41c84aa9249440d2eb2f239d8a0a6,,523495013,b9614540155a40d1408aee07ae0b7bdea768e8a1e7bc7fc599095d31387bae5d,SYNTH-BASE-KIA7809AF-BACK-001,SPEC-A
syn-v2-700-lead_breakage-0007,synthetic/v2_700/images/lead_breakage/syn-v2-700-lead_breakage-0007.jpg,lead_breakage,mild,test,test,21,8c493dad7ee24c9b8411913a80dbc5be85b111dfd64e4864b3578cfadfaef3a0,,64612553,583f03dae408b4694672c0e3bd55a93d6113f86296b6c57d0c5a0b72d2100019,SYNTH-BASE-KIA7809AF-BACK-001,SPEC-A
syn-v2-700-lead_breakage-0015,synthetic/v2_700/images/lead_breakage/syn-v2-700-lead_breakage-0015.jpg,lead_breakage,mild,test,test,22,8fa90a2ef352b5f1b30944ab68b0a7a80acc4c3ac94c9dd9807f4a87d54789f3,,178255319,147e517c9024aff6d43faf3b30c091838ed269edb105332f13e9efc5c0b49c0e,SYNTH-BASE-KIA7809AF-BACK-001,SPEC-A
syn-v2-700-lead_breakage-0032,synthetic/v2_700/images/lead_breakage/syn-v2-700-lead_breakage-0032.jpg,lead_breakage,mild,test,test,23,90e2adc7e2401c14dc0cdae7391bdf4479a9a9a02e8bbb7601a5d68b5dec1670,,1186240558,35708676d2bc8926a5c526ca96e9796d37bc173975f0885c2612a072fcf3582b,SYNTH-BASE-KIA7809AF-BACK-001,SPEC-A
syn-v2-700-lead_breakage-0066,synthetic/v2_700/images/lead_breakage/syn-v2-700-lead_breakage-0066.jpg,lead_breakage,mild,test,test,24,917030fba3af9d96bbb4384408898cf486a5bcb3e759979a89b595ddb23d9d8c,,655265944,c1ad71063ccca8965d0c7778ef784bb631756fd89d9797ff53524b1e45aeec12,SYNTH-BASE-KIA7809AF-BACK-001,SPEC-A
syn-v2-700-lead_breakage-0028,synthetic/v2_700/images/lead_breakage/syn-v2-700-lead_breakage-0028.jpg,lead_breakage,mild,test,test,25,9afd2222bbc9843af728d2aff808189c4240242bb2fc990e655b5245c286b9d2,,1585203573,dc33b449cbd042b91c972371f2e9fc6a09fd32e569d69e4975fae5b2f9ff5947,SYNTH-BASE-KIA7809AF-BACK-001,SPEC-A
syn-v2-700-lead_breakage-0080,synthetic/v2_700/images/lead_breakage/syn-v2-700-lead_breakage-0080.jpg,lead_breakage,mild,test,test,26,9cbec5b400176f5b2efef9f39cd3421b30f8652c0502c1bb521d3ae091692204,,932997507,dc9cfc9812d8129b0521c21c7f4d5d40c848de3158acd38402ea1f7a804d3eee,SYNTH-BASE-KIA7809AF-BACK-001,SPEC-A
syn-v2-700-lead_breakage-0065,synthetic/v2_700/images/lead_breakage/syn-v2-700-lead_breakage-0065.jpg,lead_breakage,mild,test,test,27,9e14ff014fb14346ef6f30336fc1047a7c556194fb5e7a0f2499a11c4308dd8a,,597144695,a34dba639d3418b02f1cebd25e3d5deb6521598057ce6a157cc0ab4b643df782,SYNTH-BASE-KIA7809AF-BACK-001,SPEC-A
syn-v2-700-lead_breakage-0064,synthetic/v2_700/images/lead_breakage/syn-v2-700-lead_breakage-0064.jpg,lead_breakage,mild,test,test,28,ab0d55b7211005c5d584808d1ad75dc443b1f687f420c4247182ae51c3c1ae51,,2003996077,56ea37ddf585d13dd4dbd6121ddf6bd67ea9197b664abe23c93f9089c8aeeb60,SYNTH-BASE-KIA7809AF-BACK-001,SPEC-A
syn-v2-700-lead_breakage-0035,synthetic/v2_700/images/lead_breakage/syn-v2-700-lead_breakage-0035.jpg,lead_breakage,mild,test,test,29,b9dad29374f6aa215450dbebd5ac0bf12ee054760b6325fbd472e73b18c66cae,,1266250533,9864ac4db61705fc4db2bc90d4f9ecd0a531ca5a8f428fcb84f1637208752b7b,SYNTH-BASE-KIA7809AF-BACK-001,SPEC-A
syn-v2-700-lead_breakage-0090,synthetic/v2_700/images/lead_breakage/syn-v2-700-lead_breakage-0090.jpg,lead_breakage,mild,test,test,30,c20bff7f61f8c2bfc2bb72064a3aef0384526659b736d5d913f969b0c05e3694,,1521490010,9e16254eaad04d7ef7a8b126db4dc7799e1dca06b4c44543a8be3166da9b3db5,SYNTH-BASE-KIA7809AF-BACK-001,SPEC-A
syn-v2-700-lead_breakage-0061,synthetic/v2_700/images/lead_breakage/syn-v2-700-lead_breakage-0061.jpg,lead_breakage,mild,test,test,31,c24df18f64edee58f6b6f37b780af4354abde1a8c563fd9b52cb8425e9c74444,,1988421274,5909a456c0c7565e947b517297f55bd02b02d80385023b8a0f0bfbbbac7eb536,SYNTH-BASE-KIA7809AF-BACK-001,SPEC-A
syn-v2-700-lead_breakage-0086,synthetic/v2_700/images/lead_breakage/syn-v2-700-lead_breakage-0086.jpg,lead_breakage,mild,test,test,32,da9e920125b8a6a59b06c2755fbb5d30871ede7ef7a1548c32702ac498a3e107,,1259436086,a036c340e994f16c0d0fa60b58fc5bd7b2f6795d6561edc0106054abc15caf9f,SYNTH-BASE-KIA7809AF-BACK-001,SPEC-A
syn-v2-700-lead_breakage-0058,synthetic/v2_700/images/lead_breakage/syn-v2-700-lead_breakage-0058.jpg,lead_breakage,mild,test,test,33,dae79923981ffe30a758b6286b2131d09ada68aea93102d081105a6d08ffaf30,,1748255063,0107930e879224628f355c83acb0c7739cc6f57a56d9d9cb5a8d9b4c58a276fb,SYNTH-BASE-KIA7809AF-BACK-001,SPEC-A
syn-v2-700-lead_breakage-0036,synthetic/v2_700/images/lead_breakage/syn-v2-700-lead_breakage-0036.jpg,lead_breakage,mild,test,test,34,dc08d09490cde4f0f76b57798c3ed1856db9a8f9b5fdcebe7c72eaa6e24067b4,,1309965750,06cdab90f8f4b704944e980ba89e2fe3f7c0faa9f6e5fff47a401511c8536ed9,SYNTH-BASE-KIA7809AF-BACK-001,SPEC-A
syn-v2-700-lead_breakage-0094,synthetic/v2_700/images/lead_breakage/syn-v2-700-lead_breakage-0094.jpg,lead_breakage,mild,test,test,35,e029d3a3f7dc7dea8e07d892b0813d56feeebf7b6e71e4084143ce6f78dee4ee,,1662406340,c48099e50c556c68b32ef4d5fc6d2145b03aded23560df0aeae1774b6fb37d46,SYNTH-BASE-KIA7809AF-BACK-001,SPEC-A
syn-v2-700-lead_breakage-0055,synthetic/v2_700/images/lead_breakage/syn-v2-700-lead_breakage-0055.jpg,lead_breakage,mild,test,test,36,ef58bc1a1fafea5c7d44ffd403135fffbc72101bfd59135c3f5ecd61b26726c3,,1654129580,3f72dba52a4aac959c94ce69162a69124580d099c71ebbde81ec6a3434a6fa69,SYNTH-BASE-KIA7809AF-BACK-001,SPEC-A
syn-v2-700-lead_breakage-0021,synthetic/v2_700/images/lead_breakage/syn-v2-700-lead_breakage-0021.jpg,lead_breakage,mild,test,test,37,f5d14d5b62ddfc036683a9f19f852faedb2b4852dba78bad6daf5620c5e2e47c,,1115877751,9f8326594da80db57c29cb0b92b4eab6a0987e28424ee4e3a9021589ad03e962,SYNTH-BASE-KIA7809AF-BACK-001,SPEC-A
syn-v2-700-lead_breakage-0027,synthetic/v2_700/images/lead_breakage/syn-v2-700-lead_breakage-0027.jpg,lead_breakage,mild,test,test,38,f781526673524280d3789ef96033602a0375abc50c3b1eb4447408d383b1a2a0,,668455636,106d40143407f216b7755a2bd68da29fd6a4d4a03f4b70c9a2c1ed73438b50ac,SYNTH-BASE-KIA7809AF-BACK-001,SPEC-A
syn-v2-700-lead_breakage-0098,synthetic/v2_700/images/lead_breakage/syn-v2-700-lead_breakage-0098.jpg,lead_breakage,mild,test,test,39,fe13a87403ed8f29732a9ea56cc843dd9553f2de3c8531e6b182bcd5cb34415c,,2003314361,362cc6a807b3505abf3398564e04d09a28d00c57c07371b48ae994fff03c6a7f,SYNTH-BASE-KIA7809AF-BACK-001,SPEC-A
syn-v2-700-lead_breakage-0004,synthetic/v2_700/images/lead_breakage/syn-v2-700-lead_breakage-0004.jpg,lead_breakage,moderate,test,test,11,5e465695ba365220cdc728d784258674f5ccce95ce48b32532c854d2eb23506c,,1381554017,78d5d8bae4043395d1dc7fd5e82713fd826d956beb3386fbae5374db159c1670,SYNTH-BASE-KIA7809AF-BACK-001,SPEC-A
syn-v2-700-lead_breakage-0070,synthetic/v2_700/images/lead_breakage/syn-v2-700-lead_breakage-0070.jpg,lead_breakage,moderate,test,test,12,5fed5827fb141e47c1d15a9d984451b6959aafc59a44f5e24a18dd16168b38f8,,261149215,ed92c666d0ef7347b7f68e0caf21dfa4c01dce454c7c7128871206d25accba5f,SYNTH-BASE-KIA7809AF-BACK-001,SPEC-A
syn-v2-700-lead_breakage-0084,synthetic/v2_700/images/lead_breakage/syn-v2-700-lead_breakage-0084.jpg,lead_breakage,moderate,test,test,13,62564f12ac98fcd81c302faeb8ab6e0b35bac5c14819f18c0e16f8ee67f6b39e,,197632887,a8652700f1386944a99e8af84c1a534afcd0a69040d314993d416bb9303d75b2,SYNTH-BASE-KIA7809AF-BACK-001,SPEC-A
syn-v2-700-lead_breakage-0023,synthetic/v2_700/images/lead_breakage/syn-v2-700-lead_breakage-0023.jpg,lead_breakage,moderate,test,test,14,68253c653447e1c0e21b771984807d665b9dedca04e0358b936166c6928a53e6,,403592821,76e4ba965c27f9ba77d35d119ef47d85fefdfa6d3ef4eca534f05dff9e2fcec5,SYNTH-BASE-KIA7809AF-BACK-001,SPEC-A
syn-v2-700-lead_breakage-0045,synthetic/v2_700/images/lead_breakage/syn-v2-700-lead_breakage-0045.jpg,lead_breakage,moderate,test,test,15,694bc7ead46acd3165997dbf8896fc003853e9c84455981f89dc8b026b7b4cdc,,58248994,4d5621a4e4ee6db73919e62c030573551dc1633025aa3fd965756c39c4bdbc8e,SYNTH-BASE-KIA7809AF-BACK-001,SPEC-A
syn-v2-700-lead_breakage-0054,synthetic/v2_700/images/lead_breakage/syn-v2-700-lead_breakage-0054.jpg,lead_breakage,moderate,test,test,16,6986831c85503337506cd9cbf652441f26e5b324d8338f571b7447b2ee52ce2d,,1336602540,a5b22e3fab668894437ba014363e4648c5f8bf83c62107d429ecef10114498ba,SYNTH-BASE-KIA7809AF-BACK-001,SPEC-A
syn-v2-700-lead_breakage-0009,synthetic/v2_700/images/lead_breakage/syn-v2-700-lead_breakage-0009.jpg,lead_breakage,moderate,test,test,17,6cd27144112eb1d66f8283a6540cfb3c27466119f53379b297ae883b674678ff,,1430271209,59b0dc90fb30a5555f65a921719f0c7136f35ca7a71e6e12c7abd92f794dab3b,SYNTH-BASE-KIA7809AF-BACK-001,SPEC-A
syn-v2-700-lead_breakage-0062,synthetic/v2_700/images/lead_breakage/syn-v2-700-lead_breakage-0062.jpg,lead_breakage,moderate,test,test,18,7c99f79b9d5994bad5aa8323ad55cd7c0f35b95478339f77c2069dcd5b8864a2,,1567969713,ebf6554a039ac844569520c28d46af317f022618bd85bb3a96658ad197206d9a,SYNTH-BASE-KIA7809AF-BACK-001,SPEC-A
syn-v2-700-lead_breakage-0003,synthetic/v2_700/images/lead_breakage/syn-v2-700-lead_breakage-0003.jpg,lead_breakage,moderate,test,test,19,7f4fd2b7b88839654ec1e80bedfaed04ba4203bc269fbcf00d59ee89e38c604f,,1654069379,6db84ab18ecd76469fc18c0be66b324b74308975f858f2e722ef6fc912aa2efe,SYNTH-BASE-KIA7809AF-BACK-001,SPEC-A
syn-v2-700-lead_breakage-0013,synthetic/v2_700/images/lead_breakage/syn-v2-700-lead_breakage-0013.jpg,lead_breakage,moderate,test,test,20,84a1ed13801f64a98b457b6ea605b92ba413b2696ae5fa3ffdbd8e6697fffe97,,107328842,ab485b65ecc8a33fe7376d4079567f75f258908813900c4a9e49f731e44b8342,SYNTH-BASE-KIA7809AF-BACK-001,SPEC-A
syn-v2-700-lead_breakage-0002,synthetic/v2_700/images/lead_breakage/syn-v2-700-lead_breakage-0002.jpg,lead_breakage,moderate,test,test,21,8522664a9dbaa492f9292e36195509486e2cbdc6591000b2d503b35858d419b1,,1088676720,e707523092341dc5878c8a14b3f57cf2e678b62a759bea87d66e2c2106e584c4,SYNTH-BASE-KIA7809AF-BACK-001,SPEC-A
syn-v2-700-lead_breakage-0024,synthetic/v2_700/images/lead_breakage/syn-v2-700-lead_breakage-0024.jpg,lead_breakage,moderate,test,test,22,8ad1c375608b6fb4390435177f305db3521d0d3f42f7745e1b16d08a4f86499c,,522131345,2a4f6b894611be2e84a904205c65988afd879c13472438b4b9bb30a65c0c617a,SYNTH-BASE-KIA7809AF-BACK-001,SPEC-A
syn-v2-700-lead_breakage-0047,synthetic/v2_700/images/lead_breakage/syn-v2-700-lead_breakage-0047.jpg,lead_breakage,moderate,test,test,23,ade61609a352bd80f4ce8c147e814812a7ae9b6afe0052bd822e2f54d34630fb,,1451493638,eb0517c420924065ba37d2d22c82566fe731d773e0afdd931021f04959167a3b,SYNTH-BASE-KIA7809AF-BACK-001,SPEC-A
syn-v2-700-lead_breakage-0043,synthetic/v2_700/images/lead_breakage/syn-v2-700-lead_breakage-0043.jpg,lead_breakage,moderate,test,test,24,b1759897105cd6ba7f0e57f006e9198b886d89706cabb4d2acdb52ecd9cedad3,,871633420,c2b0f921cf9bf39471a5fc9fa9103ab1dec69d5f985a7196beb8658f80a0a320,SYNTH-BASE-KIA7809AF-BACK-001,SPEC-A
syn-v2-700-lead_breakage-0095,synthetic/v2_700/images/lead_breakage/syn-v2-700-lead_breakage-0095.jpg,lead_breakage,moderate,test,test,25,b6a20609dc5d43760c90f83521e77c3799a2820251a75d6eb88559644ebfda9d,,878371058,813159f4c9a554fb298d16816ab56449f5f8156099a9750acb35d8f974999524,SYNTH-BASE-KIA7809AF-BACK-001,SPEC-A
syn-v2-700-lead_breakage-0041,synthetic/v2_700/images/lead_breakage/syn-v2-700-lead_breakage-0041.jpg,lead_breakage,moderate,test,test,26,b6d8444756694a45ebb22a0841dd9e11532f17d1370dda93bd2b0d5fe6e3439c,,498064045,5ef9c83f6bc5ee6b1a4212919f3ba5a6ad9df5a178cd7a07ea91e9256ebd72b7,SYNTH-BASE-KIA7809AF-BACK-001,SPEC-A
syn-v2-700-lead_breakage-0030,synthetic/v2_700/images/lead_breakage/syn-v2-700-lead_breakage-0030.jpg,lead_breakage,moderate,test,test,27,be5023b1cb176cda2166ee4923643c5efc40ad89c69130480e21c7601606c016,,1424931177,37571f585ad0af7ad94a2ed1d9568c6f8b7f320c19995c61d2b6df9bc2acc38a,SYNTH-BASE-KIA7809AF-BACK-001,SPEC-A
syn-v2-700-lead_breakage-0087,synthetic/v2_700/images/lead_breakage/syn-v2-700-lead_breakage-0087.jpg,lead_breakage,moderate,test,test,28,c6d48e2ffb7c82a53fe271e4518eb2abcbf7f50e2a0dc066eae261f526ba1ab1,,2132831740,7527d5fe6070b28af5fd7326fea7d4cd36e1c778a5a418fab025f212575b4dd9,SYNTH-BASE-KIA7809AF-BACK-001,SPEC-A
syn-v2-700-lead_breakage-0050,synthetic/v2_700/images/lead_breakage/syn-v2-700-lead_breakage-0050.jpg,lead_breakage,moderate,test,test,29,cd5c0569cc2d66726ade11861762f8d9415320d07badc8bf288e0f75078f0a87,,928828841,3efcea63ae6b61adbf1c3d331dc367e5a4adea53b998710ee5f4a92c026e500a,SYNTH-BASE-KIA7809AF-BACK-001,SPEC-A
syn-v2-700-lead_breakage-0044,synthetic/v2_700/images/lead_breakage/syn-v2-700-lead_breakage-0044.jpg,lead_breakage,moderate,test,test,30,d7f1932fdd8c7ae661c87e18c7290dd82798ae794d54baaaecc2e025f3fe1903,,1407714105,b6a664bc85d88a9ce82b3b4f343654eecbeaf0d5e9d8a6bff737e5ba92c1208d,SYNTH-BASE-KIA7809AF-BACK-001,SPEC-A
syn-v2-700-lead_breakage-0052,synthetic/v2_700/images/lead_breakage/syn-v2-700-lead_breakage-0052.jpg,lead_breakage,moderate,test,test,31,dba2423a71e1a6283dbd760741ef520df49026f4e8a8efec67b6efcf61ba225b,,1551134584,eee93f1724ca898353fd1600f94fdd13d93513e0c6b8ed81409f3b8dea6714b3,SYNTH-BASE-KIA7809AF-BACK-001,SPEC-A
syn-v2-700-lead_breakage-0000,synthetic/v2_700/images/lead_breakage/syn-v2-700-lead_breakage-0000.jpg,lead_breakage,moderate,test,test,32,ded232f7725a7731aad1f8059dc2023f7b38aa5ccc4a28fa08dbfa9b7945ec1c,,65614104,5b33bd25405b30153ede1265c494acce77ee75a4d5fb9ed561d492f6c45ee222,SYNTH-BASE-KIA7809AF-BACK-001,SPEC-A
syn-v2-700-lead_breakage-0026,synthetic/v2_700/images/lead_breakage/syn-v2-700-lead_breakage-0026.jpg,lead_breakage,moderate,test,test,33,e69a492de9a18939cc7cd99043e08a1e5699e8fddc9edd6e843600343f2c7560,,304647869,d5794fd83a6ef3cdf691685026de16c40a65f21cac03afe5b9bd8c7c594131df,SYNTH-BASE-KIA7809AF-BACK-001,SPEC-A
syn-v2-700-lead_breakage-0037,synthetic/v2_700/images/lead_breakage/syn-v2-700-lead_breakage-0037.jpg,lead_breakage,moderate,test,test,34,e734bbc19c5353f41d141cb3de3a77c6767a777cb4a8c493e4cbd06b5c1e632a,,949284386,e33f680bbc1cd7c4e46071c31964b0a4a71489951d6fc3dcc65dabcac27f3e6b,SYNTH-BASE-KIA7809AF-BACK-001,SPEC-A
syn-v2-700-lead_breakage-0074,synthetic/v2_700/images/lead_breakage/syn-v2-700-lead_breakage-0074.jpg,lead_breakage,moderate,test,test,35,eb6f7025a3241499eb5b9f73f0704313b184540e7ce281313887ed279fa1499a,,1503564519,34596dd785c148350f70a6abd5145c37be94060e6f345691666a3e5f77dc254c,SYNTH-BASE-KIA7809AF-BACK-001,SPEC-A
syn-v2-700-lead_breakage-0096,synthetic/v2_700/images/lead_breakage/syn-v2-700-lead_breakage-0096.jpg,lead_breakage,moderate,test,test,36,f18861c6013e6c45adc103e7811c8aa4b512ca5a8827f321395c43d1de8e6d58,,188127316,f0dd484da90728bf83fe413642b48043bfb4afe55b681c33e89d4eba17999370,SYNTH-BASE-KIA7809AF-BACK-001,SPEC-A
syn-v2-700-lead_breakage-0042,synthetic/v2_700/images/lead_breakage/syn-v2-700-lead_breakage-0042.jpg,lead_breakage,moderate,test,test,37,f683376fd9b3374b3c45dc1911702dbfea61130fa0806ca9a4f1ddab6747df1b,,1184356265,ec70cbc21a979b0f2fad728f150c9463ae67f028802d1896b964cc937b4b37f8,SYNTH-BASE-KIA7809AF-BACK-001,SPEC-A
syn-v2-700-lead_breakage-0049,synthetic/v2_700/images/lead_breakage/syn-v2-700-lead_breakage-0049.jpg,lead_breakage,moderate,test,test,38,fa2d23b9f9e909caedc951d76fe7a4ca50542d0103be1ef15aea00b839e04fa5,,1003835690,539fa92748faccc255281a4d4c4931281c6f85b17ee496ed8bfb92c1cc9d0f24,SYNTH-BASE-KIA7809AF-BACK-001,SPEC-A
syn-v2-700-lead_breakage-0077,synthetic/v2_700/images/lead_breakage/syn-v2-700-lead_breakage-0077.jpg,lead_breakage,moderate,test,test,39,fe88cb7df51c310a4ae9b7dea3e0ae175cca4e8bf2ebf80e0ea0af19b8432ce0,,410809588,d69f19f929bddee17e5aab4b6c6523fdf02518c55826761941df2986d21d5f98,SYNTH-BASE-KIA7809AF-BACK-001,SPEC-A
syn-v2-700-lead_breakage-0071,synthetic/v2_700/images/lead_breakage/syn-v2-700-lead_breakage-0071.jpg,lead_breakage,severe,test,test,6,81b5b8c6b2aead474857597da2ccbc5c736541b28b590882262f8ecd33389583,,974519750,29d81979130ae0ac2f0ddeb425801b20b32842683319cbd07fa2f173d8acff25,SYNTH-BASE-KIA7809AF-BACK-001,SPEC-A
syn-v2-700-lead_breakage-0034,synthetic/v2_700/images/lead_breakage/syn-v2-700-lead_breakage-0034.jpg,lead_breakage,severe,test,test,7,8277a2785f4dfb5a2392b89fc9176f5a860e0d1ac999d37e317a7f0b1bd1dc12,,1327426800,cd34c87bd7e288210a39abec97521a86b403d1070c88f129cacb31f8d6a692f9,SYNTH-BASE-KIA7809AF-BACK-001,SPEC-A
syn-v2-700-lead_breakage-0039,synthetic/v2_700/images/lead_breakage/syn-v2-700-lead_breakage-0039.jpg,lead_breakage,severe,test,test,8,8371a32c5649065cfc2db10ee40741a073b1c5bc3678dd485217108508b688bf,,1940993332,125209c4baead0d7ac71c49d4c81f08657a38bde8c4ac6a5e9c81981c650a231,SYNTH-BASE-KIA7809AF-BACK-001,SPEC-A
syn-v2-700-lead_breakage-0006,synthetic/v2_700/images/lead_breakage/syn-v2-700-lead_breakage-0006.jpg,lead_breakage,severe,test,test,9,885dafe9501f8e1c303e4157cc934e5c50eb74f29b4493cdc53224a1fd1bbe07,,1011803490,5435636038de04d91588be598b024dba67dd8871ead3f699ef8cb96ddd5ee9c7,SYNTH-BASE-KIA7809AF-BACK-001,SPEC-A
syn-v2-700-lead_breakage-0031,synthetic/v2_700/images/lead_breakage/syn-v2-700-lead_breakage-0031.jpg,lead_breakage,severe,test,test,10,971b1ed48fed003e1fd7e275cb26589414d93d380646bfc83909a5ec09ba3893,,1494694962,f7b364c8ed8b125ec359141703bec65c8e040f3e1a136d6d3375528ae9a83af9,SYNTH-BASE-KIA7809AF-BACK-001,SPEC-A
syn-v2-700-lead_breakage-0019,synthetic/v2_700/images/lead_breakage/syn-v2-700-lead_breakage-0019.jpg,lead_breakage,severe,test,test,11,98ce17269921db8ce8daff084ddd9922d36b5f474de13f520c53d35b82982e9a,,1850323439,a9671b4e26f19598a1929ed1ed1c07e3e5e582cb8d8cd3354270b22f80786812,SYNTH-BASE-KIA7809AF-BACK-001,SPEC-A
syn-v2-700-lead_breakage-0022,synthetic/v2_700/images/lead_breakage/syn-v2-700-lead_breakage-0022.jpg,lead_breakage,severe,test,test,12,9e74f5170c9c8f6b290e549e739c6a5310f3f4b8aac694c4c40619306c2320fb,,1509286505,694d25621b3de6a9f6c023852dd244565d44ae38a2981a74053259a56cfe50c6,SYNTH-BASE-KIA7809AF-BACK-001,SPEC-A
syn-v2-700-lead_breakage-0078,synthetic/v2_700/images/lead_breakage/syn-v2-700-lead_breakage-0078.jpg,lead_breakage,severe,test,test,13,a3da2ab84be343067eab4443b691057adf07c6f16555277f4e18c24987ca1835,,1424478826,dbb067d1b441dbc6d4c7f39435be26d87b2ccc2b9169944ed999ce409f7092f7,SYNTH-BASE-KIA7809AF-BACK-001,SPEC-A
syn-v2-700-lead_breakage-0083,synthetic/v2_700/images/lead_breakage/syn-v2-700-lead_breakage-0083.jpg,lead_breakage,severe,test,test,14,ab75b697c951d29a631292184c3680c59cc84b8c09ef62a06cf6190d64cdb04b,,285605606,9b5eff6b20695f7b776a0efc4c690cf522d8d654cf0e40a23b14561e7fca22e7,SYNTH-BASE-KIA7809AF-BACK-001,SPEC-A
syn-v2-700-lead_breakage-0063,synthetic/v2_700/images/lead_breakage/syn-v2-700-lead_breakage-0063.jpg,lead_breakage,severe,test,test,15,b731f9837a8ba42285889d38acd4504c2fa715aea8f692e3bec0cce19ff01e88,,1247524068,9a4d73a8b8198eabb07df77e8f5109958eb37b6cb3220076aac429a1a1f643e0,SYNTH-BASE-KIA7809AF-BACK-001,SPEC-A
syn-v2-700-lead_breakage-0025,synthetic/v2_700/images/lead_breakage/syn-v2-700-lead_breakage-0025.jpg,lead_breakage,severe,test,test,16,d29e20657fb03c029d99de89b1953600a01f9ab5d3bd8fcb6eca112e3adcf375,,1672332623,e0af669e820ed2abcfb7ada32c39247373b67bfc2e17fc613a7ea7e2a9f5c6a4,SYNTH-BASE-KIA7809AF-BACK-001,SPEC-A
syn-v2-700-lead_breakage-0005,synthetic/v2_700/images/lead_breakage/syn-v2-700-lead_breakage-0005.jpg,lead_breakage,severe,test,test,17,d8deb3fc8a5936f40673ff944eddb846daa6077a33605d414c74d5e25b7507f9,,92256332,10cddc3a87a322d5b0b2346a64b172322bb6a17325f103f126267b55595b10f5,SYNTH-BASE-KIA7809AF-BACK-001,SPEC-A
syn-v2-700-lead_breakage-0081,synthetic/v2_700/images/lead_breakage/syn-v2-700-lead_breakage-0081.jpg,lead_breakage,severe,test,test,18,dbeae325cf2a00e1c660ab798c29b02e17bcddef8891a9f0bf70c9b06812b479,,633133631,14b9bb14f9bf13b0fb46dbe637bca8043459a71af0519dc5e19e70fe804bfeca,SYNTH-BASE-KIA7809AF-BACK-001,SPEC-A
syn-v2-700-lead_breakage-0097,synthetic/v2_700/images/lead_breakage/syn-v2-700-lead_breakage-0097.jpg,lead_breakage,severe,test,test,19,fabc2e2fc8c2f9be16d7ba1fafa61c1e004ba5a71ede1a8972680a9bc407b673,,1123922970,42ae66e94a99755046cbe5b08d62501451080a98e93dd7e297111d68d71f66ec,SYNTH-BASE-KIA7809AF-BACK-001,SPEC-A
syn-v2-700-scratch-0021,synthetic/v2_700/images/scratch/syn-v2-700-scratch-0021.jpg,scratch,mild,test,test,11,4ac7c9981c9b55abae136866b6a099c374a528b2f388ca09161afda87f002f27,,643874936,5432d07d2c8f8203a5a4aa424cddc5ac0fbbda2b8a3f65b62e2344671a3f4eed,SYNTH-BASE-KIA7809AF-BACK-001,SPEC-A
syn-v2-700-scratch-0035,synthetic/v2_700/images/scratch/syn-v2-700-scratch-0035.jpg,scratch,mild,test,test,12,508b4c0d2c2fdf5b9fe39c144ad7258b4ef8da372a53da646a8686aded32ce8c,,73799948,54c9f86d92b404a744d37fed690dba847d699378eec8c68f501e70be6b7f8a20,SYNTH-BASE-KIA7809AF-BACK-001,SPEC-A
syn-v2-700-scratch-0077,synthetic/v2_700/images/scratch/syn-v2-700-scratch-0077.jpg,scratch,mild,test,test,13,572d08bbecbe0c7b1b9d132c7ab8ad681c015e0b0e8a70562cc93939aaf676b9,,881009052,03cef7595c042faa9f63d5056353ce4f5b7c3debaa0a835c16e2272010f631ff,SYNTH-BASE-KIA7809AF-BACK-001,SPEC-A
syn-v2-700-scratch-0045,synthetic/v2_700/images/scratch/syn-v2-700-scratch-0045.jpg,scratch,mild,test,test,14,657701418d5e5a9ac54640826b47b6a8a2ceb2c9ebf7332ec09ce269130c9435,,732646144,6a2e0a6efde42c10a0103ef9fc7bc342e4c3f3f0a2e6935da9172149d22475d7,SYNTH-BASE-KIA7809AF-BACK-001,SPEC-A
syn-v2-700-scratch-0088,synthetic/v2_700/images/scratch/syn-v2-700-scratch-0088.jpg,scratch,mild,test,test,15,65ca5de65dc2640a748a48180814cc10f4aed1e54a20260cd3d60c071e2bdef2,,2117219885,522ce88fbe493fc8892a48362f7b32ea81c34408964063757c25ecaa9034dd54,SYNTH-BASE-KIA7809AF-BACK-001,SPEC-A
syn-v2-700-scratch-0069,synthetic/v2_700/images/scratch/syn-v2-700-scratch-0069.jpg,scratch,mild,test,test,16,6e6f2a73e73ca89eccadc9519de32eac76c59d7c93b1e4a0181a11edb1d60fb3,,1570519799,84f401059cd3e9f137f8581571d05b941a4cdd2f71344ab4519cadef2da13335,SYNTH-BASE-KIA7809AF-BACK-001,SPEC-A
syn-v2-700-scratch-0017,synthetic/v2_700/images/scratch/syn-v2-700-scratch-0017.jpg,scratch,mild,test,test,17,7154981c5fe1457f3c2d1ec1ac067a9f8755012180c356578b21e66aa269abe6,,1710089721,9aa941b594345b7d1d24d53370e06369b5b5e030f54a27e37ba68c0337c719e4,SYNTH-BASE-KIA7809AF-BACK-001,SPEC-A
syn-v2-700-scratch-0042,synthetic/v2_700/images/scratch/syn-v2-700-scratch-0042.jpg,scratch,mild,test,test,18,715edea021b19154d1fa024c6d12739f06e2556d834f1df91eb9e54b849fcc86,,783167604,46365448e4f44eab0c60913d3e6f959ea88f981177a359d08b42ee61cb61e012,SYNTH-BASE-KIA7809AF-BACK-001,SPEC-A
syn-v2-700-scratch-0048,synthetic/v2_700/images/scratch/syn-v2-700-scratch-0048.jpg,scratch,mild,test,test,19,716a536c887dc517249d14dc8d3f3fe4b5f7a1f654da9b2e19058f191981f1cb,,885892871,6b72335f639d88843855b4e296891bb7d4b5714b5b84dd5a32e19cee736cb5a0,SYNTH-BASE-KIA7809AF-BACK-001,SPEC-A
syn-v2-700-scratch-0013,synthetic/v2_700/images/scratch/syn-v2-700-scratch-0013.jpg,scratch,mild,test,test,20,829bdc989b8e8b126ef9c953aa1613e02b9cc358d8b8a8ef5609710ddb3f7481,,931693661,463406d1830ec60cb7b757e94e2dd516c1868a92c9b1a95ee027634ba383e4b2,SYNTH-BASE-KIA7809AF-BACK-001,SPEC-A
syn-v2-700-scratch-0056,synthetic/v2_700/images/scratch/syn-v2-700-scratch-0056.jpg,scratch,mild,test,test,21,8ddde8a9c584ed402211cc32f37c1f71fc3722a40068e4e803ddd94a5dd95fcd,,2013110620,afd9cc08170f6a6355e22b07ad3134b53782c4a71d4c8000ce05b4f60a88dc27,SYNTH-BASE-KIA7809AF-BACK-001,SPEC-A
syn-v2-700-scratch-0050,synthetic/v2_700/images/scratch/syn-v2-700-scratch-0050.jpg,scratch,mild,test,test,22,9c7e618afcd8d9d618af16da29293eb0efc3279f675b4ae6e5f031b998465106,,1080491461,2dc501a23e7d224cf126638a7f1fab2ab1011ac10fd15c871a27458ee03ad0f7,SYNTH-BASE-KIA7809AF-BACK-001,SPEC-A
syn-v2-700-scratch-0046,synthetic/v2_700/images/scratch/syn-v2-700-scratch-0046.jpg,scratch,mild,test,test,23,9df192c7c6bdf169e7dc68b13e6c4824ce0c6fb9e81a6bb038d341fbebcc54ff,,2067068576,986afd29b88211ada8a7d23fd7ec29dd6c6f906a7058022aa24d7601b2ac4352,SYNTH-BASE-KIA7809AF-BACK-001,SPEC-A
syn-v2-700-scratch-0020,synthetic/v2_700/images/scratch/syn-v2-700-scratch-0020.jpg,scratch,mild,test,test,24,a10d08d124157f9de4610b290f32d09fd591d3e2a9e23a126d58faa8051bcc0e,,717983465,1ddf98e82c2ddfb0da90fa9d6a933cf62f462248828406b4efaac2b65391e1e1,SYNTH-BASE-KIA7809AF-BACK-001,SPEC-A
syn-v2-700-scratch-0095,synthetic/v2_700/images/scratch/syn-v2-700-scratch-0095.jpg,scratch,mild,test,test,25,a24a62a5c53995ae7a1e114aa50a8dc8cc607606514a6c4d6b6c1f89d1cf3055,,1136069841,1c95b29fae421a80ca202bbd1f4e8265844b53a20acfe64a49576903f88d0a2c,SYNTH-BASE-KIA7809AF-BACK-001,SPEC-A
syn-v2-700-scratch-0055,synthetic/v2_700/images/scratch/syn-v2-700-scratch-0055.jpg,scratch,mild,test,test,26,a7a3f539beeee940cd80ce2f9e122e64779ca7285529080d1f976be60e4d1cea,,1924644661,4b6d969ca371cb73f0adb90070f7d85c6fe9a0d6cd9c37aa95fea2bc5511f414,SYNTH-BASE-KIA7809AF-BACK-001,SPEC-A
syn-v2-700-scratch-0009,synthetic/v2_700/images/scratch/syn-v2-700-scratch-0009.jpg,scratch,mild,test,test,27,aca61fee26b80eaaad5281da5bb9b876b9a086d9d78692bf3d4d06525154479c,,1153477072,4ddaa7fb8da39c891dc52facfb06c2d0ec333ff1522e038e8be093736960ebf1,SYNTH-BASE-KIA7809AF-BACK-001,SPEC-A
syn-v2-700-scratch-0031,synthetic/v2_700/images/scratch/syn-v2-700-scratch-0031.jpg,scratch,mild,test,test,28,ad20bc8468dba9c865aacd66e232ec7316051e6d092a8da292c45cc6b1d8ee5c,,1576435451,64b1505d5df11413b0bb960aeb4c2eec6cca7aa216c99b35d5511f9f923b5eb4,SYNTH-BASE-KIA7809AF-BACK-001,SPEC-A
syn-v2-700-scratch-0002,synthetic/v2_700/images/scratch/syn-v2-700-scratch-0002.jpg,scratch,mild,test,test,29,c0fff73eecb063b68551519f108cba74a994dae28ec6f571fcd9ee61d5675b2d,,1398638791,2fc81904b1bd52b00351ec314a6084fb97145d57e9cbd9fcbab2e033370d0f14,SYNTH-BASE-KIA7809AF-BACK-001,SPEC-A
syn-v2-700-scratch-0089,synthetic/v2_700/images/scratch/syn-v2-700-scratch-0089.jpg,scratch,mild,test,test,30,c3b7df5b26f1572ae8610928d6908f766d08412677def16b1a6003c9babb18f1,,1725626433,c476b27d9f128ca638e0ae9469fd0eb7149206d1b8163fc78a6dfde5573283ed,SYNTH-BASE-KIA7809AF-BACK-001,SPEC-A
syn-v2-700-scratch-0078,synthetic/v2_700/images/scratch/syn-v2-700-scratch-0078.jpg,scratch,mild,test,test,31,c5465806f98b83c607f2010c0c67092460d8d52c43498817167ef590a42fbccb,,458831959,9eabeeee374d8845021409e93a50893fff4b48a1c9bc647c006edd068e2787ba,SYNTH-BASE-KIA7809AF-BACK-001,SPEC-A
syn-v2-700-scratch-0083,synthetic/v2_700/images/scratch/syn-v2-700-scratch-0083.jpg,scratch,mild,test,test,32,c72158c371df05b11391004ff23b8e36e9aa011adfc103e32e5a60e4a0570ed7,,57856935,0982a1ef280ac85a80f6b4c8fc957a3239813477070ce98aafd37bec0c43fce6,SYNTH-BASE-KIA7809AF-BACK-001,SPEC-A
syn-v2-700-scratch-0070,synthetic/v2_700/images/scratch/syn-v2-700-scratch-0070.jpg,scratch,mild,test,test,33,d0a936c10d28a42137beb7f1e58fc6685392ad5829d6dfa54187d0c7f5ab9883,,1545325096,ece10edea7840d49b8435164d5aada01c0f9e9dc15aa072e67b38111f64d64d4,SYNTH-BASE-KIA7809AF-BACK-001,SPEC-A
syn-v2-700-scratch-0052,synthetic/v2_700/images/scratch/syn-v2-700-scratch-0052.jpg,scratch,mild,test,test,34,d1f328ffae04ade80905f512e48c83ae050a42e9dcb734bf79c09d27810db510,,1816107432,410e3ff24504c57a22926697ea80b9e38c670f22075e95cd200796d268714637,SYNTH-BASE-KIA7809AF-BACK-001,SPEC-A
syn-v2-700-scratch-0030,synthetic/v2_700/images/scratch/syn-v2-700-scratch-0030.jpg,scratch,mild,test,test,35,d252b7136b79bfbaeb371216e4db3b6195cdc53694217c37bc29ef75c006aed2,,1155468877,98bed43bbec8908d42b77a598a024734455e947535cf10ac85ea954a6ca205c3,SYNTH-BASE-KIA7809AF-BACK-001,SPEC-A
syn-v2-700-scratch-0051,synthetic/v2_700/images/scratch/syn-v2-700-scratch-0051.jpg,scratch,mild,test,test,36,eedecdab6163637c8ffa067b65265ca722d10f6ce7c1e07c48d7ab2e6109886f,,714630858,08be14542ba6e7a0e88032edc40c9314e811d7758c61d1e41b1c70bbe5b40f0b,SYNTH-BASE-KIA7809AF-BACK-001,SPEC-A
syn-v2-700-scratch-0059,synthetic/v2_700/images/scratch/syn-v2-700-scratch-0059.jpg,scratch,mild,test,test,37,f2c5ffc67b2f62f9bfd6e1bada5430fbc8e82f5d518397498a8ebd03c464a6d1,,780916478,143208dba18dcf83accdb5dbe597713d00820060c75ff4cd95836e1534fb10c3,SYNTH-BASE-KIA7809AF-BACK-001,SPEC-A
syn-v2-700-scratch-0086,synthetic/v2_700/images/scratch/syn-v2-700-scratch-0086.jpg,scratch,mild,test,test,38,f405ef249ed279226a33e5f2651fd12b95a05dafa64714838012855dd75fb9df,,1240179319,9786979d00cda7bd3dadd2c4cb3f30401364b88d1e87820db89a052531e359ce,SYNTH-BASE-KIA7809AF-BACK-001,SPEC-A
syn-v2-700-scratch-0063,synthetic/v2_700/images/scratch/syn-v2-700-scratch-0063.jpg,scratch,mild,test,test,39,fd39d918bc07faa32c240d3eb4238bf4bd11a7f11f65a1c329562339cd6fe201,,874241718,6df5cc6485092274ba3410ed25aec770ee4ea9cd5babebea126f67b3dca1b922,SYNTH-BASE-KIA7809AF-BACK-001,SPEC-A
syn-v2-700-scratch-0033,synthetic/v2_700/images/scratch/syn-v2-700-scratch-0033.jpg,scratch,moderate,test,test,11,50c5d6e90abcd1fc26d023ec8a4a470cc6ee66be7ba502c1e232ac9263122b4d,,1893785406,91363f0dc58d06b3132b1e1351a7bc5a78495367515b886597aa61a7cdb6178f,SYNTH-BASE-KIA7809AF-BACK-001,SPEC-A
syn-v2-700-scratch-0064,synthetic/v2_700/images/scratch/syn-v2-700-scratch-0064.jpg,scratch,moderate,test,test,12,5179f70aa9b69f7da71067fb6eeff2427cf792a6589023d3d63859323e8c91b3,,275097286,7002ff0a92d1868a4e5a07242240c5a60d6bd10f07e77a1fd33a450a7a087ece,SYNTH-BASE-KIA7809AF-BACK-001,SPEC-A
syn-v2-700-scratch-0085,synthetic/v2_700/images/scratch/syn-v2-700-scratch-0085.jpg,scratch,moderate,test,test,13,52a5e0a921203c4838486706455868893981e13fbda684c5bbcd4bdb7df45b62,,584121356,fee0c730a5b6c5667942d0b4f26313e1c12758a7ad8cb75f2377a54a06060c08,SYNTH-BASE-KIA7809AF-BACK-001,SPEC-A
syn-v2-700-scratch-0037,synthetic/v2_700/images/scratch/syn-v2-700-scratch-0037.jpg,scratch,moderate,test,test,14,53aba8aa7f2528366d6fa8f1b46438be87c1c739a968d4f9056855c23685217e,,1202543406,45a1c0d2773f111e337120a4d3eb2b6660a8ec9386b53bdc0a29979810eb536a,SYNTH-BASE-KIA7809AF-BACK-001,SPEC-A
syn-v2-700-scratch-0038,synthetic/v2_700/images/scratch/syn-v2-700-scratch-0038.jpg,scratch,moderate,test,test,15,542e47620b926cb9a5a628e24a8611fbcacf261a03db6aa7eda26967014ede28,,240551050,30d2e0a3971139a86741046fb7db5ad2121cb221c169c5f5ca8a117c82a034d6,SYNTH-BASE-KIA7809AF-BACK-001,SPEC-A
syn-v2-700-scratch-0039,synthetic/v2_700/images/scratch/syn-v2-700-scratch-0039.jpg,scratch,moderate,test,test,16,5771b69eb92a236f61f0290025af6d0e1e4bef089b43c58c2cf2480fd49749e8,,149325241,30a9b85a0003c31272d011e62d7cd18313e7a6180337c28bb3652db89dce3116,SYNTH-BASE-KIA7809AF-BACK-001,SPEC-A
syn-v2-700-scratch-0025,synthetic/v2_700/images/scratch/syn-v2-700-scratch-0025.jpg,scratch,moderate,test,test,17,60e20be5477adf6de0e1e99e120412334a2ec69b4f6b1940d8425d1131b3b710,,2050380856,1ce48c001c5f7e8b3166cc1bd6d565bfc1164a7bf924cfff8db7e31dc9c69192,SYNTH-BASE-KIA7809AF-BACK-001,SPEC-A
syn-v2-700-scratch-0024,synthetic/v2_700/images/scratch/syn-v2-700-scratch-0024.jpg,scratch,moderate,test,test,18,683a75ce5e77e265de60d19eff4f67b01b431d148f97c654bf5db0d07d09bd1f,,1892417216,ca0508ac9129c77a0d509e49053d87624ab57426b502cf3cd60a23c8027c84b3,SYNTH-BASE-KIA7809AF-BACK-001,SPEC-A
syn-v2-700-scratch-0019,synthetic/v2_700/images/scratch/syn-v2-700-scratch-0019.jpg,scratch,moderate,test,test,19,6b811e82dce9422a07f811fccf891b50ef484495359b7bc59dc1b5cc7f3c9544,,1028071808,e7c200288f44d92df3129f96473fe727817301b2131a7ce0c3a7c57fcc0526e3,SYNTH-BASE-KIA7809AF-BACK-001,SPEC-A
syn-v2-700-scratch-0061,synthetic/v2_700/images/scratch/syn-v2-700-scratch-0061.jpg,scratch,moderate,test,test,20,76e2dadfc5ac6d61bf9f7bd6234adad837d2aeba2b53490dd5f6ad2157019e20,,884072750,20c802a41a7a8c17143838cb5ff4ea424b0a8203fafa9a6ce5d94095393829fc,SYNTH-BASE-KIA7809AF-BACK-001,SPEC-A
syn-v2-700-scratch-0071,synthetic/v2_700/images/scratch/syn-v2-700-scratch-0071.jpg,scratch,moderate,test,test,21,8144f62469c1ac6cc1e9fb8b3b7eebaf3fe53de4ff1332d407feda6ef2448f89,,947750095,1f09273cfb1efdda0030874ac6678e61ffb40390212f73a0d2544b78db9556cb,SYNTH-BASE-KIA7809AF-BACK-001,SPEC-A
syn-v2-700-scratch-0049,synthetic/v2_700/images/scratch/syn-v2-700-scratch-0049.jpg,scratch,moderate,test,test,22,83d2364407ac2b2a00b12d0f6a9c94bb3e5c7a6a32d4224e0373bebb136f6b20,,28801242,bba0f1b9a0e07e7c35297ff2a75ff762b25ccd19336747fae0ccd8cb2dda649f,SYNTH-BASE-KIA7809AF-BACK-001,SPEC-A
syn-v2-700-scratch-0099,synthetic/v2_700/images/scratch/syn-v2-700-scratch-0099.jpg,scratch,moderate,test,test,23,85dd8ce337af31716632a50a6c112cb3e650b0468195a7d916e8b966522c4b90,,802087594,f030fba323d679ab28438a8cee4d3d6be33e23b10905f9db23fa5d51f15a8740,SYNTH-BASE-KIA7809AF-BACK-001,SPEC-A
syn-v2-700-scratch-0053,synthetic/v2_700/images/scratch/syn-v2-700-scratch-0053.jpg,scratch,moderate,test,test,24,8f0ffd007d129645a0255e8193046dee75faa54d163e206dc9df04507d57987d,,1220793131,98835e03ed88df28c3cc506bb4059114781db392dba1c7d0da60980fea006600,SYNTH-BASE-KIA7809AF-BACK-001,SPEC-A
syn-v2-700-scratch-0098,synthetic/v2_700/images/scratch/syn-v2-700-scratch-0098.jpg,scratch,moderate,test,test,25,9118e7a807d4078eb8e5b4c4515ddcbdcc48d6c862643b66b4b6741dcbfcce57,,653023740,e6c57ed8cdd6450bab63d73b4c0116142c40c594e987f86b504c848ef4403272,SYNTH-BASE-KIA7809AF-BACK-001,SPEC-A
syn-v2-700-scratch-0066,synthetic/v2_700/images/scratch/syn-v2-700-scratch-0066.jpg,scratch,moderate,test,test,26,aad669afe5d65928a0a604a2f02c8a21999d7cfd6278d75b1d4bc84c636b30fb,,1511818380,35d076d89d7b1c95cc9e128d07d84341b78edd9fa8db8d388bcf6343cac3687b,SYNTH-BASE-KIA7809AF-BACK-001,SPEC-A
syn-v2-700-scratch-0032,synthetic/v2_700/images/scratch/syn-v2-700-scratch-0032.jpg,scratch,moderate,test,test,27,ac34466379ae086f8014ef6b56c0eaff8161d51f9459af841ac513a96b2f2bfd,,1921635552,7806ec7b8c2d45ee21ae6ae5603335b70901e3b20d4b83563e7a7862498d351b,SYNTH-BASE-KIA7809AF-BACK-001,SPEC-A
syn-v2-700-scratch-0093,synthetic/v2_700/images/scratch/syn-v2-700-scratch-0093.jpg,scratch,moderate,test,test,28,b2ef4df8c26dbe8b38b43ac748886081717d3790d8f81dcde1eb032c750306ed,,2082345450,7d883d903e946c5ebc795cf15f5bf9b47109e577226303250ec2b720ed2a02ed,SYNTH-BASE-KIA7809AF-BACK-001,SPEC-A
syn-v2-700-scratch-0029,synthetic/v2_700/images/scratch/syn-v2-700-scratch-0029.jpg,scratch,moderate,test,test,29,bfea976ad1e5963a167df3c64d2c415ef36a6fbd503c03723ac98ce286d58b6a,,1773761100,c2ec1f369c2691ffd1d79bb1ca5cbf9e958208c1fd573a72d0a875dda6b272a4,SYNTH-BASE-KIA7809AF-BACK-001,SPEC-A
syn-v2-700-scratch-0026,synthetic/v2_700/images/scratch/syn-v2-700-scratch-0026.jpg,scratch,moderate,test,test,30,c1bcb4249f923ee0b876d17128b6eacee4e57f30998b2d12a71d3c8dbc89d66f,,1689050998,7136ce0aa9f349df8ceacde41e9b69703b8c137b5667bd0eebabad90e3a67560,SYNTH-BASE-KIA7809AF-BACK-001,SPEC-A
syn-v2-700-scratch-0012,synthetic/v2_700/images/scratch/syn-v2-700-scratch-0012.jpg,scratch,moderate,test,test,31,cbcd103c7afa6f0b858fc35c1a6be36da93965ebc63ea7f3ebf8fe6068e22992,,2038299356,b0b9ea4ffb02e0bd94857b2bcb867434d6353fcf60726f51f115f4157c8b3b36,SYNTH-BASE-KIA7809AF-BACK-001,SPEC-A
syn-v2-700-scratch-0036,synthetic/v2_700/images/scratch/syn-v2-700-scratch-0036.jpg,scratch,moderate,test,test,32,ce642e23d09c87344cb08f9edb9201049ce540d55c6042feb0570ca8e665670e,,322067369,45e6796c06b85448c4cdc7f85ac304c0148298dd62288a288fc2d1c7e018442b,SYNTH-BASE-KIA7809AF-BACK-001,SPEC-A
syn-v2-700-scratch-0080,synthetic/v2_700/images/scratch/syn-v2-700-scratch-0080.jpg,scratch,moderate,test,test,33,d31d8176c1e3dd5d6f49193563bce0e8b7f5ccbfb0d50542116cf8c15e605821,,1780358279,7d416d7a625f780c6436370d590ee16862db74ad76e3c557efe57071fa6ba69f,SYNTH-BASE-KIA7809AF-BACK-001,SPEC-A
syn-v2-700-scratch-0081,synthetic/v2_700/images/scratch/syn-v2-700-scratch-0081.jpg,scratch,moderate,test,test,34,d5747d87ce1ddf3f48e68fd3bb6d4ebd7c666d23769a3577761d60f089f5852f,,1484282070,8345059db2a1e1aa4e0f863217314c1ab22c84942fb98d6612fcedae608d4572,SYNTH-BASE-KIA7809AF-BACK-001,SPEC-A
syn-v2-700-scratch-0041,synthetic/v2_700/images/scratch/syn-v2-700-scratch-0041.jpg,scratch,moderate,test,test,35,e75f87bcb66564a46573461107ba5a79205907f7d904cbf5be8671943eef686e,,1990997074,ac83526ed91fe68499d98e6db241e29b802239efd6f5d811d25dc3084f8fbe0e,SYNTH-BASE-KIA7809AF-BACK-001,SPEC-A
syn-v2-700-scratch-0040,synthetic/v2_700/images/scratch/syn-v2-700-scratch-0040.jpg,scratch,moderate,test,test,36,f153870a01712061bb6237202b96c1fc2c8f54c7a11adababbd0183c9a1adcb2,,1697447361,e77eda5fc3575582e2f0e32fb47fab1cbd620fceaa6500b657f773705470b0a1,SYNTH-BASE-KIA7809AF-BACK-001,SPEC-A
syn-v2-700-scratch-0004,synthetic/v2_700/images/scratch/syn-v2-700-scratch-0004.jpg,scratch,moderate,test,test,37,f6f0453c77daba30552aa3ca4331a1bea7bbda55161f719af8f0d930a9aa3d05,,283668010,f8ab5fdf6844558479fb881a2d4575e94b56962b0db5538c8fb84317b2c90bc1,SYNTH-BASE-KIA7809AF-BACK-001,SPEC-A
syn-v2-700-scratch-0022,synthetic/v2_700/images/scratch/syn-v2-700-scratch-0022.jpg,scratch,moderate,test,test,38,f85482027bafe6d0a62cda9443d991276e8ab0367c880adbbc7b9370ec51c5ec,,1518343553,6f8bc5f3f112404159f24c4a23e45131714488f0a62c51e708f90d7b19298263,SYNTH-BASE-KIA7809AF-BACK-001,SPEC-A
syn-v2-700-scratch-0062,synthetic/v2_700/images/scratch/syn-v2-700-scratch-0062.jpg,scratch,moderate,test,test,39,fa2ee88b9bab2c6db2886aa156c759b2a63b0fe30a22901a88c103a8963b0547,,948790609,3b5e1830f5a1b4a6c285e282d113f9eb28c08e2d67b9e3beeb10620a3ea09f9e,SYNTH-BASE-KIA7809AF-BACK-001,SPEC-A
syn-v2-700-scratch-0082,synthetic/v2_700/images/scratch/syn-v2-700-scratch-0082.jpg,scratch,severe,test,test,6,4b3ec6007fb5ca698bb30f369fe347e517452dfe8a957786a2ab68a762993d82,,1303808688,02fa1a002b41aa4e40ad54127770f138f0ff8a923113f4bf518f8420fa334642,SYNTH-BASE-KIA7809AF-BACK-001,SPEC-A
syn-v2-700-scratch-0003,synthetic/v2_700/images/scratch/syn-v2-700-scratch-0003.jpg,scratch,severe,test,test,7,4d222dbcc883b9411be6249780af7af0d4a756e1cba89a27e509ebc78d77da33,,327932940,edcf54391e5ed0ef8fdc2a88db4a41e6f8690291a434abcb4a34504440a59a19,SYNTH-BASE-KIA7809AF-BACK-001,SPEC-A
syn-v2-700-scratch-0016,synthetic/v2_700/images/scratch/syn-v2-700-scratch-0016.jpg,scratch,severe,test,test,8,5de99192f80e81e751ac53e39919381260380f5679d2e9cb69ab8f05c980fa70,,219963842,7f133542cb1764d077a29c09a4f8ea0a6e04e63535259134031184d088e4cf6c,SYNTH-BASE-KIA7809AF-BACK-001,SPEC-A
syn-v2-700-scratch-0006,synthetic/v2_700/images/scratch/syn-v2-700-scratch-0006.jpg,scratch,severe,test,test,9,707dc69c98c209c29b484a6f23b31a238ffa606042b642d66ad2bc8a01c09cf4,,186989000,ee311f8901662de5d8b96b664ae8ddbf81e153cf560d58976ace8334f180ba56,SYNTH-BASE-KIA7809AF-BACK-001,SPEC-A
syn-v2-700-scratch-0092,synthetic/v2_700/images/scratch/syn-v2-700-scratch-0092.jpg,scratch,severe,test,test,10,794b30deaff856737b8f61a45f8c2b9f89a5dcdfda9a41415b15cf538cd40f60,,855306703,0f11b58e915949080d7c5321e70872df15d01ffc11c8f1b34245c9820616b2c4,SYNTH-BASE-KIA7809AF-BACK-001,SPEC-A
syn-v2-700-scratch-0027,synthetic/v2_700/images/scratch/syn-v2-700-scratch-0027.jpg,scratch,severe,test,test,11,8c1e9bbca0aaeb51d6d80e6625b47886821905469e2766c7d2300fa2928426e0,,131673795,5d017d6036f13c273f168eca5234e69db2e749fcf0c8c373b39c3e84bfe266fc,SYNTH-BASE-KIA7809AF-BACK-001,SPEC-A
syn-v2-700-scratch-0074,synthetic/v2_700/images/scratch/syn-v2-700-scratch-0074.jpg,scratch,severe,test,test,12,9b057c38c96fefc158c4fd54ff25f3a8a2751198dc2498b12798be6257bb499e,,271122416,ab0de1c6485b0daf1f5a388e991f03e0ff0968f56a49ceed6413ac1c01623338,SYNTH-BASE-KIA7809AF-BACK-001,SPEC-A
syn-v2-700-scratch-0072,synthetic/v2_700/images/scratch/syn-v2-700-scratch-0072.jpg,scratch,severe,test,test,13,b1b86f9060faf956bffe6a22bf792a4290336af8c8c5e400059949f1a8546085,,1711006799,db7243597de1777e4b16d799802e852ad8920b917538cabde1d5f05ea2b0e99d,SYNTH-BASE-KIA7809AF-BACK-001,SPEC-A
syn-v2-700-scratch-0068,synthetic/v2_700/images/scratch/syn-v2-700-scratch-0068.jpg,scratch,severe,test,test,14,baf420bad797888751c2853f291671e234af511773641b73250d31d38a357a40,,1043371080,6b4909c05ab559ccdeddddfa5337fbad7e40b6035a3f0b4f0b0af129598ff96d,SYNTH-BASE-KIA7809AF-BACK-001,SPEC-A
syn-v2-700-scratch-0075,synthetic/v2_700/images/scratch/syn-v2-700-scratch-0075.jpg,scratch,severe,test,test,15,c1805e91b808582ac48f644896c84581c5a74cc14eb9ad0f5550a5e0528ba103,,1310676875,136e0432cb983573ad9db5151c592711d7aaef16ea38a474ce70e1e916c5c5ee,SYNTH-BASE-KIA7809AF-BACK-001,SPEC-A
syn-v2-700-scratch-0014,synthetic/v2_700/images/scratch/syn-v2-700-scratch-0014.jpg,scratch,severe,test,test,16,c30dbbeac3a45ee7fcac5b20ba4e1f7c76a61266dd3835898108dc755ac6aa3f,,1301464353,a421bbf93d66b024f4f099fd7006044e686233b2edac7e4516bb077bce5fef0f,SYNTH-BASE-KIA7809AF-BACK-001,SPEC-A
syn-v2-700-scratch-0084,synthetic/v2_700/images/scratch/syn-v2-700-scratch-0084.jpg,scratch,severe,test,test,17,d1ed84e4a8e6a291531fc5c40ed24f9e633de7e46e8c496652c141e4d1eaf96a,,303152879,4d36b07ccceaba5482fc50e97358d316027f3846c5525e6c44db9146f7d49206,SYNTH-BASE-KIA7809AF-BACK-001,SPEC-A
syn-v2-700-scratch-0058,synthetic/v2_700/images/scratch/syn-v2-700-scratch-0058.jpg,scratch,severe,test,test,18,d8d9b7e693bbccde178f41b8e5e831da22bfb3d7cd07097f863b85f93ce4846d,,689623745,a960ecc06020035f9fb32513c413c00ccaa1869ef60151983f0d3093b90c0306,SYNTH-BASE-KIA7809AF-BACK-001,SPEC-A
syn-v2-700-scratch-0010,synthetic/v2_700/images/scratch/syn-v2-700-scratch-0010.jpg,scratch,severe,test,test,19,e8daed009af0b5544a92b220db28348c8e72630cb4bedefb723a9f5c7051dbcb,,849910704,077e02a4bbeb62d186c2516f6536836fb21cf7e0862387ca93772d1d1ce7b39b,SYNTH-BASE-KIA7809AF-BACK-001,SPEC-A
syn-v2-700-surface_spot-0061,synthetic/v2_700/images/surface_spot/syn-v2-700-surface_spot-0061.jpg,surface_spot,mild,test,test,11,3d5f4932e56693ab6a12a20e470660c14cab4be538c428d221ab67a601f30f42,,210436381,379b23bb768731900fc2268d60edf4ca0abb305425456e3965be19bb2cb4eeb6,SYNTH-BASE-KIA7809AF-BACK-001,SPEC-A
syn-v2-700-surface_spot-0051,synthetic/v2_700/images/surface_spot/syn-v2-700-surface_spot-0051.jpg,surface_spot,mild,test,test,12,3f55f73e7ab4a4db862b6eb56d62da08ca834d6588b802aee4b79f2061797fe2,,860418757,c1a5c35b3255d6ee7f3bb38718243825339a9abe3cd4f57a4a430de8da7ff872,SYNTH-BASE-KIA7809AF-BACK-001,SPEC-A
syn-v2-700-surface_spot-0096,synthetic/v2_700/images/surface_spot/syn-v2-700-surface_spot-0096.jpg,surface_spot,mild,test,test,13,45f50f33131ab384934f75f40e2cbe8b87f99b20274cdea51084a3ec01050f9e,,841308726,c3fb69ce9a29d9909aa1e609f26831c508a50d450e2a1345e834d604a1810597,SYNTH-BASE-KIA7809AF-BACK-001,SPEC-A
syn-v2-700-surface_spot-0042,synthetic/v2_700/images/surface_spot/syn-v2-700-surface_spot-0042.jpg,surface_spot,mild,test,test,14,467f102782657626865c103a4256923416d3e97b191f76fa0c3c9df559dba529,,156629481,7c35686a1ab739dc6a7a2671deb31f067d14c1dd68b576fd607ffe5243ca529f,SYNTH-BASE-KIA7809AF-BACK-001,SPEC-A
syn-v2-700-surface_spot-0002,synthetic/v2_700/images/surface_spot/syn-v2-700-surface_spot-0002.jpg,surface_spot,mild,test,test,15,5cd06aa528304fe95dcfed35d9440ddcbb86a6e036d3f8ba7bbeb43c8ffcd32d,,1414846801,a817d024b382146f8e5bc989524536009785433402f38f6bdc66722f3c3ea9d8,SYNTH-BASE-KIA7809AF-BACK-001,SPEC-A
syn-v2-700-surface_spot-0013,synthetic/v2_700/images/surface_spot/syn-v2-700-surface_spot-0013.jpg,surface_spot,mild,test,test,16,5df2b1eef51b5bfe15f79a60ee053a379e3d0b2019d05daefddaae219f84ef05,,160639863,f98817efeaea866f57fe262881c0a861f6bfa58600f3b8d13d000c485cd02402,SYNTH-BASE-KIA7809AF-BACK-001,SPEC-A
syn-v2-700-surface_spot-0012,synthetic/v2_700/images/surface_spot/syn-v2-700-surface_spot-0012.jpg,surface_spot,mild,test,test,17,64cd705fb959531554d8458f8a3843b2d9054b5ec2a7a0c5f45462c75c63a996,,145971194,08e37d93bce4fb396321bf85add07aef730d8253b139ab1db3c06807678d0427,SYNTH-BASE-KIA7809AF-BACK-001,SPEC-A
syn-v2-700-surface_spot-0031,synthetic/v2_700/images/surface_spot/syn-v2-700-surface_spot-0031.jpg,surface_spot,mild,test,test,18,65e81dccacdbc0398362da4d8426cf9f3695b1645253ae1fd9559960b3238bb4,,1219174229,3f672b3205ab7af4d5f989c871c5dfde2cb5a70e61c73f5aebbe683a7b2e087d,SYNTH-BASE-KIA7809AF-BACK-001,SPEC-A
syn-v2-700-surface_spot-0041,synthetic/v2_700/images/surface_spot/syn-v2-700-surface_spot-0041.jpg,surface_spot,mild,test,test,19,6f654e9c84c3aeada338e83304eca6e026f25f6bb99ecd49fdaa580eb3342c9f,,454966641,f4767113b8bf1c354d2c2fb80080f6623ed048a585c0172343b238211ff67b8e,SYNTH-BASE-KIA7809AF-BACK-001,SPEC-A
syn-v2-700-surface_spot-0023,synthetic/v2_700/images/surface_spot/syn-v2-700-surface_spot-0023.jpg,surface_spot,mild,test,test,20,72976906315c1ea45aa9c4ae7ba4e5ae56309c1005bd6c2ca17bfba16df0e023,,547855650,9e9a4741e0b8cf8bb48a6f04fa637ec036f9690c52c9597421086dd0af4f526d,SYNTH-BASE-KIA7809AF-BACK-001,SPEC-A
syn-v2-700-surface_spot-0010,synthetic/v2_700/images/surface_spot/syn-v2-700-surface_spot-0010.jpg,surface_spot,mild,test,test,21,72e64ae5b025749b8e46d37f1d7c217db7e84b08b7b5aa23c6ff605088b5fd28,,1380460726,8e91ba10179dac368297443c60880145d6a5f963df97d807d90a5e7384ebccb8,SYNTH-BASE-KIA7809AF-BACK-001,SPEC-A
syn-v2-700-surface_spot-0036,synthetic/v2_700/images/surface_spot/syn-v2-700-surface_spot-0036.jpg,surface_spot,mild,test,test,22,92988ef8537bda2ee45c81ec804ba0689b16df367640b52c9a1bc168a939b6d2,,1511065178,1d60884057375140eb772ca0fd3727249fbb49113c4aca440a1d3f89367fd36d,SYNTH-BASE-KIA7809AF-BACK-001,SPEC-A
syn-v2-700-surface_spot-0056,synthetic/v2_700/images/surface_spot/syn-v2-700-surface_spot-0056.jpg,surface_spot,mild,test,test,23,95ec1887d9636995f23df026c280aaa3485a58e146273c828ede018dca3172d0,,756558187,2b9a0572515eb622ad0fd36173cc76882b87cd6258e7258f2ccf7af5de0f36ce,SYNTH-BASE-KIA7809AF-BACK-001,SPEC-A
syn-v2-700-surface_spot-0075,synthetic/v2_700/images/surface_spot/syn-v2-700-surface_spot-0075.jpg,surface_spot,mild,test,test,24,991f1d874bd07ca241dd04735298ddacaaacd1aaf929d535b93e8d9f48f4f2f6,,1049695398,63648e804d2dc14ba7c3b3392cde5cfd68f6f5736356c05eda410e30da923bfe,SYNTH-BASE-KIA7809AF-BACK-001,SPEC-A
syn-v2-700-surface_spot-0040,synthetic/v2_700/images/surface_spot/syn-v2-700-surface_spot-0040.jpg,surface_spot,mild,test,test,25,9f9cdef9e281d8c085ec5ad933b2fc28c3be530ae3bc734360b47c32ab03cd35,,192071946,926ce266fee79c557c80850c451988a6bad019c45046ab02264e838bb90b895f,SYNTH-BASE-KIA7809AF-BACK-001,SPEC-A
syn-v2-700-surface_spot-0035,synthetic/v2_700/images/surface_spot/syn-v2-700-surface_spot-0035.jpg,surface_spot,mild,test,test,26,a3738f8226b790698f3e700c2a8edcd008fdd872fb1d64361e83678de8048dc7,,176164895,ce0f844e00a5f60db9dd7458636212f7e4e0685ac867c89810eda7123d762b2f,SYNTH-BASE-KIA7809AF-BACK-001,SPEC-A
syn-v2-700-surface_spot-0093,synthetic/v2_700/images/surface_spot/syn-v2-700-surface_spot-0093.jpg,surface_spot,mild,test,test,27,a6079e7b37bcce1cfead4e4aa8305652a15e8befdcd9d516dd8435e3ba76f077,,12556057,ecca59fdc525bcc94b68dcaea156e8f7eaebb3a3885c711a43b3447267ddb591,SYNTH-BASE-KIA7809AF-BACK-001,SPEC-A
syn-v2-700-surface_spot-0017,synthetic/v2_700/images/surface_spot/syn-v2-700-surface_spot-0017.jpg,surface_spot,mild,test,test,28,ab5a04d0e1ecc6899533c230b4ef7819ad6c085728155fbd177d8d8f883d5061,,813145784,d511fc087d991fe3d20d1d6dfde9118bf3d1a23c96b64dad0b8392d0438b1706,SYNTH-BASE-KIA7809AF-BACK-001,SPEC-A
syn-v2-700-surface_spot-0087,synthetic/v2_700/images/surface_spot/syn-v2-700-surface_spot-0087.jpg,surface_spot,mild,test,test,29,adebb4678aeb8e84e10d35112c300f392dd78578f58d8d573117cce3eca76635,,10703679,da5a16f4228a97347e3f45262c11c9c9ad2bba399d4385d89694dd3b5f756a7f,SYNTH-BASE-KIA7809AF-BACK-001,SPEC-A
syn-v2-700-surface_spot-0073,synthetic/v2_700/images/surface_spot/syn-v2-700-surface_spot-0073.jpg,surface_spot,mild,test,test,30,aefadbdb9ea5e125bcdfc5221cef3174aa9abcd89abf8d3217fba2697486fc57,,1909726328,14d9805383bdb29312770656d566411efb62f1830747161b8c76e335242e2b0c,SYNTH-BASE-KIA7809AF-BACK-001,SPEC-A
syn-v2-700-surface_spot-0074,synthetic/v2_700/images/surface_spot/syn-v2-700-surface_spot-0074.jpg,surface_spot,mild,test,test,31,b1a4ee9ab966bc1071469cff273bd902cee5c2fae02fc462c916efc5e9cc75fe,,2112771931,7d21c770e25853c44f02e19c298fda89e923c8940077c9ca51114962582bba82,SYNTH-BASE-KIA7809AF-BACK-001,SPEC-A
syn-v2-700-surface_spot-0016,synthetic/v2_700/images/surface_spot/syn-v2-700-surface_spot-0016.jpg,surface_spot,mild,test,test,32,b4a5990059c4c538755857c1259fa4e8702e9172e1ffd76c114ebd172364ad92,,2043061897,2e73732415415d008b1457d52a0186266cd7aadf4c13548d4bdfd57f6bcca370,SYNTH-BASE-KIA7809AF-BACK-001,SPEC-A
syn-v2-700-surface_spot-0085,synthetic/v2_700/images/surface_spot/syn-v2-700-surface_spot-0085.jpg,surface_spot,mild,test,test,33,cf92180361a4ab62e160ea60ae1954c73e8553b1290b27b1b8960606f3292f7e,,1913028655,5c743c7b033c8606f20c93ce6fc0e1117b8fa4111371f22e02017d4cd895ef31,SYNTH-BASE-KIA7809AF-BACK-001,SPEC-A
syn-v2-700-surface_spot-0086,synthetic/v2_700/images/surface_spot/syn-v2-700-surface_spot-0086.jpg,surface_spot,mild,test,test,34,d307879065e131b2ab894173fbba71dbb86205d02dea01532d61f14ff813297d,,510292521,8602d729b74a17bd18e8ad5e482eb3f0ebd96bfddc54da4f1d6c722ea5b66885,SYNTH-BASE-KIA7809AF-BACK-001,SPEC-A
syn-v2-700-surface_spot-0007,synthetic/v2_700/images/surface_spot/syn-v2-700-surface_spot-0007.jpg,surface_spot,mild,test,test,35,d3d7d19431f9623fb6816544021d0fa5c5db17106f1f6c091101fa5476286a42,,1654786446,08365cfa8a8f0ba672a852e720eb8f89a9e5a3ca915878b674fb72dc50aad5d9,SYNTH-BASE-KIA7809AF-BACK-001,SPEC-A
syn-v2-700-surface_spot-0026,synthetic/v2_700/images/surface_spot/syn-v2-700-surface_spot-0026.jpg,surface_spot,mild,test,test,36,da2eee12a267b7d69ff5ed6ddecfc8872d225a88443e9925dd774ee89f461ba9,,678885497,6dd7dd004c5d84b12e0f4643b36636aba25afc18364913c4d888343fc6008e0c,SYNTH-BASE-KIA7809AF-BACK-001,SPEC-A
syn-v2-700-surface_spot-0000,synthetic/v2_700/images/surface_spot/syn-v2-700-surface_spot-0000.jpg,surface_spot,mild,test,test,37,ea0f3975136f9511b4494b70bd9f394512ea45ccfd13efee6c2f380d1bdaa02a,,1720264870,6eb34fbe2fb12b8173e95f7e2a5403949583914ac646e02537a318ad6b10acdd,SYNTH-BASE-KIA7809AF-BACK-001,SPEC-A
syn-v2-700-surface_spot-0003,synthetic/v2_700/images/surface_spot/syn-v2-700-surface_spot-0003.jpg,surface_spot,mild,test,test,38,f1c30c7d4079de62318567df1fea8caa1e848b71761e2d8018b08ddd9e0c3b9f,,176103362,1b88e86857ebe41ba724163a319c23b79e80e5eff533cec5c4c1681c5898b9ca,SYNTH-BASE-KIA7809AF-BACK-001,SPEC-A
syn-v2-700-surface_spot-0022,synthetic/v2_700/images/surface_spot/syn-v2-700-surface_spot-0022.jpg,surface_spot,mild,test,test,39,f346a014660c2adf524cd7090e4a5cd9f86ecb1a8ddd143376896dc5330a539e,,142921041,43ddf8fd25b65d83a423c739b29e8e8098e0740979be49031445642635583068,SYNTH-BASE-KIA7809AF-BACK-001,SPEC-A
syn-v2-700-surface_spot-0091,synthetic/v2_700/images/surface_spot/syn-v2-700-surface_spot-0091.jpg,surface_spot,moderate,test,test,11,62a53aeeb8721f02a457266c114160df2af421a44dc665d3b5fe079f1e06b780,,988596128,6fa7c605bf0547f51253d399b9213c30564355eb999ce6142cc921833d40268d,SYNTH-BASE-KIA7809AF-BACK-001,SPEC-A
syn-v2-700-surface_spot-0079,synthetic/v2_700/images/surface_spot/syn-v2-700-surface_spot-0079.jpg,surface_spot,moderate,test,test,12,6b53d7af422bbbd6db959bbd1b864c224924c7c22bc523b17d58dd55ef8ea589,,1908683072,63f5893133db7b1218ee333eadc5f4d77f3eda2b7983a8913b952adfe0f7ce6a,SYNTH-BASE-KIA7809AF-BACK-001,SPEC-A
syn-v2-700-surface_spot-0032,synthetic/v2_700/images/surface_spot/syn-v2-700-surface_spot-0032.jpg,surface_spot,moderate,test,test,13,6d1ac537a3ce314b1e2e66ec5dd7a73fa3d31a9ad04532cfe92807901f296bdb,,1734352290,48d9106029dbb95203efeabcda4ef716e00945d60abaac284623e88db41a0275,SYNTH-BASE-KIA7809AF-BACK-001,SPEC-A
syn-v2-700-surface_spot-0080,synthetic/v2_700/images/surface_spot/syn-v2-700-surface_spot-0080.jpg,surface_spot,moderate,test,test,14,72d21a47d94288c2c49d7136ef4a9b4bca0ff2970708ac6f36e49e17df399afc,,1668443078,0b2bce275a04f174c75bb742a2809ea4eaa6a47d53edbcc1d7f624649173f1cc,SYNTH-BASE-KIA7809AF-BACK-001,SPEC-A
syn-v2-700-surface_spot-0098,synthetic/v2_700/images/surface_spot/syn-v2-700-surface_spot-0098.jpg,surface_spot,moderate,test,test,15,76abcdba634a2cd9ebc031ea13fd0853410b50b3be93cbc33e49890b2f66975c,,1953406018,efbe133bc8e8b2286d8922b991573b8323a50fa1bbeeb7f1681f01f1ba117025,SYNTH-BASE-KIA7809AF-BACK-001,SPEC-A
syn-v2-700-surface_spot-0081,synthetic/v2_700/images/surface_spot/syn-v2-700-surface_spot-0081.jpg,surface_spot,moderate,test,test,16,7d42649205238eb57dd533136e076d6bc29588f18a7a3d3cc1c5d20d2ec647a0,,771558032,96b84b01e8bc49baa2441574f3cd258606b0317bac561129ce39edfb7b9a11c8,SYNTH-BASE-KIA7809AF-BACK-001,SPEC-A
syn-v2-700-surface_spot-0067,synthetic/v2_700/images/surface_spot/syn-v2-700-surface_spot-0067.jpg,surface_spot,moderate,test,test,17,8cb3e53f5f968e157c3d04545cddbae6d906db25275de3c6a30f7dbea00ca30c,,2141538465,fd4b59187d8b5f6c2d11773a403723e650c6fb12882c9ae258e4f29f7e5016d1,SYNTH-BASE-KIA7809AF-BACK-001,SPEC-A
syn-v2-700-surface_spot-0066,synthetic/v2_700/images/surface_spot/syn-v2-700-surface_spot-0066.jpg,surface_spot,moderate,test,test,18,99d50d676059134ab98f70a54b75b45fba8b7cfde4c78f35ed57e8ca1a855770,,274409346,637529723a283d3ec0a202b3f75aa1e42193f2a2dbc9123a40e95c3b7d639aef,SYNTH-BASE-KIA7809AF-BACK-001,SPEC-A
syn-v2-700-surface_spot-0014,synthetic/v2_700/images/surface_spot/syn-v2-700-surface_spot-0014.jpg,surface_spot,moderate,test,test,19,9c09182f860502f1ba4ff39e4c747eb6ad715197ecfcccb5d4ae756d37163504,,799895926,4350de72005bf9623ce3d6a8f54da1678685b0f24948a2dceae9840fbe37efd8,SYNTH-BASE-KIA7809AF-BACK-001,SPEC-A
syn-v2-700-surface_spot-0009,synthetic/v2_700/images/surface_spot/syn-v2-700-surface_spot-0009.jpg,surface_spot,moderate,test,test,20,a304a838def2aedc4dc4b32260d5c2c6bfd16573d8755e326fd98ae4dfdd9bad,,1896585560,3306829f46fd941489fec7ffcee4781421fe8713e1c20290e5c49f402a3c4448,SYNTH-BASE-KIA7809AF-BACK-001,SPEC-A
syn-v2-700-surface_spot-0008,synthetic/v2_700/images/surface_spot/syn-v2-700-surface_spot-0008.jpg,surface_spot,moderate,test,test,21,aa87aa4f4e672874885d145ec465dbf073d50e133a4a9d7e008497b0f2faf373,,1191636975,d752c85e0cff97ca42bd7bbfdc10b0c13b4c9bbe96c8a8fb51197fa69f772c71,SYNTH-BASE-KIA7809AF-BACK-001,SPEC-A
syn-v2-700-surface_spot-0054,synthetic/v2_700/images/surface_spot/syn-v2-700-surface_spot-0054.jpg,surface_spot,moderate,test,test,22,ad1b6948a0da7b6e74b03c59ce40dd3e9e0de924d9db7d8969d761c2b4b3f247,,1880751473,913f75c7168407a9428540d0abb8d04e346ddef4ea71bbae36e7dc3052a3ecc6,SYNTH-BASE-KIA7809AF-BACK-001,SPEC-A
syn-v2-700-surface_spot-0084,synthetic/v2_700/images/surface_spot/syn-v2-700-surface_spot-0084.jpg,surface_spot,moderate,test,test,23,b713625911e29c395acc3244bcf1d7c65fc70061c5d5f6fce6a26597df8da429,,1203318029,5847f5533d58e5180122e6524ec5613d281c6a4a38ed59e45775b57f29897fb4,SYNTH-BASE-KIA7809AF-BACK-001,SPEC-A
syn-v2-700-surface_spot-0028,synthetic/v2_700/images/surface_spot/syn-v2-700-surface_spot-0028.jpg,surface_spot,moderate,test,test,24,bd9608fbc6dd79b920d4c99f28f5e2b925899933adf52c8d5846d09fa618fb34,,1308731288,16329e15ad3ca9ed2e7890fb92ae3dae6f149f161bd9bb23e3093bf9109d282b,SYNTH-BASE-KIA7809AF-BACK-001,SPEC-A
syn-v2-700-surface_spot-0052,synthetic/v2_700/images/surface_spot/syn-v2-700-surface_spot-0052.jpg,surface_spot,moderate,test,test,25,c07be33a95c737e46b82ac3715f27929bef7ae2cbbc1aee8e14264fd8f6ad53e,,1771295320,62be7eccaca98852c042770dd38fbaf2b0f7e18fccd0c9f398f6aa0448a13ea3,SYNTH-BASE-KIA7809AF-BACK-001,SPEC-A
syn-v2-700-surface_spot-0099,synthetic/v2_700/images/surface_spot/syn-v2-700-surface_spot-0099.jpg,surface_spot,moderate,test,test,26,c369398ba10704e772ea4dee3d4fa5820a7a7215ad082d63d818f634238ff5bb,,895542064,d5b4454b65ef30d9d092abb872d4b8889081ab1eef2d63eb475387d5ea03e3e2,SYNTH-BASE-KIA7809AF-BACK-001,SPEC-A
syn-v2-700-surface_spot-0050,synthetic/v2_700/images/surface_spot/syn-v2-700-surface_spot-0050.jpg,surface_spot,moderate,test,test,27,c5b23f46f0047236d1fcfdaa07e4276c24268d3489fdaefcdce26ccf20cd2a55,,1630684115,6596c16d0aeee26eabf9f7ed1f440b2279f80ff686220eaa721c8bc51639af49,SYNTH-BASE-KIA7809AF-BACK-001,SPEC-A
syn-v2-700-surface_spot-0029,synthetic/v2_700/images/surface_spot/syn-v2-700-surface_spot-0029.jpg,surface_spot,moderate,test,test,28,c995f10a11b4ed6cbb863f4f7062cc2439c1c934440ed1dfd3b92085a125bc2a,,146307367,f8b036fd3e76d2525330b9ff25225f9fcd6e66b8a61192603230d7c6d41ebefd,SYNTH-BASE-KIA7809AF-BACK-001,SPEC-A
syn-v2-700-surface_spot-0065,synthetic/v2_700/images/surface_spot/syn-v2-700-surface_spot-0065.jpg,surface_spot,moderate,test,test,29,d0706f9674604b164d57ee59deb1e41624f36098199bff39c0295396a0d7b06d,,83752216,3ccc68b3b0ed7fc7e3922f4598b0a82e479d4ad52ed843ec9e1e606efac683bd,SYNTH-BASE-KIA7809AF-BACK-001,SPEC-A
syn-v2-700-surface_spot-0015,synthetic/v2_700/images/surface_spot/syn-v2-700-surface_spot-0015.jpg,surface_spot,moderate,test,test,30,d800115cdd9db581b2ad9988d68d9a5bdbcc28b9293c1c00a5993fb026975e22,,402710520,17bbbb26c6ba7fa382c895669ee8ca3f1672bb115c4cdf583f977acaf298deeb,SYNTH-BASE-KIA7809AF-BACK-001,SPEC-A
syn-v2-700-surface_spot-0006,synthetic/v2_700/images/surface_spot/syn-v2-700-surface_spot-0006.jpg,surface_spot,moderate,test,test,31,d8b099d6d238f8e180872b0c23315d390b8f6762ac4d2d6ae6c1d1d086142424,,1578903564,5d944dcc0b9c8be09ad7f472ba8417090e3d5e4066d5f742bba88cd9fb485f4e,SYNTH-BASE-KIA7809AF-BACK-001,SPEC-A
syn-v2-700-surface_spot-0069,synthetic/v2_700/images/surface_spot/syn-v2-700-surface_spot-0069.jpg,surface_spot,moderate,test,test,32,de68e1b8c2a7f0508de89a5f3114933800263e5cbbd0e65c1dccc98a2683c966,,1210487257,64506352de8370e7b0a95cb8172125980d1a585f9996cb529c68c0d86f3d0aee,SYNTH-BASE-KIA7809AF-BACK-001,SPEC-A
syn-v2-700-surface_spot-0078,synthetic/v2_700/images/surface_spot/syn-v2-700-surface_spot-0078.jpg,surface_spot,moderate,test,test,33,e02ebded40e2cadfd239b685d922f6e143461ec43c06efda3d3dbfc8027223e2,,2068310245,4931c767a1882267da6dae8e0ece07770218a57a27d521e2f11fa1ef5cde0891,SYNTH-BASE-KIA7809AF-BACK-001,SPEC-A
syn-v2-700-surface_spot-0068,synthetic/v2_700/images/surface_spot/syn-v2-700-surface_spot-0068.jpg,surface_spot,moderate,test,test,34,e39d86af2147217c4ba905c2aa6c5c0a5b04a810653714cd1de78376425b16ce,,2107217695,a1bcaf416913e3fb74963677373071cca8976c345026c11d31db41f5a4c71faa,SYNTH-BASE-KIA7809AF-BACK-001,SPEC-A
syn-v2-700-surface_spot-0057,synthetic/v2_700/images/surface_spot/syn-v2-700-surface_spot-0057.jpg,surface_spot,moderate,test,test,35,e84b4043892004711e28eb2bc653bd7c77e5a4c05716931defdba804b293518f,,1884386901,3e3180c756cf7d1ac0af0d2f0ed05e44194242de3f51100b594ef9994a2589ac,SYNTH-BASE-KIA7809AF-BACK-001,SPEC-A
syn-v2-700-surface_spot-0058,synthetic/v2_700/images/surface_spot/syn-v2-700-surface_spot-0058.jpg,surface_spot,moderate,test,test,36,eb4e8bda47c8b884f6b322d694a5ca6ad7149218b48e8bb9a7fbace429d9fcd9,,1953037947,44b32eeb3c195628f13f1c108129ad95be40fc7aaef4e515f766d715fb2720c2,SYNTH-BASE-KIA7809AF-BACK-001,SPEC-A
syn-v2-700-surface_spot-0030,synthetic/v2_700/images/surface_spot/syn-v2-700-surface_spot-0030.jpg,surface_spot,moderate,test,test,37,ed286bb0bcbdf1416d58973b903b1729ca36307f625272ad98c2ff2150b221f8,,1284106119,11401ae1e9bc430bf0d773bfb47311ff55862978250b2144ac7773c59c50b271,SYNTH-BASE-KIA7809AF-BACK-001,SPEC-A
syn-v2-700-surface_spot-0019,synthetic/v2_700/images/surface_spot/syn-v2-700-surface_spot-0019.jpg,surface_spot,moderate,test,test,38,ed8277c9550c1dfdf510b49532a7c05948f9ef4808001bc5f4427f28ba6f8bf3,,906673564,e9789aa2f51965c0ba223eb5d5cd526dc67553048a26f4d21b2b2704ff1de9af,SYNTH-BASE-KIA7809AF-BACK-001,SPEC-A
syn-v2-700-surface_spot-0063,synthetic/v2_700/images/surface_spot/syn-v2-700-surface_spot-0063.jpg,surface_spot,moderate,test,test,39,fa9e58a5bcedc6c6cf3751c9bfcc99c5e7aa710f91d327492c7a86dc65c148c5,,1076364319,cba008401e21970306298a76437bafa8a9bd617f1fe82f0f2e5ddc50f334b334,SYNTH-BASE-KIA7809AF-BACK-001,SPEC-A
syn-v2-700-surface_spot-0072,synthetic/v2_700/images/surface_spot/syn-v2-700-surface_spot-0072.jpg,surface_spot,severe,test,test,6,2f0a7dddacdddf57f150089729a5e992634843a1c1f57971467507feab0179b9,,2065381757,1fcad54fa843a13228a4072e2b8b2ba7110f05bab518dcf80f4f45a470fcf64f,SYNTH-BASE-KIA7809AF-BACK-001,SPEC-A
syn-v2-700-surface_spot-0020,synthetic/v2_700/images/surface_spot/syn-v2-700-surface_spot-0020.jpg,surface_spot,severe,test,test,7,40c5f8a62fa327758408d11e4bad9424eddb95af9e2c67971e3bb9f1f0d883b7,,1925405689,c4bb07b2f1841edc036273752a3d5bb0dd6993ea3e4af85afa0960909dc477e3,SYNTH-BASE-KIA7809AF-BACK-001,SPEC-A
syn-v2-700-surface_spot-0038,synthetic/v2_700/images/surface_spot/syn-v2-700-surface_spot-0038.jpg,surface_spot,severe,test,test,8,53b79d8b2ff9bf7d41186e804588cbdb84267f30939b2b577eb6e45f9471efaf,,642672977,1ee5db1ec61b40703e838a49ec4800471ba7b5dd54ba4a2810c411a63c33c8c5,SYNTH-BASE-KIA7809AF-BACK-001,SPEC-A
syn-v2-700-surface_spot-0044,synthetic/v2_700/images/surface_spot/syn-v2-700-surface_spot-0044.jpg,surface_spot,severe,test,test,9,57269866f2f96496e14f0870303f91a4503741817a4585ed9df9e5d125af6748,,1652397688,3ddfe4d30201221cab7687211b50a2c38540896fcdc712a2f3ff9917bedc0c76,SYNTH-BASE-KIA7809AF-BACK-001,SPEC-A
syn-v2-700-surface_spot-0062,synthetic/v2_700/images/surface_spot/syn-v2-700-surface_spot-0062.jpg,surface_spot,severe,test,test,10,6323d68bcb2018e366178f78ca8086b4cb16903d22e0aeeb693be5f6899a8a5a,,249370888,8debdfb82e999cac7ff03b47c3823787ef4a92c777d3b463c2237fb4e0c7999a,SYNTH-BASE-KIA7809AF-BACK-001,SPEC-A
syn-v2-700-surface_spot-0094,synthetic/v2_700/images/surface_spot/syn-v2-700-surface_spot-0094.jpg,surface_spot,severe,test,test,11,69fb3c2f6375169f9789ce5f923e1c78dc84e3413f92b3bad36126a66d077ea4,,1529544171,15ab903c9da2b90edb6a84b269fe4169d3bcbe1573c09f94ebbeadde2d97da34,SYNTH-BASE-KIA7809AF-BACK-001,SPEC-A
syn-v2-700-surface_spot-0055,synthetic/v2_700/images/surface_spot/syn-v2-700-surface_spot-0055.jpg,surface_spot,severe,test,test,12,6f718b4ca56d511088f0f4bd088bc962a402b941e44cc3f529166bda114aeb31,,1723401255,2378cc8efc884540fcfa853732ead6f742ab203a6370c6c2bdb6e8274cc56f54,SYNTH-BASE-KIA7809AF-BACK-001,SPEC-A
syn-v2-700-surface_spot-0089,synthetic/v2_700/images/surface_spot/syn-v2-700-surface_spot-0089.jpg,surface_spot,severe,test,test,13,755070a5ea0a4f070418d7d1be4a5345e17a96c4540c92566ab4719090f083c9,,1238469028,0bf22b378fc3553272d8956c9eb596786a396f57d15bed183e094fb044b64cdf,SYNTH-BASE-KIA7809AF-BACK-001,SPEC-A
syn-v2-700-surface_spot-0043,synthetic/v2_700/images/surface_spot/syn-v2-700-surface_spot-0043.jpg,surface_spot,severe,test,test,14,7fafd4c911b1b9fcc582f76d9e71f09fecbddb0e8ea6bdbf916e9489f2ca3831,,368377493,088d2ea59c12e5d0183da0b465ca24d6bd287233fad825cdde1dfd6005225c65,SYNTH-BASE-KIA7809AF-BACK-001,SPEC-A
syn-v2-700-surface_spot-0005,synthetic/v2_700/images/surface_spot/syn-v2-700-surface_spot-0005.jpg,surface_spot,severe,test,test,15,87bdf3d920402e2c87eabc7fd89b5a086ca9663db7addab1b65043f819a6c34f,,63072036,378596f5c4a1e1d07af19170422ca0177959bda9c2b90e0127bb14a01dcdf62e,SYNTH-BASE-KIA7809AF-BACK-001,SPEC-A
syn-v2-700-surface_spot-0045,synthetic/v2_700/images/surface_spot/syn-v2-700-surface_spot-0045.jpg,surface_spot,severe,test,test,16,ac58fb76836e1e267d94e5a26a929e58feb84df7006aed84950cd7c19547723f,,689530911,8931da7b8ed028a4067f16f38308a4ebb61a215ca463711389e34100c2350e07,SYNTH-BASE-KIA7809AF-BACK-001,SPEC-A
syn-v2-700-surface_spot-0083,synthetic/v2_700/images/surface_spot/syn-v2-700-surface_spot-0083.jpg,surface_spot,severe,test,test,17,ba4bc9921023f071235c93b7e8e28197eca5170aeeebe04500d2825408697f73,,1717180581,992097058a04ca7f63d03301d749cf8e6722151f9ed9bf6f8098fb533096a377,SYNTH-BASE-KIA7809AF-BACK-001,SPEC-A
syn-v2-700-surface_spot-0059,synthetic/v2_700/images/surface_spot/syn-v2-700-surface_spot-0059.jpg,surface_spot,severe,test,test,18,d6844b1d5e83cde111efcca9bb687af0e555aa6b5eaea2b4a1e45078de680c7c,,353021953,64e86e301b927964c60181abc1f8de7b1f66ace2a535d71569da014765213182,SYNTH-BASE-KIA7809AF-BACK-001,SPEC-A
syn-v2-700-surface_spot-0039,synthetic/v2_700/images/surface_spot/syn-v2-700-surface_spot-0039.jpg,surface_spot,severe,test,test,19,ed7d7ef88a18d78f7690ad95e035fac75f9d4a5cae0bedfd65a5e0d70e2b99a6,,342170803,76124167f6ead26576f20ae739f5d73bb900c62d11649560a3723a865b94fc43,SYNTH-BASE-KIA7809AF-BACK-001,SPEC-A
syn-v2-700-body_chip-0073,synthetic/v2_700/images/body_chip/syn-v2-700-body_chip-0073.jpg,body_chip,mild,train,validation,0,04422cc32bf0576e633fd8a19c52f331c9d32fa87deda0b8f7d6c0d02e5879dd,01f82b9785d93443b1287f6164fc3a632a0fd9633b783b3e13f9d99b1586fd0f,589013826,018d6ca27b7db6df0a5b0a422f9f1d8a919ab84cf8fddf1e449d5c727a2cba2e,SYNTH-BASE-KIA7809AF-BACK-001,SPEC-A
syn-v2-700-body_chip-0099,synthetic/v2_700/images/body_chip/syn-v2-700-body_chip-0099.jpg,body_chip,mild,train,gradient_train,1,070933974824acd7f69414796bfc9c1baa865e722de148bbb2087c1d0f24ebea,edfb5751efb8a00a2b497c89cbce2684c899136bb3818826d6cacfcb70afd38a,329274271,4b97c90d04e341cdab31db1e249c676e091fa15f25fdff6d61206d14367cde37,SYNTH-BASE-KIA7809AF-BACK-001,SPEC-A
syn-v2-700-body_chip-0046,synthetic/v2_700/images/body_chip/syn-v2-700-body_chip-0046.jpg,body_chip,mild,train,gradient_train,2,0d310bae43b6d17ad2dde50901f4012e2ec58ba8d2b8256de9274d3c5f98c87e,8fd380d30de48b9efd9118fd740536a2d77b95996f90f1b5361d4530ac973886,44677638,54edb8d301bcb1013a6043a320fec9e2da14ebedbd620fc6930a5322461d80c4,SYNTH-BASE-KIA7809AF-BACK-001,SPEC-A
syn-v2-700-body_chip-0033,synthetic/v2_700/images/body_chip/syn-v2-700-body_chip-0033.jpg,body_chip,mild,train,gradient_train,3,0d90560a5d05094f239d33f9b9611b741977af210f6f7b0b7d4fea0fe878e047,cc3b9b4e4dc868baa3cc4e578ceffb27ef27ec54babe4abded3967912cbbc982,875197462,192a34c10baf7877131ace1fc0e38ba5b51da09675b0dee73cbd6516c4ffb013,SYNTH-BASE-KIA7809AF-BACK-001,SPEC-A
syn-v2-700-body_chip-0051,synthetic/v2_700/images/body_chip/syn-v2-700-body_chip-0051.jpg,body_chip,mild,train,gradient_train,4,2816feab9127028f3271961035944d1452ad8a2ffbae485d3c8fc2324923430a,dde34d366b948e7588648e0f67d7d72f95ec09ae13fe5d5b67ea82df8899681f,496244924,50b9fe4cb89e195b9a648c291434fea022ac5fcf69679a1888f50d351b64b946,SYNTH-BASE-KIA7809AF-BACK-001,SPEC-A
syn-v2-700-body_chip-0011,synthetic/v2_700/images/body_chip/syn-v2-700-body_chip-0011.jpg,body_chip,mild,train,gradient_train,5,33af94ba2580f1b9bef329f39401fe8c963c3d04566077748b522d6c938d21cb,0b6952d8d54fbbf0f808d64c36c65fe31b5ae245ee397a144f911a08696f34f1,1548635754,faaabfda5e6d9c1a638d9979755f5ab56628cafa0c70a9f0f74f8acc94e0cc09,SYNTH-BASE-KIA7809AF-BACK-001,SPEC-A
syn-v2-700-body_chip-0074,synthetic/v2_700/images/body_chip/syn-v2-700-body_chip-0074.jpg,body_chip,mild,train,gradient_train,6,3749105a5a6bb20bbf14ef0100c0f958ef349808bbbb8b3f0d63ce5b9c9db1c5,769e2b4374a1d324f6074341150b649734b6077865acc56176108318716fe5e4,6566492,c0718a53d82c4432dd19a2ab33a0a06e0ff60a2515275c5b6d3ee5a92b8c9d3d,SYNTH-BASE-KIA7809AF-BACK-001,SPEC-A
syn-v2-700-body_chip-0025,synthetic/v2_700/images/body_chip/syn-v2-700-body_chip-0025.jpg,body_chip,mild,train,gradient_train,7,399f9c105b2f94fdb6a310ec050eaeb57ddc1d4cc4c00aacd0308d2c4cfbe26e,b9a182083dd9c1d43f2258ababcce9a4b4cc8ad435798385f0dbfac0ee14686e,1410162740,fe736afd2dd726480f6796dea5e1456ca093639205a09af1e28e3fdd1661191d,SYNTH-BASE-KIA7809AF-BACK-001,SPEC-A
syn-v2-700-body_chip-0018,synthetic/v2_700/images/body_chip/syn-v2-700-body_chip-0018.jpg,body_chip,mild,train,gradient_train,8,461304e39cb56bed188686fabe6463633f862617b341ebe334587eb4ed67fbd3,c93a153d7140ea37637bcea9d3c24bacbfeba3fc9e5d559378e28010597dad82,509614236,603f7211f83c7526106716987dc8f95b9336d09b6f7fd1631b4697996bf9434f,SYNTH-BASE-KIA7809AF-BACK-001,SPEC-A
syn-v2-700-body_chip-0026,synthetic/v2_700/images/body_chip/syn-v2-700-body_chip-0026.jpg,body_chip,mild,train,gradient_train,9,49fc5fc4822f977ccf9682ce83dea65f87b9040b93101ee6d130a24a53443c5e,24bb6a48a849b2820954ee3861e7179a9ffbe6821e394deb10ab79e9b700e8a0,900291653,94d6c55fc7bd3c228b2819bcb0f6a32759c5f1c99b9bb0e76069f39a43e79429,SYNTH-BASE-KIA7809AF-BACK-001,SPEC-A
syn-v2-700-body_chip-0035,synthetic/v2_700/images/body_chip/syn-v2-700-body_chip-0035.jpg,body_chip,mild,train,gradient_train,10,4cc22ed8d88a9663c9cf7923a8136589f928cb163f26cec3c43d7ef89e72b206,d99d95d45e7ae4577a4f0edc0a913db60a34b112a5401db2e2237c0417072a99,1926122734,8d1382b045cde16a8f3a846749caf425d8e3ed0662a77c6a89f7ed92b3c9c296,SYNTH-BASE-KIA7809AF-BACK-001,SPEC-A
syn-v2-700-body_chip-0088,synthetic/v2_700/images/body_chip/syn-v2-700-body_chip-0088.jpg,body_chip,moderate,train,gradient_train,0,0d42ac99b26f412fb9528ab17c712cd334abdc5fd0ddef9e74a174f9ecc87f4f,664dd8d221eed40fc03dc5f7b60396d55fa6df5b3badd14ebbf1d3eb13e1607e,313501911,214af9bd4ec378ff15bb1e7cf9ede90ced8763a84c899fd0ecaf72d4724776fb,SYNTH-BASE-KIA7809AF-BACK-001,SPEC-A
syn-v2-700-body_chip-0053,synthetic/v2_700/images/body_chip/syn-v2-700-body_chip-0053.jpg,body_chip,moderate,train,validation,1,115c31ce1a5c73e098caa54478c65fbfbd3c97a92de0a1f8c6356f94fae3d156,3ba0df0be09506496c49bff1e52f3abcc24cc405237913a9fb34b83f9e0fea2b,847218966,b5684d0914154b64959e8102cea889ea3bbb272947504d226480a544254fb2ec,SYNTH-BASE-KIA7809AF-BACK-001,SPEC-A
syn-v2-700-body_chip-0062,synthetic/v2_700/images/body_chip/syn-v2-700-body_chip-0062.jpg,body_chip,moderate,train,gradient_train,2,180b17497302de7e88866b7b589537a93a851c24094dc5b32de8d5f3694c9997,6feac8318dfbe4d0bdc2a3be8cdd1bc0e483e7e6ee5d7c7c1d9b02d77e664ef1,148550826,ceb54bcc6dac102da5e0b6c54164168594e6af6098c2197a1f3ecc1dec9fdbe6,SYNTH-BASE-KIA7809AF-BACK-001,SPEC-A
syn-v2-700-body_chip-0050,synthetic/v2_700/images/body_chip/syn-v2-700-body_chip-0050.jpg,body_chip,moderate,train,gradient_train,3,1c7f9802e712dee3b10636288e366c33f20545d2bded6bb09b17fe690c92edf6,459bfc58e2cd7288bb889ce33bc0fe472e98ef32f91412660b1f57e720df4336,1554988029,e6de3c194f1d478011172c1cb3f5c50e50c67b6fad8093d58da410b6600c1a91,SYNTH-BASE-KIA7809AF-BACK-001,SPEC-A
syn-v2-700-body_chip-0019,synthetic/v2_700/images/body_chip/syn-v2-700-body_chip-0019.jpg,body_chip,moderate,train,gradient_train,4,21620a0d8491645f7dfe6bb866792d44daf7ded4066c959a745ffdfc5f148c1d,8928642a8d6be2d657a35966908740e5a077dc5d3d39918fbd106f3b1cf50d77,1283633294,bde3223d5584d65a3bb8f50e242b8c028583e315b3307bf957da1f45bf681197,SYNTH-BASE-KIA7809AF-BACK-001,SPEC-A
syn-v2-700-body_chip-0058,synthetic/v2_700/images/body_chip/syn-v2-700-body_chip-0058.jpg,body_chip,moderate,train,gradient_train,5,245ceae6f77b032872468454b9676a9acde59e22382ad907060e45cffaa74c77,916e425052d398089f20b217ed5574cca65f0219df879568dbbb39153e88f878,2016082982,107f583d14f20982c276cb9bf0f1595c9d114427327bc0875bef1f32d7fe14c3,SYNTH-BASE-KIA7809AF-BACK-001,SPEC-A
syn-v2-700-body_chip-0005,synthetic/v2_700/images/body_chip/syn-v2-700-body_chip-0005.jpg,body_chip,moderate,train,gradient_train,6,2a03c7b1ae5b60c5917d2ab21edbd38ff95a28b8596f2696e0db9f56b9c801e4,b26ccb8e3c893b8ab8e2c827463c13ce5959bcbee4f78436d754730ad25c1f03,905499976,f4090f4d493f16b0450c057f2cef57ea164ca3357eb591db36c7d8b9b93e0195,SYNTH-BASE-KIA7809AF-BACK-001,SPEC-A
syn-v2-700-body_chip-0004,synthetic/v2_700/images/body_chip/syn-v2-700-body_chip-0004.jpg,body_chip,moderate,train,gradient_train,7,2b650f133a4d3517bfcd2e7dcb17a9862c646ed3894b52a83c85567686e8c9ec,8335187091ba4080410591fbe85bc1cd6ab195fe303ecf60665d9eb1d215d774,1804234232,1cdd214c0edb7d793e15e74ad037976eecc83be682102f72b3e3b1dcbf99319d,SYNTH-BASE-KIA7809AF-BACK-001,SPEC-A
syn-v2-700-body_chip-0094,synthetic/v2_700/images/body_chip/syn-v2-700-body_chip-0094.jpg,body_chip,moderate,train,validation,8,30fcd3876011689e3dfa0610d91190cbec2342ee2057ecd5f7bf3717f61a935c,2afe78c52a35f89b2836b81fc628911500f6ac3d58b04fa04699baa1d5d20c5b,1634839537,d3bad399775132142aab5ffc20d4bf1fc9f2365fbf852fdfb34348244d9fec9c,SYNTH-BASE-KIA7809AF-BACK-001,SPEC-A
syn-v2-700-body_chip-0055,synthetic/v2_700/images/body_chip/syn-v2-700-body_chip-0055.jpg,body_chip,moderate,train,gradient_train,9,316ce01c0129b64508abc665feb5780b26443e0640736e964c707a3322921fb0,89e3178bf829c660fbac99e5d6d35f893581b07ff57eb0997e118c9108affaab,1747385008,e2904af336d589e2714ad088460f29dde38f192a6a0e716c08c24829da2436d9,SYNTH-BASE-KIA7809AF-BACK-001,SPEC-A
syn-v2-700-body_chip-0063,synthetic/v2_700/images/body_chip/syn-v2-700-body_chip-0063.jpg,body_chip,moderate,train,gradient_train,10,32faa107cd48212e52533f665b72f65775815f3e2c741e4812d0d27639ec8e74,3fbc8ff5eb0625bc89f124a0cb3df233a9c0cd09146629a75453e8b553cbd8e4,729147466,206f68cd37857681acc9e71b081f2fcd68619ac92cab7297dcb823451b6db8d4,SYNTH-BASE-KIA7809AF-BACK-001,SPEC-A
syn-v2-700-body_chip-0075,synthetic/v2_700/images/body_chip/syn-v2-700-body_chip-0075.jpg,body_chip,severe,train,validation,0,09bf8bcbf5f4789fcf7f13d4c142923f00d6391bed9dfefc3177381d3b54c14b,05f956988e8fc76744ce239843478bbdff978ef868ed39ddf6d48ad7ac4ed4e1,1306023178,4c5947f6ad3007ce03ab5d5f4761dd001ad23f51ff10a912f97e106320dd434d,SYNTH-BASE-KIA7809AF-BACK-001,SPEC-A
syn-v2-700-body_chip-0079,synthetic/v2_700/images/body_chip/syn-v2-700-body_chip-0079.jpg,body_chip,severe,train,gradient_train,1,0d89a396f0eff8f7fc3bdedcf2dc9238f6f071b51879a61f149c17fbbb4834c8,936c8c0cbf0f0d3341304d601d2f7ad1be61e090d4b8445d394c5460ea446a57,713008928,29fac7d02297e35f6a7d6686626a3b122692a8c519b4f590a29a8fbcfb5f2676,SYNTH-BASE-KIA7809AF-BACK-001,SPEC-A
syn-v2-700-body_chip-0060,synthetic/v2_700/images/body_chip/syn-v2-700-body_chip-0060.jpg,body_chip,severe,train,gradient_train,2,1cf7d20d2c330f3b3c698921f21b933f98741be00da12954d240c5b76373c8a5,c4f6fd6655e8a38bacd17b7e6a660c4ca4edc2e23918b8cf5975ff5a4d31324d,2002590686,0a3b910cb8a22fa0048743427647584d9caf9c7d865975a0f6e8fc91739b369c,SYNTH-BASE-KIA7809AF-BACK-001,SPEC-A
syn-v2-700-body_chip-0039,synthetic/v2_700/images/body_chip/syn-v2-700-body_chip-0039.jpg,body_chip,severe,train,gradient_train,3,2d0e0a6f0a002491f232e2e8eadf55e30beb7ae09714346005de82cf1d893e13,f7f6c9d37554f9a77969e977d9765ba881916697f40e56e4f192f28416483905,1856427749,f39cc8bf2965bcb67410c3beaa33d1d7df3d6e6ed4c1e7fbfa78ccba6a7f11be,SYNTH-BASE-KIA7809AF-BACK-001,SPEC-A
syn-v2-700-body_chip-0006,synthetic/v2_700/images/body_chip/syn-v2-700-body_chip-0006.jpg,body_chip,severe,train,gradient_train,4,2e5eab68b87835f4eb55f9e2e5bf7d932021c5598b61f34047ff0c58b5e84289,287e62787d00463280a85471fee3d3ac93f5bf54ddb8558a5251ca71de9d717c,1132238902,3df11b9d5207874f22b23666527836c1c30b5c55ac145599fafc4c4d99b3467d,SYNTH-BASE-KIA7809AF-BACK-001,SPEC-A
syn-v2-700-body_chip-0086,synthetic/v2_700/images/body_chip/syn-v2-700-body_chip-0086.jpg,body_chip,severe,train,gradient_train,5,4eb3776d07eb883aacc8d78957f5de90322e808b58664d47b617c3e816922b16,e0d4230112a9ba5425eb809679fa106fe75869f1734e1d272d5d9677182a7b26,1020575476,2a02c1a9294946fa1da701d938194d4719c7bbc1670a33071b932ce139943674,SYNTH-BASE-KIA7809AF-BACK-001,SPEC-A
syn-v2-700-body_crack-0052,synthetic/v2_700/images/body_crack/syn-v2-700-body_crack-0052.jpg,body_crack,mild,train,gradient_train,0,01f8a333bfac0c7829501788f02ca9c8e046d7caa12a730ba51effc0c875412f,f8fa3bc7971f4ecad26eb99be4a76469635eb4a6ef0efac0d3f76a12faf3d82d,373668494,296591b871d7c8f9d05e36d7a575f486b31adc513a402f88743120ca7f46e85d,SYNTH-BASE-KIA7809AF-BACK-001,SPEC-A
syn-v2-700-body_crack-0039,synthetic/v2_700/images/body_crack/syn-v2-700-body_crack-0039.jpg,body_crack,mild,train,validation,1,0e5d68726ac12df841e0914ab31a337d0a0599d57b017f618f4b4eb1f67d9a7f,2a730552ae97d6bc998239cf0a69701356bf2a6752d696fd29a749b6f21b63be,118566526,f63f545c45fdcca7c2636c866765e3527129a2ca82b08fc29a74d5e2288e5451,SYNTH-BASE-KIA7809AF-BACK-001,SPEC-A
syn-v2-700-body_crack-0089,synthetic/v2_700/images/body_crack/syn-v2-700-body_crack-0089.jpg,body_crack,mild,train,gradient_train,2,0ee04a847c6561d7b99090a2b27e6b988864f63b6d8655616110233e5e3ca028,5af1d509dc517e2481486d49c6566b430819cb3dce270ad4dd209788db1b6965,63637025,dd89e26ebd0f34ccbb088e57bc970c1aca44bcf4e6c0e99369eceb4c28e7ef98,SYNTH-BASE-KIA7809AF-BACK-001,SPEC-A
syn-v2-700-body_crack-0003,synthetic/v2_700/images/body_crack/syn-v2-700-body_crack-0003.jpg,body_crack,mild,train,gradient_train,3,12e905cc08ef5921a6e000adc10239f88f0f00c3ff4180147a8a6a003c9caa49,2b076c5a2d51f98524b835042e937403a25d0195fa3ebb891684e84499445894,1842500005,8424709025ddc93fd8eaadef4cfc4eeca049a142a67ddec7237152d5764ab7cd,SYNTH-BASE-KIA7809AF-BACK-001,SPEC-A
syn-v2-700-body_crack-0081,synthetic/v2_700/images/body_crack/syn-v2-700-body_crack-0081.jpg,body_crack,mild,train,gradient_train,4,1516e093a523c681d2e8c69ec5fa5bf127680c1dd8c8d35661867318338465ff,cfd85d065aca8272441514b938dd888251dbd1fb8686771981c94f724c632435,517191245,3eb796c8d6a082d0d38216cbfd432add326366d0c84b509fa1d789ed80bf6750,SYNTH-BASE-KIA7809AF-BACK-001,SPEC-A
syn-v2-700-body_crack-0027,synthetic/v2_700/images/body_crack/syn-v2-700-body_crack-0027.jpg,body_crack,mild,train,gradient_train,5,16379990cb0b3b6a5a453e8549c75274b30738c699a1405e3c667489b14f6512,ae74836708655f5d066dc8c50f0badf251b6b9cda3ab6cbe9f794bc9d3df3832,1801141754,167a2b407f49b15fd23f874bca954e59d35af5c0edb965cd8486d1443e83d301,SYNTH-BASE-KIA7809AF-BACK-001,SPEC-A
syn-v2-700-body_crack-0054,synthetic/v2_700/images/body_crack/syn-v2-700-body_crack-0054.jpg,body_crack,mild,train,gradient_train,6,2784a470697533056ec0d2c946cd4946c15a60e03245a2fc37296e482c0004f1,de1abc4d2e40ac0670bfca13fa897b8d97544b76638c62a2aa86497271cd96a7,419812247,67cc00f42e7eb0561602fca8be3cc126bff658a41dbda2871ce8f7c11c20d7db,SYNTH-BASE-KIA7809AF-BACK-001,SPEC-A
syn-v2-700-body_crack-0099,synthetic/v2_700/images/body_crack/syn-v2-700-body_crack-0099.jpg,body_crack,mild,train,gradient_train,7,2d257321b52b1931304e53cb48589313c45e3b99dcdb25f11105ba59e4701f66,9a7b5d267c125923b0da5e7b95a2ed6bf9eef27c4c8055133990ce8b25dc59b9,1742645716,168d348166304ee032c6d925cfce42156f504c61cf3769935eec35e860d6295f,SYNTH-BASE-KIA7809AF-BACK-001,SPEC-A
syn-v2-700-body_crack-0047,synthetic/v2_700/images/body_crack/syn-v2-700-body_crack-0047.jpg,body_crack,mild,train,gradient_train,8,32698ca5a449fb6ec77258543ad22f5ad3d87a3e67f6b82533c2f55c8fe272e6,620d720f8bb6952cf82819a39a6da91413af3884c9d72c1218f8d14e542c0458,2116941221,8703375b47c2f1fae098b922965e40a80b5fd68910b9b891eb12d15131da67df,SYNTH-BASE-KIA7809AF-BACK-001,SPEC-A
syn-v2-700-body_crack-0030,synthetic/v2_700/images/body_crack/syn-v2-700-body_crack-0030.jpg,body_crack,mild,train,validation,9,354df37d0e3bbfda35931657c6fc139714135bb107a094b73349fb17590a6ba1,292e25a1403a2e4988cd2129166fc8e03ac054f0bf17bfc358a70f0076bc7994,1210597891,2b4da16faa1bd871533058f84b301bbfa0c839066f6b77de8ad5000aa7617935,SYNTH-BASE-KIA7809AF-BACK-001,SPEC-A
syn-v2-700-body_crack-0066,synthetic/v2_700/images/body_crack/syn-v2-700-body_crack-0066.jpg,body_crack,mild,train,gradient_train,10,3801398641777f1722b3981e824624738123513d011e5c3aa05f3bc5584bc009,c8765c4d686f1b1e2af988dbf8daeff57f7df5e09e42b33cdaea7657d9a25056,32628200,23d8191e8134bde35dc8cabc9ab40e2918b4ab8d1d359e314caa41115865916c,SYNTH-BASE-KIA7809AF-BACK-001,SPEC-A
syn-v2-700-body_crack-0031,synthetic/v2_700/images/body_crack/syn-v2-700-body_crack-0031.jpg,body_crack,moderate,train,gradient_train,0,00fcb13c8ca5f6ec0827dcc9cddd41299279167bbb4981b286a061976900eb10,f365eacb0ed2a089119c2f6ca607138ee4dc71e2e46abc316dd489fe9cf0f440,1448104648,cd2b4272a66416759a3cd253fba91b15206cd8fc48b70c18bfc61c9e8ff57f5c,SYNTH-BASE-KIA7809AF-BACK-001,SPEC-A
syn-v2-700-body_crack-0034,synthetic/v2_700/images/body_crack/syn-v2-700-body_crack-0034.jpg,body_crack,moderate,train,gradient_train,1,0a17b106903cda7c4e1d938b729b85c56adbd3131c44039fc4b373789e762244,5960757aaebc2d93c5aeaee1681908f9f5ff19df62d8661d9dbd9d2b4b3b04a8,1655570047,959eb709667c078a74f65fff798724984cab931ea70693b74fe8baba2da1dcd2,SYNTH-BASE-KIA7809AF-BACK-001,SPEC-A
syn-v2-700-body_crack-0077,synthetic/v2_700/images/body_crack/syn-v2-700-body_crack-0077.jpg,body_crack,moderate,train,validation,2,11325a717e25128f5932175fc7154fac97d77b7fb54cda22cfde13dffb5be7cf,186dc804a55d1bd246eef7acde0dc83fcec1650612bf6d9a0dc73620a6f4914c,1511065753,aca1575d3f57f78fe3824eb4239c3dbb1f99da822b27356375c7fc6ecb36a069,SYNTH-BASE-KIA7809AF-BACK-001,SPEC-A
syn-v2-700-body_crack-0051,synthetic/v2_700/images/body_crack/syn-v2-700-body_crack-0051.jpg,body_crack,moderate,train,gradient_train,3,20e959168b4de846a23a630b31464d6e092830da72ae6f0912ddd20af20a8af4,24d5b0990c039da39f4b190c19be5d5f4634200b22eedc97e2d4258da6c41afd,632755117,0d5201999f8e0d0e21f9829a61277c72524d899c28aae7c0563dda26fc8d1d64,SYNTH-BASE-KIA7809AF-BACK-001,SPEC-A
syn-v2-700-body_crack-0097,synthetic/v2_700/images/body_crack/syn-v2-700-body_crack-0097.jpg,body_crack,moderate,train,gradient_train,4,219b71ea226c8fc02644ae8d4e67b4f02e9e42ac3660dafa0453420f09817bab,91ae2e1d32542aac775d1d2b3412a0aad4f18c1b0ec1ceee8860f0493ab39a11,1232721017,1456d48cd9daeb71b4922cb7807e29bd8eed3cf405fc81573bb9aa1249859e96,SYNTH-BASE-KIA7809AF-BACK-001,SPEC-A
syn-v2-700-body_crack-0037,synthetic/v2_700/images/body_crack/syn-v2-700-body_crack-0037.jpg,body_crack,moderate,train,gradient_train,5,22aa0bdd2817f89964715f1f2720266cbf0b64a918456e0141a9eb834360333b,2fa31a6d62c795374936a28e91127d7134f51e085f464c90ba65b5e62b6d4bc5,1476801080,14e2703c6e54c57f5b9785abaa52330d08f8fb51135f97fcce667b570de44fd9,SYNTH-BASE-KIA7809AF-BACK-001,SPEC-A
syn-v2-700-body_crack-0036,synthetic/v2_700/images/body_crack/syn-v2-700-body_crack-0036.jpg,body_crack,moderate,train,gradient_train,6,23183e16db2fdc925a3fc2f7af84d3fa977e6bd75429a62387c4803958492602,666604e922dd8d2d5546e68cbd2b645b28d6c19db878ae676a90ddaae2579c0e,454188112,5f781a2ea82533be4af0df3e4f8a17e3be256e66db4e7852489b9b44655b4403,SYNTH-BASE-KIA7809AF-BACK-001,SPEC-A
syn-v2-700-body_crack-0096,synthetic/v2_700/images/body_crack/syn-v2-700-body_crack-0096.jpg,body_crack,moderate,train,gradient_train,7,24a6787f617fa94ae9dd3910e99867ac0ebc333dd9235900e35387916879b90c,f5b54d3cc1bdbe0ceff53b42f3317903e22098e0bbd1f177039f238aa6f163a1,1565681417,1d1bad456daf6585c0cc87fcd4269f4737851c406eb4f4333f5a79d3d1599135,SYNTH-BASE-KIA7809AF-BACK-001,SPEC-A
syn-v2-700-body_crack-0078,synthetic/v2_700/images/body_crack/syn-v2-700-body_crack-0078.jpg,body_crack,moderate,train,gradient_train,8,3fd72db0a3eb0c96ce71d2f5e8da0ccba7a19d34c7823dbb948867686cbd7faa,7192a50065c4a0a0cf0692ead7e6b755c78a0e7e601b0f7cdc3123b66defff64,988999730,728e2b176017f77bfbc770fd9968378425a76622dfbbd75b6d50bac13c85430e,SYNTH-BASE-KIA7809AF-BACK-001,SPEC-A
syn-v2-700-body_crack-0079,synthetic/v2_700/images/body_crack/syn-v2-700-body_crack-0079.jpg,body_crack,moderate,train,gradient_train,9,4564e3188689d118276b18b598c4d401e83f5d3acdf814dada50e22b7374f52e,c8303e83f7483c568fc162eefdbae739d88617c518b4a4a59394c49c134c8844,1557873708,7a0c6003febeab95f711ac6f2dc48692fe08e329a34cc477924969c2eb7be5c8,SYNTH-BASE-KIA7809AF-BACK-001,SPEC-A
syn-v2-700-body_crack-0084,synthetic/v2_700/images/body_crack/syn-v2-700-body_crack-0084.jpg,body_crack,moderate,train,gradient_train,10,45972ce8b6a8a6cd71f89f995087eb1a2b853921a3225dc6557efc1e5ae87762,ff90c14ba1d68521aa5bc7e38a7eddb2bb6b1ace167dabc17f58c66f7c7bd4d3,855183418,7c2f31eb7c8e8aaa93026c394e4bff6e72d4ab6fbf3339fcd4f70df434d020d3,SYNTH-BASE-KIA7809AF-BACK-001,SPEC-A
syn-v2-700-body_crack-0008,synthetic/v2_700/images/body_crack/syn-v2-700-body_crack-0008.jpg,body_crack,severe,train,gradient_train,0,0633a6958a5b273f59628e1d0ca250deaf7556df2e3770a02e8f01bc3677076a,d6fd7585994a0272262cf9ae128d81143bacb676bc8c0770e1cb6b3efed96b7a,350041121,da6db57f828639077a8f96ef51bc12c0dec2fbb4a5c24d839c373f472bdaa294,SYNTH-BASE-KIA7809AF-BACK-001,SPEC-A
syn-v2-700-body_crack-0033,synthetic/v2_700/images/body_crack/syn-v2-700-body_crack-0033.jpg,body_crack,severe,train,gradient_train,1,06cd56f48c5f26cf835814cf0e503ad3a9967e3a025faed9f2b38141457398bc,061094e30c8cea160bed92101eed887006bac94b937b05a7711248204440cccc,718428625,f300cdf7dc32db67089359a05ca4e558b2c56a050a58181f41b8c675733b87e3,SYNTH-BASE-KIA7809AF-BACK-001,SPEC-A
syn-v2-700-body_crack-0070,synthetic/v2_700/images/body_crack/syn-v2-700-body_crack-0070.jpg,body_crack,severe,train,gradient_train,2,097cbf96fab4c17babb8b1ca6d384d03da403bc933f0130174e149076ba2f034,ca06f27f654fdf9a3ff58526c27883c7e312d485c60ccd98f093e8cb38f77687,1535376242,7c3533b4e9cde616b707f5ed9529365260a78b96fd929af8135572d387a3346e,SYNTH-BASE-KIA7809AF-BACK-001,SPEC-A
syn-v2-700-body_crack-0057,synthetic/v2_700/images/body_crack/syn-v2-700-body_crack-0057.jpg,body_crack,severe,train,gradient_train,3,0e34386bd465f3cbdfd4993c79a2c2c3dabd475b7c183388a66ee9e228984ac6,14043ca73ad2c8dc97ebcfa86e84b0aca7e5e5366271b3b179f9f30aef2e62aa,776516594,18e79979b091a1a86a6e209200017b0c77e5c0f2328507e584d2826d8814695d,SYNTH-BASE-KIA7809AF-BACK-001,SPEC-A
syn-v2-700-body_crack-0044,synthetic/v2_700/images/body_crack/syn-v2-700-body_crack-0044.jpg,body_crack,severe,train,gradient_train,4,19e45e86c820310bc956fc3df291bfc0799890c4efd5d9dfaad8b209dc402532,4b79af6476108ec1d16a16a6703266347344301ee77b3900f6b7abf1215f70de,233679978,917622123305c0698ad327a1b4d99637818f7a58538e073319da1a50126e7afb,SYNTH-BASE-KIA7809AF-BACK-001,SPEC-A
syn-v2-700-body_crack-0094,synthetic/v2_700/images/body_crack/syn-v2-700-body_crack-0094.jpg,body_crack,severe,train,validation,5,1de887b3edbc14f2570d2dd282624be5e05fc393d31124dc38b6e2b2579620e6,049f49d0012f614cc0c9c369a3dd323a65a1854455970877221a28b047d99ffc,102861847,705396c642816b61e57f81a8257a620487beafacda217f0ec9893bb0d7efdf70,SYNTH-BASE-KIA7809AF-BACK-001,SPEC-A
syn-v2-700-contamination-0077,synthetic/v2_700/images/contamination/syn-v2-700-contamination-0077.jpg,contamination,mild,train,gradient_train,0,02315b0132379e1a7fd1e75a83d90279295a20d5e90ac03b723ffb5c59af6203,45277fdd4de18ce0f2d7696c554e4e6824ff2ada25aadd16284fe01ec0a5b860,1892669239,ad317b15cadacf881e8bcabf0fb131705f0509ab9f41bab14ecae7efb63a5f10,SYNTH-BASE-KIA7809AF-BACK-001,SPEC-A
syn-v2-700-contamination-0014,synthetic/v2_700/images/contamination/syn-v2-700-contamination-0014.jpg,contamination,mild,train,gradient_train,1,0aad9befbfbe9c77368cc8a015ae721ef4cd140d28ceea1b92021b78fce9e38b,c7789b3b4c0bec003fd64139f1966fbe3d50606e1b9c80ecda0730ed660f9bfc,1460152926,bc0e0d1c7ab65adbe4b031d4f276f7324db49eb567afc53c53a9ad21449252d7,SYNTH-BASE-KIA7809AF-BACK-001,SPEC-A
syn-v2-700-contamination-0028,synthetic/v2_700/images/contamination/syn-v2-700-contamination-0028.jpg,contamination,mild,train,gradient_train,2,0fe5a838f1f3959900d129565efeb294ae998ed5fbcaa4fde71f7009ba78eb9d,d341ac9d9411ad72f1d0851ae8c32bd50d71291b024f77d8009f4d6aeac3e980,165603266,9ffdcddcb2adb6329c8cf92b30aa0719a49ff7ea2a2bfb7aaaf0c5d079798eca,SYNTH-BASE-KIA7809AF-BACK-001,SPEC-A
syn-v2-700-contamination-0035,synthetic/v2_700/images/contamination/syn-v2-700-contamination-0035.jpg,contamination,mild,train,gradient_train,3,17d1c7f77b8bad6e561a348368dd62af0807d251114b84f4f4ad1a32b6d788e3,097a61ad5c209a83d7c34d42f23d177de66bf98e985ee04eaa74e6bb574fd79a,1265018245,136069b3fbb1848a7cbceb0da29ccb141cc96ed93b324eb9eaea8b1a0239d1a3,SYNTH-BASE-KIA7809AF-BACK-001,SPEC-A
syn-v2-700-contamination-0054,synthetic/v2_700/images/contamination/syn-v2-700-contamination-0054.jpg,contamination,mild,train,gradient_train,4,1acf4d297e50f1a7d938755a356d9595f60a85e8b062d66ad84803a85b79967f,e2bed31dbbf77ca22d3b62c7d4bc2ba9a07ade15396a59c587bc233dd7ccd8ee,1853346501,86f4db3085beb52778410f46b899ee2a4eaab996db1bb4122f10c42df98f4482,SYNTH-BASE-KIA7809AF-BACK-001,SPEC-A
syn-v2-700-contamination-0073,synthetic/v2_700/images/contamination/syn-v2-700-contamination-0073.jpg,contamination,mild,train,gradient_train,5,2d399f2749740595cbbc41c118c2b0c61c2373cccae0f1acc17f27079283ba52,ddc7c8486ab3af5a438fb191bfa4a712083adf6e845286973764abaed0c587ae,1400657722,f844b869678d3b9ab0088533ac4decc419aa5462d734c6220481b870b4aef00a,SYNTH-BASE-KIA7809AF-BACK-001,SPEC-A
syn-v2-700-contamination-0007,synthetic/v2_700/images/contamination/syn-v2-700-contamination-0007.jpg,contamination,mild,train,gradient_train,6,39df23e8bd317f4e1a5383f8911334ec1133afa850afc22a147a85332a1f324d,503db786f5126b74be9129b8b426defa98e177d71d6ed38a7ccac0188633671f,474905062,bc8224a589116876b06926fefcafcf46530d6e1dd7013c125fa30a2291e71aad,SYNTH-BASE-KIA7809AF-BACK-001,SPEC-A
syn-v2-700-contamination-0034,synthetic/v2_700/images/contamination/syn-v2-700-contamination-0034.jpg,contamination,mild,train,validation,7,3ec7a7debc2ddb41128f4c309624c756ced09cbc9e32c6f81fc2b7c7a4b4ffb9,0532ca6355a20224b0c2c6bd46725362aa0ebe5905ec5958fb29f9889a4c2eb4,2044191848,8284bd8e0c613e9fe904c11a992d267d130caf24707ea5946f6f912d9f8102dc,SYNTH-BASE-KIA7809AF-BACK-001,SPEC-A
syn-v2-700-contamination-0050,synthetic/v2_700/images/contamination/syn-v2-700-contamination-0050.jpg,contamination,mild,train,gradient_train,8,3f34ab909b5697c488d5ce7530957f5131cbd150dd2e2d0a5371380d3983368e,6d0b8ddc58609cb3bd7e01dd26648f8f7ee8530a5b5d394cb091838cb45e41d7,662462604,80194c6b016bb2c8271d23792ec16194235d9152c267e00cecfbc28404f4c21f,SYNTH-BASE-KIA7809AF-BACK-001,SPEC-A
syn-v2-700-contamination-0020,synthetic/v2_700/images/contamination/syn-v2-700-contamination-0020.jpg,contamination,mild,train,gradient_train,9,44b0de73197c3ad4620f79c370e58ee9bfa47b0746df3f50c64ff99c8bfcbc1e,13af6de543bdd89295adf9e2bfd21e468c8451f8ab6e5e9b5e8bf840b43228db,1489496000,7a28b9f7ec9c2ccc2c629e5fd2c9835ffffec3e9521830a578fbf1af5c546ea7,SYNTH-BASE-KIA7809AF-BACK-001,SPEC-A
syn-v2-700-contamination-0088,synthetic/v2_700/images/contamination/syn-v2-700-contamination-0088.jpg,contamination,mild,train,gradient_train,10,4f2ce75f75d33607844d1153ab1be93fd6ea7a9c0c443766aa998f264051a530,cd23f29086271d53ee9c6d0cba3d944fdcf74103cdb7f50798c0ce2cdc10f38f,1147068691,238b31291f69500415ae7f363e1d963ee645d89fa49214c422ec9dfb8909102d,SYNTH-BASE-KIA7809AF-BACK-001,SPEC-A
syn-v2-700-contamination-0090,synthetic/v2_700/images/contamination/syn-v2-700-contamination-0090.jpg,contamination,moderate,train,gradient_train,0,12d614fb97cfdc3a38d3d19dfe57dfeeeaf1b37702d5b67c4c40daaf9cef952d,43e7525eaf53b97feb8aaa75c11e73018fc399a26f4eb77616544a9d48ab9fa7,1971253394,a821c94124e4e2c571d2a6c9dd4e8c983e2706caf2168dd58b36224371addc5d,SYNTH-BASE-KIA7809AF-BACK-001,SPEC-A
syn-v2-700-contamination-0002,synthetic/v2_700/images/contamination/syn-v2-700-contamination-0002.jpg,contamination,moderate,train,gradient_train,1,173935728e58b8214a7b68457b0c8b6b1f357c4b812d15ffabc311f33928937b,e48e5068311bf1364ea1b9af97770b9cf467aa1005a4bc771b07db22cc9e5592,374061108,1ad368254c234c1695c122b52f354a76b79b36b74e1edcf630baf8cb9430d96b,SYNTH-BASE-KIA7809AF-BACK-001,SPEC-A
syn-v2-700-contamination-0075,synthetic/v2_700/images/contamination/syn-v2-700-contamination-0075.jpg,contamination,moderate,train,gradient_train,2,1955f8facd0bc700b1379c9d903e73831e0afd779ea61f11c1c5bd3fdb8fbf0d,549bf545591d4b0c82df26163b18a17d408c171da4a676c2edea28b378c11ffb,629315004,4967627afef1cce48d71715c2ecfe1e7d2c0dc8345c7b23d240bd2dc0039fb4f,SYNTH-BASE-KIA7809AF-BACK-001,SPEC-A
syn-v2-700-contamination-0057,synthetic/v2_700/images/contamination/syn-v2-700-contamination-0057.jpg,contamination,moderate,train,validation,3,2d40dc19eb82c5c8c7195f595c0b2925ecd5e1f750dabf268d523206e4f8138d,3bf5300c604d06d7a05dc9a9986834fa74c1136deac0993025e34c3915c7345a,2091797343,484c5530374edbbebe1a1e708aab7d2437379f3395f47bc07a6b578ddf840a0a,SYNTH-BASE-KIA7809AF-BACK-001,SPEC-A
syn-v2-700-contamination-0051,synthetic/v2_700/images/contamination/syn-v2-700-contamination-0051.jpg,contamination,moderate,train,gradient_train,4,303957aa564c018f802652bc53b4b276656447ce38e1897c613123b2329b590d,485cd01a64de59fe61049f4532125812fb453970ccac5001b1af761205fde6e6,731605067,d5235874e250e3d7e7d5a16b680e2d9c12a1ed9893884dd5d2533f86be48f428,SYNTH-BASE-KIA7809AF-BACK-001,SPEC-A
syn-v2-700-contamination-0052,synthetic/v2_700/images/contamination/syn-v2-700-contamination-0052.jpg,contamination,moderate,train,gradient_train,5,31d10b75b57d963ac1148f3dcfc30d629b08571f2f651193fb5868b93b49a9b8,ecda010a52be64fa7e0a589aee6b1b17b7dd1337edb6496581e1a245f20d7821,1600949740,b62abc6f3810550bc2d4bf244d7c6c1d0f3b29ade294dc3359c6ffd9314faccd,SYNTH-BASE-KIA7809AF-BACK-001,SPEC-A
syn-v2-700-contamination-0006,synthetic/v2_700/images/contamination/syn-v2-700-contamination-0006.jpg,contamination,moderate,train,gradient_train,6,35266e0f896908e3a490bb81ebf92d556d3c2ad5348ce828c5f67d2c46b64a0d,7e011f643883495598bb21c74cc823b132a146abb997c45d4995fbe097ac3f69,59436491,7b6658d674461db5f24a486b59d448217b0a26d843e066fc618fc7162024c29c,SYNTH-BASE-KIA7809AF-BACK-001,SPEC-A
syn-v2-700-contamination-0011,synthetic/v2_700/images/contamination/syn-v2-700-contamination-0011.jpg,contamination,moderate,train,gradient_train,7,38fa3e93d34bebe7eef90ee83116968637ef51becb98bafc5fdaf530bbac95aa,70c1650b53523985c913f6f3c3aba8a9f2921181eeff3758d858e9828194c77e,1753058523,1330d0fdad2f96733f78eb656d2e6237b3cd637ba7e5078cf6817187657be1a6,SYNTH-BASE-KIA7809AF-BACK-001,SPEC-A
syn-v2-700-contamination-0062,synthetic/v2_700/images/contamination/syn-v2-700-contamination-0062.jpg,contamination,moderate,train,gradient_train,8,3c403bb75462ec8fceb624c89799f9c2d02668e42f79a3fbf3da9f9a69e90186,c6563cd85e2fddeb12b08acbf8c1bdbc9927ccaa993f0139dd8ee1625be743bd,873500213,798878342974575e180b0daa12cb3549aca0743ded7922d9ce40b765a39aa1ff,SYNTH-BASE-KIA7809AF-BACK-001,SPEC-A
syn-v2-700-contamination-0084,synthetic/v2_700/images/contamination/syn-v2-700-contamination-0084.jpg,contamination,moderate,train,validation,9,3e96a256faf21ca01c40065bf5d25a72d1087b235ffbababc0982f5694fb9f42,1070a67167ed0bea81ba32c773c00855be2d3288c51121e97b34d8899aacb42e,366213721,b37d6348805cd114f407fa1872be5f9fce0556ae4a91414eb01c6db433265e4a,SYNTH-BASE-KIA7809AF-BACK-001,SPEC-A
syn-v2-700-contamination-0096,synthetic/v2_700/images/contamination/syn-v2-700-contamination-0096.jpg,contamination,moderate,train,gradient_train,10,46f0d47538882904719ac2ebe35291aa9076d56a313ac36f0a663bd558dc63c8,ba8e6cd421b872b8d4c0ca02db4cfdc931078ff622528acb36bb88d9c9a598cc,439644817,5280f22e95200d0f6e697fd1c1b7715c34bea7c0c3e25c110dfb1458b2bba2c8,SYNTH-BASE-KIA7809AF-BACK-001,SPEC-A
syn-v2-700-contamination-0045,synthetic/v2_700/images/contamination/syn-v2-700-contamination-0045.jpg,contamination,severe,train,gradient_train,0,0be3549a2b94bbcd39fc74f1c1871995cfe8b5bd673abf587159fd60c76893da,38e2f60e24b4126b68534eb4e523ad01ff9a920c4c75972b423f0963f6125629,305573683,bf12a8ccf8c4655c144e1f8c77a73397804a95db1baa4d2c9ba5adb916637b72,SYNTH-BASE-KIA7809AF-BACK-001,SPEC-A
syn-v2-700-contamination-0044,synthetic/v2_700/images/contamination/syn-v2-700-contamination-0044.jpg,contamination,severe,train,gradient_train,1,1d1473a7dc5c27f659e3ad55c65b73bc359aa6eb9c2913542703f71f45b6da00,757c8fa71114fb3abb3a81d5bc792ef188b27c4ac2ae927b59c3df36c3c2bb58,243536531,d79927ee0672822f9a16ff8fdc02fc245a977d7838cbbeeae5919d457d8678a7,SYNTH-BASE-KIA7809AF-BACK-001,SPEC-A
syn-v2-700-contamination-0081,synthetic/v2_700/images/contamination/syn-v2-700-contamination-0081.jpg,contamination,severe,train,gradient_train,2,3f17a42c475b63a5cbf012a3d240043091eafaf51cf65242034743dca536081c,9de7af6adb4ff40086008e264949366e2283c11068915141127ca8da35a2cc5c,664088546,4d32c73782db662e6ff3aefda13f6f5b7170a66d31e3d0a139c41851e93bcbdc,SYNTH-BASE-KIA7809AF-BACK-001,SPEC-A
syn-v2-700-contamination-0086,synthetic/v2_700/images/contamination/syn-v2-700-contamination-0086.jpg,contamination,severe,train,validation,3,6fcefe7e6c1edc907c2c873edfc91c14e742066863ab5e7783fefa0ba080ad58,28567abd3b7c285c1f020e26e850e4abe58d21f7611bf7526bd9315fe15bb723,1052090458,02c1b0ac70769c758fbf03e44c131412bed26fd9e48076c7c31a7100e4e4f74d,SYNTH-BASE-KIA7809AF-BACK-001,SPEC-A
syn-v2-700-contamination-0085,synthetic/v2_700/images/contamination/syn-v2-700-contamination-0085.jpg,contamination,severe,train,gradient_train,4,75f423e554f05186981d68a2e199ab3e1643f0c05f73731a69d2b98f7551b09c,62231fd9ac961c73982339c840b3ae3ed870ff46e8e361ec6ba97c7c08b03a66,1983697499,c38ed45ca88c3a4ab96bfcd4978ca55f4c2a1c7ad5e48cac131a471ff40f7461,SYNTH-BASE-KIA7809AF-BACK-001,SPEC-A
syn-v2-700-contamination-0078,synthetic/v2_700/images/contamination/syn-v2-700-contamination-0078.jpg,contamination,severe,train,gradient_train,5,778db626f3a1ca2cd260dbe131f03a2509fa89e25d8c4c04e4dfeb12907e410d,29cd6a831edac62a4788f757ee095b4a5d1d5f814d8ae1e01a5a4234cfd72eff,799031013,265fbeb0f96a9521a0a778747b872364ae27ada7a6defe95f512a884a6ef5a12,SYNTH-BASE-KIA7809AF-BACK-001,SPEC-A
syn-v2-700-discoloration-0042,synthetic/v2_700/images/discoloration/syn-v2-700-discoloration-0042.jpg,discoloration,mild,train,validation,0,047407f3ab1ecb9beb18f368584eccda3106d520c7a9b10e74b7a9a19a407c04,50f0240c603993f4f4667a0c75d0edee7656efc95db3c92edbff43afb0feb0c6,1772919338,c77fd2a45204fbb191b862df31b3375d6ad8c8c721e8ba3de845851120e0b529,SYNTH-BASE-KIA7809AF-BACK-001,SPEC-A
syn-v2-700-discoloration-0061,synthetic/v2_700/images/discoloration/syn-v2-700-discoloration-0061.jpg,discoloration,mild,train,gradient_train,1,189650ffaf32fdec640fc6b9e0b2b14f5a379b1508a95455af3fa9d249e7a8fe,9f9a4be29062e43833504df51a0619cd4702b8f462f1fd1c76622c1cfdabc733,1464455310,f49988d272438b01566a4d9647a4d424ffec303d7b1b95f9068c5867d8fe4961,SYNTH-BASE-KIA7809AF-BACK-001,SPEC-A
syn-v2-700-discoloration-0023,synthetic/v2_700/images/discoloration/syn-v2-700-discoloration-0023.jpg,discoloration,mild,train,gradient_train,2,1987b6f8119d54f22ef910c23ae2cf37d7d7d628faf3bfd52e5a2853d993a946,70f807fc86329d468b121e010dab327eb2150722280ae4120c9f903806c94a34,526582704,c037800fdedc63e7fe6048ae5df55cbf8da736004d5ef56dd6be3999ca1b3ba3,SYNTH-BASE-KIA7809AF-BACK-001,SPEC-A
syn-v2-700-discoloration-0039,synthetic/v2_700/images/discoloration/syn-v2-700-discoloration-0039.jpg,discoloration,mild,train,gradient_train,3,1ec636d02db70312473333a06b0c602cc8938d86ec7810fec418ec3de611d6bf,e2ada1c0fe118f9506e686abb5ae3a812e9d4373a5482fd8f30035e2ee621c5e,1600077465,be144c52461e3bc4a1f18e2da23a3e3c73eda407c2d56e86c99c09371cadb776,SYNTH-BASE-KIA7809AF-BACK-001,SPEC-A
syn-v2-700-discoloration-0070,synthetic/v2_700/images/discoloration/syn-v2-700-discoloration-0070.jpg,discoloration,mild,train,gradient_train,4,201e9dc91681eacba083a8e48948f003f7cf25796b50234bf30be78bc92a18a6,d515076a7d498a22e288ca9b476f2e1c5769d945171284bc9ce2793d353a7301,1731429227,153009e1d5e18a82bdfe1f36e9c759023ecd30a99f582146f2eedf5779a59185,SYNTH-BASE-KIA7809AF-BACK-001,SPEC-A
syn-v2-700-discoloration-0045,synthetic/v2_700/images/discoloration/syn-v2-700-discoloration-0045.jpg,discoloration,mild,train,gradient_train,5,24544a9dcbd262872f4dfdfabd1ca0423922dcbe0094983abbb7e87df85608fc,732478644b2d1e3f5e9d5593303600d65dd98ae42beefd874e92c4d5696daf74,1986156792,8a0bde367e98fb0989d4df90e4591fb34a406d6433461a8644f4a2da2729e9e7,SYNTH-BASE-KIA7809AF-BACK-001,SPEC-A
syn-v2-700-discoloration-0053,synthetic/v2_700/images/discoloration/syn-v2-700-discoloration-0053.jpg,discoloration,mild,train,gradient_train,6,303dde35d915fa67efea27abe291eb2d9b937d5ee22f23064dc173243fe54d4e,7d6a9e9408245dd82e195927544f0e45a47dfa9c15cdc85100afaff6cf94ed8e,1060554410,e9fca01b608234775835cbed86cf9c4c1ca08c4b82891a35693a0fb7cd0d62ec,SYNTH-BASE-KIA7809AF-BACK-001,SPEC-A
syn-v2-700-discoloration-0071,synthetic/v2_700/images/discoloration/syn-v2-700-discoloration-0071.jpg,discoloration,mild,train,gradient_train,7,394ac584cfb8879232643d1c6de95a06dbd0fa27414aebff6dc14e36db2fab85,bb9eac07021dfa91489c1e06a957f913a03998c9a51bd69bd565f2544c7b4323,1723600200,01017188e9e388acc69b3544b9b7c20d92696c8fddb432bb55de02165a5f999c,SYNTH-BASE-KIA7809AF-BACK-001,SPEC-A
syn-v2-700-discoloration-0009,synthetic/v2_700/images/discoloration/syn-v2-700-discoloration-0009.jpg,discoloration,mild,train,gradient_train,8,3ba4418241d2c2aadea67bd228c3345d293a17c83f880445fb82f7072e6fd587,cb18d1b17bd419356fe793a5e8ca6c99592fc694e9817a950cc55224ef981a78,119207075,6c56887b174f1b90dd492cebaaec47dd0f792751598c856c45014bdc185f45ad,SYNTH-BASE-KIA7809AF-BACK-001,SPEC-A
syn-v2-700-discoloration-0017,synthetic/v2_700/images/discoloration/syn-v2-700-discoloration-0017.jpg,discoloration,mild,train,validation,9,4f321129bdb9fde93075ada6c4ea25c7ab435d8145593e3b2d11582cdb745299,3701efd8aa0b02e73f67908f5f963f775b155c5d2daf686ad3bfac255281eadf,1236930205,6e362d11082cc2df638d075eaf132e3c705750c336660a491f363c91fc34d38b,SYNTH-BASE-KIA7809AF-BACK-001,SPEC-A
syn-v2-700-discoloration-0073,synthetic/v2_700/images/discoloration/syn-v2-700-discoloration-0073.jpg,discoloration,mild,train,gradient_train,10,50bce6fe7e66e070aa175d09b72248d0699057dde15579007bc68537a4b73d05,74e127cc9b51c857cf92df8b4e5dafa8bc2a95491d6e17d3ad408eca81bd8055,1395703015,b2f8348fae2d33c7f0797486b79e4a7a1ded15fbe7bc6cce2c400f35eaf7a6fc,SYNTH-BASE-KIA7809AF-BACK-001,SPEC-A
syn-v2-700-discoloration-0048,synthetic/v2_700/images/discoloration/syn-v2-700-discoloration-0048.jpg,discoloration,moderate,train,gradient_train,0,0310cf0205989d938b9b9584fe4719ca6e0d1a9cbb2d72bc9341beddd46a24cb,1c969810bcef6f8740954f7b7fbfc5ae8edec444029f238526b5b21ae8bea841,545457689,988c1a4399c2f62f7630bb3400eb091fafec284cb4378e777bd08d7c48350b85,SYNTH-BASE-KIA7809AF-BACK-001,SPEC-A
syn-v2-700-discoloration-0047,synthetic/v2_700/images/discoloration/syn-v2-700-discoloration-0047.jpg,discoloration,moderate,train,gradient_train,1,0363d194f75475f52e1cc5b0ab610472bdd1500b6af826ce7bad8b03fbf126e6,a8216633508114602ccdac69ad54a5af4877d45ac5f638ffccbb9fa877b25e3a,910395780,9819e6c6b5b99fe4800886315e83c0533dcd7ff161004cc2ca812630f8a2eb3c,SYNTH-BASE-KIA7809AF-BACK-001,SPEC-A
syn-v2-700-discoloration-0025,synthetic/v2_700/images/discoloration/syn-v2-700-discoloration-0025.jpg,discoloration,moderate,train,gradient_train,2,07b69ac0f92e8158f1a02eb0ecc41cfd00f03f9353d5431ba61b396fdb6ab6d3,3c327da3f4d0b3e38ccdbad15776bd8d42047d15e9d0836512ee56c38f6fac02,687654066,8f21e6eeb0026026856154adccc2fb411271f2a1580e046e2b99dca875cc2ff9,SYNTH-BASE-KIA7809AF-BACK-001,SPEC-A
syn-v2-700-discoloration-0027,synthetic/v2_700/images/discoloration/syn-v2-700-discoloration-0027.jpg,discoloration,moderate,train,gradient_train,3,0edaa7604c51d2085a777ed8cb08a8bb84e978d0a002ca10f64f8ba5697a3972,8573b1d2613242eaa40d9b0b47bfc8021002c58ad69f1b1d4eea91f148b6d7bf,454376554,003d51ca4c47e1dc6fb83ba896049d620f24f1a9c8ae27ec921c39cd5c5526dc,SYNTH-BASE-KIA7809AF-BACK-001,SPEC-A
syn-v2-700-discoloration-0098,synthetic/v2_700/images/discoloration/syn-v2-700-discoloration-0098.jpg,discoloration,moderate,train,gradient_train,4,14444f64f9fbdd1b324b028369d5462906a1f21c85d90e8f3bcfa47c79137b73,ad364d6be3d6474a727080bc9ac44cff9147615a3d1b03e5b2a3e71946457bcb,1268089377,f24cc4fdd2d80c65e868412e8644003817b5415e59d526406c2c6608993a6c38,SYNTH-BASE-KIA7809AF-BACK-001,SPEC-A
syn-v2-700-discoloration-0072,synthetic/v2_700/images/discoloration/syn-v2-700-discoloration-0072.jpg,discoloration,moderate,train,gradient_train,5,2252bdd5ce936674b3a625ba8c8f82d015533f103eecc936888fb44d17cdc38d,bff14399cdfed908eb4a15acc69b224f3aded52c7f5d30c29f68c8cd0f7a3577,1510312306,2e22f91cbd2596d5f28f6c59041558728593a0e2eabb2938cce373d77515a504,SYNTH-BASE-KIA7809AF-BACK-001,SPEC-A
syn-v2-700-discoloration-0015,synthetic/v2_700/images/discoloration/syn-v2-700-discoloration-0015.jpg,discoloration,moderate,train,gradient_train,6,2a2485d888e21692ccf3443d97bca26588af29e3f0bcf8a8d562d7eaf86cb440,ecf72289b8f217dfccfd3ec40374cf6de1a4e6d5e895c40b53de29fe9b29c4f3,2064398493,6de95df1c0c920ce16b9ec30f2127d0cc2e6cda6595bf739b83b85f371783c66,SYNTH-BASE-KIA7809AF-BACK-001,SPEC-A
syn-v2-700-discoloration-0024,synthetic/v2_700/images/discoloration/syn-v2-700-discoloration-0024.jpg,discoloration,moderate,train,gradient_train,7,2a8d95ef16c161ca6752f0e0f769b09e4cc92f2c2eb36d06bf44d78a377a64ee,bdf2ae6b37d011150bbca7e7d064e9d2c6cf975d6949312c1e244918af4be93d,1343210272,09bb6cdc5117b681eb2ef33fb907661f0d4825fc305f12a148bad97e605f8fad,SYNTH-BASE-KIA7809AF-BACK-001,SPEC-A
syn-v2-700-discoloration-0013,synthetic/v2_700/images/discoloration/syn-v2-700-discoloration-0013.jpg,discoloration,moderate,train,gradient_train,8,2cd58c644c84cb64e8291138148c7ac8e3d16ac4949a26d01b80bb7566c15935,71fef4112d0c75680c4977f6eb0c753c69bfd6bf237ead5adebe85eb4a6c5d8f,1341640683,9580696b5ed98559edf30a44e8b4adadaf41204b925107334206f54b358563ed,SYNTH-BASE-KIA7809AF-BACK-001,SPEC-A
syn-v2-700-discoloration-0089,synthetic/v2_700/images/discoloration/syn-v2-700-discoloration-0089.jpg,discoloration,moderate,train,gradient_train,9,30e9c6f326e173a15d96650b1c14f10b8739b07732c9b178d8f7e798568cccd0,e1c64e22e5b52e49bc66f76effd60ef038342dadb75497ad7d8ed77963191331,554671663,a10e93c92ce11750a84b5d5e550631c6d778e9764b7c8409927a2c4d223b24aa,SYNTH-BASE-KIA7809AF-BACK-001,SPEC-A
syn-v2-700-discoloration-0068,synthetic/v2_700/images/discoloration/syn-v2-700-discoloration-0068.jpg,discoloration,moderate,train,validation,10,31703b6ec876d8f4bb8c7442e193261bbb1c4ed303a45ce5e5287e2912040e47,04c675082cecc92fbf666c1a87cc9a4542e87df786bbe247e185ea4c58bc2fb0,1586714324,328f6f600d2b0850171d04b5ce9a6233ab71bd9e0e23f3865e1deba6cda4d391,SYNTH-BASE-KIA7809AF-BACK-001,SPEC-A
syn-v2-700-discoloration-0095,synthetic/v2_700/images/discoloration/syn-v2-700-discoloration-0095.jpg,discoloration,severe,train,validation,0,121847b718fa22cd73066e1e20005d59e484e0dea51a1e180e216ff6e152a862,2a151529822a5dfabbd4dd752b19832c1346110867197620742f6d881baeb1ba,708366158,fc2d03c53c465c2211f0095fbf8b3efe3d304a6c66ae93ef3e66962ee9c57481,SYNTH-BASE-KIA7809AF-BACK-001,SPEC-A
syn-v2-700-discoloration-0058,synthetic/v2_700/images/discoloration/syn-v2-700-discoloration-0058.jpg,discoloration,severe,train,gradient_train,1,1b5e5be361a6db319175be621529a785ef5ffb43aaf4421d053c3777fc512351,ac11b728219989325b6e212ed70468d41355d1fb1cbe72f32dda5aa13b4bfb33,14032633,89ef5314276eca9bdf52309339148ad11be4d66ae234b0adbfb967ff419867e7,SYNTH-BASE-KIA7809AF-BACK-001,SPEC-A
syn-v2-700-discoloration-0054,synthetic/v2_700/images/discoloration/syn-v2-700-discoloration-0054.jpg,discoloration,severe,train,gradient_train,2,2239217dd4787349511dc624d31c65f9401eaaeff464b5205890d1cf5eddb2e8,66c2bd21e70437c6549dbca7ae14c105f4bb2e285448501ad9b0dc41ba0f7b22,419978957,454474f9bd3a2daa60252cc8158561ef32407f44a79803ddb37db8afaa4d6678,SYNTH-BASE-KIA7809AF-BACK-001,SPEC-A
syn-v2-700-discoloration-0082,synthetic/v2_700/images/discoloration/syn-v2-700-discoloration-0082.jpg,discoloration,severe,train,gradient_train,3,2a3a44020db6a91124286915852ce2380213e4c994eb83bc3965c8b5f2ed7a14,4ac03af499ce0bbc242c43ae7a338ef9f481a0404b36f96d32081f4f392cddb4,974755123,a627b01028ef0fa89a8fce1757d2ab5f3ab0ff4ba0d3e020f452a29b6b646af6,SYNTH-BASE-KIA7809AF-BACK-001,SPEC-A
syn-v2-700-discoloration-0080,synthetic/v2_700/images/discoloration/syn-v2-700-discoloration-0080.jpg,discoloration,severe,train,gradient_train,4,39898135a92abc16336c1c65203fa17e955244b7b0f69bdbf23695f6f8b1b442,c833fe9e7d57888fb1209e91c7a3cb45dd90797267930fad774b95bfff2386d3,1195125099,8dffcbcb5d1b4180fc2618ae42883d41d797e8731e2a5be3d102e364b8f596b0,SYNTH-BASE-KIA7809AF-BACK-001,SPEC-A
syn-v2-700-discoloration-0018,synthetic/v2_700/images/discoloration/syn-v2-700-discoloration-0018.jpg,discoloration,severe,train,gradient_train,5,398a29caea789ae82c10629bf26b8ce36ff4f00642b44a9b40be5541ef839840,54417f0a482c3d65a1a98c7777010005925df95a5ecdab6e5abe25e1862a2a5a,537950002,0c60e3bdded5ab575aa6c5985a9fb5245b3aa717993ae5a0c5a10b657c1129e6,SYNTH-BASE-KIA7809AF-BACK-001,SPEC-A
syn-v2-700-lead_breakage-0017,synthetic/v2_700/images/lead_breakage/syn-v2-700-lead_breakage-0017.jpg,lead_breakage,mild,train,gradient_train,0,00809c4bf5abeafa32fa98f8a8866ea1a59d8339cb37694155fbd4d27a03325b,9ec778a1f8e13ce9c7fdf13131374efce43820bf2a1c0ed6bafae2f05a425349,1247448115,c07e233ff4560a90ef21834d8e7e2fa6fbdb0451d77d77f343b0adb8c5740b39,SYNTH-BASE-KIA7809AF-BACK-001,SPEC-A
syn-v2-700-lead_breakage-0072,synthetic/v2_700/images/lead_breakage/syn-v2-700-lead_breakage-0072.jpg,lead_breakage,mild,train,validation,1,05c6998814b722fdbb21c458ee93c481bc86c2e18947242e57ca3488e5d7372c,2689a0b832e9898b4fcf8693fed79b23182aa11dc4486db0d22fd8f7e126be4a,292714216,a3203d871dbad8dc6467114101e28c7566cfa5fb778ae5d57a54f449ba6f4c69,SYNTH-BASE-KIA7809AF-BACK-001,SPEC-A
syn-v2-700-lead_breakage-0008,synthetic/v2_700/images/lead_breakage/syn-v2-700-lead_breakage-0008.jpg,lead_breakage,mild,train,gradient_train,2,09d89ed9c80337730bb23e1ca5ba1edc0b9991374ab2598fe41ac12d5472c8f3,bfba1a3cb4df958c7bc2aad0af4cb8cc075ca34bec70e6a3207d3f613aa91433,1072565643,f651c2c3a3b700578847b2475ededc46fd405666e0b538cbb43279feca88ff60,SYNTH-BASE-KIA7809AF-BACK-001,SPEC-A
syn-v2-700-lead_breakage-0056,synthetic/v2_700/images/lead_breakage/syn-v2-700-lead_breakage-0056.jpg,lead_breakage,mild,train,gradient_train,3,0d36f59b50e6507ffe5daddea08507dac997e709c40d6393b893f213526ff0d1,c470dcd917dcc6c1c6fd337b87bdb271eaf9ac946348899133ee1b22b8dbb12d,1885655388,412326fb3debf7a0dfbb7dffbf7924fca67fe5f85718a2dcd49aedd9a147a6b3,SYNTH-BASE-KIA7809AF-BACK-001,SPEC-A
syn-v2-700-lead_breakage-0029,synthetic/v2_700/images/lead_breakage/syn-v2-700-lead_breakage-0029.jpg,lead_breakage,mild,train,gradient_train,4,1517691c26bbff15234907827f6c52345a72ddac72492089d6a2633568048f5e,c58e7f9455a582dc86b21d4e92c76f1e095731a01805ae7f89cea34b03d4a53d,525958640,4236cbec98678bd74cba4f21f17ae16894f705c4656318017dceb5d340986de3,SYNTH-BASE-KIA7809AF-BACK-001,SPEC-A
syn-v2-700-lead_breakage-0092,synthetic/v2_700/images/lead_breakage/syn-v2-700-lead_breakage-0092.jpg,lead_breakage,mild,train,validation,5,1943819d82206c46d6dd65fede0bc06abf9b8d27d31a6cf3a9e23c20dcb6db56,03d553101fa8b0dca9c5e274704c2511c8fb10c7da0d235e2c80049bf052ccbe,1880738196,8632671383257663f747a4cf89b1fd5f8c43c294dfbda4c8989b3b8c4da0fb8d,SYNTH-BASE-KIA7809AF-BACK-001,SPEC-A
syn-v2-700-lead_breakage-0068,synthetic/v2_700/images/lead_breakage/syn-v2-700-lead_breakage-0068.jpg,lead_breakage,mild,train,gradient_train,6,299a95877ce09ff0842750cb9d9bd2da8ba90f8fc40a2ca1649689a1443cc668,7765181114ba285ca6a51679c00f975d7b5143b80537e4a80b5e5d75da0f40db,562616332,8fbf602b253a3b5c178d82acd3ac68b6f238e009be4db998d06ac327af6539b4,SYNTH-BASE-KIA7809AF-BACK-001,SPEC-A
syn-v2-700-lead_breakage-0014,synthetic/v2_700/images/lead_breakage/syn-v2-700-lead_breakage-0014.jpg,lead_breakage,mild,train,gradient_train,7,2abb6ff93c440c34d1ff5da8966ca46f92aa3e0620f2dbd9dbabd3957e5aee1f,9ee84f4f2089f8c2e53e4fe0a4a8461dcd02b22ae77693e3425494c6a91ade32,124094762,faebad237913cc5c69225aeb16ddd9b558392456146ed1c6072e5ada0ac40532,SYNTH-BASE-KIA7809AF-BACK-001,SPEC-A
syn-v2-700-lead_breakage-0046,synthetic/v2_700/images/lead_breakage/syn-v2-700-lead_breakage-0046.jpg,lead_breakage,mild,train,gradient_train,8,2ea4e22954a221f252c2419a4d05cbaa87c4e1861b7968a6d6527ce23d70955a,ed76207c0a6ec3946fb01bfc61e0bedcbaa49c3fcb2997b1c1fba401de995af0,1456066825,f664440d6dbd522e65f99216c1fb6703a3d8ccf2887c275530c9d97db2bb7c0d,SYNTH-BASE-KIA7809AF-BACK-001,SPEC-A
syn-v2-700-lead_breakage-0018,synthetic/v2_700/images/lead_breakage/syn-v2-700-lead_breakage-0018.jpg,lead_breakage,mild,train,gradient_train,9,30b1362c4a56dabd93d534de0c713edbf495a205346aa1b32e687f93f8204bca,617031a11b955e4352a6bdacd46ab1c59c99f5eb7eece188946d58e2a94c38e8,1012425157,8bdc6ccde3844d9514e3a37f7e52361a871ad62f7b3fc72bca8c084aa0358cca,SYNTH-BASE-KIA7809AF-BACK-001,SPEC-A
syn-v2-700-lead_breakage-0057,synthetic/v2_700/images/lead_breakage/syn-v2-700-lead_breakage-0057.jpg,lead_breakage,mild,train,gradient_train,10,30cf11335fb161c0f1f1205e28637ce73445d71461f397caf4e19c9296bcc771,ab3924893de24370286085b905822941400f9fee2c95eabef4e311e957204f5e,152284890,d784aca2736766cee1102d29c75ba3b160235819f2eb0e1941c0f5de8aed380a,SYNTH-BASE-KIA7809AF-BACK-001,SPEC-A
syn-v2-700-lead_breakage-0073,synthetic/v2_700/images/lead_breakage/syn-v2-700-lead_breakage-0073.jpg,lead_breakage,moderate,train,validation,0,0119124e4e951eaf275d7430323a3b13f397e9670ab4f042920386e087f0e5c9,43299bbea13b59a8883b2f89cb9dfc7f25ed592c298398052e8d737af1f82a2b,1471736816,9d74d0a0278158bb190da44639e2e98052dfb8301da8cf77877f7462a5b095e9,SYNTH-BASE-KIA7809AF-BACK-001,SPEC-A
syn-v2-700-lead_breakage-0085,synthetic/v2_700/images/lead_breakage/syn-v2-700-lead_breakage-0085.jpg,lead_breakage,moderate,train,gradient_train,1,129ce256d0bb491da36c47aa13946e69e00530bb612c355ee7ee20c5a755c79f,a6b690733e7c2da89bb7829eb0a2c6b308340d7c6d8cf4224d10ef856d71fbfb,821442043,899fd763ea7ab5adc6104d848a93ffcadffd943f5a9a7f5fb2c3dbacd2bc028d,SYNTH-BASE-KIA7809AF-BACK-001,SPEC-A
syn-v2-700-lead_breakage-0020,synthetic/v2_700/images/lead_breakage/syn-v2-700-lead_breakage-0020.jpg,lead_breakage,moderate,train,gradient_train,2,1e841c10b159d55f0eb65f932cfea6780fce0d1b643f5c53138e4674600fb090,46f562dd94351fdf50167ceaaaff93c20a26f49f0a484b1e5e720775852a2416,97403680,13a85b6a49eade1320bdae4746f0f69be902a34744cee7090b79494fcc375eb4,SYNTH-BASE-KIA7809AF-BACK-001,SPEC-A
syn-v2-700-lead_breakage-0051,synthetic/v2_700/images/lead_breakage/syn-v2-700-lead_breakage-0051.jpg,lead_breakage,moderate,train,gradient_train,3,306dfbcec6e4c81ad6fb819873ed6db880f3e4b2680576c17976994e73f2475c,b354a32d1179d6170153a84b8fddb40f50221419143c4d76cfcbb06a62fda983,396572097,9d6fa4a3b72029337645ffdddd91b2c6aa13f232354c44023ff69789b54f9e85,SYNTH-BASE-KIA7809AF-BACK-001,SPEC-A
syn-v2-700-lead_breakage-0088,synthetic/v2_700/images/lead_breakage/syn-v2-700-lead_breakage-0088.jpg,lead_breakage,moderate,train,gradient_train,4,3314969db8b4d74c4d80f82581f95629e2129dd241e5bcd8977eed8824424e85,46c084e2fa42f174b6f6b3ef09f94eca2634b675a934e82851dbc1e9eb179a81,1772834359,f7a39a6c655c7944609c72c997fb2f757c494889b1d1376a3295598454ed9ea3,SYNTH-BASE-KIA7809AF-BACK-001,SPEC-A
syn-v2-700-lead_breakage-0053,synthetic/v2_700/images/lead_breakage/syn-v2-700-lead_breakage-0053.jpg,lead_breakage,moderate,train,gradient_train,5,34023ab1884bf4dd148a5949727ad1296cc526027c7ac2dbfc261e2b4ef1ca64,55427c7d3d31ace19fec60cadbe579cef5a623e17bd33493b9bdefa0ae616a48,1522771934,b80adbdb0fc13ca40129f4998a89145a7b851e140c2838fc417b3ef0c926fae6,SYNTH-BASE-KIA7809AF-BACK-001,SPEC-A
syn-v2-700-lead_breakage-0010,synthetic/v2_700/images/lead_breakage/syn-v2-700-lead_breakage-0010.jpg,lead_breakage,moderate,train,gradient_train,6,4161647d3578a64478e10ab8a53f907a5be30e95d4b0a80149a0bc3ef0a21434,5cbe532b32c05546a255146b95c07335320bb580f52192c1bba7eb32aa031727,1166648747,776a331469d480fac3e467b81a75bfbf831efc7375b50e3ac498e59fddb42936,SYNTH-BASE-KIA7809AF-BACK-001,SPEC-A
syn-v2-700-lead_breakage-0089,synthetic/v2_700/images/lead_breakage/syn-v2-700-lead_breakage-0089.jpg,lead_breakage,moderate,train,gradient_train,7,439d606bcc2d63a2ba4956633bc11ec3c62e37296e91d40877af9d584c215318,c6d68e6ebea3c064c0e7fe6c2bab5cd2f76392b928b9c4f2ef6c6df537cd90d2,2141461154,58e7b7730c1d148dd1530da9edea5a9ac009c7d6ae28057b2cb05ad20f0a1dbd,SYNTH-BASE-KIA7809AF-BACK-001,SPEC-A
syn-v2-700-lead_breakage-0076,synthetic/v2_700/images/lead_breakage/syn-v2-700-lead_breakage-0076.jpg,lead_breakage,moderate,train,gradient_train,8,52871476ed911795968d3e75162b62417e803b2cc0f0e0e1a9a4f07f56a77360,bef7a46d033033d98b697a86366279ed9b23fc5dd99d9dbadab07bfdcecf11c9,1214429331,44e56986be06f63e6f272c4f2ba85eba33c256bbaf7cef7efc0cd71c9e40da73,SYNTH-BASE-KIA7809AF-BACK-001,SPEC-A
syn-v2-700-lead_breakage-0069,synthetic/v2_700/images/lead_breakage/syn-v2-700-lead_breakage-0069.jpg,lead_breakage,moderate,train,gradient_train,9,5b9dc5c0f4e1489b7b2aaffc8c6eac491bcdaf1d9362935c23188e781938689a,ed16bbec13f1b5341b169540316c30b3d7ad79e679beef0bff51c1b6f8896d3a,373869525,5736cf1896d4184d8b6b735844d6d357bfccac6b9f5683b1b42f2bc50697214e,SYNTH-BASE-KIA7809AF-BACK-001,SPEC-A
syn-v2-700-lead_breakage-0082,synthetic/v2_700/images/lead_breakage/syn-v2-700-lead_breakage-0082.jpg,lead_breakage,moderate,train,gradient_train,10,5cae4de060a1745dd0076d1215f55f1bee5628472e610444ff12c2b8ad43abe3,56d097345bc2963cb9f7568448b9684955f7f45e544969bf4ee86770933a25f0,446023298,6f37762785bd66d1728a292d3af6679ed894d07cc8d0a6722276faf654f8ef86,SYNTH-BASE-KIA7809AF-BACK-001,SPEC-A
syn-v2-700-lead_breakage-0093,synthetic/v2_700/images/lead_breakage/syn-v2-700-lead_breakage-0093.jpg,lead_breakage,severe,train,gradient_train,0,07fdbb3b6c09121ea09c453305e158bd896f5eeffc6b38a3f1d534079f5c81f1,ea0af8cbd000f2b7bf5b5d7226f9b90fe12b401dcaa531fd63ed7de03cdab839,1813919944,37762b1e07f2d9c1581dcdff05e2c4224b1871cda6064efd59c2569dcbd087c0,SYNTH-BASE-KIA7809AF-BACK-001,SPEC-A
syn-v2-700-lead_breakage-0099,synthetic/v2_700/images/lead_breakage/syn-v2-700-lead_breakage-0099.jpg,lead_breakage,severe,train,gradient_train,1,1a0ce86052042e01fab610cfab8b170ac4268ba8cde2c720d8102e2ee5477718,69565bde75d9a3d1f58173096214ab34012854fcd328fca74ebf4686cd79b778,2045158959,50a92050fd1edd7d84d891dbd89bc15c790d2e74976c8e8f4a1bca758f023b64,SYNTH-BASE-KIA7809AF-BACK-001,SPEC-A
syn-v2-700-lead_breakage-0067,synthetic/v2_700/images/lead_breakage/syn-v2-700-lead_breakage-0067.jpg,lead_breakage,severe,train,validation,2,2467030f57e3d3b0c509e050f4bb9fde4f21ffc114401b628be3f9f109434861,1a0547a4a5e2e187f9478c74b007da46ab21775b4f2b345c64b04efd8bf35da4,575805893,91b22349ffce95c3016061a394cf30c0fddd30c96dc6a933d0d9be0708594a73,SYNTH-BASE-KIA7809AF-BACK-001,SPEC-A
syn-v2-700-lead_breakage-0059,synthetic/v2_700/images/lead_breakage/syn-v2-700-lead_breakage-0059.jpg,lead_breakage,severe,train,gradient_train,3,36b19d87583f7d7ddf5f5e736257b1d42f9bcf519cb7effe2992da03c40a4c60,31f978e505095269a56de1978bddb4ac80dbc41223c8ac40cdb046afed421ad5,1192105203,816a8a5a983e0504fe2862cc5119ade3b910f51ca4463600ba4417cbb188401b,SYNTH-BASE-KIA7809AF-BACK-001,SPEC-A
syn-v2-700-lead_breakage-0060,synthetic/v2_700/images/lead_breakage/syn-v2-700-lead_breakage-0060.jpg,lead_breakage,severe,train,gradient_train,4,42fa00cce0cdf4afd2116823101928968e62adc27bc6e824402aedf74ba5b63e,2f9d4587eacad443d696d94d07c8abbf4d9c44550802a2751c5e8852cc2b7653,248302965,84bb2542834c0ab70d9bf716741025413cc514657b48d446b0fdc4c9baadcfd6,SYNTH-BASE-KIA7809AF-BACK-001,SPEC-A
syn-v2-700-lead_breakage-0012,synthetic/v2_700/images/lead_breakage/syn-v2-700-lead_breakage-0012.jpg,lead_breakage,severe,train,gradient_train,5,6c9a8d9572d37e43eddfd6f07a002a39a59408bdfa7244b384945d6d4ebcbc7b,264d198f4780a9ce0e69784a374897b67ab6232cf07e34d33326380ee907dbbf,191178670,46e4b856e0a924af47a67bf7675c7d36b6ac6b80fd1c1d73acd177a31b7c2d79,SYNTH-BASE-KIA7809AF-BACK-001,SPEC-A
syn-v2-700-scratch-0060,synthetic/v2_700/images/scratch/syn-v2-700-scratch-0060.jpg,scratch,mild,train,gradient_train,0,053e50c8cdfaba39992eade0a87bba068f0d2ad7e4ef072000a61d64ef0c5fa0,561d106e3e5dfc5d7d76d0e9007a3beb719a7cb618c90389faef59e10eea5a4e,1674735963,201d61b3ebff01f9396236989a91bc3a82e5a7cefe36ea1452ea25d1a1cb921e,SYNTH-BASE-KIA7809AF-BACK-001,SPEC-A
syn-v2-700-scratch-0001,synthetic/v2_700/images/scratch/syn-v2-700-scratch-0001.jpg,scratch,mild,train,gradient_train,1,06505b0ad21c0ff726b1426a0c7a6d6c2feb79c60e15f93898af2ae3a67023e3,351c911cb823abda04d7c1261382b9790ee98f4262bb651988b35760c61bc44c,1197722231,fc66cd83322e0cd42077d421be46d73c4483a7b7f1ce7a90d272702741799e65,SYNTH-BASE-KIA7809AF-BACK-001,SPEC-A
syn-v2-700-scratch-0091,synthetic/v2_700/images/scratch/syn-v2-700-scratch-0091.jpg,scratch,mild,train,gradient_train,2,0774eedeb7ab1a926b35408a17cbfe3f6ba5d466c51243126d1936a16cdd1b0a,dc9116a856cac68f8782e2f9df8acdf874bf90165a68293ca8a3b757a8a6f16d,830197056,655fc4e32fff1eb8198578772b77a209473c2ebbdc5530f2918c18e36abed26d,SYNTH-BASE-KIA7809AF-BACK-001,SPEC-A
syn-v2-700-scratch-0044,synthetic/v2_700/images/scratch/syn-v2-700-scratch-0044.jpg,scratch,mild,train,gradient_train,3,0b5fa0b52480d9d7f5d10f0b7dd5493386016da617d4126c6cf66af3c06ba84d,a912b091c50666958b0a041a0cc5c102578a2c8db6d83c93f9b29a418249dfe0,616922096,d3d9cd5ca928669f853e94dc3d646931384499f39fbca4774e46d850dcf755a8,SYNTH-BASE-KIA7809AF-BACK-001,SPEC-A
syn-v2-700-scratch-0065,synthetic/v2_700/images/scratch/syn-v2-700-scratch-0065.jpg,scratch,mild,train,validation,4,1b5f9f07492e4ffa710fce49fa6802ee40d8326a9c25e64eb22d83e93e745df5,0d0813e618296016ce00aba814e5de0833aaa8f31a853abfecf23c8dad0325af,1778733077,c9a6208c2f76711924e36ba6822e84d175a3e22d3f295aa253a2f4e3b450565b,SYNTH-BASE-KIA7809AF-BACK-001,SPEC-A
syn-v2-700-scratch-0087,synthetic/v2_700/images/scratch/syn-v2-700-scratch-0087.jpg,scratch,mild,train,gradient_train,5,230f9797814a0360f9d400947fc8e96755c2110a2869f58f18fc3a60dd025919,49ce7f8bd3afb135e6ff3d07998c10410784982705b586b3a2accf6c7a4b76bc,118206679,c81138331f587f9aa6a71a35244ad19a09886492b20f2e205ec5dd69408b103f,SYNTH-BASE-KIA7809AF-BACK-001,SPEC-A
syn-v2-700-scratch-0097,synthetic/v2_700/images/scratch/syn-v2-700-scratch-0097.jpg,scratch,mild,train,gradient_train,6,261b578c60baa677f561195baa2fcc0f3b01a78fec1d82d6ef34bb1f356b2084,6a88981d07a92aacfc51a81343d061757ac44e586efccf7693ed96501b230cb9,50496927,abbb26b4c105bb6145cbd1ba27d729a8292380460b8dc45b30bf3c947531f87d,SYNTH-BASE-KIA7809AF-BACK-001,SPEC-A
syn-v2-700-scratch-0000,synthetic/v2_700/images/scratch/syn-v2-700-scratch-0000.jpg,scratch,mild,train,validation,7,2bfaf0ccb7bf6768d28d5d072adba99e0e1eb73584473e4a21d2544c99e131e9,09e569023ca17806ec97af93962c06ab43a04545bf23e7c1d92c16a25f55bfde,268032003,72dafbf5a1a33ff36c43a6c09197c5ddee245db0fe7be1b4d424d852a606bd0c,SYNTH-BASE-KIA7809AF-BACK-001,SPEC-A
syn-v2-700-scratch-0007,synthetic/v2_700/images/scratch/syn-v2-700-scratch-0007.jpg,scratch,mild,train,gradient_train,8,3418365e64bd292632345ad320fa2c02285ceb8624411f4472de6eabbb1b3ef1,3c6707fb6ecc47e7c158bc6c85f13c214c3a97a62e15d5b65a0350d254668b5b,1016988266,4f7a4f81f64499e9c2877c43896aa7c235f764f571c7c2f76736c4c6eb0ff232,SYNTH-BASE-KIA7809AF-BACK-001,SPEC-A
syn-v2-700-scratch-0096,synthetic/v2_700/images/scratch/syn-v2-700-scratch-0096.jpg,scratch,mild,train,gradient_train,9,3bd997eb4b58daed7064391c97e3511b56b93d0acedb1da08b957a51175a1ae5,d36e605fcbd027a3af40e271fc3fe9e725a6e82595f4647f5467d42b49def8f0,1793126137,7c72f959d808477e9cd6e7020bca7c6104228909b1dd60f3827dd9220ea1d2a4,SYNTH-BASE-KIA7809AF-BACK-001,SPEC-A
syn-v2-700-scratch-0079,synthetic/v2_700/images/scratch/syn-v2-700-scratch-0079.jpg,scratch,mild,train,gradient_train,10,40a1ab3a41056f2b76cbb102e32e509b1e6f3142348485d16b06d2bbae65595f,35f323b9231ce68c4625042951f5bad87309812937bd0443ada9eb792553ce4c,1312588518,50ffdf12dc0933978bac6feb9cb5c027deb092af3aebffe3c79d9a93274028d2,SYNTH-BASE-KIA7809AF-BACK-001,SPEC-A
syn-v2-700-scratch-0047,synthetic/v2_700/images/scratch/syn-v2-700-scratch-0047.jpg,scratch,moderate,train,gradient_train,0,0c9a9d1c9c6009e734fa88bb1e88d2a7e5f5e0800f83ee019f1a17cb1c07e936,9b58c4ec7cbdd22fdd5ef805b28e64215c4b6982c1e6fd1d81764c67130d4dcd,73573266,ad2b027eedea74fc33264a67d4747737cf33dd72a4631d0e3e8613d5953c8c38,SYNTH-BASE-KIA7809AF-BACK-001,SPEC-A
syn-v2-700-scratch-0028,synthetic/v2_700/images/scratch/syn-v2-700-scratch-0028.jpg,scratch,moderate,train,gradient_train,1,1a3a5a70fcedf4d3b7b7ce1b4662804fb1db0c831554b0055abf33d932db6d1e,4aae62c3b284bc7e1eda67f3add94ec0b69cee15bfee70741140e11ff40f056a,1557833643,2a70581644c30fd4ea29f9cca89f180bbd899ceed07ce113800050627384e3d7,SYNTH-BASE-KIA7809AF-BACK-001,SPEC-A
syn-v2-700-scratch-0090,synthetic/v2_700/images/scratch/syn-v2-700-scratch-0090.jpg,scratch,moderate,train,gradient_train,2,2b43590ca611235f895e8350efb44ca661a2c162ef93af054e84fe7d5776279b,672ff82e5558a4a444b41e1dc0be7b86054fa8d29992e2b51739a34a0f91d39b,227745202,fb76439510a2e13018c608e2a104939ce803d6fa96eb263c0b7664dda6cb57ae,SYNTH-BASE-KIA7809AF-BACK-001,SPEC-A
syn-v2-700-scratch-0094,synthetic/v2_700/images/scratch/syn-v2-700-scratch-0094.jpg,scratch,moderate,train,gradient_train,3,2e93e9c32d4d4fe36cbf716d87ea0d43c1b2fa136a27963b08d547b5785d9db9,19f6d086ed253e30a0575b2dfead75c79af032a5131a10ffcda6f9a286f9b4d5,1222799904,3fdfa0b9adf694a85f583b9d339f6d82b82b5881554b9c1f094863b55687986a,SYNTH-BASE-KIA7809AF-BACK-001,SPEC-A
syn-v2-700-scratch-0057,synthetic/v2_700/images/scratch/syn-v2-700-scratch-0057.jpg,scratch,moderate,train,gradient_train,4,2f7c20bf2e92fb60c945cbf568657fb7a97c9180fe463a304a6f61a582aab4e8,9f83fac7a4caa25a6be48786c584b823f1f5bf28c2a54176574aee7dadb83b23,881544979,6d0ccd4ef7250908506227f953ed9b9c5349ccbd57169e4da0d5732e9aa64e7c,SYNTH-BASE-KIA7809AF-BACK-001,SPEC-A
syn-v2-700-scratch-0008,synthetic/v2_700/images/scratch/syn-v2-700-scratch-0008.jpg,scratch,moderate,train,gradient_train,5,30d8cfb1c588415e704d0e15b2b9e352caf5e60fcd5dd60757a01e13fa2be679,be1984682eaa9b9791121c33ba2f51f960105dd32cb284b03d96642701ef4ba4,900971703,9f1d6c1d5b95edde9a99bfd950b6941ce6229ba44e1aa3baaca92d500cc3f99e,SYNTH-BASE-KIA7809AF-BACK-001,SPEC-A
syn-v2-700-scratch-0043,synthetic/v2_700/images/scratch/syn-v2-700-scratch-0043.jpg,scratch,moderate,train,validation,6,31c6fb62802b15c09df7ea270ad989ae6c498df6ffb519b9b6651fd9c51854ba,03bbd5c3d65d544486f2453430bc6d2ddc47ec9def3ea9fe98604646e93e0078,1528971671,ad67863f5be438a0099adca24e6bd13d19b3becd4f6c985880bfdd11d4163bc3,SYNTH-BASE-KIA7809AF-BACK-001,SPEC-A
syn-v2-700-scratch-0023,synthetic/v2_700/images/scratch/syn-v2-700-scratch-0023.jpg,scratch,moderate,train,gradient_train,7,35adc01531dd8aaabd50771b7ab856433d970a58dac6bc3f6b38ddc6fabcc2fc,5fbc1acfee0bf65a4d5c79b7024a7c8c4c9605826d1c4bd914349846e6dc22bc,1137690376,6e321abdb6f4649b5c6c604a76597aa4e17b1b16c571a36c7ccdb96a8f23be8c,SYNTH-BASE-KIA7809AF-BACK-001,SPEC-A
syn-v2-700-scratch-0034,synthetic/v2_700/images/scratch/syn-v2-700-scratch-0034.jpg,scratch,moderate,train,gradient_train,8,36c8bdee0789d3b5b7a6fe76a34a9215d080741049aefa59ba4d7a8ef87772a1,2cd33dfd443c27424aaaac1fa6c51c159e10b061edce8bb7c6f1405463256bf8,474408488,8504e44d65eeb6f0d4667b0fd910652b9fac5dd78c139b90fd288977d7affc5a,SYNTH-BASE-KIA7809AF-BACK-001,SPEC-A
syn-v2-700-scratch-0005,synthetic/v2_700/images/scratch/syn-v2-700-scratch-0005.jpg,scratch,moderate,train,gradient_train,9,3ef52f180a0badbac49b32ba306faadcd65a6f1dec2e78c2e90b990e3a723923,6bbbdf946617164977ab112b2dae0198ee4f2e27086fa3c25f28cf516a0f5d33,314711801,62f39f51749b7a0a15d75757b57897317525e28f353eeed69f4c1e2687db7c02,SYNTH-BASE-KIA7809AF-BACK-001,SPEC-A
syn-v2-700-scratch-0073,synthetic/v2_700/images/scratch/syn-v2-700-scratch-0073.jpg,scratch,moderate,train,gradient_train,10,4a702792bbb81f3581e3d900b87f75d770e602ec44fa894533460d6583fb22f2,12446ba49219658b882fd9b62bd7bc7dd36f9957309f683908b4a66a2005ac78,1417895581,b72b2f4c3155a8dad3d2bd6d5aa176e8b679f53b0034cf749cc523e409cc6998,SYNTH-BASE-KIA7809AF-BACK-001,SPEC-A
syn-v2-700-scratch-0054,synthetic/v2_700/images/scratch/syn-v2-700-scratch-0054.jpg,scratch,severe,train,gradient_train,0,0689a0d45674310c637928a2fba091ccd3a61dda4b5d54afc5b20930323b2f33,e41eff055639c1484ea1c2b2c05f6d2d3060260c6241085ebb6614a368d3ce1a,1682541867,9d816e5527b1e51ef6beb3cf8125d7f066be333e7902787914f7b77c7d478054,SYNTH-BASE-KIA7809AF-BACK-001,SPEC-A
syn-v2-700-scratch-0015,synthetic/v2_700/images/scratch/syn-v2-700-scratch-0015.jpg,scratch,severe,train,validation,1,114169949cd8e9514be619601893a3ac8fb978640b5fa2271f58dcc30129e30f,200d2ef13531dd3ae2e4f44ddf039937a07b23e359e47b0730df58ee2ddabed7,237518062,a6d5693234692e1dfa33ef2a223efaf4228fb3501abcb1535a6097fddd6783a3,SYNTH-BASE-KIA7809AF-BACK-001,SPEC-A
syn-v2-700-scratch-0018,synthetic/v2_700/images/scratch/syn-v2-700-scratch-0018.jpg,scratch,severe,train,gradient_train,2,1f3fffde90e2f8c4ba7e77f1dd91c7766096c7309c727e9e97ed79ed3b40110b,b3b765a66eab8bf1c0734321b116155ec64c593b961751eca298d184bd957d1e,2100126600,d1418c3ad071bb6c046d16e36a6ba12324485bb4b46f79431a81412bd19caa5c,SYNTH-BASE-KIA7809AF-BACK-001,SPEC-A
syn-v2-700-scratch-0067,synthetic/v2_700/images/scratch/syn-v2-700-scratch-0067.jpg,scratch,severe,train,gradient_train,3,2d14f73a7828c39d7c4fe2df20e8a6b5cc4ba0b837828812a8ce15c7659784cf,af30011f72dd432b3eb0cd25509fed19be144b94f8d1be24aae18f8575c817a3,874484106,e3b1627741e4d64674431cabdd11659d9013c5b5b7d71c0dffec59c9ad4bc172,SYNTH-BASE-KIA7809AF-BACK-001,SPEC-A
syn-v2-700-scratch-0076,synthetic/v2_700/images/scratch/syn-v2-700-scratch-0076.jpg,scratch,severe,train,gradient_train,4,2dfac69113aa6bac9230edac48e632380f138735302ca8cab583156ebd39982c,f298db3c6e44024a8e2d2f1b4c50db2f90c7f18d5eadd341e5304f90f90a7b3c,1870587695,6b78d32e8a1ba5f23723bb5a8e2ce84d146f299695b631b79b091954feca1123,SYNTH-BASE-KIA7809AF-BACK-001,SPEC-A
syn-v2-700-scratch-0011,synthetic/v2_700/images/scratch/syn-v2-700-scratch-0011.jpg,scratch,severe,train,gradient_train,5,34f521fd18f5ea6d8241c9d871c4efc4a6a40d87520d53b8a011c61d88c8a4e2,8e9d9c5024608d717167c1c7ad129e1d640463b43490a24eaf384b9b1909f066,1680030546,bf11c477a1036157ad6fc6ae305c201947b5131fd1557ccaf3c2e584854030a5,SYNTH-BASE-KIA7809AF-BACK-001,SPEC-A
syn-v2-700-surface_spot-0060,synthetic/v2_700/images/surface_spot/syn-v2-700-surface_spot-0060.jpg,surface_spot,mild,train,gradient_train,0,00aa1e4adfa8423291f5a4ecd31a7586f3f01c07bc1b86a55060ee9920c8a96a,953ec1428ed0fac18edc35b722bae3e0ffbc1cfcb0151208f56565eaf7b7f66f,851863855,6a094a3a0da06ae39df9463f3235e7daa4bc723148112f49841ba9c4e0db0999,SYNTH-BASE-KIA7809AF-BACK-001,SPEC-A
syn-v2-700-surface_spot-0095,synthetic/v2_700/images/surface_spot/syn-v2-700-surface_spot-0095.jpg,surface_spot,mild,train,validation,1,05b9751238a8af6ca5ae0d9436c06fcb7f5d537dcbb33b586fbba16f32dc5226,09dd2e0b401ff6eaae11f11418702e51f34654dec958a76bffef6de93c073a6a,74195757,339b3ae9c56829281f068fc5e0d10756373d6e9c373643e0c04d21c784da3f79,SYNTH-BASE-KIA7809AF-BACK-001,SPEC-A
syn-v2-700-surface_spot-0046,synthetic/v2_700/images/surface_spot/syn-v2-700-surface_spot-0046.jpg,surface_spot,mild,train,gradient_train,2,0a4f86fd99c21b1f4a80f102cdb274add9adebe5f9288b4ed690d1baf79ac051,223dce26aba3b20ec147d7c9640fa5963400476b1df05c0a7118fa616467c639,1919317909,27aa18ba7be91cdcb666aca83c149605155e612340e8e46fa3c88a60269a999d,SYNTH-BASE-KIA7809AF-BACK-001,SPEC-A
syn-v2-700-surface_spot-0053,synthetic/v2_700/images/surface_spot/syn-v2-700-surface_spot-0053.jpg,surface_spot,mild,train,gradient_train,3,1c6ec77ee417507b8602f618eb23535ce1c92c2932de9de510d11a92a5333b77,b7747412aa0a4026534f0757c93a627ba0fbbf5baf5e12b4a06ea5774b13dad2,347532543,6d8b51fae0a1eae6221495df7b7b077083d855ce2101d5e3d81f532a9a1747b3,SYNTH-BASE-KIA7809AF-BACK-001,SPEC-A
syn-v2-700-surface_spot-0024,synthetic/v2_700/images/surface_spot/syn-v2-700-surface_spot-0024.jpg,surface_spot,mild,train,gradient_train,4,1f58b00c205d5269466e31abe3f03ecbf74326cf34d728b483e998839416acdd,1af7377992d45a57f3a20fc8539dcedb3ed599b7b0e3ec6e84c9d000bf21a42b,194112803,864c105d6966cc739294d4c12baf7c3ae7b94ed0c08c7a765ec2d29a415a4672,SYNTH-BASE-KIA7809AF-BACK-001,SPEC-A
syn-v2-700-surface_spot-0082,synthetic/v2_700/images/surface_spot/syn-v2-700-surface_spot-0082.jpg,surface_spot,mild,train,gradient_train,5,22a4f5d9e04037d5f86af80eb1f83f9415d9d42499824c265060a095aad10b53,57d3803e7b945d376829dab7ec0200aa41d6146c79310ae17d138e22e580815a,423939139,7fecea30860a5343bea8b11982ad466cf8608364cc29b6ff8a76f18d1ebc12ac,SYNTH-BASE-KIA7809AF-BACK-001,SPEC-A
syn-v2-700-surface_spot-0025,synthetic/v2_700/images/surface_spot/syn-v2-700-surface_spot-0025.jpg,surface_spot,mild,train,gradient_train,6,25b0a92f8e1995ff7da897c3a44908a2028d1d01e33ba34f64786c4e5fc9be2b,fdc8d259e9626ad6da032c1dba18d6a752451de3ff205567f47a20152a20bf71,1888154170,132b3f99f76e488c23b6c3f312857424cfd0aa57740f48ae9070bfdf4ec19166,SYNTH-BASE-KIA7809AF-BACK-001,SPEC-A
syn-v2-700-surface_spot-0049,synthetic/v2_700/images/surface_spot/syn-v2-700-surface_spot-0049.jpg,surface_spot,mild,train,gradient_train,7,2e5ce505d5de91ab63f26a01c4f98f6a9a022add2c1bfc29d5399d1c01308d8d,7be3019f52209cc5156f24dcb8127d8adf567cde6aa98ec69abeeed00501fe5a,110235501,644e9eb27998d745dee8927586afb1c7e885063603df81c7b540d27ff42cc677,SYNTH-BASE-KIA7809AF-BACK-001,SPEC-A
syn-v2-700-surface_spot-0088,synthetic/v2_700/images/surface_spot/syn-v2-700-surface_spot-0088.jpg,surface_spot,mild,train,gradient_train,8,2f7b705a00aec5792f78aba443e0d2c5a8a7abff68f92aaba0926d07590250a3,ec43656ff759c26de3f1a64c1579ea2664f1cd1f7c5b2738d323e88301dac48d,882482034,5e84a0810938d167d835af826cbee3a9de2f4f5f36003e4e6a74245103b63da4,SYNTH-BASE-KIA7809AF-BACK-001,SPEC-A
syn-v2-700-surface_spot-0037,synthetic/v2_700/images/surface_spot/syn-v2-700-surface_spot-0037.jpg,surface_spot,mild,train,gradient_train,9,3120fbba3087b3d5b45ed974c6f688bfcece91e45d9cd50052514a77e82912b7,36c1f913897878cf5e25a79ff226302637d3c74b83ff68e2487d50022106cc12,2022638133,3930048d308f19d706357cd6f5ae7ce252b451e6b3feddde7c7f8d6b64fa8135,SYNTH-BASE-KIA7809AF-BACK-001,SPEC-A
syn-v2-700-surface_spot-0034,synthetic/v2_700/images/surface_spot/syn-v2-700-surface_spot-0034.jpg,surface_spot,mild,train,gradient_train,10,319a32607c9f231b021f729e25fcacca4f2689c8370cb1e2daf18034e3ea69b3,3438293635dfd5f988ffe4b3218987041e341388d324a2de80cd8d2113db3f81,505328365,17907a011dd7fdfcb87f45fe63a961e1fd40b68425de2eca5e33c36fbad5941e,SYNTH-BASE-KIA7809AF-BACK-001,SPEC-A
syn-v2-700-surface_spot-0004,synthetic/v2_700/images/surface_spot/syn-v2-700-surface_spot-0004.jpg,surface_spot,moderate,train,gradient_train,0,10b855daf7f91d350709ac0006186e478519be16516afe71f7550dcc320e6bed,637ccf1f5207112603c1ccf13c3419bb2d591d2af34fb8a4c127ebd19de514c7,1079728415,fbe034eeec2e75c00dfb083bac6c88342ddaed170a452dd48f625278e0982ab2,SYNTH-BASE-KIA7809AF-BACK-001,SPEC-A
syn-v2-700-surface_spot-0018,synthetic/v2_700/images/surface_spot/syn-v2-700-surface_spot-0018.jpg,surface_spot,moderate,train,validation,1,1404a0b4874af48617ad9887ccc0787141e30b4d7cc65bce72e19b209b6c668b,2301d31928584cc3eb1f6a256b2dac32dc75e7b4f0979b17cab3da9a7b2eb9b1,923202679,0b0ce1ea5d9aafd76c2f48953916aa2fdba800dfa2716500d70077e31af05657,SYNTH-BASE-KIA7809AF-BACK-001,SPEC-A
syn-v2-700-surface_spot-0048,synthetic/v2_700/images/surface_spot/syn-v2-700-surface_spot-0048.jpg,surface_spot,moderate,train,gradient_train,2,2baa77ea1962813f0dcf4fee7643020afa686a7dfee1a65df7b98d8b61d0fba2,f72f3daf4f69550eb7b0121833d0c433fdba14deaf8baf2418dfc248f3edaad5,1513013406,1ccd37e0fba752642e3ce2b8b7077f4ad3ca1142ee19ad5646efa0f5e161451f,SYNTH-BASE-KIA7809AF-BACK-001,SPEC-A
syn-v2-700-surface_spot-0001,synthetic/v2_700/images/surface_spot/syn-v2-700-surface_spot-0001.jpg,surface_spot,moderate,train,gradient_train,3,2cef7748c242b8bf5f0d0cb98fb4690c68699c00b95f41dc0f9a1c1758fcc8c2,403d8b1d5cdcd33fbc4f1186f05a5cb65538f735d6ad5decbb745195b3c67901,244722287,8b4d96521fe100a1ff0e03d3171809d5ae828770dc20bad53ac8ad5d2f9fefe2,SYNTH-BASE-KIA7809AF-BACK-001,SPEC-A
syn-v2-700-surface_spot-0071,synthetic/v2_700/images/surface_spot/syn-v2-700-surface_spot-0071.jpg,surface_spot,moderate,train,gradient_train,4,2eddaa8b274d7a04f14af06bf62198d593c40a213bcd8dea6b5b5e82bde77184,ae7851c04972c96e461a91d49a27875aa658174869d9c7ee2faa27864e8d986c,1891245368,e7a63c54d405c53602ffdf0765c2954ba97f48d6959156d5ea7f4798085da5ef,SYNTH-BASE-KIA7809AF-BACK-001,SPEC-A
syn-v2-700-surface_spot-0090,synthetic/v2_700/images/surface_spot/syn-v2-700-surface_spot-0090.jpg,surface_spot,moderate,train,gradient_train,5,3b97fd7ece05199623c18fa80ad239108df9f23307c5dca27d62cc5f090478b5,54a12ad0714e571beeaf3db3ae78ce3907e75da62472186e4204dfb1ffffef44,1062969583,83d8dbfa6e587038b65a0466c2f045f7defed915cf3778ff3f0e313b58b4971c,SYNTH-BASE-KIA7809AF-BACK-001,SPEC-A
syn-v2-700-surface_spot-0070,synthetic/v2_700/images/surface_spot/syn-v2-700-surface_spot-0070.jpg,surface_spot,moderate,train,gradient_train,6,42dca3870febce702ccf6144e0d28b4ff204dec656248ba75f6f76558c9677f8,bf29d1bf8c2a0bce3d8aaf365615d1b6b8339359afed6d401a93de11f4eace59,1091708734,9af053600c64a0621cc66829cc253e94bec02efd3b309149f8a2c9aa2330c4fe,SYNTH-BASE-KIA7809AF-BACK-001,SPEC-A
syn-v2-700-surface_spot-0027,synthetic/v2_700/images/surface_spot/syn-v2-700-surface_spot-0027.jpg,surface_spot,moderate,train,gradient_train,7,488bf075df2ca77a1dc7d2762439b3ae1ce6195ff7bc11d1a673c7126a5dc8a3,9cc6bf6fc52e6604e6f459a00d29bdd670f77fb38134c60f47a1510ac3bc86e5,105299114,fa060935d6445a8320c754199a4d6aa88c6ea206b95f25b0c6582258cad0662e,SYNTH-BASE-KIA7809AF-BACK-001,SPEC-A
syn-v2-700-surface_spot-0011,synthetic/v2_700/images/surface_spot/syn-v2-700-surface_spot-0011.jpg,surface_spot,moderate,train,validation,8,4b99e05127785a9a6c71628eb034c2c6cb9b5d8b0c32c63fd264365df883aabd,0ccd97bafab4300dbf8fb27796fa380a9e56e2c0c6a49ccb3e8c51642a1f220b,1617493371,dfdbb8978b0a1e5662e3e1b3f9c7d5cc66020a7fa64fff71d84722dfef02470e,SYNTH-BASE-KIA7809AF-BACK-001,SPEC-A
syn-v2-700-surface_spot-0047,synthetic/v2_700/images/surface_spot/syn-v2-700-surface_spot-0047.jpg,surface_spot,moderate,train,gradient_train,9,588ece2027363de770199862021b24f9077749162beb5a7a8675f0e9d3384020,43da9c5e17e0e7c09c5ecd8c29c7656756d814e8301b76000a719ec03e38f2dc,1011188998,a00ebde4bcef96306e4ea1e7c360b746731dd25887c9dc92778a664bc467de58,SYNTH-BASE-KIA7809AF-BACK-001,SPEC-A
syn-v2-700-surface_spot-0097,synthetic/v2_700/images/surface_spot/syn-v2-700-surface_spot-0097.jpg,surface_spot,moderate,train,gradient_train,10,5f8c9c260db73d3c8ea22b27bbdc4da23aa464083682280cb554127ba386295e,ff4e0a00404b19936568b05a5042b5c02b3afe8a5d043c87b5e66eb767ffe994,1111628526,bc03d6e393795cede6ebd1e3205c1812d3f1a6bf01be5044440ae44e6931a89a,SYNTH-BASE-KIA7809AF-BACK-001,SPEC-A
syn-v2-700-surface_spot-0033,synthetic/v2_700/images/surface_spot/syn-v2-700-surface_spot-0033.jpg,surface_spot,severe,train,validation,0,0a50a824703d127f0c96cb6e24b5dbd21a73c8764219fbb340b3420e15092ff8,4577819c842ca7245a367646e310598d6d2d6326ca905e503ffe6b5655306e6d,1097214974,6a972211318f0ef84f7da9e83debad7edec6e5f87508e3d025add57b2c070824,SYNTH-BASE-KIA7809AF-BACK-001,SPEC-A
syn-v2-700-surface_spot-0092,synthetic/v2_700/images/surface_spot/syn-v2-700-surface_spot-0092.jpg,surface_spot,severe,train,gradient_train,1,1833ecadf1f675f5328d024516df948a047753e6109702b1be8b8462fc8786ff,9d18505fdac1de34b13229cc5827729135c94786e4397ef5d22d2c9793c3c0cb,912862254,a3f09168a5ca1fd079c531ee709dd1427837c00a76b5198f8aa4c376b9976107,SYNTH-BASE-KIA7809AF-BACK-001,SPEC-A
syn-v2-700-surface_spot-0076,synthetic/v2_700/images/surface_spot/syn-v2-700-surface_spot-0076.jpg,surface_spot,severe,train,gradient_train,2,1b58546102ee588f865fcbee1495a4cb113eda7842981cc3bb32ade3d7e645d3,ef658e5da4268421ec0bc8afe0c32e045c33011843728cdf5a435a9d29538465,2054337269,e893ecbae940338e964f6b24438d9aee75af83cb70c1d765926974493afa47db,SYNTH-BASE-KIA7809AF-BACK-001,SPEC-A
syn-v2-700-surface_spot-0021,synthetic/v2_700/images/surface_spot/syn-v2-700-surface_spot-0021.jpg,surface_spot,severe,train,gradient_train,3,1cb8359ef2d73fa4cdff049ad35ab2dbfd8de3c0fbcab4c8452f3c5c71ed5b4a,4d2bc349afc2339d66b125eefe3c8aa202161274fda8a4aab69dae8cd9b52c3f,765547900,147c202788dcb0bdb6fe022f251035bda07fcc0a45bd7c3884c40edd3500e5cf,SYNTH-BASE-KIA7809AF-BACK-001,SPEC-A
syn-v2-700-surface_spot-0064,synthetic/v2_700/images/surface_spot/syn-v2-700-surface_spot-0064.jpg,surface_spot,severe,train,gradient_train,4,1f4fa8294879261f05d71ac0f27b1be2e7ccbbc75029751b2196776a4ad55aad,8cd9029ff18bc3e09d9fe12ad03b1c7eab9c4146be76855e62f2e493e0571fba,792450070,eb48b17a72bc182e3ed155e51651a3445648330b5011733363183d090035e1c2,SYNTH-BASE-KIA7809AF-BACK-001,SPEC-A
syn-v2-700-surface_spot-0077,synthetic/v2_700/images/surface_spot/syn-v2-700-surface_spot-0077.jpg,surface_spot,severe,train,gradient_train,5,29dad3a90aa4a9b4b03560df2ed3e87b945854a0bffb91f379fcb4d6943c63a7,b7bb2b562a6d4b55f1db8bd8f842389b1b44d69a3552e5d0596a1d97c208cf0f,1780265995,77a4f1009999cde32c3628f8876b487a98ca5546aa06426c1756c2a24346599c,SYNTH-BASE-KIA7809AF-BACK-001,SPEC-A
